time,target_x,target_y,target_z,target_yaw_deg,x,y,z,vx,vy,vz,desired_ax,desired_ay,desired_az,desired_roll_deg,desired_pitch_deg,desired_yaw_deg,roll_deg,pitch_deg,yaw_deg,wx,wy,wz,Fz,Tx,Ty,Tz,rpm1,rpm2,rpm3,rpm4,position_error_norm,speed_norm,tilt_deg,allocator_saturated
0.002,0.0,0.0,1.0,0.0,-2.8934450268103295e-21,9.011160570596688e-22,1.0,-1.4467225134051648e-18,4.505580285298344e-19,6.067135997116186e-19,0.0,0.0,0.0,0.0,0.0,0.0,4.836496603675076e-18,0.0,0.0,1.2946582387745944e-17,4.0157998269138925e-17,1.0492655553818155e-18,68.67,0.0,0.0,0.0,5403.489759977534,5411.453029202406,5783.588075757559,5776.137873091601,3.030517162377437e-21,1.632210145765881e-18,0.0,0
0.022000000000000006,0.0,0.0,1.0,0.0,-1.9096733428147313e-19,5.709912904383764e-20,1.0,-1.5913945416970474e-17,4.59141285484044e-18,6.67384949412025e-18,1.7440237875149953e-17,-5.102401586985109e-18,-1.2134271840171186e-17,2.9800823273710516e-17,1.0186055290013242e-16,5.297996399274376e-35,3.1920561192751675e-16,0.0,0.0,1.4240193024779857e-16,4.417379179330363e-16,1.1541425588164828e-17,68.67,-8.574354516957902e-17,-2.2936813716991674e-16,-9.773057529618885e-19,5403.489759977534,5411.453029202406,5783.588075757559,5776.137873091601,1.99320930411577e-19,1.785707136705453e-17,0.0,0
0.04200000000000002,0.0,0.0,1.0,0.0,-6.683857365667727e-19,1.788164180292225e-19,1.0,-3.0381173257992857e-17,6.911301565523751e-18,1.2740985615884738e-17,3.502515138231308e-17,-8.252543917352268e-18,-2.426854393977476e-17,4.819938192769054e-17,2.04566090827048e-16,1.7208875112653277e-34,1.1172252610279184e-15,0.0,0.0,2.718804680666305e-16,8.433179771160737e-16,2.2034682517977797e-17,68.67,-1.7985411935411084e-16,-4.586785374779041e-16,-1.3372574946538222e-18,5403.489759977534,5411.453029202406,5783.588075757559,5776.137873091601,6.918921911704951e-19,3.366176603100279e-17,0.0,0
0.06200000000000004,0.0,0.0,1.0,0.0,-1.4279736015095496e-18,3.163298135415609e-19,1.0,-4.3629214325826725e-17,6.588624348496587e-18,1.8777732343160538e-17,5.166909006097946e-17,-8.181314871072617e-18,-3.635781325652813e-17,4.778336523752071e-17,3.017758197528514e-16,2.5167410824405024e-34,1.6612667399843917e-15,1.0117118808150309e-15,2.645284247102168e-17,4.013469285881663e-16,1.2428899975957016e-15,3.252758058134583e-17,68.67,-2.716700168154374e-16,-7.003393626282561e-16,-2.0627366907243136e-18,5403.489759977534,5411.453029202406,5783.588075757559,5776.137873091601,1.4625912475956475e-18,4.7953326740132463e-17,0.0,0
0.08200000000000006,0.0,0.0,1.0,0.0,-2.4021955183721303e-18,4.247012940627137e-19,1.0,-5.224610163678787e-17,3.443719281347014e-18,2.4874461896422648e-17,6.319916420671615e-17,-4.679852225615025e-18,-4.858082271565884e-17,2.7332903289770237e-17,3.691177755146884e-16,1.7608732347160871e-34,2.195164817770257e-15,2.6862455372414822e-15,6.998017160418803e-17,4.976640677544538e-16,1.6462474086339723e-15,4.145207711810308e-17,68.67,-3.4110308914272123e-16,-9.56463060589572e-16,-3.508682088146881e-18,5403.489759977534,5411.453029202406,5783.588075757559,5776.137873091601,2.439449630073491e-18,5.796769094389452e-17,0.0,0
0.10200000000000008,0.0,0.0,1.0,0.0,-3.4982642935839335e-18,3.9332070982604924e-19,1.0,-5.60595175363602e-17,-6.274497638606586e-18,3.168481120985539e-17,6.858487925629702e-17,5.356798998907999e-18,-6.177392525702504e-17,-3.128664366333668e-17,4.0057330477065937e-16,-2.1873503343371426e-34,2.7483583849523168e-15,4.851610107896524e-15,1.1942320201574274e-16,4.615495006940194e-16,2.0960461517901133e-15,4.4107488849867004e-17,68.67,-3.476890601707355e-16,-1.2389476417928311e-15,-6.344051356156653e-18,5403.489759977533,5411.453029202407,5783.588075757559,5776.137873091601,3.5203059879138865e-18,6.469904240736901e-17,0.0,0
0.1220000000000001,0.0,0.0,1.0,0.0,-4.578957685316135e-18,1.6329027443991805e-19,1.0,-5.015757853737641e-17,-1.6698279979580293e-17,3.785811755789488e-17,6.426285681123177e-17,1.774257655521626e-17,-7.4914788619443e-17,-1.036263765852859e-16,3.7533032362253987e-16,-6.788304791403677e-34,3.286755611958289e-15,7.52557044079082e-15,1.7316747175329474e-16,4.584010131768247e-16,2.503929373999101e-15,4.832666783737969e-17,68.67,-3.5415533460818947e-16,-1.5290375654444945e-15,-9.223001719433219e-18,5403.489759977533,5411.453029202407,5783.588075757559,5776.137873091601,4.581868308631574e-18,6.502193709846641e-17,0.0,0
0.1420000000000001,0.0,0.0,1.0,0.0,-5.365385134563575e-18,-3.027255376672582e-19,1.0,-2.832323966073708e-17,-2.8974119622760457e-17,4.143969475019961e-17,4.017929694437062e-17,3.388228661208718e-17,-8.241172802236359e-17,-1.9789113385578064e-16,2.3466912729004293e-16,-8.10512398557554e-34,3.809502255736799e-15,1.0554188509987285e-14,2.31188857186959e-16,4.54293315069229e-16,2.7405594010754543e-15,5.2518589650278975e-17,68.67,-3.3932275091129656e-16,-1.7190949629181923e-15,-1.2615687068684017e-17,5403.489759977534,5411.453029202406,5783.588075757559,5776.137873091601,5.373918532444618e-18,5.795648206873243e-17,0.0,0
0.16200000000000012,0.0,0.0,1.0,0.0,-5.538556281288569e-18,-1.0495453261363527e-18,1.0,1.1126279124334361e-17,-4.497507819453891e-17,4.2123998047941265e-17,-4.56447128905649e-18,5.229884107933533e-17,-8.458540096560687e-17,-3.0545391103683277e-16,-2.6659015348784434e-17,1.4212391509252174e-34,4.301662772308718e-15,1.3758725562872478e-14,2.922943041716246e-16,3.937335589924785e-16,2.785449501866635e-15,5.229604540148389e-17,68.67,-3.242591549350919e-16,-1.81263105492874e-15,-1.5131001307263312e-17,5403.489759977533,5411.453029202406,5783.588075757559,5776.137873091602,5.6371225880422115e-18,6.2617752732755e-17,0.0,0
0.18200000000000013,0.0,0.0,1.0,0.0,-4.7313943437073296e-18,-2.152533230765839e-18,1.0,6.472736459920404e-17,-6.3671839925951e-17,4.1445896400839924e-17,-6.852696558604941e-17,7.510595062579085e-17,-8.281972318366915e-17,-4.386599375306585e-16,-4.002350571782739e-16,3.0642236945098895e-33,4.693267108815389e-15,1.69017556107597e-14,3.4940807203208503e-16,2.993642591269196e-16,2.7401374284002793e-15,4.78370616720381e-17,68.67,-2.723971445257732e-16,-1.8321306951209548e-15,-1.632676961728279e-17,5403.489759977533,5411.453029202406,5783.588075757559,5776.137873091602,5.198027678381189e-18,9.980730061465131e-17,0.0,0
0.20200000000000015,0.0,0.0,1.0,0.0,-2.770893830172296e-18,-3.64280011819397e-18,1.0,1.269883902128384e-16,-8.35324416936164e-17,4.164923687292401e-17,-1.42782824669025e-16,9.954262976484398e-17,-8.328354105684683e-17,-5.813835440528936e-16,-8.33929993933899e-16,8.461935233023516e-33,4.9770337412234645e-15,2.0051656651542e-14,4.0142026536321974e-16,2.0530065564239868e-16,2.7530681282034106e-15,4.338637700742047e-17,68.67,-2.1887024250420352e-16,-1.8949870665455144e-15,-1.7597195640376293e-17,5403.489759977533,5411.453029202406,5783.588075757559,5776.137873091602,4.5768816151612326e-18,1.57601963808331e-16,0.0,0
0.22200000000000017,0.0,0.0,1.0,0.0,5.511489484689483e-19,-5.5397399374897694e-18,1.0,1.9974313408205347e-16,-1.0419817008003595e-16,4.198603907594962e-17,-2.304269461729545e-16,1.251922391986559e-16,-8.392128396151221e-17,-7.31191328631524e-16,-1.3458197249539746e-15,1.717494239803336e-32,5.153027390328908e-15,2.3220353574653717e-14,4.48332684158236e-16,1.1125089858342777e-16,2.774817362607889e-15,3.89354144994945e-17,68.67,-1.6362635782524173e-16,-1.962610969180897e-15,-1.894858383791185e-17,5403.489759977533,5411.453029202406,5783.588075757559,5776.137873091602,5.5670893416953155e-18,2.291667640349195e-16,0.0,0
0.2420000000000002,0.0,0.0,1.0,0.0,5.45321501004188e-18,-7.855418238865096e-18,1.0,2.8395546976837817e-16,-1.2530142391521486e-16,4.208114215945017e-17,-3.3245745280344185e-16,1.5162047350610467e-16,-8.416928154209171e-17,-8.855467094469839e-16,-1.9417338341801197e-15,3.001086680542445e-32,5.221227846767953e-15,2.6405507663183078e-14,4.901446198726077e-16,1.7174726037939844e-17,2.780596228627044e-15,3.4484891800944754e-17,68.67,-1.0665411080153125e-16,-2.024368766993567e-15,-2.0384248815504067e-17,5403.489759977533,5411.453029202406,5783.588075757559,5776.137873091602,9.562695731499589e-18,3.1321235315996807e-16,0.0,0
0.2620000000000002,0.0,0.0,1.0,0.0,1.2154982760968206e-17,-1.0594497087274526e-17,1.0,3.7867099397297017e-16,-1.4647056688436002e-16,4.235336295833414e-17,-4.481088961492857e-16,1.7838411833658043e-16,-8.467842297991926e-17,-1.0418610716461057e-15,-2.6172016831417104e-15,4.7590949516437135e-32,5.181649682660284e-15,2.96046674060363e-14,5.268570210970709e-16,-7.685781820378867e-17,2.7980783505836658e-15,3.0035194840054544e-17,68.67,-4.788074322340268e-17,-2.0924980110168046e-15,-2.1907088304948758e-17,5403.489759977533,5411.453029202406,5783.588075757559,5776.137873091602,1.612411158643175e-17,4.0821459551782737e-16,0.0,0
0.2820000000000002,0.0,0.0,1.0,0.0,2.087778617758658e-17,-1.3719250978939132e-17,1.0,4.846843205844825e-16,-1.615114671299192e-16,4.247639679939727e-17,-5.783204046628139e-16,1.9942636417340345e-16,-8.488874766013823e-17,-1.1647593262767567e-15,-3.3777082969905336e-15,6.866504433304388e-32,5.091254122889692e-15,3.281421837639238e-14,5.6116460176581395e-16,-5.149746784992512e-18,2.8065927588208644e-15,3.342616867041811e-17,68.67,-7.268822532221777e-17,-2.156353962300156e-15,-2.1635465233838358e-17,5403.489759977533,5411.453029202406,5783.588075757559,5776.137873091602,2.4981989574494412e-17,5.126490894558968e-16,0.0,0
0.3020000000000002,0.0,0.0,1.0,0.0,3.18385074068691e-17,-1.715439035782231e-17,1.0,6.015447833027471e-16,-1.810865271422208e-16,4.267959456400464e-17,-7.22633247287689e-16,2.2321747387880266e-16,-8.526096639346131e-17,-1.30371245329532e-15,-4.22057443480307e-15,9.603526642754298e-32,5.064036953460568e-15,3.603893303562854e-14,5.984589891766629e-16,-6.610301371578559e-17,2.8196917840195184e-15,3.054162329545315e-17,68.67,-5.638687485340998e-17,-2.224770926759882e-15,-2.2226730032737755e-17,5403.489759977533,5411.453029202406,5783.588075757559,5776.137873091602,3.616578026872648e-17,6.296586411884832e-16,0.0,0
0.32200000000000023,0.0,0.0,1.0,0.0,4.5228119243341386e-17,-2.1002031020363503e-17,1.0,7.280008500288502e-16,-2.0156385502375412e-16,4.352130335964026e-17,-8.784490627095015e-16,2.4973897395130387e-16,-8.775050590305565e-17,-1.458612557322866e-15,-5.130624241638881e-15,1.3061333678252607e-31,4.9292576213463446e-15,3.932662179680773e-14,6.306589010848321e-16,-1.599476729733714e-16,2.874803733305159e-15,2.6096833153210712e-17,68.67,4.059911719790201e-18,-2.3354141552695745e-15,-2.3828661822899254e-17,5403.489759977533,5411.453029202406,5783.588075757559,5776.137873091602,4.9866502557029385e-17,7.566421407382008e-16,0.0,0
0.34200000000000025,0.0,0.0,1.0,0.0,6.140040012991891e-17,-2.5253596618022394e-17,1.0,8.760820347226289e-16,-2.2146781782928058e-16,3.996149178558413e-17,-1.0628326976428736e-15,2.7582521419748915e-16,-8.05951045949737e-17,-1.610970505281146e-15,-6.2075257801672354e-15,1.745353851122389e-31,4.685851706499008e-15,4.2470416756567876e-14,6.577358709922058e-16,-2.553357001634994e-16,2.639077717018912e-15,2.1609803799039103e-17,68.67,6.635692589419379e-17,-2.2633269401299922e-15,-2.553792056631102e-17,5403.489759977533,5411.453029202406,5783.588075757559,5776.137873091602,6.639091261806797e-17,9.045245418027828e-16,0.0,0
0.36200000000000027,0.0,0.0,1.0,0.0,8.058686336573294e-17,-2.989251952883697e-17,1.0,1.0306280112266749e-15,-2.40350032384529e-16,3.808400199719071e-17,-1.2564208324703424e-15,3.0092429375279176e-16,-7.689436898069547e-17,-1.7575628934750226e-15,-7.338186645551894e-15,2.2510077815890637e-31,4.333656995591228e-15,4.5445146980518923e-14,6.796848885189279e-16,-3.5015035004636024e-16,2.514513893370199e-15,1.7138137486315386e-17,68.67,1.3059493896056082e-16,-2.2550776243275193e-15,-2.733993947727505e-17,5403.489759977533,5411.453029202406,5783.588075757559,5776.137873091602,8.595234302163734e-17,1.0589677175440322e-15,0.0,0
0.3820000000000003,0.0,0.0,1.0,0.0,1.0298500370495772e-16,-3.489464927968165e-17,1.0,1.1942708507625122e-15,-2.5785425484822273e-16,3.655035992448898e-17,-1.4625928811853008e-15,3.245972095602419e-16,-7.38783819193702e-17,-1.895825703315535e-15,-8.54234446868469e-15,2.8265251555936978e-31,3.872717965960343e-15,4.8260092129418024e-14,6.965070759227462e-16,-4.448455317815754e-16,2.412670388089675e-15,1.2669718875160372e-17,68.67,1.9679751040272783e-16,-2.2585321655291056e-15,-2.9241568521664485e-17,5403.489759977533,5411.453029202406,5783.588075757559,5776.137873091602,1.08736137215105e-16,1.2223369464001964e-15,0.0,0
0.4020000000000003,0.0,0.0,1.0,0.0,1.2878747883710026e-16,-4.022841566568912e-17,1.0,1.3686964698202478e-15,-2.736199812526747e-16,3.44407029862519e-17,-1.6835968007219767e-15,3.4639708202938743e-16,-6.961422467820446e-17,-2.023148912938927e-15,-9.833128550774432e-15,3.472137652607668e-31,3.3030372859355695e-15,5.091535042719792e-14,7.082025490289089e-16,-5.397479865452999e-16,2.2727656896938435e-15,8.195521996940333e-18,68.67,2.650162274033611e-16,-2.2372026627061957e-15,-3.124909671647976e-17,5403.489759977533,5411.453029202406,5783.588075757559,5776.137873091602,1.349242014324636e-16,1.3962034531762588e-15,0.0,0
0.4220000000000003,0.0,0.0,1.0,0.0,1.581900760621882e-16,-4.58363574863386e-17,1.0,1.5540657033129007e-15,-2.861430865564619e-16,3.144392764235613e-17,-1.9195986006208226e-15,3.644799933249234e-16,-6.357265564847622e-17,-2.128763031037159e-15,-1.1211508478572072e-14,4.1655153266384e-31,2.6549007712770598e-15,5.338896239007992e-14,7.162061846428277e-16,-6.017791028762808e-16,2.074421271244088e-15,5.282358885421001e-18,68.67,3.1363060646955367e-16,-2.1807198563134705e-15,-3.2880505931187454e-17,5403.489759977533,5411.453029202406,5783.588075757559,5776.137873091602,1.6469690899399513e-16,1.5805020711100184e-15,0.0,0
0.44200000000000034,0.0,0.0,1.0,0.0,1.9139780688905946e-16,-5.168810383238732e-17,1.0,1.7485129276950097e-15,-2.9747756168173697e-16,2.804515762882654e-17,-2.1684904061704927e-15,3.813002277942392e-16,-5.672282124116739e-17,-2.2270024240557383e-15,-1.2665173107867366e-14,4.922765944019673e-31,1.9052137212706622e-15,5.56238977214616e-14,7.194316092677075e-16,-6.97134896671437e-16,1.8493362206323703e-15,7.95728642108993e-19,68.67,3.8535560440409986e-16,-2.1064555068872617e-15,-3.507745851173019e-17,5403.489759977533,5411.453029202406,5783.588075757559,5776.137873091602,1.9825433301627823e-16,1.7738593204893988e-15,0.0,0
0.46200000000000035,0.0,0.0,1.0,0.0,2.28576856766988e-16,-5.77370774209097e-17,1.0,1.950225899086873e-15,-3.060766277678676e-16,2.4640849855283423e-17,-2.4280596415880006e-15,3.949832985184123e-16,-4.9950520382049104e-17,-2.3069190604751197e-15,-1.4181199782776736e-14,5.709823717787713e-31,1.0462380075873087e-15,5.759911321239734e-14,7.175150263921886e-16,-7.924958793232735e-16,1.623885235650567e-15,-3.691108332788505e-18,68.67,4.592132880014558e-16,-2.0307023001482384e-15,-3.738761894288826e-17,5403.489759977533,5411.453029202406,5783.588075757559,5776.137873091602,2.357561230563997e-16,1.9742520434373475e-15,0.0,0
0.4820000000000004,0.0,0.0,1.0,0.0,2.6986063804931293e-16,-6.392442622252467e-17,1.0,2.158377293582626e-15,-3.115658788435001e-16,2.1207734248312866e-17,-2.6975129478916692e-15,4.050515603581276e-16,-4.311594957585084e-17,-2.3657232307552735e-15,-1.5754954851792638e-14,6.505167223333802e-31,7.801252339719737e-17,5.931763930022496e-14,7.10457955158502e-16,-8.878552617257648e-16,1.396530786761444e-15,-8.177668271978275e-18,68.67,5.352402796696378e-16,-1.950777823972767e-15,-3.981441900423878e-17,5403.489759977533,5411.453029202406,5783.588075757559,5776.137873091602,2.773284987812491e-16,2.1808520367747394e-15,0.0,0
0.5020000000000003,0.0,0.0,1.0,0.0,3.1536825309279594e-16,-7.018542076480998e-17,1.0,2.3718075726784114e-15,-3.1435189539126226e-16,1.7862397741562304e-17,-2.975648615512246e-15,4.110242948437303e-16,-3.6359337369054134e-17,-2.4006072754216626e-15,-1.737941967204876e-14,7.281716325685111e-31,-1.0020285161560255e-15,6.077719536988994e-14,6.981392722205033e-16,-1.0053233353400343e-15,1.1748576345993292e-15,-1.3710595745001522e-17,68.67,6.135155795379095e-16,-1.8691981984984045e-15,-4.236186151634832e-17,5403.489759977533,5411.453029202406,5783.588075757559,5776.137873091602,3.2308377914518586e-16,2.3926151678035926e-15,0.0,0
0.5220000000000004,0.0,0.0,1.0,0.0,3.6518829800470525e-16,-7.649364374060952e-17,1.0,2.5874707109963693e-15,-3.131368907377046e-16,1.5514812478988435e-17,-3.2602093919850903e-15,4.1511413875658753e-16,-3.056588351236257e-17,-2.4244942066218654e-15,-1.9041410651341275e-14,8.057450339696276e-31,-2.2723191184685358e-15,6.199589563133881e-14,6.770492393683792e-16,-1.1223250575490413e-15,1.0191132230542372e-15,-1.8346187860299573e-17,68.67,7.378118682929528e-16,-1.8028142988147706e-15,-4.6337776986586265e-17,5403.489759977534,5411.453029202406,5783.588075757559,5776.137873091601,3.731136161175155e-16,2.6063959986945944e-15,0.0,0
0.5420000000000004,0.0,0.0,1.0,0.0,4.193247424082257e-16,-8.266497610146141e-17,1.0,2.8041061583168454e-15,-3.035908175965121e-16,1.4416355475769868e-17,-3.546536877324958e-15,4.0728726405961603e-16,-2.8389186165838337e-17,-2.378780966365576e-15,-2.071372017922796e-14,8.599831213347826e-31,-3.572417042421376e-15,6.310155787150358e-14,6.562799157065378e-16,-1.128314221495683e-15,9.465007176805643e-16,-1.6857301269470733e-17,68.67,7.644184153948565e-16,-1.803533795579393e-15,-4.916495502102008e-17,5403.489759977534,5411.453029202406,5783.588075757559,5776.137873091601,4.2739529462732743e-16,2.820529482729188e-15,0.0,0
0.5620000000000004,0.0,0.0,1.0,0.0,4.77837144077015e-16,-8.859634710665905e-17,1.0,3.024625796606109e-15,-2.8958234219105844e-16,1.322108145619757e-17,-3.839747304001896e-15,3.939938983079985e-16,-2.601728348758492e-17,-2.301140420688569e-15,-2.2426229858924047e-14,9.006929384779532e-31,-4.8793933505398e-15,6.411993110734924e-14,6.37216438019401e-16,-1.13430796253759e-15,8.674910205033615e-16,-1.5367954506895518e-17,68.67,7.916736742192554e-16,-1.7998419004203052e-15,-5.205559130916378e-17,5403.489759977534,5411.453029202406,5783.588075757559,5776.137873091601,4.859811199834018e-16,3.0384854680249615e-15,0.0,0
0.5820000000000004,0.0,0.0,1.0,0.0,5.407912687429232e-16,-9.419361933203294e-17,1.0,3.24860785168788e-15,-2.7109858105244164e-16,1.1983395415723497e-17,-4.137760017929879e-15,3.742278874426838e-16,-2.4679386331677815e-17,-2.1856960781409376e-15,-2.416678752959815e-14,9.219047750741805e-31,-6.185553204139521e-15,6.505748160683853e-14,6.20373744693686e-16,-1.1403096772503317e-15,7.856789137395565e-16,-1.387868847859749e-17,68.67,8.053055492676172e-16,-1.8150359803790196e-15,-5.5004398332351753e-17,5403.489759977533,5411.453029202406,5783.588075757559,5776.137873091602,5.489331783299753e-16,3.2599219341055512e-15,0.0,0
0.6020000000000004,0.0,0.0,1.0,0.0,6.082527955918227e-16,-9.939065656392455e-17,1.0,3.475446067742907e-15,-2.5202773634764953e-16,1.0849587576929315e-17,-4.443087173752813e-15,3.535694951833873e-16,-2.2427865252446676e-17,-2.0650397388969604e-15,-2.5950065551961798e-14,9.352855838106974e-31,-7.528938059665768e-15,6.591178403684454e-14,6.03851589105325e-16,-1.2568312403826724e-15,7.101372085465564e-16,-1.7617801969919098e-17,68.67,8.905616850184228e-16,-1.812261373632405e-15,-5.926849525285128e-17,5403.489759977533,5411.453029202406,5783.588075757559,5776.137873091602,6.163196946045743e-16,3.4845890809719222e-15,0.0,0
0.6220000000000004,0.0,0.0,1.0,0.0,6.802768958502653e-16,-1.0423365309479431e-16,1.0,3.705304100478404e-15,-2.334649542365657e-16,9.639811886003053e-18,-4.754355712191292e-15,3.3438203362212806e-16,-2.002257532953153e-17,-1.952974441544295e-15,-2.7768044506878258e-14,9.464969614597058e-31,-9.136270855942275e-15,6.668831160950984e-14,5.770262343195874e-16,-1.5281609789452671e-15,6.28744844270429e-16,-2.8678901786624707e-17,68.67,1.0936309947155289e-15,-1.8060080818566598e-15,-6.627300453074392e-17,5403.489759977533,5411.453029202406,5783.588075757559,5776.137873091602,6.882160340076062e-16,3.712664445900269e-15,0.0,0
0.6420000000000005,0.0,0.0,1.0,0.0,7.569177338353331e-16,-1.0855383703660751e-16,1.0,3.93646879936902e-15,-2.00070946532599e-16,8.925313406154263e-18,-5.071279803878522e-15,2.9910799770421835e-16,-1.7392283539316622e-17,-1.7469547285484638e-15,-2.961905499410511e-14,9.030883010375035e-31,-1.0911285688577942e-14,6.738548952970936e-14,5.44501884391839e-16,-1.5449973603255153e-15,5.814440964985632e-16,-2.7264653419881588e-17,68.67,1.1664655701646325e-15,-1.794662043708428e-15,-7.057678697736845e-17,5403.489759977534,5411.453029202406,5783.588075757559,5776.137873091601,7.64662272725539e-16,3.941559926383414e-15,0.0,0
0.6620000000000005,0.0,0.0,1.0,0.0,8.382213744173124e-16,-1.1212374327453036e-16,1.0,4.171149567348186e-15,-1.6021811521156356e-16,7.68430352679643e-18,-5.391433545908909e-15,2.5289709741149184e-16,-1.6041984404924386e-17,-1.4770577301516145e-15,-3.148892841038047e-14,8.117694796721185e-31,-1.2680416340258316e-14,6.800593625876716e-14,5.145386937557537e-16,-1.5510242485560293e-15,4.994122325229217e-16,-2.5776554882813262e-17,68.67,1.1905152037817157e-15,-1.8068439756581365e-15,-7.417988797677244e-17,5403.489759977533,5411.453029202406,5783.588075757559,5776.137873091602,8.45687179952458e-16,4.174232576911784e-15,0.0,0
0.6820000000000005,0.0,0.0,1.0,0.0,9.242264268968856e-16,-1.148237439971809e-16,1.0,4.4063062070684425e-15,-1.1353086623151707e-16,7.08991112780477e-18,-5.717751821821501e-15,1.999342897325293e-16,-1.3742972643391976e-17,-1.1677258900733657e-15,-3.339480608497548e-14,6.80608240097362e-31,-1.4446167610136544e-14,6.85559642322193e-14,4.869669656065996e-16,-1.5346578632735866e-15,4.60225723783228e-16,-2.2792635667957405e-17,68.67,1.2294351146349079e-15,-1.8003859639221494e-15,-7.785719254144467e-17,5403.489759977534,5411.453029202406,5783.588075757559,5776.137873091601,9.313318314972996e-16,4.4077742586113645e-15,0.0,0
0.7020000000000005,0.0,0.0,1.0,0.0,1.0149744336958536e-15,-1.165344370249459e-16,1.0,4.644675902960637e-15,-6.157970060569443e-17,5.888627270423456e-18,-6.047115161115185e-15,1.3828607443324406e-16,-1.2469450620563999e-17,-8.076665066724609e-16,-3.531846859953853e-14,4.978646664244624e-31,-1.621108320363225e-14,6.902931257221664e-14,4.616164927915707e-16,-1.5406420484162305e-15,3.8081897893718134e-16,-2.130279490195008e-17,68.67,1.25490954711848e-15,-1.812625135417903e-15,-8.160715373209167e-17,5403.489759977533,5411.453029202406,5783.588075757559,5776.137873091602,1.0216424893615866e-15,4.645087833292394e-15,0.0,0
0.7220000000000005,0.0,0.0,1.0,0.0,1.1104945528050265e-15,-1.171318679591051e-16,1.0,4.883312676081771e-15,-2.8105882221466406e-18,5.207489314277876e-18,-6.3824280613005865e-15,6.978290975333205e-17,-9.994271934741635e-18,-4.075704598377406e-16,-3.727687981227195e-14,2.6516708866723538e-31,-1.797006119997314e-14,6.943123467964723e-14,4.3882914477519173e-16,-1.5242899141855735e-15,3.359006963440047e-16,-1.8318943490338326e-17,68.67,1.295227841020933e-15,-1.801389759389247e-15,-8.54309046402435e-17,5403.489759977534,5411.453029202406,5783.588075757559,5776.137873091601,1.1166548375846608e-15,4.883316261489933e-15,0.0,0
0.7420000000000005,0.0,0.0,1.0,0.0,1.2108160056551184e-15,-1.1649556995727572e-16,1.0,5.124631790707932e-15,6.118785057866852e-17,3.93268832667764e-18,-6.720177843229462e-15,-7.488146508309213e-18,-8.571083159331067e-18,4.373488188600835e-17,-3.924952375070096e-14,-2.995985568059234e-32,-1.9723124157313382e-14,6.975897295448535e-14,4.1860414622050176e-16,-1.5303148703491523e-15,2.5163610124043994e-16,-1.683051739341841e-17,68.67,1.3220482968418437e-15,-1.8093381451277208e-15,-8.932509338719155e-17,5403.489759977533,5411.453029202406,5783.588075757559,5776.137873091602,1.216407258022693e-15,5.1249985765295876e-15,0.0,0
0.7620000000000006,0.0,0.0,1.0,0.0,1.315954552221896e-15,-1.144612787936789e-16,1.0,5.3656746617600814e-15,1.3659088584129184e-16,3.1921727561276586e-18,-7.063244766996089e-15,-9.727928657597578e-17,-5.974660813833281e-18,5.681643786796186e-16,-4.125322271322533e-14,-4.0908094541308865e-31,-2.1397981871896013e-14,7.002341375636741e-14,4.0451140321676236e-16,-1.38130388336524e-15,2.0350664004158992e-16,-7.57140962578271e-18,68.67,1.2779448143270939e-15,-1.7943651604829896e-15,-9.139260350039698e-17,5403.489759977534,5411.453029202406,5783.588075757559,5776.137873091601,1.3209230741631456e-15,5.367413887144904e-15,0.0,0
0.7820000000000006,0.0,0.0,1.0,0.0,1.4259341911274385e-15,-1.1084799496713754e-16,1.0,5.60755914466419e-15,2.162468099143335e-16,2.4305300753284972e-18,-7.4081679287286e-15,-1.9397673642040337e-16,-4.454954543021785e-18,1.1329305117849863e-15,-4.326776312337631e-14,-8.555493866344154e-31,-2.2885723438940223e-14,7.021493353742868e-14,4.0160244666221893e-16,-1.2654636103385546e-15,1.538031298634617e-16,1.1885162415683242e-19,68.67,1.2383970246105306e-15,-1.798944056635211e-15,-9.383862174675827e-17,5403.489759977534,5411.453029202406,5783.588075757559,5776.137873091601,1.430236202665314e-15,5.611727733165746e-15,0.0,0
0.8020000000000006,0.0,0.0,1.0,0.0,1.5407588344391584e-15,-1.0564254322079619e-16,1.0,5.850067238233518e-15,2.973926739427352e-16,1.6528957471139176e-18,-7.756286631346875e-15,-2.932782756767919e-16,-2.90221267229385e-18,1.712905955061615e-15,-4.530096724464002e-14,-1.3543108623852044e-30,-2.433195768743271e-14,7.034829012242525e-14,4.031904468618307e-16,-1.2491527793376533e-15,1.0250864481476689e-16,3.1014237988257575e-18,68.67,1.26223979692869e-15,-1.8023349481758642e-15,-9.770362828643715e-17,5403.489759977534,5411.453029202406,5783.588075757559,5776.137873091601,1.544376292501433e-15,5.857621686865096e-15,0.0,0
0.8220000000000006,0.0,0.0,1.0,0.0,1.6604429351789701e-15,-9.876608190580343e-17,1.0,6.09373872388957e-15,3.8269274335480333e-16,5.389195802931738e-19,-8.106786105549628e-15,-3.993392098369254e-16,-1.7025921021147483e-18,2.3323599712278276e-15,-4.7348076377501606e-14,-1.9274152301620675e-30,-2.5769699419309318e-14,7.041495362555169e-14,4.0751247104787484e-16,-1.2551148127192281e-15,2.8870859103037757e-17,4.5917021474005974e-18,68.67,1.2865601834116235e-15,-1.8116923923861327e-15,-1.0162895783843553e-16,5403.489759977533,5411.453029202406,5783.588075757559,5776.137873091602,1.6633777321825543e-15,6.10574366160929e-15,0.0,0
0.8420000000000006,0.0,0.0,1.0,0.0,1.7849903568161043e-15,-9.009293277997667e-17,1.0,6.337183984454223e-15,4.775658972905637e-16,-4.371452070099291e-19,-8.460955447713844e-15,-5.154477906949746e-16,2.5003377262081055e-19,3.0104977539413525e-15,-4.94166195517049e-14,-2.5965022804832187e-30,-2.7154621709455575e-14,7.04161399493497e-14,4.165640068553918e-16,-1.1283668421500455e-15,-3.4941995228146856e-17,1.2358277446347275e-17,68.67,1.2614686086667523e-15,-1.806008114239979e-15,-1.0420117026389775e-16,5403.489759977533,5411.453029202406,5783.588075757559,5776.137873091602,1.7872625186198533e-15,6.355153045377741e-15,0.0,0
0.8620000000000007,0.0,0.0,1.0,0.0,1.9143947078148398e-15,-7.947362695254892e-17,1.0,6.579445447908663e-15,5.741933216824593e-16,-9.451310762809153e-19,-8.816542398610647e-15,-6.375047957991693e-16,1.5462279783686337e-18,3.723377596191822e-15,-5.14934423382811e-14,-3.346311564002262e-30,-2.8396711402845588e-14,7.036226753003988e-14,4.3465222748143373e-16,-1.07880134573642e-15,-6.824097644135776e-17,1.691193013258314e-17,68.67,1.2414892522655014e-15,-1.8120540629336857e-15,-1.0717702406905583e-16,5403.489759977533,5411.453029202406,5783.588075757559,5776.137873091602,1.916043620247321e-15,6.604453139052734e-15,0.0,0
0.8820000000000007,0.0,0.0,1.0,0.0,2.0486579491596115e-15,-6.690407544457419e-17,1.0,6.8219662224292236e-15,6.73881079800019e-16,-1.679189580096428e-18,-9.175577618499406e-15,-7.618717313182188e-16,3.763393185366319e-18,4.449748698762382e-15,-5.3590404906698775e-14,-4.161979058951169e-30,-2.962904585144016e-14,7.024408902653942e-14,4.554833988956321e-16,-1.0624897984690017e-15,-1.166561927550106e-16,1.989423162803281e-17,68.67,1.2784273282470584e-15,-1.7999625727401077e-15,-1.111331638758891e-16,5403.489759977534,5411.453029202406,5783.588075757559,5776.137873091601,2.0497501184207697e-15,6.855168974529755e-15,0.0,0
0.9020000000000007,0.0,0.0,1.0,0.0,2.187768329841602e-15,-5.225834541683604e-17,1.0,7.064131129770114e-15,7.790726940623946e-16,-2.447971329808127e-18,-9.535540835104403e-15,-8.951248507140104e-16,5.303129546515551e-18,5.22801998809283e-15,-5.5692787484825144e-14,-5.0817531175536406e-30,-2.9866028746768125e-14,7.013773187124394e-14,4.714542011582024e-16,-9.79834882325787e-16,-1.6700957316662477e-16,2.6014855976434052e-17,68.67,1.2464631287658038e-15,-1.800642920753637e-15,-1.1323053966301247e-16,5403.489759977534,5411.453029202406,5783.588075757559,5776.137873091601,2.1883923779166334e-15,7.106962000305367e-15,0.0,0
0.9220000000000007,0.0,0.0,1.0,0.0,2.3317179752330957e-15,-3.554341228408763e-17,1.0,7.305915188820249e-15,8.831699338999634e-16,-3.2074092755058e-18,-9.897455928951708e-15,-1.0283888356969775e-15,6.823716334641283e-18,6.006354738410751e-15,-5.78065700963982e-14,-6.059901255562758e-30,-2.9642232477423185e-14,7.004345214244294e-14,4.835829002205709e-16,-9.303546003245107e-16,-2.1692366333283811e-16,3.056623541356889e-17,68.67,1.2240051179821386e-15,-1.8021922783005197e-15,-1.148743489876506e-16,5403.489759977534,5411.453029202406,5783.588075757559,5776.137873091601,2.3319888615046868e-15,7.359102945730108e-15,0.0,0
0.9420000000000007,0.0,0.0,1.0,0.0,2.4805063227056983e-15,-1.6753171013354384e-17,1.0,7.548895423767059e-15,9.839597752854601e-16,-4.5234660771647524e-18,-1.0261578227630251e-14,-1.1600110569262296e-15,8.335539574688058e-18,6.77510068811242e-15,-5.993324399455137e-14,-7.086975097975243e-30,-2.8569390152548137e-14,7.004345214244294e-14,4.835829002205707e-16,-9.032192066839167e-16,-3.037362057873891e-16,3.362345380283068e-17,68.67,1.1871248750808501e-15,-1.805447332443564e-15,-1.1534664044485797e-16,5403.489759977533,5411.453029202406,5783.588075757559,5776.137873091602,2.4805628969493898e-15,7.612753734365536e-15,0.0,0
0.9620000000000007,0.0,0.0,1.0,0.0,2.6341355196837396e-15,4.02810365747499e-18,1.0,7.790530954232068e-15,1.0830448303808731e-15,-5.279052733997921e-18,-1.0628113829379228e-14,-1.2896350978353305e-15,9.84671305968133e-18,7.532176169001575e-15,-6.207401290601969e-14,-8.160328818255483e-30,-2.7527819060388014e-14,7.004345214244294e-14,4.835829002205704e-16,-8.205882303775299e-16,-3.5321785129333355e-16,3.9742853560134644e-17,68.67,1.1291488403936254e-15,-1.808916131762228e-15,-1.1536188919943474e-16,5403.489759977533,5411.453029202406,5783.588075757559,5776.137873091602,2.634138599557472e-15,7.865455264754897e-15,0.0,0
0.9820000000000008,0.0,0.0,1.0,0.0,2.792597483686871e-15,2.6743118810578278e-17,1.0,8.032166479742905e-15,1.1786443762905792e-15,-6.034639162705643e-18,-1.0997065804702758e-14,-1.4160264918929852e-15,1.1357885781600582e-17,8.270371219590616e-15,-6.422889476423104e-14,-9.271133183604263e-30,-2.6536695002007356e-14,7.004345214244294e-14,4.835829002205701e-16,-7.379339856152505e-16,-4.0269935680787103e-16,4.586335392742257e-17,68.67,1.0716953729761285e-15,-1.812600749404704e-15,-1.1541696004593889e-16,5403.489759977533,5411.453029202406,5783.588075757559,5776.137873091602,2.792725532575294e-15,8.118185594142127e-15,0.0,0
1.0020000000000007,0.0,0.0,1.0,0.0,2.9558975935266072e-15,5.131619941042116e-17,1.0,8.273809065657185e-15,1.2697492503705831e-15,-6.790550702911747e-18,-1.1370050495607462e-14,-1.537005428163089e-15,1.3989999126637945e-17,8.976954548669016e-15,-6.640732989285804e-14,-1.0404528696752272e-29,-2.557354560971629e-14,7.004345214244294e-14,4.835829002205699e-16,-6.884406295953666e-16,-4.523803701663303e-16,5.041532712662365e-17,68.67,1.0498212944409245e-15,-1.7953244987944112e-15,-1.1595365066856778e-16,5403.489759977534,5411.453029202406,5783.588075757559,5776.137873091601,2.9563430003533616e-15,8.37067653928561e-15,0.0,0
1.0220000000000007,0.0,0.0,1.0,0.0,3.124038439794115e-15,7.769409926716545e-17,1.0,8.515444596989806e-15,1.3587683270747059e-15,-7.546137399695953e-18,-1.1743841919410953e-14,-1.6573123590118362e-15,1.5501172412910724e-17,9.679612997578848e-15,-6.85904767840024e-14,-1.1587751772134718e-29,-2.4643553125245525e-14,7.004345214244294e-14,4.835829002205695e-16,-6.058137282353901e-16,-5.018620401886192e-16,5.653453413685735e-17,68.67,9.928515369059839e-16,-1.799437952418242e-15,-1.1604337036003858e-16,5403.489759977534,5411.453029202406,5783.588075757559,5776.137873091601,3.1250044074164416e-15,8.623172559751656e-15,0.0,0
1.0420000000000007,0.0,0.0,1.0,0.0,3.297011996610704e-15,1.0581777916547083e-16,1.0,8.757080123329981e-15,1.4446596972063648e-15,-8.301723866592389e-18,-1.2120049694681112e-14,-1.7747269273263063e-15,1.7012345406564533e-17,1.0365378463202663e-14,-7.078773649276755e-14,-1.280620816291474e-29,-2.3748302539080162e-14,7.004345214244294e-14,4.835829002205692e-16,-5.231633786650262e-16,-5.513435691380334e-16,6.265485025955545e-17,68.67,9.36195160014898e-16,-1.8037660133767716e-15,-1.1615666948376019e-16,5403.489759977534,5411.453029202406,5783.588075757559,5776.137873091601,3.298709673218062e-15,8.875447191312254e-15,0.0,0
1.0620000000000007,0.0,0.0,1.0,0.0,3.4748316122463976e-15,1.3562245768023048e-16,1.0,9.000046240599723e-15,1.5278780069190075e-15,-9.617130589373318e-18,-1.2498679175067862e-14,-1.889308171453505e-15,1.8523518883557055e-17,1.103459576186185e-14,-7.299914028740488e-14,-1.405890644791792e-29,-2.2855133115274782e-14,7.004345214244294e-14,4.835829002205689e-16,-4.2972090743652775e-16,-6.37757184344612e-16,6.884842767227444e-17,68.67,8.793804501218554e-16,-1.8083064772189094e-15,-1.1625740352297783e-16,5403.489759977533,5411.453029202406,5783.588075757559,5776.137873091602,3.4774772730377585e-15,9.128818983097473e-15,0.0,0
1.0820000000000007,0.0,0.0,1.0,0.0,3.657483938403585e-15,1.6705022221287604e-16,1.0,9.241681761050296e-15,1.6076661152103476e-15,-1.0372716785070182e-17,-1.287972632967619e-14,-2.001051509511147e-15,2.0034691467542596e-17,1.1687238132851297e-14,-7.522466462527707e-14,-1.534438620804082e-29,-2.1969321873474898e-14,7.004345214244294e-14,4.835829002205685e-16,-3.4704289591359804e-16,-6.87238546869762e-16,7.497005221961878e-17,68.67,8.223665745515717e-16,-1.8130590120101486e-15,-1.1634488908997964e-16,5403.489759977533,5411.453029202406,5783.588075757559,5776.137873091602,3.661296838064563e-15,9.380478650035869e-15,0.0,0
1.1020000000000008,0.0,0.0,1.0,0.0,3.844976972645223e-15,2.000402595800468e-16,1.0,9.48331728788415e-15,1.684400649172976e-15,-1.1128303274699133e-17,-1.3264790541825715e-14,-2.1103890813577355e-15,2.2665504132747798e-17,1.2325829509917344e-14,-7.747365078202507e-14,-1.6666620459052793e-29,-2.1065394542967734e-14,7.004345214244294e-14,4.835829002205682e-16,-2.6439486502574197e-16,-7.36720089769205e-16,8.109025866743644e-17,68.67,7.577348856580153e-16,-1.796846358090655e-15,-1.1592751586584443e-16,5403.489759977534,5411.453029202406,5783.588075757559,5776.137873091601,3.850177142109812e-15,9.631751459041628e-15,0.0,0
1.1220000000000008,0.0,0.0,1.0,0.0,4.037308011514508e-15,2.345367692967903e-16,1.0,9.724952812579532e-15,1.7579915854631865e-15,-1.1883889665857286e-17,-1.3650677057738912e-14,-2.216253335501945e-15,2.4176677096857484e-17,1.2944134806937075e-14,-7.972743964367992e-14,-1.8011845468026058e-29,-2.0135717028381768e-14,7.004345214244294e-14,4.835829002205679e-16,-1.8173679026309355e-16,-7.862015722410816e-16,8.721094019572034e-17,68.67,6.994607066651257e-16,-1.802018366156217e-15,-1.1592118954905723e-16,5403.489759977534,5411.453029202406,5783.588075757559,5776.137873091601,4.044114671469072e-15,9.882579766857008e-15,0.0,0
1.1420000000000008,0.0,0.0,1.0,0.0,4.23448018224633e-15,2.7039930190280616e-16,1.0,9.967968357160827e-15,1.8205116233142032e-15,-1.3201572375762265e-17,-1.4039033604944793e-14,-2.3104911512199193e-15,2.5691752202972413e-17,1.3494535327953542e-14,-8.199565484257595e-14,-1.931195055578537e-29,-1.91335804327638e-14,7.004345214244294e-14,4.835829002205676e-16,-3.204416167322697e-16,-8.740118691589297e-16,8.242383050245059e-17,68.67,7.6703316515342e-16,-1.807396545883731e-15,-1.1859685131093615e-16,5403.489759977533,5411.453029202406,5783.588075757559,5776.137873091602,4.2431047826216165e-15,1.0132858926359077e-14,0.0,0
1.1620000000000008,0.0,0.0,1.0,0.0,4.436491205106877e-15,3.074951440175596e-16,1.0,1.0209634489755708e-14,1.8821675648965196e-15,-1.3958568173642422e-17,-1.4429796810567098e-14,-2.403414703405617e-15,2.7205743891653474e-17,1.4037259829238366e-14,-8.427792624636401e-14,-2.064778869653878e-29,-1.8188418721205165e-14,6.993752848972645e-14,4.929501543666993e-16,-3.815409290015833e-16,-9.24358247820935e-16,8.174471336054604e-17,68.67,7.971093422634202e-16,-1.8129761581600754e-15,-1.2033911649880016e-16,5403.489759977533,5411.453029202406,5783.588075757559,5776.137873091602,4.447134749092391e-15,1.038168512325351e-14,0.0,0
1.1820000000000008,0.0,0.0,1.0,0.0,4.643322217292556e-15,3.457562200820117e-16,1.0,1.0449530434305977e-14,1.9386627821437675e-15,-1.4671937458783286e-17,-1.4821265475118128e-14,-2.4910694126033035e-15,2.864964530155123e-17,1.454921139819596e-14,-8.656431791714858e-14,-2.1981419427755036e-29,-1.857511460947587e-14,6.896239698445745e-14,5.73630538411147e-16,-5.531663080318474e-16,-9.72415377985435e-16,7.583734367741083e-17,68.67,9.081935458701112e-16,-1.805489767894972e-15,-1.2584191044200265e-16,5403.489759977533,5411.453029202406,5783.588075757559,5776.137873091602,4.6561774641145355e-15,1.0627855613721193e-14,0.0,0
1.2020000000000008,0.0,0.0,1.0,0.0,4.854894709303737e-15,3.852058630784235e-16,1.0,1.0684128366649435e-14,2.0003202558529686e-15,-1.4726147490185376e-17,-1.521042971328599e-14,-2.5825684721837713e-15,2.9898906432565324e-17,1.5083616081516742e-14,-8.883725047417634e-14,-2.3387184732935843e-29,-1.9258046662542088e-14,6.785342388621643e-14,6.599822620939886e-16,-6.360928407991457e-16,-9.764424921344311e-16,7.456199940267841e-17,68.67,1.010614479974664e-15,-1.7994319656710463e-15,-1.3148371135191056e-16,5403.489759977534,5411.453029202406,5783.588075757559,5776.137873091601,4.870152584403841e-15,1.0869779065852198e-14,0.0,0
1.2220000000000009,0.0,0.0,1.0,0.0,5.071139495968863e-15,4.258861847421809e-16,1.0,1.0916409477391247e-14,2.06218526657485e-15,-1.542517840020457e-17,-1.5595946154776862e-14,-2.6786283905463586e-15,3.019700853522837e-17,1.5644658681164804e-14,-9.108887789826699e-14,-2.487189137628019e-29,-2.008437377727576e-14,6.670386402389932e-14,7.4218408599826395e-16,-7.856296711367451e-16,-1.0234336330409843e-15,6.969933078357317e-17,68.67,1.1015356119915115e-15,-1.810626466527099e-15,-1.3728798482525632e-16,5403.489759977533,5411.453029202406,5783.588075757559,5776.137873091602,5.088991533686177e-15,1.1109493322734593e-14,0.0,0
1.2420000000000009,0.0,0.0,1.0,0.0,5.291974424559546e-15,4.679011649741298e-16,1.0,1.1143075873576375e-14,2.1336850154782417e-15,-1.5456708260061945e-17,-1.5980264850939397e-14,-2.7831191373374622e-15,3.140228655850807e-17,1.6254941942051695e-14,-9.333350983283211e-14,-2.647892735684294e-29,-2.0976774855531478e-14,6.551924912923254e-14,8.239939005046146e-16,-7.469119392740434e-16,-1.0253091045597042e-15,7.417767288567506e-17,68.67,1.1307473552423816e-15,-1.8038159144718574e-15,-1.415192271534857e-16,5403.489759977534,5411.453029202406,5783.588075757559,5776.137873091601,5.312619392576178e-15,1.1345527338091716e-14,0.0,0
1.262000000000001,0.0,0.0,1.0,0.0,5.5173123225062104e-15,5.114091243738201e-16,1.0,1.1367049010038635e-14,2.2096564019863975e-15,-1.6079286678856897e-17,-1.6361870781129393e-14,-2.8956311215538638e-15,3.257599388305785e-17,1.6912073628111055e-14,-9.556229772651721e-14,-2.8207254163516746e-29,-2.177554092179326e-14,6.430937474560268e-14,9.129650881562903e-16,-6.642082407316109e-16,-1.0660018638494645e-15,8.029958282949712e-17,68.67,1.1023455739592961e-15,-1.797016461873197e-15,-1.4449584487989964e-16,5403.489759977534,5411.453029202406,5783.588075757559,5776.137873091601,5.540963323878951e-15,1.1579837786209263e-14,0.0,0
1.282000000000001,0.0,0.0,1.0,0.0,5.747075032528694e-15,5.564649647740701e-16,1.0,1.1586887893636085e-14,2.2894092285172073e-15,-1.673034165671782e-17,-1.6739283003309312e-14,-3.013020781199026e-15,3.278092830758871e-17,1.759769361344694e-14,-9.776659206571834e-14,-3.0027805667789726e-29,-2.2480707375475628e-14,6.306666099118025e-14,1.009096776294808e-15,-5.483399740712048e-16,-1.1083981608306247e-15,8.799039527792778e-17,68.67,1.0586674531280788e-15,-1.807781714173446e-15,-1.4745010522823407e-16,5403.489759977533,5411.453029202406,5783.588075757559,5776.137873091602,5.773952258768312e-15,1.1810912140035679e-14,0.0,0
1.302000000000001,0.0,0.0,1.0,0.0,5.981174183499963e-15,6.031377240765502e-16,1.0,1.180093907543483e-14,2.369802878636425e-15,-1.6754520037012134e-17,-1.7115131525831824e-14,-3.1329748856575976e-15,3.3971976448306796e-17,1.8298291362758615e-14,-9.996175354143369e-14,-3.1924328580184116e-29,-2.3058055549178556e-14,6.179631752851559e-14,1.114006996280891e-15,-4.764634549860021e-16,-1.109609869760465e-15,9.403711603648271e-17,68.67,1.0272479923784135e-15,-1.7991483525421247e-15,-1.5034341098417593e-16,5403.489759977534,5411.453029202406,5783.588075757559,5776.137873091601,6.011507275847771e-15,1.2036544747545277e-14,0.0,0
1.322000000000001,0.0,0.0,1.0,0.0,6.219523745561884e-15,6.514498881421501e-16,1.0,1.2012206926806695e-14,2.4524095843031704e-15,-1.7455434943028176e-17,-1.7486576731561187e-14,-3.256914978689744e-15,3.4277006495117784e-17,1.90221694711379e-14,-1.0213119723242867e-13,-3.390750520467008e-29,-2.3535460627530075e-14,6.049666695877188e-14,1.2264279463801668e-15,-3.937898093295191e-16,-1.1554788599283107e-15,1.0015815196860098e-16,68.67,9.803126962095628e-16,-1.8066122500696864e-15,-1.5320144239574233e-16,5403.489759977533,5411.453029202406,5783.588075757559,5776.137873091602,6.253547999205615e-15,1.2260005412470821e-14,0.0,0
1.342000000000001,0.0,0.0,1.0,0.0,6.462028580815508e-15,7.014357764712801e-16,1.0,1.2217261267261386e-14,2.5372813426491565e-15,-1.7430777259121427e-17,-1.7855737470539002e-14,-3.3825721083054022e-15,3.5278600686896796e-17,1.9756076014736833e-14,-1.0428729838486083e-13,-3.595915461438871e-29,-2.3910337495739515e-14,5.91776985859836e-14,1.3465313980759402e-15,-2.8872997172491637e-16,-1.1532855879791796e-15,1.0777412178530106e-16,68.67,9.46095584627242e-16,-1.8002415726890233e-15,-1.560198818064749e-16,5403.489759977534,5411.453029202406,5783.588075757559,5776.137873091601,6.499986579046941e-15,1.2477963508372537e-14,0.0,0
1.362000000000001,0.0,0.0,1.0,0.0,6.708603650404778e-15,7.53118081061245e-16,1.0,1.2419362335961359e-14,2.6225071677167528e-15,-1.807876926830183e-17,-1.8220325276414774e-14,-3.5114197304066734e-15,3.547864982538941e-17,2.0508616784023212e-14,-1.0641669110031617e-13,-3.809109773437741e-29,-2.4187792647210143e-14,5.783079151560751e-14,1.4739756218152265e-15,-2.0603059366088298e-16,-1.1956575689533867e-15,1.1389600498798705e-16,68.67,8.962624938244147e-16,-1.8083652275618316e-15,-1.5879587037696642e-16,5403.489759977533,5411.453029202406,5783.588075757559,5776.137873091602,6.750744387269132e-15,1.2693243538139477e-14,0.0,0
1.382000000000001,0.0,0.0,1.0,0.0,6.9591506615081594e-15,8.065026494143872e-16,1.0,1.2615198756570874e-14,2.708165006999336e-15,-1.8043955005616473e-17,-1.858260826010393e-14,-3.639790716342817e-15,3.655408933633971e-17,2.125837373673211e-14,-1.0853262239030552e-13,-4.0268708603116676e-29,-2.438929054011407e-14,5.6465764172769244e-14,1.6078453838349214e-15,-1.3409005868708123e-16,-1.1929710057596093e-15,1.1994534142564792e-16,68.67,8.806295975421514e-16,-1.79928516829748e-15,-1.6200878726576532e-16,5403.489759977534,5411.453029202406,5783.588075757559,5776.137873091601,7.005727974527835e-15,1.2902624653815024e-14,0.0,0
1.402000000000001,0.0,0.0,1.0,0.0,7.213582800703928e-15,8.61595444127494e-16,1.0,1.2808024473603832e-14,2.793625286509151e-15,-1.8724251242510457e-17,-1.8939899075118183e-14,-3.769278657835101e-15,3.672692504982162e-17,2.201465432239417e-14,-1.1061939667767617e-13,-4.250309184910906e-29,-2.4527592194945016e-14,5.50717934222155e-14,1.747437119570827e-15,-8.460816022544187e-17,-1.237655812836694e-15,1.244962441870836e-16,68.67,8.711430133976099e-16,-1.806590303243233e-15,-1.6566741547429935e-16,5403.489759977533,5411.453029202406,5783.588075757559,5776.137873091602,7.264855368963155e-15,1.310916411352923e-14,0.0,0
1.422000000000001,0.0,0.0,1.0,0.0,7.471795576433743e-15,9.184290584695477e-16,1.0,1.2994300457272314e-14,2.8813762031046573e-15,-1.8670444858975977e-17,-1.9294695727248082e-14,-3.903354163364068e-15,3.785783788475331e-17,2.279772879771453e-14,-1.1269160368607723e-13,-4.483947404936015e-29,-2.456459954975985e-14,5.3663608084663533e-14,1.8947030009388207e-15,2.047761676608609e-17,-1.2335364064582107e-15,1.3211323722661197e-16,68.67,8.10706564545342e-16,-1.7951049152514678e-15,-1.6789040081019336e-16,5403.489759977534,5411.453029202406,5783.588075757559,5776.137873091601,7.528030358032313e-15,1.3309940712985783e-14,0.0,0
1.442000000000001,0.0,0.0,1.0,0.0,7.73369566027204e-15,9.77012403382479e-16,1.0,1.3176861153713742e-14,2.968303167101989e-15,-1.9094726426184908e-17,-1.9643419779126597e-14,-4.0378374779413174e-15,3.7518637703571365e-17,2.3583185101507248e-14,-1.147283433789763e-13,-4.722267122097361e-29,-2.449022222679301e-14,5.2236114277011636e-14,2.0498681072131495e-15,1.0324547134127612e-16,-1.2611263919276557e-15,1.3823679585700568e-16,68.67,7.554882697721229e-16,-1.810825443140408e-15,-1.7051114162049106e-16,5403.489759977533,5411.453029202406,5783.588075757559,5776.137873091602,7.79516528382008e-15,1.3507066971206416e-14,0.0,0
1.462000000000001,0.0,0.0,1.0,0.0,7.999179171419407e-15,1.037331144256001e-15,1.0,1.3353430753295472e-14,3.0540474746606072e-15,-1.906252975098612e-17,-1.998942946807269e-14,-4.170865953601221e-15,3.81335804243632e-17,2.436014434823215e-14,-1.1674922970387392e-13,-4.9637654157090316e-29,-2.4319616092277838e-14,5.0799028813592326e-14,2.212214520634324e-15,1.6401955456706373e-16,-1.2586727331094906e-15,1.4287572076710602e-16,68.67,7.269384751010301e-16,-1.8079551142357034e-15,-1.730754293985891e-16,5403.489759977533,5411.453029202406,5783.588075757559,5776.137873091602,8.066159142944896e-15,1.3698236464617575e-14,0.0,0
1.482000000000001,0.0,0.0,1.0,0.0,8.26815648153533e-15,1.0993452918383085e-15,1.0,1.3526190723867851e-14,3.1391238230594926e-15,-1.950597014827593e-17,-2.0332232793250477e-14,-4.303033864908873e-15,3.9420628264318486e-17,2.5132077427231934e-14,-1.1875138910608982e-13,-5.208881231686801e-29,-2.4099816272347012e-14,4.933827671703222e-14,2.378356282516474e-15,2.246217591642059e-16,-1.287647632468431e-15,1.475098400280441e-16,68.67,7.116945685385198e-16,-1.791709599947249e-15,-1.7561164979781279e-16,5403.489759977534,5411.453029202406,5783.588075757559,5776.137873091601,8.340921512269597e-15,1.3885687392341071e-14,0.0,0
1.5020000000000011,0.0,0.0,1.0,0.0,8.540526294576366e-15,1.1630678221751492e-15,1.0,1.3693366088841977e-14,3.2236749300005152e-15,-1.972237550913561e-17,-2.0669374471611667e-14,-4.436399018502211e-15,3.9786987846186236e-17,2.5911003057712287e-14,-1.207204813862176e-13,-5.459370286798472e-29,-2.3783843243169422e-14,4.785603922749596e-14,2.5518296271976114e-15,2.96427398619575e-16,-1.3015610856605229e-15,1.5355455164656338e-16,68.67,6.736082290379634e-16,-1.79211995699886e-15,-1.785571305308653e-16,5403.489759977534,5411.453029202406,5783.588075757559,5776.137873091601,8.619357061134522e-15,1.4067719924332335e-14,0.0,0
1.5220000000000011,0.0,0.0,1.0,0.0,8.816180915195056e-15,1.2284749248676015e-15,1.0,1.3854663784835246e-14,3.30898321154309e-15,-1.96164579290843e-17,-2.100125070926007e-14,-4.571548655323442e-15,3.960228004482161e-17,2.6700351048801213e-14,-1.226588206051711e-13,-5.716011889919768e-29,-2.3375408483858452e-14,4.636212560759934e-14,2.732912902720994e-15,4.236781267946292e-16,-1.2938794473602349e-15,1.6266072069231543e-16,68.67,5.986672772408239e-16,-1.8023148775264448e-15,-1.8099163478506763e-16,5403.489759977534,5411.453029202406,5783.588075757559,5776.137873091601,8.901359254095859e-15,1.4244348468446038e-14,0.0,0
1.5420000000000011,0.0,0.0,1.0,0.0,9.095017731572823e-15,1.2955409525069796e-15,1.0,1.4011859702645386e-14,3.389588214043781e-15,-1.993540101940983e-17,-2.1329803506300114e-14,-4.70193285121199e-15,4.0267438591683454e-17,2.7461866251616787e-14,-1.2457774910849557e-13,-5.97101132582345e-29,-2.2870699278118587e-14,4.4856935079365005e-14,2.92178641273501e-15,4.622858314617652e-16,-1.3147462879335108e-15,1.6713586722493588e-16,68.67,5.7836553328919655e-16,-1.7959401499846154e-15,-1.8428613403114452e-16,5403.489759977534,5411.453029202406,5783.588075757559,5776.137873091601,9.186826105747661e-15,1.4416029897569442e-14,0.0,0
1.5620000000000012,0.0,0.0,1.0,0.0,9.376932734275451e-15,1.3642073040864575e-15,1.0,1.4163556327107935e-14,3.4695570226716112e-15,-2.0117119835302987e-17,-2.1653306430479114e-14,-4.83237564898177e-15,4.065834342174638e-17,2.8223723721554293e-14,-1.26467183585111e-13,-6.229734335902114e-29,-2.2308994503639946e-14,4.334208394136679e-14,3.1164909516536533e-15,5.341115936143073e-16,-1.3263677257722289e-15,1.731812882284868e-16,68.67,5.358410590736083e-16,-1.7941619811873757e-15,-1.8709024653912965e-16,5403.489759977534,5411.453029202406,5783.588075757559,5776.137873091601,9.475649269134508e-15,1.4582337208528664e-14,0.0,0
1.5820000000000012,0.0,0.0,1.0,0.0,9.661823190082223e-15,1.4344718764889516e-15,1.0,1.430993490210858e-14,3.548614649151831e-15,-2.0253915857538122e-17,-2.1971925817531686e-14,-4.962571197800866e-15,4.095961364322302e-17,2.8984137122035804e-14,-1.2832809552692116e-13,-6.491715705713935e-29,-2.1630743827412156e-14,4.1815972339302314e-14,3.319742389699103e-15,6.391551752255231e-16,-1.3348425661706524e-15,1.8079761755532845e-16,68.67,4.700316855806009e-16,-1.793461659008401e-15,-1.8935102521517833e-16,5403.489759977534,5411.453029202406,5783.588075757559,5776.137873091601,9.767729363616109e-15,1.474338200861213e-14,0.0,0
1.6020000000000012,0.0,0.0,1.0,0.0,9.949574807009897e-15,1.5062831728595389e-15,1.0,1.4450425235588958e-14,3.625205471059481e-15,-2.0112265563965552e-17,-2.2284378777943097e-14,-5.091092021450725e-15,4.0330447134279037e-17,2.973476920915936e-14,-1.3015299215566141e-13,-6.754544953431465e-29,-2.0844792955009714e-14,4.029432030825408e-14,3.530362413859692e-15,7.441432036822362e-16,-1.3249194137424269e-15,1.8664487283348047e-16,68.67,3.9515075401697004e-16,-1.8099493580181143e-15,-1.904413712735821e-16,5403.489759977533,5411.453029202406,5783.588075757559,5776.137873091602,1.006294826763637e-14,1.4898231730644142e-14,0.0,0
1.6220000000000012,0.0,0.0,1.0,0.0,1.0240097320459315e-14,1.5796422495327574e-15,1.0,1.458678442969773e-14,3.70114572549242e-15,-2.0437940409932167e-17,-2.2594208977109883e-14,-5.218755721162366e-15,4.1289876498113665e-17,3.048039522246237e-14,-1.319625704204886e-13,-7.020187761072544e-29,-1.986138867787216e-14,3.875458259285903e-14,3.751537305769363e-15,9.154028536078898e-16,-1.3455189041985785e-15,1.969534559819683e-16,68.67,2.8852633747025264e-16,-1.795713097740497e-15,-1.9105797783821468e-16,5403.489759977534,5411.453029202406,5783.588075757559,5776.137873091601,1.0361219173870755e-14,1.504902579535337e-14,0.0,0
1.6420000000000012,0.0,0.0,1.0,0.0,1.0533251153590936e-14,1.6543649578106678e-15,1.0,1.4712947470447318e-14,3.762705153864241e-15,-1.8667395449613277e-17,-2.2893239784148712e-14,-5.332204497337071e-15,3.814872886725235e-17,3.1142998287267154e-14,-1.3370907431322213e-13,-7.267728107928028e-29,-1.8871461968329574e-14,3.725138709452346e-14,3.975645409775409e-15,7.777541777897262e-16,-1.2292694340284155e-15,1.9175359360958303e-16,68.67,3.4339202882986115e-16,-1.858977699725671e-15,-1.951868811193541e-16,5403.489759977533,5411.453029202406,5783.588075757559,5776.137873091602,1.0662377937320394e-14,1.5186478255827174e-14,0.0,0
1.6620000000000013,0.0,0.0,1.0,0.0,1.0828890948762311e-14,1.7302526833887358e-15,1.0,1.4837969738284353e-14,3.819616335450626e-15,-1.8492617321948624e-17,-2.3190373083680666e-14,-5.4387206748023635e-15,3.698467727664992e-17,3.1765111173977425e-14,-1.3544449572157862e-13,-7.509121092447808e-29,-1.8090192964311947e-14,3.585306328775994e-14,4.190175966004351e-15,5.952006890590833e-16,-1.2187010491745522e-15,1.8311748522354554e-16,68.67,4.579533341833097e-16,-1.8862539234089002e-15,-1.9946376858311184e-16,5403.489759977533,5411.453029202406,5783.588075757559,5776.137873091602,1.096625065957186e-14,1.5321721733577426e-14,0.0,0
1.6820000000000013,0.0,0.0,1.0,0.0,1.1126948114742145e-14,1.8072425624070912e-15,1.0,1.49557499284713e-14,3.874213057871749e-15,-1.7259483985111937e-17,-2.3481213958787837e-14,-5.541977752437391e-15,3.454327962512474e-17,3.2368189130485245e-14,-1.3714316592071547e-13,-7.747649076773036e-29,-1.7533036200996276e-14,3.451581397929491e-14,4.394099294594233e-15,4.130302287746202e-16,-1.138199974760035e-15,1.744920972777923e-16,68.67,5.9019108957798055e-16,-1.9381170977237527e-15,-2.0421699846404952e-16,5403.489759977533,5411.453029202406,5783.588075757559,5776.137873091602,1.1272759202056058e-14,1.5449410365141472e-14,0.0,0
1.7020000000000013,0.0,0.0,1.0,0.0,1.1427335729517892e-14,1.885299490043469e-15,1.0,1.5070210323635484e-14,3.926451592651e-15,-1.6514296610784924e-17,-2.3769209052277888e-14,-5.643788126968017e-15,3.307630513618943e-17,3.2962817547534284e-14,-1.388252151946661e-13,-7.986749248108424e-29,-1.719496899934851e-14,3.323191802828965e-14,4.5876537907709605e-15,2.0859938669828114e-16,-1.0900593496670852e-15,1.648171905879899e-16,68.67,7.259370434423296e-16,-1.9720612232767516e-15,-2.0914107018271035e-16,5403.489759977533,5411.453029202406,5783.588075757559,5776.137873091602,1.158181143182164e-14,1.5573327647938112e-14,0.0,0
1.7220000000000013,0.0,0.0,1.0,0.0,1.1729967159937138e-14,1.964389405851999e-15,1.0,1.518053645556887e-14,3.9771022307065585e-15,-1.5841726242855865e-17,-2.405334069334268e-14,-5.745052478152622e-15,3.1753186705548084e-17,3.355425688881955e-14,-1.4048469978785042e-13,-8.227237234033814e-29,-1.7093730295536335e-14,3.199948006384058e-14,4.7700005828871786e-15,-1.7992723219919806e-17,-1.046835854482649e-15,1.5409455049538051e-16,68.67,8.655881215337826e-16,-2.003732394816203e-15,-2.1425624849219423e-16,5403.489759977533,5411.453029202406,5783.588075757559,5776.137873091602,1.1893315572666324e-14,1.5692873547971923e-14,0.0,0
1.7420000000000013,0.0,0.0,1.0,0.0,1.20347387429228e-14,2.0445095701914903e-15,1.0,1.5285602563547366e-14,4.029435168207051e-15,-1.4686708256717852e-17,-2.433260685125474e-14,-5.8477922703850445e-15,2.97441458168034e-17,3.415431361491219e-14,-1.421157672913362e-13,-8.471595162753471e-29,-1.722441477030167e-14,3.0849579478189175e-14,4.937122277218557e-15,-2.006711733581831e-16,-9.714989652220104e-16,1.3882880438640367e-16,68.67,9.952355366876111e-16,-2.0492345689433705e-15,-2.1550690239848868e-16,5403.489759977533,5411.453029202406,5783.588075757559,5776.137873091602,1.2207168221705296e-14,1.580778951039357e-14,0.0,0
1.7620000000000013,0.0,0.0,1.0,0.0,1.2341590355375234e-14,2.1256814093055504e-15,1.0,1.5389227899646232e-14,4.0812619346051215e-15,-1.3890706707179196e-17,-2.4609842341128673e-14,-5.950891194742426e-15,2.778284783288077e-17,3.4756467869552e-14,-1.4373497457992112e-13,-8.719176295659319e-29,-1.6235882487321297e-14,3.074066692724413e-14,4.952393101858746e-15,-3.6116473017277737e-16,-9.197649226192553e-16,1.2726167630393148e-16,68.67,1.0944836850596613e-15,-2.107706606524003e-15,-2.140388918174307e-16,5403.489759977533,5411.453029202406,5783.588075757559,5776.137873091602,1.2523313217905165e-14,1.5921219402980397e-14,0.0,0
1.7820000000000014,0.0,0.0,1.0,0.0,1.2650503282246349e-14,2.2078483652332256e-15,1.0,1.5491122199622368e-14,4.130471038644604e-15,-1.2919980626362681e-17,-2.4886915036355834e-14,-6.050963977622023e-15,2.59476649990965e-17,3.534094779851529e-14,-1.4535323105849717e-13,-8.965618401283761e-29,-1.644017148195687e-14,2.9929050068810764e-14,5.061637694262629e-15,-5.438148593851442e-16,-8.566049363636898e-16,1.1332193302116858e-16,68.67,1.222495715406175e-15,-2.1564107277630446e-15,-2.1453155949205724e-16,5403.489759977533,5411.453029202406,5783.588075757559,5776.137873091602,1.2841722146892475e-14,1.6032336851832116e-14,0.0,0
1.8020000000000014,0.0,0.0,1.0,0.0,1.296140496558146e-14,2.291025013314575e-15,1.0,1.5588569181773838e-14,4.181878327108889e-15,-1.1399430814731738e-17,-2.5160145929960583e-14,-6.153878278228976e-15,2.3296799097573795e-17,3.59420237492104e-14,-1.469490493088682e-13,-9.218211646771076e-29,-1.7161997815269024e-14,2.900689822756802e-14,5.1821209487034445e-15,-7.15429327231025e-16,-7.570561987546122e-16,9.7253589800997e-17,68.67,1.3550788553841989e-15,-2.217041388006838e-15,-2.1502380787851806e-16,5403.489759977533,5411.453029202406,5783.588075757559,5776.137873091602,1.3162325565546264e-14,1.6139756052205837e-14,0.0,0
1.8220000000000014,0.0,0.0,1.0,0.0,1.327423517904223e-14,2.3752685282720107e-15,1.0,1.568481684115335e-14,4.237608788748864e-15,-1.0638843291422388e-17,-2.5431660077046018e-14,-6.2624660698150935e-15,2.1324161937171333e-17,3.657623599839804e-14,-1.485348408181536e-13,-9.4821039837826e-29,-1.8065358153448537e-14,2.8177901491979647e-14,5.2849592734669166e-15,-8.430594545736292e-16,-7.074857024393441e-16,8.327104313150855e-17,68.67,1.4629221664828072e-15,-2.2661056643534635e-15,-2.1376020350049472e-16,5403.489759977533,5411.453029202406,5783.588075757559,5776.137873091602,1.3485073977176461e-14,1.6247181933246022e-14,0.0,0
1.8420000000000014,0.0,0.0,1.0,0.0,1.3588991133306692e-14,2.4606783744173042e-15,1.0,1.5780301502492128e-14,4.2962151786216954e-15,-1.073712632002968e-17,-2.570388316458253e-14,-6.375025446684586e-15,2.153564219381721e-17,3.7233644483540183e-14,-1.501247729284352e-13,-9.75585369619286e-29,-1.9088707210000743e-14,2.735526831168617e-14,5.372112577125901e-15,-9.821191238564905e-16,-7.147262860902269e-16,6.787162511589047e-17,68.67,1.5802896492198268e-15,-2.273869354754894e-15,-2.1238827012548312e-16,5403.489759977533,5411.453029202406,5783.588075757559,5776.137873091602,1.380998255188662e-14,1.6354678096998925e-14,0.0,0
1.8620000000000014,0.0,0.0,1.0,0.0,1.3905609508926003e-14,2.547334906510533e-15,1.0,1.587190292039912e-14,4.3616536305734596e-15,-1.038708222601165e-17,-2.5972375203150348e-14,-6.496353734659841e-15,2.0850208397393383e-17,3.794226821815078e-14,-1.5169291366674305e-13,-1.0045370297863189e-28,-2.0215526958981377e-14,2.6550384722269393e-14,5.4442598785588e-15,-1.0325637985263903e-15,-6.918679996605927e-16,5.666061475862531e-17,68.67,1.6435183633059636e-15,-2.29857444575791e-15,-2.0982059459518391e-16,5403.489759977533,5411.453029202406,5783.588075757559,5776.137873091602,1.4137004312818904e-14,1.646029867891667e-14,0.0,0
1.8820000000000014,0.0,0.0,1.0,0.0,1.422402928505027e-14,2.635426874651737e-15,1.0,1.5960896653113672e-14,4.44027859958679e-15,-1.0102521772534466e-17,-2.6238512951042125e-14,-6.63142018545939e-15,2.0203221369571132e-17,3.8731130357256336e-14,-1.5324730405647957e-13,-1.035929934237891e-28,-2.1263314302911306e-14,2.5772701608091668e-14,5.510032785015773e-15,-8.176874808379469e-16,-6.719121420242212e-16,5.79999002589918e-17,68.67,1.5792506930864572e-15,-2.32268389345028e-15,-2.043808220471649e-16,5403.489759977533,5411.453029202406,5783.588075757559,5776.137873091602,1.4466115024898854e-14,1.6567027436274432e-14,0.0,0
1.9020000000000015,0.0,0.0,1.0,0.0,1.454421197158017e-14,2.725127787364118e-15,1.0,1.6048885651794228e-14,4.5219182958976995e-15,-1.0275580250878554e-17,-2.6504367547441287e-14,-6.7747554212334e-15,2.0648008181393372e-17,3.9568286734969224e-14,-1.5480004068622735e-13,-1.0690442557045564e-28,-2.078121240318652e-14,2.5542838575548815e-14,5.52989584880141e-15,-5.697553237286841e-16,-6.820159121711179e-16,6.178819480497094e-17,68.67,1.421768032074774e-15,-2.3329624876554406e-15,-1.953875334935837e-16,5403.489759977533,5411.453029202406,5783.588075757559,5776.137873091602,1.4797311354827946e-14,1.6673769259729203e-14,0.0,0
1.9220000000000015,0.0,0.0,1.0,0.0,1.4866145410492138e-14,2.816340078502435e-15,1.0,1.6135774063562523e-14,4.589382513106006e-15,-1.0027572028949821e-17,-2.6769499350435223e-14,-6.904007399101608e-15,2.0150907927756638e-17,4.032318916367122e-14,-1.5634855580613017e-13,-1.100338008281726e-28,-1.977035309241807e-14,2.5542838575548815e-14,5.5298958488014104e-15,-6.306441016972142e-16,-6.659556977180308e-16,5.89063866075446e-17,68.67,1.4213112210059643e-15,-2.3657614435911817e-15,-1.9515753358350691e-16,5403.489759977533,5411.453029202406,5783.588075757559,5776.137873091602,1.513056677073518e-14,1.677574847910343e-14,0.0,0
1.9420000000000015,0.0,0.0,1.0,0.0,1.5189819140641714e-14,2.908796466958445e-15,1.0,1.6222744888367925e-14,4.649466942988212e-15,-9.869946479158544e-18,-2.7035579931891442e-14,-7.022470670370556e-15,1.9746448225310787e-17,4.101507962962679e-14,-1.579026123125347e-13,-1.1303429803666337e-28,-1.9467658499721437e-14,2.5241161418183803e-14,5.5502746816038356e-15,-8.138338535276011e-16,-6.56524082228743e-16,4.1417801276656144e-17,68.67,1.5422300370624843e-15,-2.3935711456004365e-15,-1.9255676841563618e-16,5403.489759977533,5411.453029202406,5783.588075757559,5776.137873091602,1.5465823690046235e-14,1.68758730732028e-14,0.0,0
1.9620000000000015,0.0,0.0,1.0,0.0,1.551520922053724e-14,3.002485379699231e-15,1.0,1.6307316093843334e-14,4.715216399515419e-15,-9.564226989011868e-18,-2.7300150770361643e-14,-7.144925918179754e-15,1.9243119772428714e-17,4.173028542765896e-14,-1.5944785109200257e-13,-1.161307934623155e-28,-2.047513624072523e-14,2.4500200078741106e-14,5.588631853570646e-15,-8.864091367015839e-16,-6.367133456184403e-16,2.916030998065923e-17,68.67,1.6604127512752591e-15,-2.4154565519421356e-15,-1.9081369245537156e-16,5403.489759977533,5411.453029202406,5783.588075757559,5776.137873091602,1.5803057793109263e-14,1.6975332555011075e-14,0.0,0
1.9820000000000015,0.0,0.0,1.0,0.0,1.5842278744407175e-14,3.0976708954095694e-15,1.0,1.639073828943406e-14,4.7953590356613684e-15,-9.755079387224463e-18,-2.7563762498247756e-14,-7.289492529532093e-15,1.953907488505142e-17,4.2574633713999136e-14,-1.6098748813971158e-13,-1.196245761613215e-28,-2.0402921663766367e-14,2.4132044806130505e-14,5.605808361188111e-15,-6.274612974540587e-16,-6.479337075433559e-16,3.258752698096718e-17,68.67,1.495872077766388e-15,-2.426375837484161e-15,-1.8198237971345425e-16,5403.489759977533,5411.453029202406,5783.588075757559,5776.137873091602,1.6142284868994318e-14,1.707781792604643e-14,0.0,0
2.002000000000001,0.0,0.0,1.0,45.0,5.105229575119285e-10,-9.50919699650712e-08,1.0,2.5525340972478607e-07,-4.7545986574848515e-05,-9.582898739244401e-18,-2.7828005116399442e-14,-7.419113444527978e-15,2.0092844546072533e-17,-8.428650535260899e-14,-1.4556677035746304e-13,45.00000000000001,-1.9561272699566857e-14,2.405906617677539e-14,0.0003600000000056049,-6.854048920934394e-16,-6.379291006003558e-16,0.0031415926535897855,68.67,-0.018699935252619246,4.181751832537499e-05,0.3953378316268079,6295.928890070125,4340.849996021547,6630.871563177917,4779.647295388299,9.509334038474067e-08,4.7546671741341176e-05,0.0,0
2.021999999999999,0.0,0.0,1.0,45.0,3.3764148008752767e-08,-6.160856545910234e-06,1.0000000001766975,2.851777898303883e-06,-0.0005086477372304662,2.1836040553923142e-08,-3.1051351552726865e-06,0.0005590076285616641,-3.617905438522433e-08,-0.0023214646545425236,0.0022958169071674384,44.99999990697992,-1.6256875523537632e-06,6.634035861982497e-07,0.02332000052003562,-3.5129116201529315e-06,1.4327362348295845e-06,0.03360059237664809,68.6699998582397,-0.017721413488083742,4.7020391260051776e-05,0.3735841066545995,6250.128583786556,4406.542121271151,6587.090086368468,4839.804581536546,6.160949068787841e-06,0.0005086557320070888,1.7075472925031877e-06,0
2.0419999999999967,0.0,0.0,1.0,45.0,1.2473839854080124e-07,-2.1167781674620328e-05,1.000000001190928,6.088972241239927e-06,-0.0009443680776438575,7.924733084822594e-08,-6.914986436311612e-06,0.0010919310452532332,-1.461964931840485e-07,-0.004538114802636865,0.004480998474694296,44.99999964508231,-1.1020710002586036e-05,4.49944024578924e-06,0.08011186363918248,-1.2852160109478852e-05,5.235928179976354e-06,0.062370024763773776,68.66999940203377,-0.016778976840770437,3.0041024879239645e-05,0.35272665727213864,6205.894914889081,4468.614788392561,6544.840237454149,4896.7949299434695,2.1168149236784312e-05,0.000944387710601874,1.1891690845819462e-05,0
2.0619999999999945,0.0,0.0,1.0,45.0,2.9411122621762217e-07,-4.461919689668061e-05,1.000000003692923,1.0662097598545567e-05,-0.0013556940730320528,1.667382415090211e-07,-1.2289366907742267e-05,0.0015997126947852921,-3.2028327439977157e-07,-0.006657393615475688,0.0065558859810324385,44.99999923824905,-3.437273021512636e-05,1.4041734570756564e-05,0.16884373984183743,-2.7266222964332526e-05,1.1085909664363763e-05,0.08951971381482582,68.66999867109674,-0.015871560376095658,-5.6157198506185866e-06,0.3327328253024363,6163.192153989094,4527.313052405313,6504.084584021387,4950.814632983367,4.462016636853588e-05,0.0013557360096202648,3.712688472270268e-05,0
2.0819999999999923,0.0,0.0,1.0,45.0,5.75079376924507e-07,-7.603751640984283e-05,1.00000000822829,1.714259562073972e-05,-0.0017435535026050267,2.792868129435122e-07,-1.994410404510513e-05,0.002083233155699746,-5.494163199941091e-07,-0.008685894106433096,0.008521159843132843,44.99999870821389,-7.703490846002678e-05,3.1491284211115336e-05,0.2877021768373624,-4.6063858304911054e-05,1.8674378348077417e-05,0.11511693401383756,68.66999770259791,-0.014998122662511949,-5.682065249604545e-05,0.31357106085709113,6121.984739864818,4582.85830044078,6464.786032445304,5002.043106397721,7.603969151549498e-05,0.0017436377958257264,8.322432054213379e-05,0
2.10199999999999,0.0,0.0,1.0,45.0,1.0110388933476254e-06,-0.00011496308474536982,1.0000000152469835,2.599212698497735e-05,-0.00210881776404,4.1229981455575734e-07,-3.04668926931301e-05,0.002543314004586368,-8.252453725199054e-07,-0.010629436432988129,0.010377785975034625,44.99999807472701,-0.000143589199463433,5.874191899036704e-05,0.43494925296798015,-6.860984882833347e-05,2.770906060207875e-05,0.1392264970763993,68.66999653141816,-0.01415764548489914,-0.00012078618626709713,0.2952108865496333,6082.237301730724,4635.451424558379,6426.907844463026,5050.64490520362,0.00011496753144381875,0.0021089779805837246,0.0001551403272765332,0
2.121999999999988,0.0,0.0,1.0,45.0,1.6535304890889252e-06,-0.00016095308372758113,1.0000000251114425,3.757518603656172e-05,-0.002452305049903273,5.615741264894278e-07,-4.433155592378791e-05,0.0029807210518928676,-1.14003101756209e-06,-0.012493140157770614,0.012126970256280999,44.999997355757415,-0.00023790625867501267,9.740316591811614e-05,0.6089198082383535,-9.432103227785065e-05,3.791417141725475e-05,0.161910835881053,68.66999519035622,-0.01334913356349551,-0.0001950351024800689,0.277622862820292,6043.914681595418,4685.275454841689,6390.413653787006,5096.771431419191,0.00016096157912707192,0.002452592968217979,0.0002570737826602063,0
2.1419999999999857,0.0,0.0,1.0,45.0,2.5604228475960656e-06,-0.00021358050490255485,1.000000038104021,5.217042900651424e-05,-0.0027747836857169293,7.232634921820378e-07,-6.19108665580069e-05,0.003396167816249711,-1.486592182781502e-06,-0.014281491550083155,0.013770119929654783,44.99999656767296,-0.0003632020321569806,0.00014882092000297672,0.8080187697965852,-0.0001226626020005015,4.9030693665154955e-05,0.18323008567299595,68.66999371029362,-0.01257161427825422,-0.0002773719211324248,0.2607785543381498,6006.981956602488,4732.497762044816,6355.267482647235,5140.562390007963,0.00021359585504289442,0.0027752741809222436,0.0003925093763428054,0
2.1619999999999835,0.0,0.0,1.0,45.0,3.7943095230253184e-06,-0.0002724331896649337,1.000000054433801,6.998084190695145e-05,-0.003076975541425616,8.938498208084611e-07,-8.348806973151516e-05,0.0037903191301772677,-1.8582616433478031e-06,-0.015998406065256744,0.015308810906025951,44.99999572539935,-0.000522091121685808,0.0002140962616120741,1.030718568795636,-0.0001531446616316085,6.081649895931664e-05,0.20324216262569902,68.66999212032552,-0.011824137398071075,-0.000365856670014417,0.24465049744782072,5971.404461249834,4777.271913718734,6321.433758155953,5182.147037572092,0.0002724596164182959,0.0030777713689832406,0.0005642836698570729,0
2.1819999999999813,0.0,0.0,1.0,45.0,5.421097520778929e-06,-0.00033711293775542505,1.0000000742428776,9.114286324164229e-05,-0.0033595594464781286,1.070118325765465e-06,-0.00010926723488184573,0.004163794791799522,-2.2488482596225944e-06,-0.017647286179468806,0.01674476009353058,44.99999484255943,-0.00071663702911354,0.00029410270925846047,1.2755566456604233,-0.0001853190184731953,7.304633041512738e-05,0.22200283984342994,68.66999044786378,-0.01110577481403679,-0.0004587808610586959,0.22921216862891136,5937.147809385076,4819.739248971775,6288.877328394023,5221.645259253689,0.0003371565313210286,0.00336079571546584,0.0007746385732932896,0
2.201999999999979,0.0,0.0,1.0,45.0,7.508767822607343e-06,-0.00040723468357978894,1.0000000976121812,0.00011573456624948864,-0.0036231745541233495,1.2491358877066305e-06,-0.00013938255406311783,0.004517173195367328,-2.6526048390892892e-06,-0.01923107478535024,0.018079801990749777,44.99999393159436,-0.0009483993926960234,0.00038950215138008556,1.5411330408792048,-0.00021877620069912296,8.551166578372943e-05,0.2395658208851382,68.66998871871819,-0.010415620275687513,-0.0005546454976247158,0.21443795393756948,5904.177915877404,4860.030222941612,6257.563478124081,5259.168502306287,0.0004073039143350854,0.0036250227447303493,0.001025267334703954,0
2.221999999999977,0.0,0.0,1.0,45.0,1.012629010676584e-05,-0.0004824257388565074,1.0000001245669,0.0001437829956112926,-0.00386842361328623,1.4282321166612822e-06,-0.00017390669267371782,0.0048509948885207205,-3.064200683452374e-06,-0.020752304371481442,0.0193158688907206,44.999993003868624,-0.0012184783337310628,0.0005007596612522895,1.8261080685284052,-0.0002531426841271476,9.802047773605432e-05,0.2559828108876985,68.66998695716025,-0.009752789129137001,-0.0006521409502352912,0.20030311940042433,5872.461017870039,4898.265561385814,6227.457944041975,5294.82058935278,0.00048253202047064816,0.003871095044235472,0.001317364713022467,0
2.2419999999999747,0.0,0.0,1.0,45.0,1.3342675710995819e-05,-0.0005623250993869671,1.000000155081546,0.0001752707444425917,-0.00409587611693067,1.6049826645792542e-06,-0.00021285828857764782,0.00516576601674959,-3.4786979996790895e-06,-0.022213142218889002,0.020454974136088395,44.99999206976034,-0.0015275560350983635,0.0006281573650151224,2.12920006982778,-0.00028807831492009634,0.00011039690648571928,0.27130358536412297,68.66998518597353,-0.009116418055956548,-0.0007501285510123214,0.18678378233217782,5841.963695521725,4934.557257627715,6198.526929484882,5328.698430072099,0.0005624833939290805,0.004099624809061175,0.0016516685350547746,0
2.2619999999999725,0.0,0.0,1.0,45.0,1.7226154508885054e-05,-0.0006465828132182059,1.0000001890847108,0.00021014184898436085,-0.0043060713044729675,1.7771944060927763e-06,-0.0002562086862432555,0.005461961625839133,-3.8915314890537655e-06,-0.023615431851657095,0.021499197947004264,44.99999113873892,-0.0018759356746663246,0.0007718075033292302,2.4491832441079744,-0.000323273915218634,0.00012248085847706952,0.2855760567500389,68.66998342649367,-0.008505664811701997,-0.0008476237687931256,0.1738568835489999,5812.652892150952,4969.009437778948,6170.737118521493,5360.8926466766525,0.0006468122683602726,0.004311196218489718,0.0020285022214343424,0
2.2819999999999703,0.0,0.0,1.0,45.0,2.184346283237056e-05,-0.0007348594070996685,1.000000226463543,0.00024830707068573506,-0.004499521002874467,1.942892166641383e-06,-0.00030388798391828894,0.005740028801549701,-4.298490528313252e-06,-0.02496073097817943,0.022450675413860834,44.9999902194316,-0.0022635778364441007,0.0009316648018738872,2.7848855546549602,-0.00035844905935193086,0.00013412754349295523,0.29884633876948086,68.66998169864128,-0.007919707963062194,-0.0009437808377145724,0.16150016045075327,5784.495933702169,5001.719115235279,6144.055689357103,5391.488125849162,0.0007351840153030545,0.0045063676538306275,0.002447812074755954,0
2.301999999999968,0.0,0.0,1.0,45.0,2.7259230888445395e-05,-0.0008268253678929828,1.0000002670679697,0.00028964862832753365,-0.004676712296766657,2.1003067214244437e-06,-0.0003557904639911983,0.006000389632671926,-4.695703426484796e-06,-0.02625034615553688,0.023311586307918266,44.99998931968041,-0.0026901345211544653,0.001107538244279092,3.135186706975979,-0.0003933500089239475,0.00014520696128641073,0.31115880868887147,68.66998002094938,-0.0073577466226992655,-0.0010378787220182376,0.149692120945892,5757.4605474594455,5032.776851570433,6118.450326993763,5420.5645076468945,0.0008272746375813152,0.004685673766483194,0.0029092034762960243,0
2.321999999999966,0.0,0.0,1.0,45.0,3.353545929964973e-05,-0.0009221606754531186,1.000000310714698,0.0003340244364330912,-0.0048381100225603655,2.247863840374441e-06,-0.00041177946952795924,0.006243443989165708,-5.079623369442084e-06,-0.027485364402904906,0.024084146415439895,44.999988446591054,-0.003154980875837625,0.0012991023227135585,3.4990161971090266,-0.00042774779570318804,0.00015560334767459366,0.3225561675259465,68.66997841058752,-0.0068190001809766854,-0.0011293083090060192,0.13841201819367496,5731.514879939744,5062.267337885031,6093.88923509331,5448.196620136623,0.0009227703045320726,0.004849627405010136,0.003411974645398492,0
2.3419999999999637,0.0,0.0,1.0,45.0,4.0731075458123494e-05,-0.00102055438343996,1.0000003571909992,0.0003812719004160018,-0.0049841590851478134,2.3841741872192e-06,-0.0004716917834825119,0.006469572111550944,-5.447015674348139e-06,-0.028666681981501796,0.024770600146181057,44.99998760657488,-0.0036572447593981724,0.001505907825832492,3.8753514276732344,-0.00046143644188376565,0.00016521458896589527,0.33307949827833555,68.669976883384,-0.006302708033892735,-0.0012175607305416846,0.12763982613908875,5706.627513904792,5090.269908219517,6070.341146998505,5474.4548671064695,0.0010213669260612968,0.004998721409760187,0.0039551482300780975,0
2.3619999999999615,0.0,0.0,1.0,45.0,4.890156133353932e-05,-0.0011217042445242661,1.0000004062583034,0.00043121131368207134,-0.0051152865986769935,2.508023915183939e-06,-0.0005353415612155305,0.0066791370112490615,-5.794946076697095e-06,-0.02979503054895541,0.0253732142058743,44.99998680538527,-0.004195834257838372,0.0017273922107669164,4.263215889430306,-0.000494231307894643,0.00017395161261122159,0.3427683222345171,68.66997545384747,-0.005808129306675576,-0.0013022167212901566,0.11735621581661589,5682.767484437777,5116.8589946732245,6047.775335875012,5499.405575042554,0.0011227697626541345,0.005133430283332562,0.004537500268931167,0
2.3819999999999593,0.0,0.0,1.0,45.0,5.809864522694148e-05,-0.001225316376506955,1.0000004576556107,0.00048364889719253526,-0.005231903855096371,2.6183658289182666e-06,-0.0006025238616738838,0.006872486684333695,-6.120769812083111e-06,-0.030871000885545133,0.0258942721555646,44.99998604814952,-0.00476946325941708,0.001962889594994975,4.661677406197849,-0.0005259675585368523,0.00018173776106727646,0.3516606534279388,68.6699741351885,-0.005334542572625889,-0.0013829369290796424,0.10754253239967734,5659.904294038408,5142.104532280995,6026.1616239442155,5523.111304607065,0.0012266930686043668,0.0052542117449306735,0.005157588158521622,0
2.401999999999957,0.0,0.0,1.0,45.0,6.837005072535382e-05,-0.001331104965963888,1.0000005111027326,0.0005383795177638855,-0.005334408125846237,2.7143110069355596e-06,-0.0006730178178358141,0.007049956143267181,-6.422121293374776e-06,-0.031895064378917426,0.026336069709003738,44.999985339396666,-0.005376675196244025,0.002211640394990463,5.069846441023953,-0.0005564987388061555,0.0001885081550456208,0.3597930512932248,68.66997293934189,-0.004881245566922847,-0.0014594530994037078,0.09818077297326615,5638.007926697196,5166.072320405016,6005.470390783959,5545.631131068613,0.0013328597658703312,0.005361508176411399,0.005813775831193174,0
2.421999999999955,0.0,0.0,1.0,45.0,7.97592967951048e-05,-0.0014387920061500817,1.0000005663033675,0.0005951891175856346,-0.005423184303307057,2.7951207987497135e-06,-0.0007465894827689958,0.007211869272788633,-6.696904218526201e-06,-0.032867592442850695,0.02670091064345985,44.99998468308275,-0.006015865054940483,0.002472800631237012,5.486874461598721,-0.0005856954513184068,0.00019420905155912148,0.3672006715815741,68.6699718769906,-0.004447554895231786,-0.0015315600621903635,0.08925356500794372,5617.048860917334,5188.824346340865,5985.672580681204,5567.020897483645,0.0014410011461085416,0.0054557479676052385,0.006504258222773061,0
2.4419999999999527,0.0,0.0,1.0,45.0,9.230554356344289e-05,-0.0015481070660396047,1.0000006229480218,0.0006538568840391689,-0.005498606389485435,2.8601991282445557e-06,-0.0008229943838346376,0.0073585405172738065,-6.943281995276694e-06,-0.0337888740346615,0.026991103219817916,44.99998408261365,-0.006685299755041115,0.0027454509133032954,5.911952362942808,-0.000613444127789341,0.0001987972015050099,0.37391731559069574,68.66997095759103,-0.004032805737064621,-0.0015991084546095981,0.08074414551400237,5596.998081659637,5210.419075965867,5966.739709027041,5587.333443884027,0.0015508565985798085,0.005537346768266777,0.007227083327284717,0
2.4619999999999505,0.0,0.0,1.0,45.0,0.00010604347888568797,-0.0016587870875337785,1.0000006807167794,0.0007141571858619019,-0.005561038839992682,2.9090850488626414e-06,-0.000901979814159783,0.007490276407685974,-7.159668372866983e-06,-0.034659131425056215,0.02720895702523355,44.99998354086628,-0.007383136989820097,0.0030286051140000813,6.344308945475382,-0.0006396458875343738,0.0002022392108966586,0.3799754777629176,68.66997018940037,-0.003636351543948158,-0.0016619981188902657,0.07263634085521763,5577.827091193229,5230.911715537918,5948.64386775079,5606.618815270576,0.0016621733617641417,0.005606708653818314,0.007980172953133122,0
2.4819999999999482,0.0,0.0,1.0,45.0,0.00012100324128566485,-0.0017705762080354526,1.0000007392819228,0.0007758612989846617,-0.005610837771706665,2.9414455091631184e-06,-0.0009832868874516086,0.007607376936748005,-7.344718208193975e-06,-0.03547853436375314,0.02735678016630263,44.99998306020861,-0.008107442620239432,0.003321218737999401,6.783209446624376,-0.000664215476438659,0.00020451090929665062,0.3854063917034523,68.66996957950589,-0.0032575637325496275,-0.0017201721189162474,0.06491454720220394,5559.507918841556,5250.354448154612,5931.357729795696,5624.924450829309,0.0017747062966588585,0.005664227211877545,0.008761342342779723,0
2.501999999999946,0.0,0.0,1.0,45.0,0.0001372103752965856,-0.0018832256057568037,1.000000798310415,0.0008387389429443777,-0.005648352042652557,2.9570682962929423e-06,-0.0010666523795052909,0.007710136791245074,-7.497318308733428e-06,-0.036247212774110284,0.027436876753104765,44.99998264251899,-0.00885620670876772,0.003622196987538348,7.2279541242004095,-0.0006870802803146522,0.0002055967284913646,0.3902400746691939,68.66996913385613,-0.002895831372988975,-0.0017736113238000643,0.05756371160597178,5542.013129619795,5268.79664788314,5914.854552644196,5642.295356463798,0.001888217679868142,0.005710286556417434,0.00956831794171311,0
2.521999999999944,0.0,0.0,1.0,45.0,0.00015468581562335661,-0.0019964933652989784,1.0000008574662393,0.0009025596466079765,-0.005673924212631917,2.9558551337988297e-06,-0.0011518103773271865,0.007798846450461651,-7.616578305918765e-06,-0.03696526810034887,0.027451544624902558,44.99998228920495,-0.009627358275921847,0.003930402525813094,7.677876889812639,-0.0007081794069985424,0.0002054890939905365,0.39450537057686447,68.66996885729432,-0.0025505608726409754,-0.001822329510717267,0.050569313672836576,5525.315831766119,5286.285074152821,5899.108180905727,5658.7742624628645,0.0020024770147210815,0.0057452622762982205,0.010398754311614621,0
2.5419999999999416,0.0,0.0,1.0,45.0,0.00017344589690037116,-0.002110144361211303,1.0000009164126034,0.0009670939600097769,-0.005687891393006192,2.937814917726711e-06,-0.001238493754626701,0.007873793159705638,-7.701821539386948e-06,-0.03763278342179683,0.027403073277024265,44.99998200122174,-0.010418778858560433,0.004244662937279019,8.132343990659662,-0.0007274628319548024,0.0002041878315230747,0.3982299915778174,68.66996875359348,-0.0022211756557887308,-0.0018663689430562134,0.04391734782238242,5509.389683175119,5302.864048649507,5884.093047984653,5674.401767889512,0.002117260858778505,0.005769522324844389,0.011250249606940134,0
2.5619999999999394,0.0,0.0,1.0,45.0,0.00019350238613558807,-0.002223950157403669,1.0000009748140093,0.0010321145273788812,-0.005690585993827057,2.903057078924048e-06,-0.0013264354904955484,0.007935261787708923,-7.752575920321978e-06,-0.038249832439912035,0.027293741955771965,44.99998177909122,-0.011228314945218636,0.004563777883197104,8.590752738082008,-0.0007448906025445929,0.00020169959032168962,0.40144055824533875,68.6699688254934,-0.0019071158395415112,-0.0019057963834155191,0.037594306110705966,5494.208896747152,5318.575616653263,5869.784176850023,5689.216473077838,0.002232352666206288,0.005783427857119652,0.012120359939627923,0
2.5819999999999372,0.0,0.0,1.0,45.0,0.00021486253521598426,-0.002337688920446579,1.0000010323381925,0.0010973970348917002,-0.005682336376225463,2.8517850657867186e-06,-0.0014153698463663614,0.00798353557644445,-7.768564779916593e-06,-0.038816487435683535,0.027125817894298472,44.99998162292058,-0.012053789360125683,0.004886525950314955,9.052530281314342,-0.0007604320964817772,0.0001980372846659208,0.40416263841886835,68.66996907473924,-0.001607837906469881,-0.0019406995041951107,0.031587161601683934,5479.74824467253,5333.45969450776,5856.157179932546,5703.255101453989,0.002347542643604217,0.005787334021589066,0.013006612685402404,0
2.601999999999935,0.0,0.0,1.0,45.0,0.00023752915110477832,-0.002451145344948012,1.000001088657932,0.0011627210453088088,-0.005663467417642261,2.7842899433872412e-06,-0.0015050334148015224,0.008018896791587864,-7.749697687248635e-06,-0.039332826287357174,0.0269015546674734,44.999981532421536,-0.012893011663995847,0.005211671190470018,9.517132424925618,-0.0007740653303417987,0.0001932195548493676,0.4064207847481833,68.66996950212163,-0.0013228143744420146,-0.0019711836614904133,0.02588335226950297,5465.983061674016,5347.554204694556,5843.188258177513,5716.552611750461,0.002462627617984692,0.005781590712958675,0.0139065188294796,0
2.621999999999933,0.0,0.0,1.0,45.0,0.00026150068159025625,-0.0025641105893439804,1.0000011434527334,0.001227870730425872,-0.005634300997121197,2.7009441100453175e-06,-0.0015951660522870428,0.008041627281494643,-7.696061252640286e-06,-0.03979893863127316,0.02662319064796555,44.99998150692996,-0.013743787636236647,0.005537969349071364,9.984042488483768,-0.0007857763143122734,0.0001872702484737512,0.4082385709792502,68.669970107518,-0.0010515334641672416,-0.001997369000735377,0.020470765416181633,5452.88924723527,5360.895199801327,5830.854199285125,5729.142301556636,0.002577410915694713,0.0057665432931606935,0.014817584235173533,0
2.6419999999999306,0.0,0.0,1.0,45.0,0.00028677131465233203,-0.0026763822205798943,1.0000011964103859,0.0012926355111694424,-0.005595156407502247,2.6021951314359925e-06,-0.0016855117069771155,0.008052008952176682,-7.607909910916822e-06,-0.0402149312419293,0.026292947549247433,44.9999815454258,-0.01460392789987501,0.005864173780805356,10.45277020702874,-0.0007955584496699612,0.00018021792273995203,0.40963862702215803,68.66997088993486,-0.0007934987649689608,-0.002019387865065569,0.015337722588281222,5440.443266846635,5373.516976515335,5819.132375172179,5741.055903038909,0.002691702251167726,0.005742533287719735,0.015737320090075956,0
2.6619999999999284,0.0,0.0,1.0,45.0,0.0003133310896986043,-0.002787764166292273,1.000001247228401,0.0013568106141859425,-0.00554635070095988,2.4885596968072094e-06,-0.0017758191512362892,0.00805032416535771,-7.485656708521741e-06,-0.04058093270117488,0.0259130290440942,44.99998164655343,-0.01547125574726645,0.0061890410514630475,10.922850670982942,-0.0008034119657515021,0.0001720953681949084,0.410642672840283,68.66997184755131,-0.0005482288993156261,-0.002037382479705284,0.010472964977465273,5428.622152302812,5385.452180637606,5808.000738691024,5752.323671569019,0.002805317624479205,0.00570989906510922,0.016663252457474905,0
2.681999999999926,0.0,0.0,1.0,45.0,0.00034116601908880324,-0.0028980666732249037,1.0000012956153295,0.0014201975528927784,-0.005488198973934496,2.3606177012168824e-06,-0.0018658426278439517,0.008036856066273856,-7.329864101468311e-06,-0.040897097420678694,0.025485619449499945,44.999981808642566,-0.016343614221525027,0.006511336225461672,11.39384330417256,-0.0008093433934419529,0.0001629391542138428,0.4112715511986242,68.66997297776274,-0.0003152571866406101,-0.002051502887832984,0.005865639290012695,5417.403501089852,5396.7319039960785,5797.437819643328,5762.9744679165115,0.0029180792267614743,0.00566897650720606,0.017592931088826817,0
2.701999999999924,0.0,0.0,1.0,45.0,0.0003702582185170987,-0.0030071062707301478,1.0000013412919602,0.0014826045401734479,-0.0054210145971125105,2.219006459698663e-06,-0.0019553424178466393,0.008011888847472452,-7.141234777586132e-06,-0.041163609076475524,0.02501288247085788,44.99998202972944,-0.017218872505591475,0.006829837839390711,11.86533087867553,-0.0008133650724466725,0.00015278919633436304,0.41154525930806074,68.6699742772256,-9.413130697875658e-05,-0.002061905115367686,0.0015052840708270944,5406.765474901154,5407.385774034667,5787.422720127461,5773.035834589379,0.003029815352609488,0.0056200996795999535,0.01852393731580779,0
2.721999999999922,0.0,0.0,1.0,45.0,0.0004005860449574932,-0.003114705738314973,1.000001383992408,0.0015438468391932533,-0.005345109395726046,2.0644150573382816e-06,-0.0020440853372568463,0.007975707954454264,-6.920602526413385e-06,-0.041380683509463466,0.024496959999816707,44.99998230757827,-0.018094931667947133,0.007143342562724532,12.336918565253923,-0.0008154946898368944,0.00014168834542010585,0.41148297940114026,68.66997574190194,0.00011558703506344922,-0.0020687495439503634,-0.002618183532096305,5396.686797324113,5417.442036766995,5777.935109259134,5782.5340668439385,0.0031403603186803096,0.00556360151133916,0.01945389146234176,0
2.7419999999999196,0.0,0.0,1.0,45.0,0.0004321242409999875,-0.0032206940762926047,1.0000014234650862,0.0016037470581800619,-0.005260793785070426,1.8975788432255541e-06,-0.0021318451690917756,0.00792860023860655,-6.6689231661992494e-06,-0.04154857114116731,0.023939970961494153,44.999982639703305,-0.01896972981117849,0.007450669547683221,12.808233018168027,-0.0008157548475629913,0.00012968199851008896,0.4111031082738949,68.66997736710445,0.000314322445497653,-0.0020721994730886323,-0.006514480576369929,5387.146750740567,5426.927633707057,5768.955217305605,5791.494278829888,0.00324955438775518,0.005499814494731825,0.020380459358480287,0
2.7619999999999174,0.0,0.0,1.0,45.0,0.00046484408451575774,-0.0033249064786946506,1.0000014594735738,0.0016621353944475475,-0.00516837686577954,1.7192740720354373e-06,-0.002218403036613636,0.00787085406249003,-6.387265551465883e-06,-0.04166755894988761,0.02334401020775118,44.99998302339066,-0.019841246666901884,0.00775066447106483,13.278921493208614,-0.0008141726568216082,0.00011681773110420303,0.4104232858271042,68.66997914754143,0.0005024861748145,-0.002072419853992134,-0.010192970720301358,5378.125172485266,5435.86827332211,5760.463829273935,5799.9404652879575,0.0033572436975945114,0.005429071417112117,0.021301358325024257,0
2.781999999999915,0.0,0.0,1.0,45.0,0.0004987135426894418,-0.003427184307685602,1.0000014917973767,0.001718849832429417,-0.00506816648305742,1.5303127007604288e-06,-0.002303547723066118,0.007802759362174599,-6.076802679266608e-06,-0.041737972048492465,0.02271114745405098,44.999983455720674,-0.02070750767797077,0.008042203271705337,13.748650997821454,-0.0008107793573385401,0.0001031449505466603,0.4094604226393805,68.66998107736126,0.0006804764500462977,-0.002069576179067894,-0.013662676217205625,5369.602450307402,5444.28849749459,5752.442277993844,5807.895559174941,0.0034632801939732953,0.005351706138072812,0.022214362579989985,0
2.801999999999913,0.0,0.0,1.0,45.0,0.0005336974295468959,-0.003527375068801962,1.0000015202325854,0.001773736300036135,-0.004960469253740155,1.3315373440197401e-06,-0.0023870759426928736,0.007724607670967911,-5.738802901860826e-06,-0.041760174901559116,0.02204342625807936,44.99998393359017,-0.02156658760640493,0.008324195588027931,14.217107472234435,-0.0008056099597909632,8.871457009312468e-05,0.40823072660343906,68.66998315019704,0.000848678804582679,-0.0020638335123754317,-0.016932289521394236,5361.559517180553,5452.211743428572,5744.872436735463,5815.381485553185,0.0035675215673374315,0.005268054427619269,0.023117308011831376,0
2.821999999999911,0.0,0.0,1.0,45.0,0.0005697575661884239,-0.0036253323864123563,1.0000015445924337,0.0018266487872351876,-0.004845590564756374,1.1238163940850873e-06,-0.0024687925673673996,0.007636692108549053,-5.3746212727436384e-06,-0.04173457221631703,0.021342863038817363,44.99998445373457,-0.02241661370310568,0.008595587900909038,14.683995000533349,-0.0007987029097410541,7.357870318078577e-05,0.40674972865593334,68.6699853592104,0.001007466405315384,-0.002055355647563184,-0.020010184517930664,5353.977845506572,5459.660401391095,5737.736711401739,5822.419212048345,0.0036698311925707225,0.0051784548830830866,0.024008096496445173,0
2.8419999999999086,0.0,0.0,1.0,45.0,0.0006068529430113799,-0.003720915978863135,1.0000015647077631,0.0018774494303868234,-0.0047238345462672065,9.080393098101981e-07,-0.0025485108127531802,0.007539307339206815,-4.985691035196965e-06,-0.04166160953885707,0.020611446135161245,44.99998501275031,-0.023255768473147146,0.008855366387810369,15.14903505066603,-0.0007900997715912069,5.7790377370209524e-05,0.40503230763028375,68.66998769713473,0.0011572003767126445,-0.00204430438094222,-0.02290442738787403,5346.839440758717,5466.655868638955,5731.018032334638,5829.028796149578,0.003770078071407933,0.005083249945527241,0.024884699647217793,0
2.8619999999999064,0.0,0.0,1.0,45.0,0.0006449398832729698,-0.00381399163283663,1.0000015804273932,0.0019260085655353387,-0.004595504022497629,6.851120781365606e-07,-0.0026260523875443575,0.007432749502588737,-4.573515271305576e-06,-0.04154177358433715,0.019851134903494657,44.99998560711651,-0.02408229206826171,0.009102559494793347,15.611965742388282,-0.0007798449311921999,4.140326738517076e-05,0.4030927142610056,68.66999015631801,0.0012982301214483141,-0.0020308388883947914,-0.02562278712039442,5340.126834608838,5473.2185998464665,5724.699845773424,5835.229429600249,0.0038681367770717102,0.004982787039868947,0.025745162179892134,0
2.881999999999904,0.0,0.0,1.0,45.0,0.0006839722074047551,-0.0039044311765066516,1.000001591618404,0.0019722047535577383,-0.004460900443020575,4.5595285192875566e-07,-0.0027012476090061193,0.007317316120093202,-4.139658723636345e-06,-0.04137559232741719,0.019063858853855087,44.9999862332168,-0.024894484336068765,0.00933624023364419,16.072541142196666,-0.0007679853158579918,2.447144663781973e-05,0.40094459436714747,68.66999272876454,0.0014308936372411907,-0.0020151151957735693,-0.02817274568279445,5333.823077582802,5479.368154318546,5718.766105002227,5841.039480103752,0.003963887400750479,0.004877419867141838,0.026587604755268116,0
2.901999999999902,0.0,0.0,1.0,45.0,0.0007239013975453839,-0.0039921124511284765,1.0000015981663328,0.002015924779802839,-0.004320323797021757,2.2148776693115658e-07,-0.0027739354877357922,0.007193305979781293,-3.6857398033757826e-06,-0.04116363487686821,0.018251516824511673,44.9999868873607,-0.025690706553624373,0.009555528211887284,16.530530584324595,-0.0007545701306371882,7.049156604223312e-06,0.39860101124158226,68.66999540617587,0.001555517829582589,-0.0019972857333362733,-0.03056150785914632,5327.911731287384,5485.123240245954,5713.201261223059,5846.476530548321,0.004057215499570955,0.00476750988231723,0.027410226488717764,0
2.9219999999999,0.0,0.0,1.0,45.0,0.00076467676180805,-0.0040769192807487,1.0000015999752914,0.0020570636306123584,-0.004174072512857226,-1.7353060158964502e-08,-0.0028439637842980273,0.007061019002448253,-3.2134227996797344e-06,-0.04090651115621725,0.017415976194898694,44.99998756580432,-0.026469382870994543,0.009759591403952706,16.98571801690807,-0.0007396506097948107,-1.0809406606730539e-05,0.3960744672720545,68.66999817999083,0.001672418820061358,-0.0019774989655737345,-0.032796010767934064,5322.3768602508135,5490.501756235055,5707.990254189105,5851.557415936089,0.004148012045752842,0.004653427997001723,0.028211307086075204,0
2.9419999999998976,0.0,0.0,1.0,45.0,0.000806245597844566,-0.004158741439764365,1.0000015969679998,0.002095524448897986,-0.004022443345015436,-2.5963935040879275e-07,-0.002911189040146529,0.0069207560912744465,-2.7244102914500166e-06,-0.04060487141038659,0.016559072136935634,44.99998826477092,-0.027229001488776564,0.009947647672189964,17.437901372456814,-0.0007232797825385323,-2.9050289162750773e-05,0.3933769248190701,68.67000104142446,0.0017819022500189402,-0.0019558990885408605,-0.03488293306877268,5317.203023417921,5495.520830322552,5703.118502631831,5856.298258184982,0.0042361733766648315,0.0045355565531917654,0.028989208493851535,0
2.9619999999998954,0.0,0.0,1.0,45.0,0.0008485533553092444,-0.004237474618100949,1.0000015890857528,0.0021312184707525626,-0.0038657312504110945,-5.044442964541468e-07,-0.0029754765850280853,0.006772818967272741,-2.2204357856229737e-06,-0.04025940555655212,0.01568260690482127,44.99998898047058,-0.027968115591805596,0.010118966046784899,17.886891961794504,-0.0007055122521109394,-4.761996057240549e-05,0.3905198263749254,68.67000398150587,0.0018842635792968813,-0.0019326257874933493,-0.03682870386797899,5312.375265339449,5500.196856666314,5698.571894513991,5860.714498957186,0.004321601145530426,0.004414291622100409,0.0297423764319777,0
2.981999999999893,0.0,0.0,1.0,45.0,0.0008915437968633576,-0.004313020383815432,1.00000157628831,0.0021640649448973095,-0.00370422925576761,-7.508480118311682e-07,-0.003036700522869979,0.00661750999256158,-1.7032565798081361e-06,-0.03987084239586648,0.014788349163417936,44.99998970911936,-0.0286853440596906,0.010272867773940004,18.332513890659367,-0.000686403987435375,-6.646547958992618e-05,0.387514114027407,68.67000699111493,0.0019797883798630764,-0.0019078140482671074,-0.03863951133247047,5307.879107093627,5504.545530085915,5694.336777139171,5864.820930654488,0.004404202272559445,0.004290045690757942,0.030469341436137748,0
3.001999999999891,0.0,0.0,1.0,45.0,0.0009351591573952272,-0.0043852861429640715,1.0000015585537219,0.0021939910366082036,-0.0035382283176883323,-9.979407946949975e-07,-0.003094743697976562,0.006455131983320266,-1.174646858533893e-06,-0.03943994870125586,0.01387803335535298,44.99999044695771,-0.029379371973313948,0.010408727141922655,18.774603498182813,-0.0006660121265725425,-8.553464564206509e-05,0.38437024825095023,68.67001006101773,0.002068752624128411,-0.0018815940164239157,-0.04032131102118292,5303.70053697656,5508.5818786110185,5690.399947146988,5868.631725708756,0.004483888896306705,0.004163250808286065,0.03116871971736058,0
3.0219999999998888,0.0,0.0,1.0,45.0,0.000979340301162248,-0.004454185096604914,1.000001535878093,0.0022209317176216693,-0.003368017176872664,-1.2448262063223777e-06,-0.003149497643203187,0.006285988014123949,-6.363910425469096e-07,-0.03896752819519074,0.01295335910695814,44.99999119026805,-0.030048950935009765,0.010525972094775423,19.213008816489562,-0.000644394791305127,-0.00010477613645500826,0.3810982260473237,68.67001318190098,0.002151422967791404,-0.001854090898726226,-0.04187983394291961,5299.826000996303,5512.32029418173,5686.748640421515,5872.160464285009,0.004560578325083278,0.0040343622727315315,0.031839213723464405,0
3.0419999999998866,0.0,0.0,1.0,45.0,0.0010240268765897185,-0.004519636194832697,1.0000015082752818,0.00224482964339103,-0.0031938822078007444,-1.4906239648921102e-06,-0.003200862511634049,0.006110381215209566,-9.027737265256761e-08,-0.038454420430142536,0.012015990673148578,44.99999193539163,-0.030692899218798253,0.010624084643617693,19.64758905068726,-0.0006216109122211379,-0.00012413963255356346,0.37770759845721164,68.67001634440487,0.00222805702707056,-0.0018254249019974363,-0.04332059434927229,5296.242393203896,5515.774561632517,5683.370521938965,5875.4201605046865,0.004634192988268206,0.003903862946763508,0.032479612474571616,0
3.0619999999998844,0.0,0.0,1.0,45.0,0.0010691574684874904,-0.004581564087768932,1.0000014757765507,0.0022656350189492196,-0.0030161072650889266,-1.7344726568848424e-06,-0.003248746993163013,0.005928614564089576,4.619082374316267e-07,-0.037901499583355966,0.011067556421314547,44.999992678744455,-0.031310101765794525,0.010702601085552436,20.078214078537766,-0.0005977200637174571,-0.00014357592929482214,0.3742074874633881,68.67001953915486,0.002298903650206981,-0.0017957112048797882,-0.04464889727099528,5292.937045892796,5518.957886080017,5680.253675579117,5878.423287287955,0.004704660387389611,0.0037722682940117915,0.03308879162129503,0
3.081999999999882,0.0,0.0,1.0,45.0,0.0011146697474693822,-0.004639899073452766,1.000001438430159,0.0022833054545287764,-0.0028349735276068074,-1.9755322660398333e-06,-0.0032930682172619893,0.005740990672807008,1.0183881004884321e-06,-0.037309673176585005,0.010109648354262526,44.99999341683226,-0.031899510038733744,0.010761112040229455,20.50476396912617,-0.0005727823083884205,-0.00016303703708697148,0.3706066023055212,68.67002275679206,0.002364203183141727,-0.0017650599584182049,-0.04586984580595413,5289.89771969653,5521.882918824873,5677.3865939234,5881.181799905806,0.0047719130468641836,0.0036401322233732087,0.03366571343917039,0
3.10199999999988,0.0,0.0,1.0,45.0,0.0011605006163822754,-0.004694577042598881,1.0000013963009078,0.002297805811995948,-0.002650759341344455,-2.212986522007805e-06,-0.0033337516431181857,0.005547811572012076,1.577398387788684e-06,-0.03667988073054559,0.009143821672200828,44.999994146264605,-0.03246014174844631,0.010799262314110181,20.927128519864883,-0.0005468580503072678,-0.00018247627042738913,0.36691325522601087,68.67002598800246,0.0024241877292919462,-0.0017335763117843326,-0.04698834816652594,5287.112593612576,5524.561781868595,5674.758168061063,5883.707158325542,0.004835888464302741,0.003508053809831969,0.034209426430395234,0
3.1219999999998778,0.0,0.0,1.0,45.0,0.0012065863535720056,-0.004745539420207436,1.000001349469643,0.0023091080430710366,-0.002463740061924642,-2.4460450716244133e-06,-0.00337073093822909,0.005349378492936621,2.1371944947148045e-06,-0.03601309236302765,0.008171594373717374,44.99999486376793,-0.03299108046408811,0.010816750602432625,21.345206811193375,-0.0005200078967425017,-0.00020184832638415722,0.36313537666564916,68.6700292235445,0.0024790814033697245,-0.0017013604598030984,-0.04800912449408693,5284.570254978791,5527.00609113807,5672.357677423323,5886.010348426601,0.004896529060307641,0.0033766849172589797,0.03471906494716874,0
3.1419999999998756,0.0,0.0,1.0,45.0,0.0012528627528317399,-0.004792733104027969,1.0000012980327122,0.0023171910202304767,-0.0022741878975691817,-2.6739454740775572e-06,-0.0034039478464605224,0.005145991648247255,2.696056140290256e-06,-0.035310307338868946,0.0071944468956482025,44.99999556619763,-0.033491475117964194,0.010813329038789319,21.758906778354007,-0.000492292527888052,-0.00022110935312347514,0.3592805299272918,68.67003245427561,0.0025291005792049313,-0.0016685077092684776,-0.04893671344798569,5282.2596894269045,5529.226978502964,5670.174779663952,5888.1019021576985,0.004953782127704812,0.0032467386663652636,0.03519384856649978,0
3.1619999999998734,0.0,0.0,1.0,45.0,0.0012992652598956744,-0.004836110399894527,1.0000012421013895,0.0023220403611170564,-0.002082371753249494,-2.895955025387903e-06,-0.003433352046497927,0.004937950012670465,3.252292198918602e-06,-0.03457255257932161,0.006213821791683727,44.99999625054921,-0.0339605394148919,0.010788802602116116,22.168144799646146,-0.00046377257421144433,-0.00024021700906817417,0.35535592532515503,68.67003567117732,0.002574454131550701,-0.0016351085613312546,-0.04977547857617896,5280.170270836099,5531.2351126643225,5668.199500603327,5889.991916700915,0.0050075997801697,0.0031189985482432516,0.03563308133400587,0
3.181999999999871,0.0,0.0,1.0,45.0,0.001345729105356722,-0.004875628953963018,1.000001181801259,0.002323648247222565,-0.0018885570766794533,-3.111372412141894e-06,-0.00345890100155372,0.004725551104202411,3.8042452627805417e-06,-0.033800881137731435,0.0052311234495055455,44.999996913968126,-0.0343975511552093,0.010743028390740645,22.57284530057956,-0.00043450850105750566,-0.0002591305132585315,0.35136843383678906,68.67003886537897,0.002615343671865175,-0.001601248807509039,-0.05052961447448405,5278.291751307787,5533.040718986625,5666.422224251544,5891.690072703261,0.005057938900222197,0.0029943277524905033,0.03603615088823767,0
3.201999999999869,0.0,0.0,1.0,45.0,0.0013921894339015079,-0.004911251681894297,1.0000011172715724,0.002322013237550574,-0.001693005706742154,-3.319529199449596e-06,-0.0034805598011324245,0.004509090766642285,4.350295932215556e-06,-0.03299637064789212,0.00424771784619376,44.999997553758945,-0.0348018514797682,0.010675914772962775,22.972940373367663,-0.00040456050016477303,-0.00027781068746154155,0.34732460027423623,68.67004202818023,0.0026519637780789375,-0.0015670096371184783,-0.0512031527411834,5276.614251181326,5534.653598339804,5664.8336829249665,5893.205651631861,0.005104761086581069,0.0028736779251850243,0.036402527504894686,0
3.2219999999998667,0.0,0.0,1.0,45.0,0.0014385814297695847,-0.004942946695037547,1.0000010486645756,0.0023171400779162066,-0.001495975724881434,-3.5197911566039517e-06,-0.003498300995600414,0.004288862954119951,4.888866839898465e-06,-0.03216012175092902,0.0032649323415900396,44.99999816739324,-0.03517284404453019,0.010587420423441886,23.368369411219913,-0.00037398838777749594,-0.00029621999055862933,0.34323065599035757,68.67004515107212,0.0026845022183697043,-0.0015324677541548926,-0.051799967733519046,5275.128249108697,5536.08314501278,5663.424947469144,5894.547552304727,0.005148032600883361,0.0027580960641445836,0.03673176302712644,0
3.2419999999998645,0.0,0.0,1.0,45.0,0.001484840438356396,-0.004970687223678606,1.0000009761448116,0.0023090395064935126,-0.0012977213099329764,-3.7115594233582014e-06,-0.0035121044242574775,0.0040651595182260095,5.418426404463341e-06,-0.03129325650610275,0.0022840555092481004,44.999998752516454,-0.03550999413172465,0.010477553254445354,23.759078756910355,-0.0003428515090532554,-0.00031432254572136037,0.3390925311357977,68.67004822575696,0.0027131401689779898,-0.0014976955018509675,-0.05232378213240335,5273.824572204737,5537.338363755292,5662.187417599978,5895.7243066452975,0.0051877243137891235,0.002648727584421493,0.037023489729344244,0
3.2619999999998623,0.0,0.0,1.0,45.0,0.0015309020838912585,-0.004994451537426729,1.000000899888403,0.0022977280561791136,-0.001098492596818593,-3.89427152184484e-06,-0.0035219570375625174,0.003838269998294827,5.937492316156433e-06,-0.030396916790500432,0.001306337004550931,44.99999930695382,-0.03581282770391676,0.010346369250773842,24.145021365116907,-0.00031120864848901,-0.0003320841608615096,0.3349158664815675,68.67005124416677,0.0027380524261110028,-0.0014627609933357524,-0.05277817232148352,5272.694386288062,5538.427886000635,5661.112812373656,5896.744094705515,0.005223811650506357,0.0025468127867530016,0.03727741905141258,0
3.28199999999986,0.0,0.0,1.0,45.0,0.0015767023831325892,-0.005014222862821312,1.000000820082312,0.002283227854302819,-0.0008985355394797478,-4.067402217764131e-06,-0.003527852714125082,0.0036084814153376854,6.444634765066403e-06,-0.02947226269219367,0.0003329874695212743,44.99999982871522,-0.03608093040677287,0.010193971216925583,24.526156478042775,-0.00027911794610067746,-0.0003494723428290867,0.3307060248217419,68.67005419848064,0.0027594076119889935,-0.001427728246985126,-0.0531665735865036,5271.729186226345,5539.359985317984,5660.1931607949355,5897.614758999018,0.005256274535785868,0.0024536731840514576,0.03749334039686996,0
3.301999999999858,0.0,0.0,1.0,45.0,0.0016221778550328217,-0.00502998929824704,1.0000007369235906,0.0022655664201809136,-0.0006980917783829959,-4.230464234977212e-06,-0.003529792073037475,0.0033760780700742062,6.9384793964414185e-06,-0.02852047090108731,-0.0006348215261978544,45.000000315999024,-0.03631394652579477,0.010020507444793457,24.90244931384775,-0.0002466368191076681,-0.00036645630580232105,0.3264681019703078,68.67005708114058,0.002777368375100289,-0.0013926573252133244,-0.0534922851407248,5270.920786398475,5540.142592139489,5659.420792572151,5898.343818183135,0.0052850973384503536,0.00237068370562691,0.037671119813474735,0
3.3219999999998557,0.0,0.0,1.0,45.0,0.0016672656263350253,-0.005041743726252211,1.0000006506186114,0.0022447764609763764,-0.0004973985128898631,-4.383008827634192e-06,-0.003527782282088549,0.0031413413454647503,7.41771001815703e-06,-0.027542733101356406,-0.001595957508764622,45.00000076719499,-0.03651157790182179,0.00982617030991219,25.273870767432967,-0.0002138218888902985,-0.0003830069743018379,0.32220693736574635,68.67005988486645,0.002792091584737938,-0.001357604475597487,-0.05375847498198819,5270.261311284592,5540.783307804089,5658.788329026404,5898.9384801257265,0.0053102688155371594,0.002299227229123963,0.037810698626081614,0
3.3419999999998535,0.0,0.0,1.0,45.0,0.0017119035330721924,-0.005049483723370385,1.000000561382296,0.002220895666300936,-0.00029668837874659857,-4.524626214621357e-06,-0.0035218368623696683,0.002904549514104471,7.881071040287198e-06,-0.02654025436906897,-0.002549327088580809,45.00000118088617,-0.03667358280966829,0.009611194803986934,25.640397123137653,-0.00018072891299507088,-0.0003990969812347873,0.31792712429649866,68.67006260266926,0.0028037285198990567,-0.001322622273356496,-0.0539681845868268,5269.7431861940395,5541.289417956929,5658.288674161367,5899.405654390406,0.005331782056149481,0.0022406298281777703,0.03791209211974507,0
3.3619999999998513,0.0,0.0,1.0,45.0,0.0017560302179485687,-0.0050532114675502365,1.000000469437329,0.002193966501967493,-9.618933091515321e-05,-4.654945881202984e-06,-0.0035119754897552664,0.0026659775508007895,8.327369672750829e-06,-0.025514251578315012,-0.003493875914419166,45.000001555849934,-0.036799774803870054,0.009375857011140713,26.002009778921845,-0.00014741272198008903,-0.0004147006613626956,0.31363301976004027,68.67006522786367,0.0028124250526346843,-0.0012877597643228536,-0.05412433344686892,5269.359128139992,5541.667905340684,5657.9150058993655,5899.751964171527,0.005349634425126741,0.002196079021269166,0.037975388190130764,0
3.381999999999849,0.0,0.0,1.0,45.0,0.0017995852235902904,-0.005052933643302584,1.0000003750133717,0.0021640360032764987,0.00010387546806490075,-4.7736367522026965e-06,-0.003498223793714553,0.0024258969506199108,8.755477870730711e-06,-0.024465951818906723,-0.004428588593941826,45.000001891058,-0.036890021535156026,0.009120472535020675,26.358694981622627,-0.00011392716089742612,-0.0004297940405604603,0.30932875396788323,68.6700677540791,0.0028183218259429862,-0.0012530626076539399,-0.05422972345261089,5269.102136868474,5541.925462012471,5657.660767488403,5899.983757708139,0.005363827506661513,0.002166532880883756,0.038000745999769006,0
3.401999999999847,0.0,0.0,1.0,45.0,0.0018425090816600194,-0.005048661344677024,1.000000278346273,0.002131155568197357,0.00030328775402285887,-4.880407241454393e-06,-0.0034806131538871565,0.002184575552654581,9.164334034921042e-06,-0.0233965908284781,-0.0053524885813560795,45.00000218567569,-0.036944243540933494,0.008845394883603811,26.710443572886074,-8.032503522381604e-05,-0.00044435482122008027,0.30501823950842505,68.67007017526956,0.0028215544263044275,-0.0012185732176259877,-0.054287043129475444,5268.965486048522,5542.068501017762,5657.5196590841415,5900.107119204256,0.005374367048007822,0.0021526335814470773,0.037988394682706976,0
3.4219999999998447,0.0,0.0,1.0,45.0,0.0018847433978372407,-0.00504040997618351,1.0000001796772784,0.0020953807507846675,0.0005018342612782248,-4.975005182168817e-06,-0.0034591804948335145,0.00194227736973402,9.552944477781738e-06,-0.02230741144159251,-0.006264638032991757,45.00000243906036,-0.03696241301278373,0.008551013818239963,27.057250745389712,-4.6658061055515406e-05,-0.0004583623641332282,0.30070518017918263,68.67007248572276,0.002822253550961472,-0.0011843309039404801,-0.054298871730927706,5268.942714629227,5542.10316755066,5657.485629510062,5900.12787928104,0.00538126290344425,0.0021546421668639415,0.03793863205943088,0
3.4419999999998425,0.0,0.0,1.0,45.0,0.0019262309326724823,-0.005028199151776612,1.0000000792522463,0.002056771055149461,0.0006993068168281772,-5.057217643775293e-06,-0.003433968079350242,0.0016992624242681653,9.920384649540108e-06,-0.02119966205826285,-0.007164137631618836,45.000002650758994,-0.03694455254369695,0.008237753673168022,27.399115808983932,-1.29768193944824e-05,-0.00047179766716819486,0.2963930794995746,68.67007468006763,0.0028205451700498117,-0.0011503720100536322,-0.05426768319326005,5269.027618368548,5542.035349627837,5657.552868198351,5900.051624984807,0.005384528978675132,0.0021724094394964507,0.03785182345522151,0
3.4619999999998403,0.0,0.0,1.0,45.0,0.0019669156783298967,-0.005012052592022134,0.9999999773208642,0.0020153897302871314,0.0008955024285156736,-5.126870639793048e-06,-0.0034050233007216105,0.0014557865903912172,1.0265800141306372e-05,-0.020074595134097827,-0.00805012638035669,45.00000282050502,-0.03689073385753634,0.007906071651441072,27.736041966393003,2.0669285643322677e-05,-0.00048464334104102397,0.2920852489150569,68.67007675328111,0.0028165506836890946,-0.001116730049109822,-0.054195849956521554,5269.214241537963,5541.870688301721,5657.715797313415,5899.8837093733155,0.005384183175874507,0.002205390362096212,0.03772840051108971,0
3.481999999999838,0.0,0.0,1.0,45.0,0.0020067429312384992,-0.004991998019567178,0.9999998741358739,0.0019713035660465475,0.00109022336711394,-5.183828731254243e-06,-0.0033723984742604213,0.0012121014425445602,1.058840746531461e-05,-0.0189334656941113,-0.008921781367055783,45.00000294821449,-0.0368010765230054,0.007556456102897387,28.068036098128715,5.4232064855517555e-05,-0.000496883582463614,0.2877848157030666,68.67007870069372,0.002810387074147,-0.0010834358371239487,-0.05408564665592488,5269.496868806258,5541.614587436865,5657.969064059422,5899.629260701348,0.00538024733960067,0.0022526987396874454,0.03756886016289474,0
3.501999999999836,0.0,0.0,1.0,45.0,0.002045659360677862,-0.0049680670530358835,0.9999997699523073,0.0019245826905083553,0.001283277242283022,-5.227994531194164e-06,-0.003336150628474361,0.0009684541106156264,1.0887494612861996e-05,-0.017777529872063578,-0.009778317500058673,45.00000303398151,-0.03667574665420035,0.007189424789519241,28.39510855628115,8.766457837359848e-05,-0.0005085041449341036,0.2834947305908898,68.67008051799411,0.0028021670531886847,-0.0010505176231180577,-0.05393925368792745,5269.870017304982,5541.272223071791,5658.307533172585,5899.293191225379,0.005372747203834511,0.0023131896474549414,0.03737376371442108,0
3.5219999999998337,0.0,0.0,1.0,45.0,0.002083613073329247,-0.0049402950994736974,0.9999996650267311,0.0018753003690252276,0.001474477072372306,-5.259308115340016e-06,-0.0032963412961782906,0.0007250871417274984,1.1162421407564554e-05,-0.016608043477049153,-0.01061898721627238,45.000003078073235,-0.036514955599655716,0.006805523143231315,28.717272966862712,0.00012092116662229909,-0.0005194923074222197,0.279217775095244,68.67008220123263,0.0027919992047282173,-0.0010180012159652255,-0.05375876065505136,5270.328428877524,5540.84855238738,5658.7262795985625,5898.880205645816,0.0053617123404225515,0.0023855527182059114,0.037143735967023465,0
3.5419999999998315,0.0,0.0,1.0,45.0,0.0021205536738280665,-0.0049087212454633836,0.9999995596165039,0.0018235328051620114,0.0016636413480599006,-5.277746343928721e-06,-0.00325303630585733,0.00048223836875378213,1.1412619653937665e-05,-0.015426260588896868,-0.011443080162503519,45.00000308092396,-0.03631895862163991,0.006405322520903837,29.034546040392605,0.00015395747796209013,-0.0005298368411844412,0.27495656859304446,68.67008374682398,0.0027799881228978123,-0.000985910107745006,-0.053546169693383466,5270.867062513113,5540.348322301347,5659.22058135478,5898.394809204337,0.005347176109236251,0.002468400753743822,0.036879464563300546,0
3.5619999999998293,0.0,0.0,1.0,45.0,0.002156432321358149,-0.004873388147035993,0.9999994539790497,0.0017693589437598172,0.0018505940898355118,-5.283322099187754e-06,-0.0032063055735713376,0.00024014078561421064,1.1637593085917497e-05,-0.014233432183811541,-0.012249922851027491,45.00000304312899,-0.03608805356731855,0.005989418461045115,29.346947390419334,0.00018673049315333744,-0.0005395279749320923,0.2707135751325199,68.67008515154882,0.002766234545651477,-0.0009542655934520026,-0.05330339868656472,5271.481086966472,5539.776077707306,5659.785912577137,5897.8413154526415,0.005329175610393026,0.0025603432329844734,0.03658169951169023,0
3.581999999999827,0.0,0.0,1.0,45.0,0.0021912017823326304,-0.004834341918499713,0.9999993483711466,0.001712860276334651,0.0020351648993477563,-5.276083444364543e-06,-0.0031562228956772483,-9.775706110450554e-07,1.183691712523527e-05,-0.013030804791554928,-0.013038878290376737,45.00000296543796,-0.035822579533284535,0.005558428946396515,29.654499359689467,0.00021919854677371074,-0.0005485573585575824,0.26649110999354314,68.67008641255451,0.002750835484020954,-0.0009230868869399346,-0.053032284369968256,5272.165873563375,5539.136169375715,5660.417936750139,5897.223853708123,0.005307751638922204,0.0026600402874465815,0.03625125283885587,0
3.601999999999825,0.0,0.0,1.0,45.0,0.0022248164792103577,-0.004791632020308945,0.9999992430482334,0.0016541206490085034,0.0022171890046504897,-5.2561127085384795e-06,-0.0031028657426324818,-0.0002408937307269844,1.2010238456436414e-05,-0.01181961918534079,-0.013809345592346924,45.00000284874747,-0.03552291552484633,0.005112992676373735,29.957226853680403,0.00025132134571969754,-0.0005569180256172945,0.2622913460057538,68.67008752735497,0.0027338843471404754,-0.0008923912330136223,-0.05273458532864207,5272.916989191849,5538.4327615329785,5661.112500119174,5896.546376211014,0.0052829486423011844,0.002766237486287131,0.03588899856777966,0
3.6219999999998227,0.0,0.0,1.0,45.0,0.002257232535500516,-0.004745311146095145,0.999999138263734,0.001593226073158321,0.002396507299394836,-5.223525502438833e-06,-0.003046315054129623,-0.00047938989762320514,1.2157274426660201e-05,-0.010601109105502283,-0.014560759556229354,45.00000269409373,-0.035189479111372046,0.004653767353038859,30.25515718122506,0.0002830599849159655,-0.0005646043547500029,0.2581163196327721,68.67008849382957,0.002715471063156452,-0.0008621940156121747,-0.05241198489247948,5273.730189478399,5537.669839133984,5661.865625283358,5895.812664996699,0.005254814681334281,0.002877784537011569,0.035495872826224024,0
3.6419999999998205,0.0,0.0,1.0,45.0,0.002288407817011768,-0.00469543510897988,0.9999990342684034,0.0015302645389565818,0.002572966376025057,-5.178469670741724e-06,-0.0029866550358001805,-0.0007162535436352692,1.227781227483914e-05,-0.009376500017879456,-0.015292590231285078,45.00000250264459,-0.03482272507890477,0.004181427984035617,30.548319901965584,0.0003143769603522066,-0.0005716120302032225,0.25396793683052943,68.67008931022148,0.0026956821961390686,-0.0008325088620509488,-0.052066093931979654,5274.601412148165,5536.85121484254,5662.673504967058,5895.02633849619,0.0052234013948995895,0.0029936419872609427,0.03507287441618048,0
3.6619999999998183,0.0,0.0,1.0,45.0,0.002318301969405533,-0.004642062727289302,0.9999989313096959,0.0014653258319655374,0.002746418553046829,-5.121124184501542e-06,-0.0029239729577128976,-0.00095127750108938,1.2371708196135841e-05,-0.00814700790776973,-0.016004342458480585,45.00000227569123,-0.03442314408119361,0.003696665205675222,30.836746680381818,0.0003452361795659026,-0.0005779380016239778,0.2498479786874833,68.67008997513486,0.0026746010591099734,-0.0008033477433151529,-0.05169845355784262,5275.526770567644,5535.980535733211,5663.532495967972,5894.190857876961,0.005188763969148831,0.0031128798383905287,0.03462106555593981,0
3.681999999999816,0.0,0.0,1.0,45.0,0.0023468764521161626,-0.004585255709787725,0.9999988296311547,0.0013985013529362637,0.0029167218964460625,-5.0516979804932495e-06,-0.0028583589548805454,-0.0011842600460641884,1.2438886255932905e-05,-0.006913838110184422,-0.01669555539250791,45.00000201463994,-0.03399126129022017,0.003200183629123994,31.12047114614944,0.00037560296968298175,-0.000583580443263288,0.24575810685422553,68.6700904875314,0.0026523078232994555,-0.0007747210704142832,-0.051310537727548226,5276.502547468265,5535.061289727384,5664.439113279467,5893.309533135731,0.005150961111812194,0.003234671262280753,0.0341415731635518,0
3.701999999999814,0.0,0.0,1.0,45.0,0.0023740945687036772,-0.00452507854054637,0.9999987294718264,0.0013298839409527662,0.003083740235345122,-4.970428750791781e-06,-0.0027899058299774406,-0.0014150049754147612,1.2479337155469498e-05,-0.00567818417706041,-0.017365802005110613,45.00000172100323,-0.03352763504724719,0.002692700212414836,31.399528760591323,0.000405444083127058,-0.0005885387127298509,0.24169986876975103,68.67009084672637,0.0026288796237455172,-0.0007466377868271598,-0.05090375576196921,5277.525188848787,5534.096811775646,5665.39002438459,5892.385528954112,0.005110055032336091,0.003358283764164728,0.03363559045418469,0
3.7219999999998117,0.0,0.0,1.0,45.0,0.0023999214937073994,-0.004461598363561494,0.9999986310656984,0.0012595677000511256,0.003247343171991288,-4.8775816876874975e-06,-0.002718708858458964,-0.0016433216771144267,1.2493116858584785e-05,-0.0044412267819863025,-0.018014688570735647,45.0000013963911,-0.03303285551536841,0.0021749426607847564,31.673956688992998,0.0004347277011015659,-0.0005928133094219366,0.2376747026914133,68.67009105238357,0.002604390661346751,-0.0007191054570795146,-0.05047945477496785,5278.59129805435,5533.090289797823,5666.382043719075,5891.421870327474,0.0050661114286674035,0.003483069373195665,0.03310437913998714,0
3.7419999999998095,0.0,0.0,1.0,45.0,0.0024243242960713166,-0.004394884867234147,0.9999985346411642,0.0011876478294333018,0.003407406086179587,-4.773448188925102e-06,-0.0026448655962630742,-0.0018690251939800276,1.248034508577636e-05,-0.0032041326629155737,-0.018641854135525097,45.000001042502134,-0.03250754333449676,0.0016476478576284593,31.943793678562095,0.000463423434950663,-0.0005964058327518288,0.23368394253536454,68.67009110450985,0.002578912301475065,-0.0006921303515123715,-0.05003892201883461,5279.697630029618,5532.0447703914915,5667.412127300515,5890.421447976812,0.00501919948159484,0.00360845484781214,0.03254927213414225,0
3.7619999999998073,0.0,0.0,1.0,45.0,0.002447271959214313,-0.004325010168821676,0.9999984404205131,0.001114220457385763,0.003563810134218656,-4.658344527788267e-06,-0.002568475690263713,-0.0020919362808549656,1.2441203686144914e-05,-0.0019680536032607447,-0.01924696997065658,45.00000066111445,-0.03195234827969473,0.0011115603281544118,32.20907994181823,0.0004915023254959297,-0.0005993189402763828,0.22972882253405216,68.67009100344895,0.002552513169259166,-0.0006657175273055831,-0.04958338714833758,5280.841085743482,5530.96316431911,5668.477367520657,5889.387023552932,0.004969391857667872,0.003733932457957732,0.03197167694637077,0
3.781999999999805,0.0,0.0,1.0,45.0,0.002468735397820457,-0.004252048698968884,0.9999983486194489,0.0010393824790031463,0.0037164422425541694,-4.532610492721333e-06,-0.0024896406916348757,-0.0023118814553328634,1.2375934891083937e-05,-0.0007341254516820402,-0.01982973901103013,45.00000025407658,-0.0313679479237171,0.0005674307376339824,32.46985704520809,0.0005189368404473449,-0.0006015563058284184,0.22581048171713072,68.67009074987462,0.0025252592416403568,-0.0006398709058362791,-0.04911402440606199,5282.018706782352,5529.8482517834145,5669.5749880977955,5888.321234641718,0.004916764721838176,0.0038590516224141997,0.031373079775394816,0
3.801999999999803,0.0,0.0,1.0,45.0,0.002488687471426489,-0.004176077086424358,0.9999982594466332,0.0009632313978082552,0.0038651950961697923,-4.396608000397235e-06,-0.0024084638722745733,-0.002528693042112172,1.2284839463460072e-05,0.0004965328191865268,-0.020389895280290803,44.999999823298474,-0.03075504630461298,1.601442594821112e-05,32.72616780274718,0.000545700869982019,-0.0006031225777455613,0.2219299682219354,68.67009034478336,0.0024972139363062047,-0.0006145933464541771,-0.048631954731634966,5283.22767010919,5528.702687500203,5670.702339186059,5887.226599578868,0.004861397761109427,0.003983411501130728,0.03075505046993617,0
3.8219999999998007,0.0,0.0,1.0,45.0,0.0025071029948853384,-0.004097174043045074,0.9999981731032589,0.000885865171350444,0.004009967121890213,-4.250719687568354e-06,-0.002325050044427522,-0.0027422092110790976,1.2168274744409934e-05,0.0017228200149026153,-0.020927203303162566,44.99999937074241,-0.030114372599207885,-0.0005419300200438782,32.97805617449642,0.0005717697205820781,-0.0006040233372783236,0.21808824343946304,68.67008978948634,0.002468438197601296,-0.0005898867167657199,-0.04813824779734771,5284.465282985113,5527.529005577123,5671.856892638311,5886.105522082008,0.004803374220640846,0.004106654537341812,0.030119248420998213,0
3.8419999999997985,0.0,0.0,1.0,45.0,0.0025239587457860663,-0.004015420249189804,0.9999980897826521,0.0008073820608559127,0.004150662466715069,-4.09534748558559e-06,-0.0022395053836359,-0.0029522740092224695,1.2026652606179954e-05,0.0029436535821665212,-0.021441457506055406,44.99999889841411,-0.02944667980326948,-0.0011056421549618797,33.225567169689086,0.0005971201072190397,-0.0006042650572573666,0.21428618600160937,68.67008908560098,0.0024389905795145954,-0.0005657519595223559,-0.0476339239726061,5285.728978050391,5526.329624206675,5673.036237419408,5884.960295707735,0.004742780953930278,0.00422846088744595,0.0294674294029991,0
3.8619999999997963,0.0,0.0,1.0,45.0,0.002539233468911997,-0.003930898239599292,0.9999980096699009,0.0007278804849947236,0.0042871909713161445,-3.930911181216659e-06,-0.0021519372551378453,-0.00315873738648995,1.186043732676366e-05,0.0041579704325154275,-0.02193248160689168,44.99999840835383,-0.028752743419140366,-0.0016743610229937019,33.46874675432948,0.0006217301439711206,-0.0006038550610870791,0.21052459561522016,68.6700882350421,0.0024089273258394482,-0.0005421891562140996,-0.04711995621956829,5287.016308561548,5525.106850181214,5674.238075166394,5883.793108140737,0.004679708488906288,0.004348543650123974,0.02880145376454787,0
3.881999999999794,0.0,0.0,1.0,45.0,0.002552907877820012,-0.0038436922898583965,0.9999979329415155,0.0006474588778213699,0.004419468138833539,-3.7578469684429033e-06,-0.002062454043824231,-0.003361455215700253,1.1670143377977458e-05,0.005364727726778118,-0.022400127995081835,44.99999790262764,-0.02803336015160729,-0.002247326464583461,33.70764176309111,0.000645579333156032,-0.000602801482132987,0.20680419674833248,68.67008724001236,0.002378302447600283,-0.0005191975874706351,-0.04659727192224596,5288.324943781189,5523.862883237274,5675.460215892286,5882.606045321826,0.0046142511119880705,0.004466644797837447,0.02812329563655862,0
3.901999999999792,0.0,0.0,1.0,45.0,0.002564964653625032,-0.003753888303532751,0.9999978597651146,0.0005662155509376528,0.0045474150991090525,-3.5766059957698276e-06,-0.001971164987855138,-0.003560289306630647,1.1456333154730657e-05,0.006562903620363947,-0.022844277102560588,44.999997383318856,-0.02728934661276206,-0.0028237803808302477,33.94229981534872,0.0006686485530586864,-0.0006011132235605854,0.20312564217380003,68.6700861029926,0.0023471677978378867,-0.0004967757903754861,-0.04606675465127846,5289.652664517173,5522.599820236298,5676.700573830021,5881.401095421343,0.004546506972429619,0.004582531715748302,0.02743505374336294,0
3.9219999999997897,0.0,0.0,1.0,45.0,0.0025753884410745784,-0.0036615737000696247,0.9999977902991434,0.0004842485599188105,0.0046709585684974655,-3.3876529113682346e-06,-0.001878180016028537,-0.003755107414403225,1.1219614635170102e-05,0.00775149796951414,-0.02326483676677595,44.999996852519814,-0.02652153803659488,-0.0034029679548486344,34.17276923518322,0.0006909200443342136,-0.0005987999186762762,0.19948951637532933,68.67008482673141,0.0023155731438418052,-0.00047492161280093825,-0.045529245866515085,5290.997358807655,5521.319659188355,5677.957163413113,5880.180152664122,0.004476578209552468,0.004695994260281371,0.02673896351546561,0
3.9419999999997875,0.0,0.0,1.0,45.0,0.0025841658419990888,-0.003566837303549872,0.9999977246926192,0.00040165557503669036,0.004790030805398129,-3.191464411684395e-06,-0.0017836095889853063,-0.00394578324229713,1.0960638991717191e-05,0.00892953299869329,-0.023661741586503093,44.999996312323525,-0.02573078700405102,-0.003984138829476986,34.39909897520557,0.000712377395157762,-0.0005958718918216567,0.19589633882078086,68.67008341423477,0.00228356623691805,-0.000453632264870214,-0.044985546559476695,5292.357017748507,5520.024303125259,5679.228095389654,5878.945021011913,0.004404571105791511,0.004806842259016432,0.02603741080021128,0
3.9619999999997852,0.0,0.0,1.0,45.0,0.0025912854062242066,-0.003469769232374982,0.9999976630849062,0.00031853375630618166,0.0049045695616509065,-2.9885277960027354e-06,-0.001687564544326059,-0.004132196439117217,1.0680098154033322e-05,0.010096053929348144,-0.024034952271334266,44.99999576481597,-0.02491796217926794,-0.004566548240844616,34.62133854405022,0.0007330055251978822,-0.0005923401198600031,0.19234656710743223,68.67008186875493,0.0022511928797751025,-0.00043290436765638164,-0.0444364188376963,5293.729731459653,5518.715563829054,5680.511573066187,5877.697417708844,0.0043305962688316695,0.004914903383615743,0.02533294694157741,0
3.981999999999783,0.0,0.0,1.0,45.0,0.002596737620031747,-0.0033704607899703444,0.9999976056055199,0.00023497963287450954,0.0050145180299414815,-2.779339529951528e-06,-0.0015901559457074525,-0.004314232591252406,1.0378722332377527e-05,0.011250129570304768,-0.02438445498567387,44.9999952120684,-0.024083947057701314,-0.005149458107426412,34.83953793739415,0.0007527906684806595,-0.0005882161942951822,0.18884059998374098,68.67008019377941,0.0022184969916120498,-0.00041273399922375835,-0.04388258745287834,5295.113685186788,5517.395165421646,5681.805888678062,5876.438976695305,0.004254768846499253,0.005020021337126194,0.024628305326582407,0
4.001999999999781,0.0,0.0,1.0,45.0,0.0026005148922563386,-0.003269004356582944,0.9999975523739583,0.00015108898676606446,0.005119824787362035,-2.564403822754606e-06,-0.0014914949359774118,-0.004491783209559529,1.0057277510415596e-05,0.012390852870119146,-0.02471026068804519,44.99999465612996,-0.023229638726835294,-0.005732138074327916,35.053747572362994,0.0007717203552157505,-0.0005835122840552907,0.18537878025199492,68.67007839301928,0.002185520670987071,-0.00039311673812056716,-0.04332474127475412,5296.507155534976,5516.064747821054,5683.109419882913,5875.171251895334,0.004177208778488155,0.005122054305781585,0.023926418877545732,0
4.021999999999779,0.0,0.0,1.0,45.0,0.002602611538104948,-0.0031654932822487644,0.9999975034995637,6.69567409891759e-05,0.0052204437352736145,-2.3442312209100887e-06,-0.0013916925944013549,-0.00466474571121051,9.716562912272852e-06,0.013517341431735682,-0.02501240446649305,44.99999409902073,-0.022355946640161616,-0.006313866512646828,35.264018225190235,0.0007897833926481938,-0.0005782410989713732,0.18196139755608964,68.67007647039763,0.002152304256544714,-0.0003740477044268967,-0.042763534712447746,5297.908506830687,5514.725870069469,5684.4206263738815,5873.895720382397,0.004098041089441819,0.005220873633190276,0.02323043819081625,0
4.041999999999777,0.0,0.0,1.0,45.0,0.0026030237607865187,-0.003060021781002249,0.9999974590814104,-1.7323147994999627e-05,0.005316334035616807,-2.1193372205997956e-06,-0.0012908597980239493,-0.004833023396642406,9.357408453874875e-06,0.014628737989845477,-0.025290944870842286,44.99999354272504,-0.021463791405102475,-0.006893931473859557,35.470400972000654,0.0008069698450005574,-0.0005724158539778846,0.1785886910585327,68.6700744300376,0.00211888638567701,-0.0003555215984624001,-0.04219958908510966,5299.3161876087515,5513.380013538129,5685.738046609269,5872.6137854282415,0.0040173962283666575,0.005316362681505505,0.02254374925954521,0
4.061999999999775,0.0,0.0,1.0,45.0,0.002601749631038926,-0.002952684826397258,0.9999974192082212,-0.00010165779344734742,0.005407460043817201,-1.8902409032406888e-06,-0.0011891070872036833,-0.004996525421751294,8.980672180077325e-06,0.015724210851372933,-0.02554596324254832,44.99999298918502,-0.020554103585537796,-0.007471631599271683,35.67294713259331,0.0008232710125677145,-0.0005660502340541493,0.17526085201063446,68.67007227625021,0.0020853040511907717,-0.0003375327372569634,-0.041633493943523094,5300.728727220834,5512.028585013742,5687.060294655364,5871.326779439217,0.003935410459803907,0.005408415849900854,0.02186998971682325,0
4.0819999999997725,0.0,0.0,1.0,45.0,0.0025987890646402465,-0.0028435780484059973,0.9999973839583106,-0.00018595547718070342,0.005493791238431851,-1.6574635955814006e-06,-0.0010865445353508507,-0.005155166765472148,8.587237700190398e-06,0.01680295429955102,-0.025777563042853033,44.99999244029463,-0.019627822519586717,-0.008046276984660643,35.8717082171044,0.0008386794100233313,-0.0005591583599307244,0.1719780262197153,68.67007001352219,0.0020515926560514958,-0.00032007508888238465,-0.041065808344325196,5302.144732562007,5510.672919671002,5688.386057139169,5870.035966784395,0.0038522263126073357,0.005496937725511328,0.021213061723275466,0
4.10199999999977,0.0,0.0,1.0,45.0,0.002594143797991076,-0.002732797631759509,0.9999973533995539,-0.0002701257440617904,0.005575302147682218,-1.4215275578793042e-06,-0.0009832816228926263,-0.005308868192887352,8.178011625101982e-06,0.017864188962076515,-0.02598586917993278,44.99999189789405,-0.018685895153280754,-0.008617190000320034,36.06673587543415,0.0008531887439941442,-0.0005517547545715445,0.16874031641702686,68.6700676465036,0.002017786066273946,-0.0003031423047455692,-0.040497062078440914,5303.562884912065,5509.3142839355405,5689.714090307867,5868.742546519523,0.0037679930925228443,0.005581842346062408,0.020577138728107958,0
4.121999999999768,0.0,0.0,1.0,45.0,0.0025878173618542133,-0.0026204402157903976,0.9999973275893834,-0.0003540794922071747,0.005651972273018568,-1.182954702399171e-06,-0.0008794271154825759,-0.005457556214007497,7.75392100974089e-06,0.0189071621438666,-0.026171027335703236,44.999991363764266,-0.017729274890750584,-0.00918370606679026,36.25808184932629,0.0008667938899612811,-0.0005438543104489553,0.16554778452996352,68.67006517999533,0.0019839166620223667,-0.0002867277499369465,-0.039927756855268975,5304.981936888253,5507.953878241425,5691.043217191885,5867.4476550107065,0.0036828674649821746,0.005663052556806637,0.019966663279949275,0
4.141999999999766,0.0,0.0,1.0,45.0,0.00257981505333754,-0.0025066027958355742,0.9999973065748082,-0.00043772905890012093,0.005723786009859492,-9.422653450437506e-07,-0.0007750889464659441,-0.005601163038367945,7.3159108162994515e-06,0.01993114812496255,-0.02633320329292057,44.99999083962235,-0.01675892046153733,-0.009745174386633611,36.44579792699245,0.0008794908685370056,-0.0005354722576213654,0.16240045386201796,68.6700626189367,0.0019500153869884294,-0.00027082453172677846,-0.03935836744411296,5306.400709506148,5506.59283968722,5692.372324868454,5866.152368461597,0.003597014114520119,0.005740499447219973,0.019386331162115227,0
4.161999999999764,0.0,0.0,1.0,45.0,0.002570143906205342,-0.0023913826262539515,0.99999729039246,-0.0005209883022601172,0.005790732565649326,-6.999769913320712e-07,-0.0006703741036057142,-0.005739626525585029,6.864941391705475e-06,0.020935448424153753,-0.02647258226319338,44.99999032711676,-0.01577579480562062,-0.010300958632676658,36.629935900178374,0.0008912768211740442,-0.0005266241326211124,0.15929831118381818,68.67005996839275,0.0019161117961045073,-0.00025542552630057196,-0.0387893427743048,5307.818089345472,5505.232244594345,5693.700361822663,5864.857705347609,0.003510606486880397,0.00581412185527026,0.018841057508172783,0
4.1819999999997615,0.0,0.0,1.0,45.0,0.0025588126596026296,-0.0022748771251111695,0.9999972790686623,-0.0006037726787010088,0.005852805875374656,-4.5660315985969696e-07,-0.0005653885200692055,-0.0058728901320153045,6.401985972935453e-06,0.021919392028915127,-0.026589368216496774,44.99998982782329,-0.014780863976743072,-0.010850437593203647,36.81054752357142,0.0009021499853522361,-0.0005173257481594982,0.15624130873847134,68.67005723354185,0.0018822341016560278,-0.00024052340382016218,-0.038221106995413194,5309.233025817657,5503.873110971421,5695.026335403003,5863.564628760654,0.0034238276190199893,0.005883865929034442,0.018335919218656804,0
4.201999999999759,0.0,0.0,1.0,45.0,0.002545831725276245,-0.0021571837805806336,0.9999972726195233,-0.0006859993162181256,0.00591000451467986,-2.1265224434160413e-07,-0.0004602369696691432,-0.006000902853661187,5.92802822273681e-06,0.02288233559227496,-0.02668378321275541,44.99998934324136,-0.013775096064592098,-0.011393005774641713,36.98768447645378,0.0009121096692954958,-0.0005075931636526627,0.15322936616432908,68.67005441966316,0.001848409217847282,-0.0002261106518953039,-0.03765406049889522,5310.644528532075,5502.516400888042,5696.349309368533,5862.2740486676275,0.003336871060623626,0.00594968473707717,0.01787606918053486,0
4.221999999999757,0.0,0.0,1.0,45.0,0.002531213153375701,-0.0020384000591073584,0.9999972710510497,-0.0007675870835484984,0.005962331610719702,3.137358275745794e-08,-0.00035502296634827514,-0.006123619165465438,5.444059804269006e-06,0.023823663597246147,-0.026756066736038524,44.99998887479057,-0.012759460136384428,-0.011928073962331595,37.16139832650817,0.0009211562262598271,-0.0004974426565711288,0.15026237233818499,68.67005153212398,0.0018146628038801424,-0.0002121795975470721,-0.03708858090249584,5312.051664757867,5501.163022761312,5697.668401524758,5860.986824085858,0.0032499418880886804,0.006011537920366317,0.01746661871717505,0
4.241999999999755,0.0,0.0,1.0,45.0,0.0025149705969157604,-0.0019186233153783755,0.9999972743592828,-0.0008484566552522403,0.006009794750885535,2.7497942505322683e-07,-0.00024984866789133013,-0.006240998957136549,4.951077996344323e-06,0.024742788489474466,-0.026806475031886566,44.99998842380774,-0.011734925198379542,-0.012455069740023993,37.33174049568708,0.0009292910284419122,-0.0004868906946130131,0.14734018714181094,68.67004857636762,0.001781019305596331,-0.00019872242774195256,-0.036525023998662934,5313.453556978421,5499.813833558363,5698.982781445512,5859.703765178496,0.0031632578078275007,0.0060693913796382275,0.017112487521766202,0
4.261999999999753,0.0,0.0,1.0,45.0,0.0024971192749817794,-0.0017979507041407474,0.9999972825304557,-0.0009285305727665055,0.006052405889539585,5.176786732308768e-07,-0.00014481478384359664,-0.00635300746564597,4.450083350092743e-06,0.02563915077877121,-0.02683528044826606,44.99998799154442,-0.010702459177828236,-0.012973437968787235,37.49876222805935,0.0009365164405494089,-0.0004759539087001915,0.1444626431546414,68.6700455579009,0.0017475019957366585,-0.00018573120857238285,-0.03596372466820295,5314.849380535524,5498.469640917895,5700.291668278035,5858.425635272785,0.0030770503396347713,0.006123216993075352,0.016818225921542206,0
4.2819999999997505,0.0,0.0,1.0,45.0,0.0024776759347577676,-0.0016764790939055672,0.9999972955411696,-0.0010077333014866655,0.006090181252889797,7.589939705009481e-07,-4.002048761094987e-05,-0.006459615204537095,3.942077402594724e-06,0.026512219110211843,-0.026842770780626232,44.99998757916463,-0.009663027925846186,-0.013482641226050283,37.662514559551155,0.0009428357930711146,-0.00046464906679591226,0.14162954727531787,68.67004248228201,0.001714133012869224,-0.00017319790315607547,-0.03540499776036394,5316.2383613603715,5497.131205193703,5701.594328628643,5857.153152803992,0.0029915660621282914,0.006172992359953752,0.016587818471638777,0
4.301999999999748,0.0,0.0,1.0,45.0,0.002456658812455984,-0.0015543049825736915,0.9999973133585889,-0.0010859912839326622,0.006123141242135849,9.984581316566548e-07,6.443666728835843e-05,-0.0065607978901849485,3.4280604406924582e-06,0.027361490305496724,-0.026829248621508553,44.99998718774295,-0.008617594241679646,-0.013982160205543583,37.823048289501344,0.0009482533552919901,-0.0004529930485384625,0.13884068227471394,68.67003935510853,0.0016809333990322334,-0.0001611143883248269,-0.03484913894049084,5317.619773788639,5495.799241422996,5702.890074526377,5855.886993187686,0.0029070678901107765,0.006218700566584735,0.0164244857708355,0
4.321999999999746,0.0,0.0,1.0,45.0,0.002434087593225703,-0.0014315244150163713,0.9999973359406545,-0.0011632329890610773,0.006151310335014519,1.2356150152396498e-06,0.00016846082685364615,-0.006656536365144006,2.9090293253364296e-06,0.028186489375279906,-0.026795030715138626,44.99998681826326,-0.007567116918808834,-0.014471494078930093,37.980413953954894,0.0009527743080878414,-0.0004410028206866778,0.13609580828297166,68.6700361820055,0.0016479231361392853,-0.0001494724701697974,-0.03429642550636226,5318.99293845689,5494.474421222222,5704.178261462091,5854.627790622918,0.002823836337236182,0.006260329971434483,0.01633050514129214,0
4.341999999999744,0.0,0.0,1.0,45.0,0.0024099833701175482,-0.0013082329026414003,0.9999973632363135,-0.0012393889577861255,0.006174716985870555,1.47002034734664e-06,0.0002719579121507349,-0.006746816518720283,2.385975378498881e-06,0.02898676950318148,-0.026740447317408222,44.999986471617504,-0.006512549813315282,-0.014950160819950983,38.134661800619654,0.0009564047165355801,-0.00042869541337358627,0.13339466421299206,68.6700329686138,0.0016151211811939738,-0.00013826389850652934,-0.03374711717428577,5320.35722027762,5493.157374613019,5705.458286500511,5853.376139828832,0.0027421706956933622,0.006297874006777235,0.016307072474275975,0
4.361999999999742,0.0,0.0,1.0,45.0,0.0023843686021784985,-0.0011845253449729045,0.9999973951857655,-0.001314391844775471,0.00619339352437684,1.701242496709972e-06,0.00037483569082100046,-0.006831629204902414,1.8598823321254825e-06,0.029761912002209866,-0.026665841561634485,44.99998614860502,-0.005454840934915548,-0.01541769749193567,38.28584176541552,0.0009591515023781771,-0.00041608789715710223,0.1307369691227407,68.67002972057865,0.0015825455003541143,-0.00012748038032233728,-0.03320145683598575,5321.712026490424,5491.8486917807795,5706.729586462869,5852.132597717033,0.002662390036977118,0.006331330994635431,0.016354225283269148,0
4.381999999999739,0.0,0.0,1.0,45.0,0.0023572670717513147,-0.001060495953270452,0.9999974317207233,-0.001388176456588589,0.0062073760530252,1.928863199722131e-06,0.00047700384459474824,-0.006910970157784612,1.3317243505445985e-06,0.03051152624432496,-0.026571568830461894,44.999985849932166,-0.004394931561041187,-0.01587366049954824,38.43400345054714,0.0009610224163725857,-0.00040319736086419795,0.12812242351864633,68.67002644353839,0.0015502131018906495,-0.00011711359226465361,-0.032659671287290366,5323.056804786694,5490.548924768237,5707.991636177762,5850.8976850020335,0.002584833903856197,0.006360703975096688,0.016470838490453988,0
4.401999999999737,0.0,0.0,1.0,45.0,0.002328703841050783,-0.0009362381762107536,0.999997472764688,-0.0014606797862278616,0.006216704343507005,2.152478235826577e-06,0.0005783740328564448,-0.006984839904613039,8.024641228092024e-07,0.03123524956388165,-0.026457996134254324,44.99998557621221,-0.0033337553743226665,-0.01631762580566354,38.579196104034374,0.0009620260105582235,-0.00039004089021681473,0.1255507106022932,68.67002314311345,0.001518140068079684,-0.00010715519222588328,-0.03212197192958935,5324.391041505409,5489.258589106391,5709.2439467979675,5849.671887751977,0.002509862523891982,0.006386000545383322,0.016654694118923875,0
4.421999999999735,0.0,0.0,1.0,45.0,0.002298705208087726,-0.0008118446276528695,0.9999975182332361,-0.0015318410441740877,0.006221421732100105,2.3716980527888437e-06,0.0006788599523122434,-0.007053243676585182,2.73051028588902e-07,0.03193274713569677,-0.02632550149630373,44.999985327965746,-0.0022722376238096327,-0.016749189114284222,38.721468600636506,0.0009621716104734038,-0.0003766355472337332,0.12302149746253109,68.67001982489568,0.001486341586067202,-9.759683007821464e-05,-0.03158855544500149,5325.714259897638,5487.978165385002,5710.486064180973,5848.455658881767,0.002437856331350298,0.006407232708292675,0.01690261516965057,0
4.441999999999733,0.0,0.0,1.0,45.0,0.0022672986620102887,-0.0006874070165055407,0.9999975680343207,-0.0016016016859800954,0.006221575014176218,2.5861483415296213e-06,0.0007783773928130772,-0.00711619131752999,-2.55580619360104e-07,0.032603711828487196,-0.026174473345163037,44.999985105621114,-0.0012112943102374648,-0.01716796602042382,38.860869424109275,0.0009614692873515934,-0.00036299835039475,0.12053443621505416,68.67001649443786,0.0014548319777442278,-8.843015761057943e-05,-0.03105960444616099,5327.026018457429,5486.708100764797,5711.7175673311085,5847.249419590631,0.0023692145414782,0.006424416728833781,0.017210644694608725,0
4.461999999999731,0.0,0.0,1.0,45.0,0.002234512837930509,-0.0005630160787130004,0.9999976220685807,-0.00166990543649738,0.006217214337940474,2.7954705604158746e-06,0.0008768442893890549,-0.007173697190594897,-7.825132520903351e-07,0.033247864034429676,-0.026005309914394006,44.99998490951544,-0.00015183139562467777,-0.017573592127893698,38.99744665073552,0.0009599298303252018,-0.0003491462555605506,0.11808916509142833,68.67001315724366,0.0014236247286681062,-7.964683771460735e-05,-0.03053528810150356,5328.325909316772,5485.4488104334305,5712.93806690115,5846.053560746106,0.0023043524865617795,0.006437572998063149,0.017574248001040644,0
4.481999999999728,0.0,0.0,1.0,45.0,0.0022003774713026817,-0.0004387615113734191,0.999997680229662,-0.0017366983108122317,0.00620839309751215,2.9993224090297975e-06,0.0009741807705533868,-0.0072257800830636465,-1.3068476419443548e-06,0.033864951475594714,-0.025818418650001226,44.99998473989579,0.000905255962537849,-0.017965723135943017,39.131247934072995,0.000957564718663933,-0.000335096137634504,0.11568530947947833,68.67000981875766,0.0013927325160651592,-7.123855286701351e-05,-0.030015762736898113,5329.61355670251,5484.200679007212,5714.147203751369,5844.86844421631,0.002243697408612287,0.006446725903274427,0.017988515669706006,0
4.501999999999726,0.0,0.0,1.0,45.0,0.002164923351918472,-0.0003147319090019836,0.9999977424045476,-0.001801928631968875,0.006195167825453273,3.1973782521478377e-06,0.001070309202936199,-0.007272463109427125,-1.8277044186114867e-06,0.0344547489880081,-0.025614215625807523,44.999984596920505,0.001959084152270999,-0.018344034895706584,39.26232049086467,0.0009543860940750216,-0.000320864772957486,0.11332248291687944,68.67000648435591,0.0013621672359479127,-6.319701295148858e-05,-0.0295011724144525,5330.888615453039,5482.964061880488,5715.344647564076,5843.694404152366,0.0021876824246135846,0.006451903703827913,0.018448350253928558,0
4.521999999999724,0.0,0.0,1.0,45.0,0.0021281822775821744,-0.00019101470194850067,0.9999978084738945,-0.0018655470455582255,0.006177598084849079,3.389329493618721e-06,0.001165154232310683,-0.007313773612827303,-2.3442254992936873e-06,0.03501705828409385,-0.02539312496700901,44.99998448066112,0.003008781823053766,-0.018708223437424527,39.390711088059,0.0009504067330888934,-0.00030646882242294654,0.11100028803973387,68.67000315933684,0.001331940029378955,-5.5513962461889275e-05,-0.028991649489282612,5332.1507695926575,5481.739286524561,5716.530095511713,5842.531748222696,0.002136738455160574,0.006453138412019104,0.018948625059251465,0
4.541999999999722,0.0,0.0,1.0,45.0,0.002090187007527931,-6.76960969773719e-05,0.9999978783123781,-0.001927506531251754,0.006155746361041879,3.5748849008496873e-06,0.0012586428210758667,-0.007349743064992309,-2.855575435449916e-06,0.03555170769425131,-0.025155578282131504,44.9999843911042,0.004053490576546461,-0.019058004969398308,39.516466030889774,0.0009456400195557414,-0.0002919248153007924,0.10871831748785071,68.66999984891238,0.0013020613079130165,-4.818118712669315e-05,-0.028487315145017813,5333.39973096168,5480.526653737857,5717.703270976646,5841.380758800925,0.002091284052811311,0.006450465678484039,0.019484310060022058,0
4.56199999999972,0.0,0.0,1.0,45.0,0.0020509712156391285,5.513897998422505e-05,0.9999979517890429,-0.001987762411360638,0.006129677953117262,3.7537708806443365e-06,0.0013507042822619244,-0.007380406964778804,-3.3609426743082402e-06,0.036058551888318524,-0.024902014103596024,44.999984328153566,0.005092365631930096,-0.019393115849652656,39.63963115196689,0.0009400999172744849,-0.0002772491337578099,0.10647615476838741,68.66999655819947,0.0012725407782466927,-4.119051999081739e-05,-0.02798827990878328,5334.6352379002465,5479.326438849092,5718.863922320873,5840.241694108966,0.0020517132912914685,0.006443924681725098,0.020050564300655178,0
4.581999999999717,0.0,0.0,1.0,45.0,0.0020105694435285783,0.00017740693892605706,0.9999980287676578,-0.0020462723565010167,0.00609946086523902,3.925731706595189e-06,0.001441270310125649,-0.007405804735435408,-3.85954073259397e-06,0.03653747157767016,-0.024632877337083466,44.99998429163268,0.006124576465726267,-0.019713312531270285,39.76025180133142,0.0009338009427760344,-0.00026245799806239045,0.10427337507945314,68.66999329221207,0.0012433874661051307,-3.453384699207976e-05,-0.027494644146381947,5335.857053984002,5478.13889287512,5720.011821703861,5839.11478931695,0.0020183821726786227,0.0064335580214164535,0.020642798413270186,0
4.601999999999715,0.0,0.0,1.0,45.0,0.0019690170535364634,0.00029902557866047226,0.999998109107075,-0.002102996388446668,0.0060651656979267875,4.090529699304179e-06,0.0015302750074049091,-0.007425979620699332,-4.350609283604349e-06,0.03698837319869805,-0.024348618719877885,44.999984281287354,0.00714930742598782,-0.020018371482368867,39.878372837430085,0.0009267581382840894,-0.00024756745246168484,0.102109546095218,68.6699900558534,0.001214609739391915,-2.8203112063466174e-05,-0.027006498538365876,5337.0649668098085,5476.964243634958,5721.146763946857,5838.00025760142,0.001991594343556614,0.0064194116152152675,0.02125671168340018,0
4.621999999999713,0.0,0.0,1.0,45.0,0.0019263501817014116,0.0004199141375538139,0.9999981926615937,-0.0021578968802506674,0.006026865539367575,4.2479453600321185e-06,0.0016176549093023212,-0.0074409785798356855,-4.833415160742389e-06,0.03741118857841568,-0.02404969428834988,44.9999842967884,0.008165758320774708,-0.020308089081682943,39.99403861896602,0.0009189870448695945,-0.00023259335171729538,0.09998422871401802,68.66998685390867,0.001186215330630371,-2.219032179517131e-05,-0.026523924537675523,5338.258786829653,5475.802696821619,5722.268565442009,5836.898291163358,0.0019715872214869775,0.006401534598863913,0.021888309395593487,0
4.641999999999711,0.0,0.0,1.0,45.0,0.0018826056907584028,0.0005399933420852715,0.9999982792813235,-0.002210938553717898,0.00598463585685018,4.39777745835531e-06,0.0017033490042692792,-0.007450852181727303,-5.307253268188709e-06,0.03780587458292618,-0.023736564854732158,44.9999843377347,0.009173144980853563,-0.02058228149071286,40.107292997584125,0.0009105036758204601,-0.00021755134828942783,0.09789697777089307,68.66998369103813,0.0011582113587212354,-1.6487549683685606e-05,-0.026046994809490475,5339.438346231145,5474.65443703318,5723.377063104711,5835.809062207355,0.0019585198383588326,0.0063799792294222755,0.022533905483241204,0
4.661999999999709,0.0,0.0,1.0,45.0,0.001837821123215611,0.0006591854532365797,0.9999983688125506,-0.002262088474310462,0.0059385543884086615,4.539843075857522e-06,0.0017872987516627662,-0.007455654498120466,-5.771447409699049e-06,0.03817241274948773,-0.023409695493322898,44.99998440365637,0.010170699796585862,-0.020840784503394712,40.218179311351506,0.0009013244902437968,-0.0002024568801523111,0.09584734271594399,68.66998057177054,0.0011306043500406986,-1.1086939999065872e-05,-0.0255757736539235,5340.603497862794,5473.519628764516,5724.472113367627,5834.732723883388,0.0019524637265436458,0.006354800791517477,0.023190114880867745,0
4.681999999999706,0.0,0.0,1.0,45.0,0.0017920346545606022,0.0007774143107176746,0.9999984610981043,-0.00231131604356784,0.005888701034758845,4.6739776065007395e-06,0.0018694480963478218,-0.007455442996129986,-6.225351029844199e-06,0.03851080890290461,-0.02306955503624355,44.99998449401782,0.01115767222899199,-0.021083453374239364,40.32674037899436,0.0008914663669176381,-0.00018732515923322403,0.09383486825984715,68.66997750049714,0.0011034002589034187,-5.980711294154158e-06,-0.025110317412166166,5341.754114202583,5472.398417361087,5725.553591214932,5833.669411192443,0.0019533979578861597,0.006326057506543127,0.023853839314876737,0
4.701999999999704,0.0,0.0,1.0,45.0,0.0017452850466447034,0.0008946053750350633,0.9999985559777235,-0.0023585929891237903,0.005835157751609142,4.80003471399945e-06,0.0019497434803196004,-0.007450278430104833,-6.6683478713320495e-06,0.038821092756967275,-0.022716615578863446,44.99998460822141,0.012133329295004316,-0.021310162625881836,40.433018494854565,0.0008809465784094164,-0.00017217116045908614,0.09185909498781539,68.66997448146584,0.001076604487412188,-1.1611595821895153e-06,-0.02465067485666846,5342.890086368186,5471.290929936118,5726.621389255276,5832.619241857296,0.0019612090037228478,0.006293810444781557,0.024522249169947177,0
4.721999999999702,0.0,0.0,1.0,45.0,0.0016976116012927056,0.0010106857674112696,0.9999986532884202,-0.0024038933524016433,0.0057780084424245886,4.917886248572935e-06,0.002028133851419361,-0.007440224732953385,-7.099852543830844e-06,0.039103317501657076,-0.022351351994993527,44.99998474561068,0.013096956026944478,-0.021520805836971312,40.537055424530756,0.0008697827654747351,-0.00015700961139764513,0.08991955994325067,68.66997151877602,0.0010502219047172543,3.3793387935819434e-06,-0.024196887565924946,5344.011323167377,5470.197276252426,5727.67541683212,5831.582317159675,0.0019756954934714434,0.006258123440461668,0.02519276350682153,0
4.7419999999997,0.0,0.0,1.0,45.0,0.0016490541141834375,0.001125584307565262,0.9999987528648421,-0.002447193474069399,0.005717338851720696,5.027422124177396e-06,0.00210457066921929,-0.007425348907025331,-7.519311011476711e-06,0.03935755937682621,-0.021974241461940377,44.9999849054741,0.014047855906284327,-0.021715295411323523,40.638892401169905,0.0008579929117532095,-0.00014185498248309877,0.0880157971822873,68.66996861637357,0.00102425686570534,7.648324577029254e-06,-0.023748990284411336,5345.117750187116,5469.117549570154,5728.715599170071,5830.558722744967,0.0019965773364156456,0.0062190630098026825,0.02586302961353276,0
4.761999999999698,0.0,0.0,1.0,45.0,0.0015996528290451195,0.001239231549365282,0.9999988545396327,-0.0024884719773357183,0.005653236458961121,5.128550157888212e-06,0.00217900790815144,-0.007405720914645018,-7.92620100032256e-06,0.03958391723305471,-0.021585762995501336,44.999985087048664,0.014985351271773138,-0.021893562329246743,40.73857012237656,0.0008455953187746846,-0.00012672147781090325,0.0861473383003836,68.66996577804645,0.0009987132291385521,1.1653253281851715e-05,-0.023307011268205686,5346.209308919957,5468.051827461605,5729.741876555917,5829.5485293956335,0.002023508171096372,0.006176698272130437,0.026530902988744012,0
4.781999999999695,0.0,0.0,1.0,45.0,0.0015494483922077946,0.0013515598143669387,0.9999989581437869,-0.0025277097491673913,0.005585790373130884,5.221195871631056e-06,0.002251402057956346,-0.00738141356838894,-8.320032320619297e-06,0.039782512080379744,-0.02118639699497136,44.99998528952363,0.0159087837020358,-0.022055555881939068,40.83612874770854,0.0008326085812884114,-0.00011162302649009455,0.08431371293207723,68.66996300742063,0.0009735943752631449,1.5401493120222577e-05,-0.022870972616804496,5347.285955926337,5467.000172594328,5730.754203553084,5828.551793774433,0.0020560898174426336,0.006131100874189224,0.027194428322552065,0
4.801999999999693,0.0,0.0,1.0,45.0,0.0014984818075535272,0.0014625032232508527,0.9999990635070024,-0.002564889919508367,0.0055150912280545064,5.305302258738395e-06,0.002321712121527057,-0.007352502421197939,-8.700347111012854e-06,0.039953486625583776,-0.020776624798222933,44.999985512044255,0.016817514372768398,-0.022201243389844198,40.93160789672931,0.0008190515629277562,-9.657327454085508e-05,0.08251444922497997,68.66996030795646,0.0009489032229064635,1.890032315942767e-05,-0.022440890591626485,5348.347662031525,5465.962633483566,5731.752548248318,5827.568559138506,0.0020938873614899044,0.006082344917808547,0.027851821906659052,0
4.821999999999691,0.0,0.0,1.0,45.0,0.0014467943919034539,0.0015719977251754805,0.9999991704580271,-0.0025999978385798836,0.005441231078526096,5.380829517544265e-06,0.0023898996102244543,-0.007319065656412612,-9.06672000823041e-06,0.04009700479872042,-0.02035692824691131,44.99998575371566,0.01771092438867988,-0.022330609905838794,41.02504664758773,0.0008049433722233072,-8.158557732388061e-05,0.0807490742890491,68.66995768294544,0.0009246422460796676,2.215693168915502e-05,-0.02201677592168811,5349.394411555837,5464.939245215152,5732.736891529397,5826.598856025381,0.002136443668468714,0.00603050689112156,0.028501455505548067,0
4.841999999999689,0.0,0.0,1.0,45.0,0.0013944277308792093,0.0016799811250620836,0.9999992788249985,-0.0026330210523405136,0.005364303297316116,5.447754752188784e-06,0.002455928536739718,-0.007281183977818312,-9.418758234512722e-06,0.04021325126954819,-0.019927789261848242,44.9999860136066,0.018588415090349867,-0.022443657904110244,41.11648353609771,0.000790303338974929,-6.667299249009498e-05,0.07901711462213501,68.66995513550731,0.0009008134901031565,2.5178414783740173e-05,-0.02159863409690728,5350.426201576976,5463.930030139897,5733.707226392715,5825.642702911839,0.002183292421390957,0.005975665603570597,0.029141841711517416,0
4.861999999999687,0.0,0.0,1.0,45.0,0.0013414236352746554,0.0017863931088300607,0.9999993884357797,-0.002663949276184215,0.005284402473117258,5.506071643154139e-06,0.002519765405579672,-0.007238940499783901,-9.756101618496252e-06,0.04030243095453224,-0.019489689428579482,44.999986290753284,0.019449408336191937,-0.022540406955569803,41.20595655529126,0.0007751509909916219,-5.184827343783766e-05,0.07731809651276847,68.6699526685877,0.0008774185872726762,2.797177504410994e-05,-0.021186465649487497,5351.443041223253,5462.934998540452,5734.663557279662,5824.700106846666,0.0022339691319621666,0.005917902124975972,0.02977162089165241,0
4.881999999999684,0.0,0.0,1.0,45.0,0.0012878240979723105,0.0018911752666020915,0.9999994991182865,-0.0026927743669538135,0.005201624309489706,5.555790088795621e-06,0.0025813792012507174,-0.007192420637576613,-1.0078422538927223e-05,0.04036476851506704,-0.01904310959319314,44.999986584163274,0.0202933467597327,-0.02262089339063249,41.29350315541917,0.0007595060312126112,-3.712386326577964e-05,0.07565154642111648,68.66995028495612,0.0008544587720795963,3.054392050606319e-05,-0.020780266423808032,5352.444950996563,5461.954149271652,5735.6058994407285,5823.771064058186,0.002288019896593598,0.005857299728987862,0.030389549500677415,0
4.901999999999682,0.0,0.0,1.0,45.0,0.0012336712514373213,0.0019942711138997236,0.9999996107008069,-0.0027194902933463457,0.005116065524863671,5.596935819305686e-06,0.002640741374216757,-0.007141711997932942,-1.038542579966075e-05,0.04040050784756161,-0.018588529468377895,44.99998689281918,0.021119694002436618,-0.022685169950175877,41.37916024437539,0.0007433883152148002,-2.2511889208632462e-05,0.07401699133900166,68.66994798720418,0.0008319348960025665,3.290166370053987e-05,-0.020380027835243047,5353.431962123989,5460.987470375232,5736.534278326282,5822.855560537437,0.0023450079283259644,0.0057939438412875684,0.030994489625833486,0
4.92199999999968,0.0,0.0,1.0,45.0,0.001179007325820311,0.0020956261108511635,0.9999997230123143,-0.0027440931047859342,0.0050278237536551095,5.6295499859968074e-06,0.002697825824706164,-0.007086904269963782,-1.0676848439085326e-05,0.040409911566019883,-0.018126427249743948,44.999987215682594,0.021927934922323828,-0.022733305425478464,41.46296418852093,0.0007268178291180803,-8.024157545016453e-06,0.07241395912984755,68.66994577774452,0.000809847441883979,3.5051720855795154e-05,-0.01998573711830829,5354.404115936952,5460.03493966989,5737.448729003054,5821.953572597935,0.0024045180697057178,0.005727921992955675,0.03158539979517231,0
4.941999999999678,0.0,0.0,1.0,45.0,0.0011238746076989265,0.0021951876794341334,0.9999998358827709,-0.002766580898838897,0.004936997448548203,5.6536887259971766e-06,0.0027526088844426777,-0.007028089116469693,-1.095245947465506e-05,0.04039326047773938,-0.017657279242410978,44.999987551697664,0.0227175757786484,-0.022765384287919715,41.5449508138856,0.0007098146678956928,6.327851035324994e-06,0.07084197884938119,68.6699436588098,0.000788196537905583,3.700071122803108e-05,-0.019597377564526088,5355.361463276901,5459.096525317478,5738.349295595356,5821.065067412793,0.002466159587030875,0.005659323779480011,0.032161326840701665,0
4.961999999999676,0.0,0.0,1.0,45.0,0.0010683153994864316,0.0022929052187776904,0.9999999491434213,-0.0027869537872448266,0.004843685783996123,5.669422705284223e-06,0.002805069296374494,-0.006965360065740325,-1.1212059581807423e-05,0.040350853052740394,-0.017181559497862195,44.99998789979485,0.023488144392920837,-0.0227815063092066,41.62515540772532,0.0006923990140968302,2.053298561673304e-05,0.06930058104789313,68.66994163245222,0.000766981971176608,3.875515655141043e-05,-0.019214928750386454,5356.304063926503,5458.17218636627,5739.236030750088,5820.190003530022,0.0025295675791850696,0.005588240825937821,0.03272139862423468,0
4.981999999999673,0.0,0.0,1.0,45.0,0.0010123719795342174,0.0023887301185479257,1.0000000626270797,-0.002805213860636317,0.004747988560989501,5.6768366410884606e-06,0.0028551881924754286,-0.006898812403909971,-1.14554807181018e-05,0.04028300488752808,-0.016699739461056583,44.99998825889459,0.02423919028657553,-0.022781786172877953,41.70361272041502,0.0006745911169890012,3.458042880509995e-05,0.06778929805482675,68.66993970054345,0.0007462032009470323,4.0321480597837564e-05,-0.01883836675576386,5357.231986065396,5457.261873272046,5740.108995124672,5819.328331366827,0.0025944033241048258,0.005514766758954318,0.03326481769121957,0
5.001999999999671,0.0,0.0,1.0,45.0,0.000956086562953675,0.0024826157704434305,1.0000001761684043,-0.0028213651520190724,0.004650006113139891,5.676028805774795e-06,0.0029029490696915704,-0.006828543067939045,-1.1682585686329487e-05,0.0401900481637791,-0.016212287627784424,44.999988627910746,0.02497028479560112,-0.022766353077816475,41.78035696765672,0.0006564112721254779,4.8459700051892606e-05,0.06630766424643929,68.66993786477482,0.0007258593714591926,4.1706008835571154e-05,-0.018467664373142935,5358.145305749562,5456.365528397832,5740.9682568970375,5818.4799936835925,0.002660353850627827,0.005438997186115191,0.03379085560109798,0
5.021999999999669,0.0,0.0,1.0,45.0,0.0008995012631814416,0.0025745175778273074,1.0000002896041633,-0.0028354135990829787,0.004549839214123531,5.66711051388891e-06,0.0029483377641061283,-0.006754650539289584,-1.189326764471219e-05,0.04007233110253426,-0.015719669212247246,44.99998900575419,0.025681021162465883,-0.022735350334484494,41.8554218329845,0.0006378798013455286,6.216065856386252e-05,0.06485521629725087,68.66993612665776,0.0007059493244481659,4.291496818047425e-05,-0.018102791307991372,5359.044106413393,5455.483086493016,5741.813891296791,5817.644926038337,0.0027271309768467974,0.005361029683594608,0.03429884791259021,0
5.041999999999667,0.0,0.0,1.0,45.0,0.0008426580543106323,0.002664392963523441,1.0000004027734894,-0.002847367005413548,0.004447588986528719,5.650205593734379e-06,0.0029913424233945804,-0.006677234738360656,-1.2087449566455506e-05,0.03993021741446707,-0.015222345824836362,44.999989391336065,0.026371014605686565,-0.02268893495458055,41.928840470547506,0.0006190170332110291,7.567350580856656e-05,0.06343149341596989,68.66993448752493,0.0006864716113038175,4.3954486831563255e-05,-0.017743714370607913,5359.928478393647,5454.614475152635,5742.645980156822,5816.823057222323,0.0027944700074959273,0.0052809637928537745,0.034788189729030396,0
5.0619999999996645,0.0,0.0,1.0,45.0,0.0007855987342092979,0.0027522013758055322,1.0000005155181242,-0.0028572350006722293,0.004343356812147972,5.625449845472787e-06,0.0030319534776417295,-0.006596396919747653,-1.2265083646384697e-05,0.039764085746788386,-0.014720775160078692,44.999989783571166,0.027039902367403265,-0.02262727723479707,42.00064550815428,0.0005998432838862924,8.898878763025908e-05,0.06203603756655914,68.66993294853123,0.0006674245049037935,4.4830594182429946e-05,-0.017390397659759013,5360.7985184743775,5453.759615257484,5743.4646114845045,5816.014309677487,0.002862128237856587,0.0051989010273695915,0.0352583317393741,0
5.081999999999662,0.0,0.0,1.0,45.0,0.0007283648884459936,0.002837904292608244,1.0000006276826516,-0.002865028999812628,0.004237244243754352,5.592990487489017e-06,0.003070163608591257,-0.006512239568387529,-1.2426150667472962e-05,0.03957432912733495,-0.014215410694714641,44.99999018138109,0.02768734373933585,-0.02255056033534041,42.07086905056133,0.0005803788384633933,0.00010209739598333092,0.06066839367508128,68.66993151065545,0.00064880601112949,4.5549220803735085e-05,-0.01704280273841252,5361.654329452093,5452.9184213957815,5744.269879051817,5815.218599896374,0.002929883372885473,0.00511494489046943,0.03570877672784582,0
5.10199999999966,0.0,0.0,1.0,45.0,0.0006709978550410058,0.002921465223990547,1.000000739114722,-0.0028707621613987405,0.0041293529183993125,5.552985592366749e-06,0.003105967717397924,-0.00642486629665005,-1.2570659323517928e-05,0.03936135440637949,-0.013706701395866376,44.99999058369717,0.028313020067510655,-0.022458979853858443,42.13954268299032,0.0005606439327391691,0.00011499057029623617,0.059328109822938846,68.66993017470209,0.0006306138800736162,4.611619848908228e-05,-0.016700888801860433,5362.496019720317,5452.090802267053,5745.06188200358,5814.4358388051905,0.002997531938569853,0.005029200905477994,0.03613907636720576,0
5.121999999999658,0.0,0.0,1.0,45.0,0.0006135386900604879,0.0030028497128820933,1.0000008496652593,-0.002874449345089949,0.0040197844722675204,5.505603514302472e-06,0.00313936289095153,-0.006334381742433213,-1.2698645492626192e-05,0.039125581696688484,-0.013195091439251494,44.999990989463655,0.028916634736158978,-0.022352743395401692,42.20669747485842,0.000540658735445631,0.00012765989847540878,0.0580147374271012,68.66992894130354,0.0006128456169503216,4.653726035961389e-05,-0.016364612838516354,5363.323702872841,5451.276661068835,5745.840724483174,5813.665932130599,0.0030648877376322063,0.004941776659526527,0.03654882842800749,0
5.141999999999656,0.0,0.0,1.0,45.0,0.0005560281340694657,0.0030820253341441294,1.0000009591886632,-0.0028761070683563884,0.003908640457122288,5.4510223101066125e-06,0.0031703483668411012,-0.006240891468319168,-1.2810171488207206e-05,0.03886744381234279,-0.01268101993739178,44.99999139764035,0.029497913131200267,-0.02223207013902746,42.27236398370758,0.0005204433309390333,0.0001400973175595424,0.05672783140788826,68.6699278109224,0.0005954984927154678,4.681804102203474e-05,-0.01603392978366272,5364.137497324912,5450.47589586689,5746.606515275033,5812.908780750844,0.0031317803828215503,0.004852781862534821,0.036937674238671926,0
5.1619999999996535,0.0,0.0,1.0,45.0,0.0004985065794584174,0.0031589616919771124,1.0000010675429953,-0.002875753462486989,0.0037960222583733032,5.389429153902277e-06,0.0031989254970267987,-0.006144501861844905,-1.2905325262184763e-05,0.03858738570682414,-0.012164920677762666,44.99999180720539,0.030056602583733476,-0.022097190401638392,42.336572259318324,0.0005000177023477334,0.00015229511403440862,0.05546695034485954,68.66992678385428,0.0005785695544074955,4.696407677531078e-05,-0.015708792666411887,5364.93752595166,5449.688399949484,5747.359367463272,5812.164281031785,0.0031980539271235374,0.004762328423052957,0.037305296373845054,0
5.181999999999651,0.0,0.0,1.0,45.0,0.0004410140386569006,0.0032336304157078066,1.0000011745901565,-0.0028734082279513805,0.0036820310147966002,5.3210197485175e-06,0.0032250977102863216,-0.00604532003694022,-1.2984219586023889e-05,0.03828586391086009,-0.01164722187082442,44.99999221715773,0.03059247229397134,-0.021948345199627753,42.399351847995604,0.000479401715184312,0.00016424592381948346,0.054231656621336735,68.66992586023058,0.0005620556352156236,4.698080586088219e-05,-0.015389152750138076,5365.723915743116,5448.914062166306,5748.099398105823,5811.432325148375,0.003263565600282174,0.004670530542843493,0.03765141659924634,0
5.201999999999649,0.0,0.0,1.0,45.0,0.00038359011324648836,0.0033060051539892197,1.0000012801960478,-0.0028690925891754087,0.0035667675399348574,5.245997735209152e-06,0.003248870473501433,-0.0059434537365835385,-1.3046991195997301e-05,0.037963345970507795,-0.01112834590787302,44.99999262651964,0.031105313236060386,-0.021785785808887972,42.46073179701262,0.00045861510142096727,0.00017594273193493462,0.053021516558067326,68.66992504002191,0.0005459533642854427,4.687356875368621e-05,-0.015074959666625629,5366.496797475147,5448.152767252636,5748.826727923483,5810.712801392162,0.0033281846541449076,0.004577504832295258,0.03797579397536004,0
5.221999999999647,0.0,0.0,1.0,45.0,0.000326273963984097,0.0033760615674472746,1.0000013842307274,-0.0028628292487888375,0.003450332245204412,5.16457410069496e-06,0.003270251251849545,-0.0058390112367244056,-1.309379992178739e-05,0.03762030988594603,-0.010608709128644155,44.99999303433895,0.03159493804423996,-0.02160977332372059,42.52074065920223,0.00043767744403117563,0.00018737887185830192,0.05183610053651831,68.66992432304123,0.0005302591762679125,4.664760848979701e-05,-0.014766161544174374,5367.256305395674,5447.404396139256,5749.541481003276,5810.005594465252,0.0033917913147573147,0.0044833704489863225,0.0382782231254291,0
5.241999999999645,0.0,0.0,1.0,45.0,0.0002691042817456282,0.00344377731980863,1.0000014865685474,-0.002854642341402646,0.0033328250647335377,5.076966586409231e-06,0.003289249467964247,-0.005732101251519467,-1.3124827781714004e-05,0.03725724355143309,-0.010088721598599968,44.99999343969117,0.03206118088080156,-0.02142057821516841,42.579406497682776,0.0004166081619998454,0.00019854802458346788,0.050674983112269964,68.66992370894775,0.0005149693206197872,4.630807102694675e-05,-0.014462705129889513,5368.002576925616,5446.668826248656,5750.243784515588,5809.310585761324,0.003454275836230828,0.0043882492619534055,0.03855853268286768,0
5.2619999999996425,0.0,0.0,1.0,45.0,0.00021211925939871587,0.003509132067544522,1.0000015870882832,-0.0028445573869717664,0.0032143453819549,4.983399099131697e-06,0.00330587646012763,-0.005622832839927058,-1.3140278064684831e-05,0.0368746441968763,-0.00956878689582519,44.999993841681494,0.03250389728631621,-0.0212184798892723,42.6367568907084,0.00039542649580003036,0.0002094442173875947,0.04953774311896152,68.66992319725051,0.0005000798706634627,4.5860005635676934e-05,-0.014164535906382362,5368.735752373911,5445.945931778031,5750.933768444497,5808.6276536341065,0.0035155376497096953,0.004292266044473131,0.03881658382062629,0
5.28199999999964,0.0,0.0,1.0,45.0,0.0001553565646122647,0.0035721074480659504,1.000001685673251,-0.002832601243798127,0.0030949919579734055,4.8841011244908435e-06,0.00332014543955642,-0.005511315313703721,-1.3140374392803594e-05,0.03647301783144841,-0.009049301907455815,44.999994239446686,0.03292296401260686,-0.021003766245740182,42.692818936632456,0.0003741514933403913,0.00022006182231755836,0.04842396376322415,68.66992278731261,0.000485586732410996,4.530836531827487e-05,-0.013871598203090035,5369.455974666114,5445.235583969576,5751.611565330844,5807.956673653817,0.003575484599909594,0.004195548698410084,0.039052268911122116,0
5.301999999999638,0.0,0.0,1.0,45.0,9.885331360938416e-05,0.003632687066505941,1.000001782211412,-0.0028188020612273748,0.002974862861728842,4.7793071455225635e-06,0.003332071446842808,-0.005397658146843968,-1.3125359769103774e-05,0.03605287868967307,-0.008530656635559207,44.999994632156664,0.03331827883894708,-0.020776733237496424,42.74761925897455,0.00035280199637943433,0.0002303955544062542,0.047333232711018684,68.66992247835535,0.0004714856531612091,4.4658007251872895e-05,-0.013583835302427266,5370.1633890859985,5444.537651368513,5752.277310027462,5807.297518852015,0.003634032261420998,0.004098228513425039,0.03926551031685168,0
5.321999999999636,0.0,0.0,1.0,45.0,4.264604586926916e-05,0.003690856481124964,1.0000018765954684,-0.0028031892320914266,0.002854055401971367,4.669256066846598e-06,0.003341671307609828,-0.005281970886503141,-1.3095495618850333e-05,0.035614748680391106,-0.008013234012383297,44.99999501901618,0.03368976037197391,-0.020537684431563574,42.801184011581405,0.0003313966274103184,0.0002404404696245853,0.04626514216578063,68.66992226946249,0.00045777222987461496,4.391369325573613e-05,-0.013301189540965506,5370.858143029653,5443.852000069366,5752.931139466142,5806.65005995527,0.003691103327069155,0.004000440464547308,0.03945625916497304,0
5.341999999999634,0.0,0.0,1.0,45.0,-1.322930021745155e-05,0.0037466031873759627,1.0000019687229418,-0.0027857933449477418,0.002732666061065978,4.554190645680871e-06,0.0033489635874402956,-0.005164363065441201,-1.3051060808961212e-05,0.03515915683900752,-0.00749740972488732,44.99999539926607,0.03403734782980899,-0.020286930571712793,42.85353888387228,0.0003099537770131458,0.00025019196258121686,0.045219288938758366,68.66992215958493,0.00044444191733200773,4.308009027838722e-05,-0.013023602405835269,5371.540385771559,5443.178493950868,5753.573192435833,5806.014165608117,0.0037466270609589616,0.003902323551771356,0.03962449433316086,0
5.3619999999996315,0.0,0.0,1.0,45.0,-6.873741073638027e-05,0.003799916600665725,1.000002058496247,-0.002766646136164818,0.002610790430640681,4.434356931061686e-06,0.003353968546136951,-0.00504494411602357,-1.2992350674970084e-05,0.034686638783407206,-0.006983552048465455,44.999995772184654,0.03436100081088451,-0.020024789143301237,42.9047091061603,0.00028849159167438764,0.00025964576397706523,0.044195274511916294,68.66992214754522,0.00043149003608396164,4.216177090454763e-05,-0.012751014626533441,5372.210268242188,5442.516994899968,5754.203609371641,5805.389702585646,0.00380053880930803,0.0038040211854039486,0.03977022138057707,0
5.381999999999629,0.0,0.0,1.0,45.0,-0.00012384361867748687,0.0038507880378496253,1.000002145822751,-0.002745780441902302,0.002488523149091472,4.310003712062164e-06,0.0033567080913707707,-0.004923823285813504,-1.2919676033967644e-05,0.03419773617391601,-0.006472021689770116,44.99999613708866,0.034660699047975654,-0.019751583940699285,42.95471945504161,0.0002670279620737808,0.0002687979378251827,0.043192705093759685,68.66992223204244,0.0004189117801949545,4.1163213878659126e-05,-0.012483366262318562,5372.867942816641,5441.867363025329,5754.822532154198,5804.776535996174,0.00385277956271679,0.00370568162081274,0.039893471632918016,0
5.401999999999627,0.0,0.0,1.0,45.0,-0.00017851392540212772,0.0038992106974970013,1.0000022306148213,-0.00272323015003256,0.0023659578409557175,4.181381976117998e-06,0.0033572057317729654,-0.004801109554788694,-1.2833362200501839e-05,0.03369299617767266,-0.005963171638541249,44.99999649333435,0.03493644214794585,-0.019467644637693793,43.00359425884409,0.00024558051183516514,0.0002776448784417176,0.042211191668424214,68.66992241165705,0.0004067022247884826,4.008880464572135e-05,-0.012220596785365063,5373.513563113881,5441.229456860725,5755.430103918967,5804.17452947433,0.0039032955640945265,0.003607458445939666,0.039994301223817044,0
5.421999999999625,0.0,0.0,1.0,45.0,-0.00023271502114828154,0.0039451796389646425,1.000002312789864,-0.002699030152049562,0.002243187058163968,4.048744378552117e-06,0.0033554865295254465,-0.004676911554213023,-1.273374800144421e-05,0.03317297093776465,-0.0054573470283426325,44.99999684031816,0.035188249317711084,-0.019173306361238884,43.05135740312843,0.00022416658674165785,0.0002861833072193406,0.04125035003835959,68.66992268485583,0.00039485633339774167,3.894283590603366e-05,-0.011962645159843403,5374.147283806125,5440.603133558717,5756.026468875098,5803.583545364936,0.003952037957024981,0.0035095111243473843,0.0400727902818316,0
5.441999999999623,0.0,0.0,1.0,45.0,-0.00028641430457423944,0.003988691760316062,1.000002392270353,-0.0026732162950094222,0.002120302223178783,3.9123447242061905e-06,0.003351577052503234,-0.004551337487192797,-1.2621184793580875e-05,0.032638217047471,-0.004954885006105813,44.999997177477454,0.035416159076934524,-0.01886890926890826,43.09803233623416,0.0002028032444112435,0.0002944102691897472,0.04030980086092388,68.669923049997,0.0003833689651271204,3.7729508183804144e-05,-0.011709449917086199,5374.769260438,5439.988249074977,5756.611772133442,5803.003444898056,0.003998962469895839,0.003412005595534983,0.04012904204025681,0
5.4619999999996205,0.0,0.0,1.0,45.0,-0.00033957990134185836,0.004029745775124367,1.0000024689838451,-0.0026458253335458265,0.001997393574027663,3.7724374615382877e-06,0.003345505326021299,-0.004424495050945047,-1.2496035486542312e-05,0.03208929502994172,-0.004456114610378693,44.99999750429103,0.03562022895796272,-0.01855479813038988,43.143642074864225,0.00018150724443215694,0.0003023231293846558,0.03938916967919232,68.66992350533536,0.0003722348816285262,3.6452930408677466e-05,-0.011460949226997306,5375.379649255032,5439.384658343641,5757.18615954334,5802.434088355516,0.0040440291316222315,0.0033151149326206305,0.04016318214946419,0
5.481999999999618,0.0,0.0,1.0,45.0,-0.00039218068174134117,0.00406834218819668,1.0000025428629886,-0.0026168948820022284,0.0018745501112357827,3.6292771908042444e-06,0.0033373007842372264,-0.004296491360803841,-1.2358673571882955e-05,0.03152676882363425,-0.003961356658173724,44.99999782027945,0.03580053519351666,-0.018231321913345463,43.18820920970109,0.0001602950389549581,0.0003099195690026632,0.03848808694727262,68.66992404902744,0.0003614487538976154,3.511712050852886e-05,-0.011217080965852548,5375.978607041106,5438.7922154439975,5757.749777537854,5801.875335229254,0.004087202015259857,0.003219020055022409,0.040175357816066945,0
5.501999999999616,0.0,0.0,1.0,45.0,-0.00044418627736032373,0.004104483270258156,1.0000026138455222,-0.0025864633667214434,0.0017518595466627625,3.483118186224224e-06,0.0033269942212599372,-0.004167432875988926,-1.2209482165801891e-05,0.030951205273814345,-0.0034709236403088354,44.99999812500535,0.035957172392651705,-0.017898833373946314,43.231755911048786,0.00013918276373835553,0.00031719758138955766,0.03760618805040681,68.66992467913677,0.00035100516889338375,3.372600601427504e-05,-0.010977782780632194,5376.566290964529,5438.210773758884,5758.302772987051,5801.327044371796,0.004128449006226518,0.003123910490192986,0.040165737148425654,0
5.521999999999614,0.0,0.0,1.0,45.0,-0.0004955670968008572,0.004138173031633697,1.0000026818742602,-0.002554569978532059,0.00162940825424633,3.334213933435353e-06,0.0033146177420136933,-0.004037425327159298,-1.2048853053028646e-05,0.03036317363041829,-0.002985119625130876,44.99999841807347,0.03609025320549956,-0.017557688652379725,43.27430393449482,0.00011818622964561596,0.0003241554678410656,0.036743113320128806,68.6699253936392,0.00034089863598639524,3.2283424674433114e-05,-0.010742992150033546,5377.142858432322,5437.640186125098,5758.845293059069,5800.789074139177,0.004167741592232129,0.0030299851734300466,0.040134508424560046,0
5.541999999999612,0.0,0.0,1.0,45.0,-0.0005462943404486398,0.004169417194965544,1.0000027468970754,-0.002521254625469897,0.0015072812226543991,3.1828166819782033e-06,0.0033002047129055065,-0.003906573645772795,-1.187718575496047e-05,0.029763245052562226,-0.0025042401705102583,44.99999869913069,0.03619990797730674,-0.01720824687360554,43.315874626586485,9.732091459017379e-05,0.0003307918332362095,0.03589850804473565,68.66992619042809,0.0003311235932378267,3.079312507947559e-05,-0.010512646442287853,5377.708466952403,5437.080304976133,5759.377485088572,5800.2612825266015,0.004205054672358505,0.0029374532678737076,0.04008187942582111,0
5.5619999999996095,0.0,0.0,1.0,45.0,-0.0005963400142996096,0.004198223167004892,1.000002808866867,-0.0024865578857712596,0.001385562009845694,3.0291770146018216e-06,0.0032837897123427903,-0.0037749818952710974,-1.1694886605370765e-05,0.02915199211997225,-0.0020285722439932663,44.999998967865906,0.03628628439228153,-0.016850869753630614,43.356488930516385,7.660195592266959e-05,0.00033710558150598207,0.03507202247532012,68.66992706731975,0.00032167441351546664,2.925876729627984e-05,-0.010286682969915263,5378.263274003341,5436.530982477552,5759.899496452354,5799.743527297129,0.004240366383033961,0.002846534977535365,0.04000807678914221,0
5.581999999999607,0.0,0.0,1.0,45.0,-0.0006456769428497286,0.0042246000095157174,1.000002867741524,-0.0024505209611739506,0.0012643326995378152,2.8735434327316663e-06,0.003265408481147328,-0.0036427532041080827,-1.1502367842900932e-05,0.028529988351599707,-0.001558394150995906,44.99999922400967,0.03634954710776143,-0.016485921211552335,43.396167391812185,5.604414326183678e-05,0.0003430959109494495,0.03426331182760264,68.66992802205866,0.00031254541044727123,2.7683923511043828e-05,-0.010065039041542856,5378.80743691136,5435.992070655274,5760.411474451738,5799.235666103643,0.004273657938917131,0.0027574623140716433,0.03991334534889238,0
5.601999999999605,0.0,0.0,1.0,45.0,-0.0006942787810544941,0.004248558409328913,1.000002923483879,-0.002413185630560317,0.0011436738595802705,2.71616195942632e-06,0.0032450978729102065,-0.0035099897006377117,-1.1300046725324956e-05,0.027897807731672778,-0.0010939754709217637,44.99999946733389,0.036389877379210726,-0.016113766987611324,43.43493016402598,3.56619117597592e-05,0.000348762309400091,0.03347203627979,68.66992905232277,0.00030373084421861753,2.6072078681119485e-05,-0.009847652010904338,5379.341112734273,5435.463421517055,5760.913566201533,5798.73755660439,0.004304913486942557,0.00267047976254564,0.03979794753042274,0
5.621999999999603,0.0,0.0,1.0,45.0,-0.0007421200253653872,0.0042701106475848075,1.0000029760616538,-0.0023745942039757996,0.0010236645022287578,2.5572757590928766e-06,0.0032228958043314317,-0.0033767924498762777,-1.1088344657879982e-05,0.027256024243426415,-0.0006355770010845512,44.99999969765131,0.03640747267655631,-0.015734774267477665,43.472797014418745,1.5469335800650985e-05,0.0003541045492538281,0.032697860966679884,68.66993015572889,0.0002952249272147709,2.44266311953475e-05,-0.009634459323136184,5379.864458152075,5434.94488716748,5761.405918525231,5798.249056572344,0.004334119971990673,0.0025858447722819753,0.03966216275778918,0
5.641999999999601,0.0,0.0,1.0,45.0,-0.0007891760238511223,0.004289270568202052,1.0000030254473988,-0.002334789477054983,0.0009043820463157789,2.3971247757926044e-06,0.003198841205586811,-0.0032432613921521297,-1.0867686344969254e-05,0.026605211410740518,-0.00018345070831359315,44.99999991481492,0.03640254629236558,-0.015349311312983964,43.50978732963594,-4.51987687294142e-06,0.0003591226823630349,0.03194045597022044,68.66993132983777,0.000287021829513234,2.275089354228638e-05,-0.009425398558484458,5380.377629363874,5434.4363199166355,5761.888677856211,5797.770023998624,0.004361267012829848,0.0025038279761341806,0.03950628687455219,0
5.6619999999995985,0.0,0.0,1.0,45.0,-0.000835422985412193,0.004306053545610698,1.000003071618425,-0.0022938146858861586,0.000785902281311444,2.2359453888882563e-06,0.0031729739707635806,-0.0031094952836546947,-1.0638498963956994e-05,0.025945941847906596,0.000262160311880109,45.00000011871723,0.03637532694236967,-0.014957747099504752,43.545920121369896,-2.429239060955784e-05,0.0003638170348045366,0.03119949630672612,68.66993257215944,0.0002791156842273095,2.1048092987146797e-05,-0.009220407473526138,5380.880781990954,5433.93757238281,5762.361990144677,5797.300317190232,0.0043863467871408926,0.002424713015680274,0.039330631548891576,0
5.681999999999596,0.0,0.0,1.0,45.0,-0.0008808379880978095,0.004320476451787241,1.000003114556728,-0.002251713462344188,0.0006682993332670798,2.0739700869625167e-06,0.003145334908405213,-0.0029755916388928753,-1.0401211361333753e-05,0.025278786817731474,0.0007010218687027519,45.000000309289504,0.03632605835883073,-0.014560450960169133,43.58121403200586,-4.3835246879074024e-05,0.000368188201530101,0.030474661910942082,68.6699338801583,0.0002715005927048228,1.9321372255893825e-05,-0.009019424040012,5381.374070985627,5433.448497589403,5762.826000770105,5796.839794862301,0.004409353924577599,0.00234879582269281,0.03913552375437954,0
5.701999999999594,0.0,0.0,1.0,45.0,-0.0009253989865349152,0.004332557622629152,1.0000031542489078,-0.002208529789920177,0.0005516456326331783,1.911427160680314e-06,0.0031159656922045823,-0.002841646675071604,-1.0156253270320795e-05,0.024604315798176197,0.0011329087021669513,45.00000048650085,0.036254998877247514,-0.014157792237082138,43.61568734024762,-6.313586888997926e-05,0.0003722370409028748,0.029765637617141818,68.66993525125817,0.00026417062958524314,1.7573790228008717e-05,-0.00882238648142622,5381.857650545684,5432.968949056315,5763.280854458915,5796.388316225127,0.004430285406942536,0.0022763831818307548,0.038921305196849124,0
5.721999999999592,0.0,0.0,1.0,45.0,-0.0009690848184795184,0.004342316823706306,1.000003190686082,-0.0021643079600755905,0.0004360118839419728,1.7485404135540278e-06,0.0030849088118838288,-0.0027077552583937886,-9.904054560196e-06,0.02392309605771837,0.0015576045019998898,45.00000065035723,0.036162421016889885,-0.013750139939717831,43.649357966719776,-8.218206579735627e-05,0.0003759646691310994,0.029072113137434612,68.66993668284746,0.00025711984771710966,1.5808322636502823e-05,-0.008629233307364998,5382.331674034172,5432.498780886015,5763.726695207229,5795.9457410661535,0.004449140474667886,0.002207790380987011,0.038688331797579474,0
5.74199999999959,0.0,0.0,1.0,45.0,-0.0010118752105011228,0.004349775215426456,1.0000032238637915,-0.002119092529147079,0.0003214670373439879,1.5855288912420524e-06,0.003052207524297994,-0.0025740108522935025,-9.645044503176956e-06,0.02323569223961513,0.001974901919499242,45.00000080090045,0.03604861105564952,-0.013337862410635195,43.68224347954343,-0.0001009620365065081,0.00037937245460186337,0.028393783037452224,68.66993817228396,0.0002503422829382199,1.4027862775863712e-05,-0.008439903345817634,5382.796293904277,5432.037847844527,5764.163666208388,5795.511929827136,0.0044659205388881155,0.0021433377515192396,0.03843697320588534,0
5.7619999999995875,0.0,0.0,1.0,45.0,-0.0010537507828115504,0.004354955317651751,1.0000032537819035,-0.0020729282758272733,0.00020807826198663318,1.4226066297521142e-06,0.0030179058047984843,-0.002440505467604804,-9.379651073528112e-06,0.02254266595523393,0.002384602572467758,45.000000938207016,0.035913868599687954,-0.012921326998656458,43.714361099882545,-0.00011946437307908665,0.0003824620121237012,0.02773034670957671,68.66993971689985,0.00024383195872178088,1.2235222217578259e-05,-0.008254335773449799,5383.251661629079,5431.586005437539,5764.591909785124,5795.0867436766885,0.004480629098476675,0.002083345920303499,0.03816761228488425,0
5.781999999999585,0.0,0.0,1.0,45.0,-0.0010946930532499408,0.0043578809738029425,1.0000032804445087,-0.0020258601592456956,9.591092122198492e-05,1.2599824218748394e-06,0.0029820482988912535,-0.0023073296146692147,-9.108300270619771e-06,0.02184457538660762,0.0027865170433580434,45.00000106238688,0.035758506148357586,-0.012500899739638296,43.74572770745798,-0.00013767806374631012,0.0003852351970835734,0.027081508343864698,68.66994131400631,0.00023758289069092275,1.0433131534332244e-05,-0.008072470143964781,5383.697927635974,5431.143109981833,5765.011567326087,5794.670044578392,0.004493271661493831,0.0020281296499938925,0.037880644607507785,0
5.801999999999583,0.0,0.0,1.0,45.0,-0.0011346844404361862,0.004358577314487747,1.0000033038598137,-0.0019779332776728694,-1.49714503702009e-05,1.0978596021145787e-06,0.0029446802742238067,-0.0021745722573834367,-8.831415474364001e-06,0.021141974898361265,0.0031804648707618975,45.00000117358228,0.03558284865486744,-0.012076945044951643,43.77635984602683,-0.0001555924955351101,0.00038769409952543716,0.026446976896816358,68.66994296089831,0.0002315890910028131,8.624241030570693e-06,-0.007894246414631484,5384.135241245551,5430.709018672228,5765.422779226625,5794.261695354652,0.004503855670558824,0.0019779902427837287,0.037576478031087567,0
5.821999999999581,0.0,0.0,1.0,45.0,-0.001173708266105514,0.004357070720689507,1.0000033240400308,-0.0019291928278695667,-0.00012450716815918638,9.36435849570612e-07,0.0029058475729336454,-0.002042320769187642,-8.549416823740665e-06,0.020435414659146698,0.003566274534377588,45.00000127196631,0.035387233083158554,-0.011649825397779428,43.80627372882473,-0.0001731974565136471,0.0003898410381559719,0.025826466058131273,68.6699446548592,0.00022584457260619147,6.811121482094229e-06,-0.007719604971056537,5384.563750614715,5430.2835896442575,5765.825684833557,5793.861559746497,0.004512390431717575,0.001933206631205908,0.03725553220861152,0
5.841999999999579,0.0,0.0,1.0,45.0,-0.001211748756637342,0.004353388786551955,1.0000033410012614,-0.0018796840651021446,-0.00023263641685557888,7.759030097043723e-07,0.0028655965643900596,-0.0019106608909932167,-8.262720627270318e-06,0.019725440272712176,0.003943783433591378,45.00000135774168,0.03517200796144743,-0.011219901057328494,43.835485243968805,-0.00019048313766181996,0.00039167855428368927,0.025219694215587028,68.669946393165,0.00022034335337355407,4.9962648830844175e-06,-0.007548486650276461,5384.983602683889,5429.866682032712,5766.2204223938015,5793.4695024694765,0.004518887046428344,0.0018940254721285577,0.036918238152064055,0
5.861999999999576,0.0,0.0,1.0,45.0,-0.0012487910437919587,0.004347560281795617,1.0000033547633778,-0.0018294522638438754,-0.00033930126813617003,6.164469330275152e-07,0.0028239740983600162,-0.0017796766910476163,-7.971738799617717e-06,0.01901259241872407,0.004312837859810079,45.00000143113911,0.03493753293289101,-0.01078752977104243,43.8640099598192,-0.0002074401343723536,0.00039320940569815806,0.024626384418170368,68.669948173089,0.00021507946010991536,3.182085200883719e-06,-0.00738083276224471,5385.394943128082,5429.4581560262595,5766.607129006679,5793.085389265819,0.004523358346332856,0.0018606507776176364,0.036565037831999846,0
5.881999999999574,0.0,0.0,1.0,45.0,-0.0012848211646689508,0.004339615113800986,1.0000033653499023,-0.0017785426791810856,-0.00044444569651911557,4.582473323015167e-07,0.0027810274586277627,-0.001649450526732665,-7.676878331373357e-06,0.01829740650344825,0.004673292962682053,45.000001492416104,0.03468417830381933,-0.010353066494893254,43.891863130297324,-0.00022405944758981195,0.0003944365604947491,0.02404626433758515,68.66994999190575,0.0002100469324405837,1.3709191391481079e-06,-0.007216585109782607,5385.797916311682,5429.057872918308,5766.985940579713,5792.709086953033,0.004525818830520195,0.0018332338227333722,0.03619638375675347,0
5.901999999999572,0.0,0.0,1.0,45.0,-0.0013198260609016729,0.004329584289393275,1.0000033727878834,-0.0017270005089419203,-0.0005480155935081563,3.014776567221515e-07,0.0027368043170968095,-0.0015200630082913289,-7.378540787531347e-06,0.017580412320388494,0.005025012710345692,45.00000154185525,0.03441232458997434,-0.009916863121819837,43.9190597001589,-0.00024033248459394375,0.00039536319085017597,0.023479066228255702,68.6699518468952,0.0002052398265803013,-4.349730908617388e-07,-0.007055686007065292,5386.192665246739,5428.665695154263,5767.356991787776,5792.340463469074,0.0045262846050258924,0.001811864216629526,0.03581273860274321,0
5.92199999999957,0.0,0.0,1.0,45.0,-0.0013537935771024032,0.004317499876363127,1.0000033771077677,-0.0016748708565646516,-0.0006499587800255005,1.4630498280447166e-07,0.002691352688401995,-0.0013915929644767603,-7.07712182873145e-06,0.016862133720971065,0.005367869843845209,45.00000157976282,0.034122362061187794,-0.009479268218370723,43.94561431022034,-0.00025625105943296927,0.0003959926667565927,0.022924526885938944,68.66995373534684,0.00020065221898497537,-2.233406991589733e-06,-0.006898078296705111,5386.579331554688,5428.281486375343,5767.72041603544,5791.979387914261,0.004524773324339708,0.001796563058538997,0.035414574798740245,0
5.941999999999568,0.0,0.0,1.0,45.0,-0.0013867124585731471,0.0043033949647573195,1.0000033783432722,-0.0016221986947213103,-0.0007502250171537669,-7.1100773910485594e-09,0.0026447208850581497,-0.0012641174101163059,-6.773010771659773e-06,0.01614308829535467,0.005701745825853771,45.00000160646715,0.033814690284923135,-0.009040626769601809,43.97154130253677,-0.00027180739301366756,0.00039632854971773074,0.02238238760505359,68.66995565456324,0.00019627820988754255,-4.022272991431176e-06,-0.006743705365496168,5386.958055431218,5427.905111459099,5768.076345422362,5791.625730590038,0.004521304134723067,0.0017872789881743269,0.03500237422932996,0
5.961999999999565,0.0,0.0,1.0,45.0,-0.0014185723482973607,0.004287303627973019,1.0000033765312557,-0.0015690288297115305,-0.0008487660152083108,-1.5861345210324224e-07,0.002596957473170996,-0.0011377115155817021,-6.466590174499239e-06,0.015423787063435316,0.006026530783845764,45.00000162231722,0.03348971766909842,-0.008601279932268566,43.99685472553046,-0.0002869941128560321,0.00039637458641396216,0.021852394134829662,68.66995760186394,0.0001921119267212144,-5.7995356497411455e-06,-0.0065925111588839465,5387.328975614237,5427.536436556799,5768.424910711577,5791.279363034781,0.004515897619161424,0.0017838876764518434,0.03457662791198124,0
5.981999999999563,0.0,0.0,1.0,45.0,-0.0014493637832281576,0.004269260883688757,1.0000033717115844,-0.0015154058666405493,-0.0009455354411619775,-3.0805766998059224e-07,0.0025481112287348375,-0.0010124485781558307,-6.158235447426273e-06,0.014704734176107813,0.006342123447859703,45.00000162768082,0.033147861004600515,-0.008161564796345805,44.02156833906807,-0.0003018042525183256,0.0003961347023415822,0.021334296634377057,68.66995957458902,0.00018814752743017598,-7.563232852783972e-06,-0.006444440194212131,5387.692229354767,5427.175329127793,5768.766241300575,5790.940158056716,0.0045085757437984065,0.0017861949238651132,0.03413783562747224,0
6.001999999999561,0.0,0.0,1.0,45.0,-0.001479078189888821,0.004249302654664819,1.0000033639270018,-0.001461374175394318,-0.0010404889244450995,-4.553019040904742e-07,0.0024982310945406644,-0.0008883999952849766,-5.848314499930486e-06,0.013986426626835774,0.006648431082994813,45.00000162294318,0.03278954500789191,-0.007721814154898726,44.0456956194859,-0.0003162312506996432,0.00039561299543093,0.020827849626767186,68.6699615701023,0.0001843792036706117,-9.311475002078641e-06,-0.006299437572809279,5388.047952390587,5426.821657971021,5769.10046519499,5790.6079897641275,0.004499361805717688,0.001793943112169995,0.03368650574079136,0
6.021999999999559,0.0,0.0,1.0,45.0,-0.0015077078793016999,0.004227465729445281,1.0000033532229944,-0.001406977857423788,-0.0011335840611443465,-6.00212001813607e-07,0.0024473661377172355,-0.0007656352397045962,-5.537187410031904e-06,0.01326935397357366,0.006945369416784121,45.00000160850533,0.03241520186410421,-0.007282356282321476,44.069249764561896,-0.00033026895002730394,0.00039481372964922005,0.020332811952217325,68.66996358579482,0.0001808011839030664,-1.104244419399109e-05,-0.006157448990965833,5388.3962789225525,5426.475293253776,5769.427708984829,5790.282733592952,0.004488280381955566,0.0018068203771309946,0.033223154861472176,0
6.041999999999557,0.0,0.0,1.0,45.0,-0.0015352460412617988,0.004203787722993464,1.0000033396476578,-0.001352260713349511,-0.001224780416624727,-7.42660499212963e-07,0.0023955655079267815,-0.0006442218364253859,-5.225206125591043e-06,0.012553998071075836,0.007232862561588018,45.00000158478241,0.0320252707710042,-0.006843514720950894,44.09224369843327,-0.000343911595536191,0.00039374132859338435,0.01984894672046335,68.66996561908788,0.0001774077363780183,-1.2754393391208321e-05,-0.0060184207498524735,5388.73734159342,5426.136106537853,5769.748097823087,5789.964266331882,0.004475357279642272,0.0018244716104561852,0.03274830769937718,0
6.061999999999554,0.0,0.0,1.0,45.0,-0.001561686737971577,0.004178307037292055,1.0000033232515635,-0.001297266211396806,-0.0013140395265997316,-8.825266223226983e-07,0.0023428783962359764,-0.0005242253415653766,-4.912714191691398e-06,0.011840832813618753,0.007510842932152511,45.00000155220222,0.03162019748420863,-0.0064056080760569074,44.11469007645928,-0.0003571538328471363,0.00039240036907779637,0.01937602126240219,68.6699676674359,0.00017419317201648117,-1.444564558624161e-05,-0.0058822997644319905,5389.071271469065,5425.803970803198,5770.061755406629,5789.652466145099,0.0044606194871835425,0.0018465102977106595,0.03226249680168494,0
6.081999999999552,0.0,0.0,1.0,45.0,-0.0015870248970536772,0.004151062821938652,1.0000033040876248,-0.0012420374566708432,-0.0014013248966752254,-1.019696274034058e-06,0.0022893539946818586,-0.0004057093230128417,-4.60004650647152e-06,0.011130323888154785,0.007779251158476293,45.00000151120356,0.031200433864017402,-0.0059689498192024,44.136601290027805,-0.0003699907060510298,0.000390795574721037,0.018913807081081764,68.66996972832938,0.0001711518471864329,-1.611459295604614e-05,-0.005749033571411641,5389.39819802199,5425.47876046919,5770.368803959266,5789.347212592738,0.004444095126405887,0.0018725302533192086,0.0317662624735825,0
6.10199999999955,0.0,0.0,1.0,45.0,-0.0016112563039584753,0.004122094934766994,1.0000032822109648,-0.0011866171612801798,-0.001486602000393469,-1.1540620086649072e-06,0.0022350414565514972,-0.0002887353429035914,-4.287529103785385e-06,0.010422928537907473,0.00803803599413217,45.000001462234664,0.030766437424225513,-0.005533848099958792,44.15798947130563,-0.00038241765530705034,0.0003889318095386411,0.018462079802112084,68.6699717992975,0.0001682781663770954,-1.775969600930837e-05,-0.005618570336282847,5389.718249116985,5425.160351413653,5770.669364216865,5789.048386649192,0.004425813405599749,0.001902116486148421,0.031260152652064464,0
6.121999999999548,0.0,0.0,1.0,45.0,-0.0016343775937835035,0.004091443902523524,1.0000032576787812,-0.001131047615316318,-0.0015698382758040834,-1.2855229940337399e-06,0.0021799898573930604,-0.00017336294189536664,-3.975478960353527e-06,0.00971909533640969,0.008287154220187134,45.00000140575175,0.030318670883262757,-0.005100605565957443,44.17886649793142,-0.0003944305141623156,0.0003868140715437186,0.01802061912356792,68.6699738779106,0.00016556658477331166,-1.9379482724626485e-05,-0.0054908588594899275,5390.031550998864,5424.848620989704,5770.963555414439,5788.75587071936,0.0044058045734042175,0.0019348546645321025,0.030744722781282593,0
6.141999999999546,0.0,0.0,1.0,45.0,-0.0016563862425219497,0.004059150881628519,1.000003230550217,-0.0010753706586961935,-0.001651003120589466,-1.4139849614518511e-06,0.0021242481567753414,-5.9649625221073425e-05,-3.6642038284680546e-06,0.009019263971979578,0.008526570544866963,45.00000134221737,0.02985760171800664,-0.004669519191249316,44.199243997650825,-0.00040602550659898793,0.00038444748636221515,0.017589208765449928,68.66997596178265,0.000163011610729426,-2.0972547681115047e-05,-0.005365848581773258,5390.338228282127,5424.54344804055,5771.251495275097,5788.469548652929,0.00438409987348558,0.0019703388939810106,0.030220535864844095,0
6.161999999999543,0.0,0.0,1.0,45.0,-0.0016772805577575513,0.004025257619050323,1.0000032008862283,-0.001019627653873536,-0.0017300678857727083,-1.539360144298814e-06,0.002067865160811555,5.234914949846974e-05,-3.3540020984768878e-06,0.008323865042619984,0.008756257499110506,45.00000127209904,0.029383701720599793,-0.004240880112939777,44.21913335289363,-0.00041719924381773953,0.00038183730086666155,0.017167636418767708,68.66997804857336,0.0001606078081461013,-2.253755118084047e-05,-0.0052434895887268395,5390.638403942496,5424.244712912338,5771.53330000075,5788.189305756793,0.0043607314999695645,0.002008177734055269,0.029688162441468487,0
6.181999999999541,0.0,0.0,1.0,45.0,-0.0016970596688233245,0.003989806413320751,1.0000031687494566,-0.0009638594594242884,-0.0018070058680365834,-1.661567206151997e-06,0.0020108894854624737,0.00016257998270238902,-3.0451626782037995e-06,0.007633319861320228,0.008976195328159017,45.00000119586766,0.028897446558596954,-0.0038149734760586644,44.23854570529207,-0.00042794872076518,0.0003789888768327644,0.01675569369430516,68.66998013599022,0.0001583497987505995,-2.4073218363070137e-05,-0.005123732614608644,5390.9321993102,5423.952297465129,5771.809084264508,5787.915028805693,0.004335732553594058,0.0020479985413681106,0.029148180719353354,0
6.201999999999539,0.0,0.0,1.0,45.0,-0.001715723516441661,0.0039528400757191376,1.0000031342040996,-0.0009081064045105365,-0.001881792300682637,-1.7805311590068076e-06,0.0019533695206331186,0.0002709915416193114,-2.737964901658306e-06,0.006948040271731971,0.009186371879326301,45.00000111399622,0.02839931533875664,-0.003392078286619693,44.25749196014019,-0.00043827131241123,0.00037590768462346337,0.016353176071125564,68.66998222179053,0.00015623226428158698,-2.5578338311415e-05,-0.005006529045441187,5391.219734064927,5423.666085082115,5772.078961204668,5787.646606051164,0.004309136998555227,0.0020894503284626595,0.02860117665571889,0
6.221999999999537,0.0,0.0,1.0,45.0,-0.0017332728418633966,0.003914401891651868,1.0000030973157852,-0.000852408264226484,-0.0019544043432599746,-1.8961832707500246e-06,0.0018953533950760663,0.0003775345673005131,-2.432678456446624e-06,0.006268428474182572,0.009386782486094177,45.00000102695827,0.02788979017478384,-0.0029724672728185996,44.275982790794586,-0.00044816476978682367,0.0003725992969038761,0.01595988284487058,68.66998430378312,0.00015424994858125022,-2.7051763151974092e-05,-0.004891830921441514,5391.501126232364,5423.38596067715,5772.343042420205,5787.383927228875,0.0042809796200255395,0.00213220537973856,0.02804774424205378,0
6.241999999999535,0.0,0.0,1.0,45.0,-0.0017497091755235333,0.0038745355822536963,1.0000030581514487,-0.0007968042358294619,-0.0020248210698936555,-2.0084609652559307e-06,0.0018368889421139863,0.00048216187997943507,-2.12956333621707e-06,0.005594876861983978,0.009577429848679302,45.000000935226666,0.027369355759319557,-0.002556406754313128,44.29402864301465,-0.0004576272157857771,0.00036906938239187936,0.015575617075905124,68.66998637982998,0.00015239765959360955,-2.8492407144797325e-05,-0.004779590938810082,5391.7764921822,5423.1118107006905,5772.601437967708,5787.126883564446,0.004251295982327215,0.0021759598776715785,0.027488485767072746,0
6.261999999999532,0.0,0.0,1.0,45.0,-0.0017650348252313353,0.0038332852662365064,1.0000030167792109,-0.0007413329158580016,-0.002093023456343202,-2.1173077131610493e-06,0.0017780236661927152,0.0005848283827811767,-1.82886981447147e-06,0.004927767867986287,0.00975832391121571,45.0000008392722,0.02683849894046601,-0.002144156519522224,44.31163973924439,-0.00046665714074228825,0.00036532369964819227,0.015200185537356548,68.66998844784764,0.00015067027127292076,-2.9899245767371548e-05,-0.004669762450917704,5392.045946627569,5422.843523144223,5772.854256359643,5786.875367777808,0.004220122387749211,0.0022204337783256053,0.026924012184663053,0
6.28199999999953,0.0,0.0,1.0,45.0,-0.001779252863912559,0.003790695422010599,1.0000029732682563,-0.0006860322781384619,-0.0021589943658220007,-2.222672915086906e-06,0.0017188047102756382,0.0006854910638063386,-1.5308384322791781e-06,0.004267473821319801,0.009929481735698109,45.00000073956238,0.026297708303124598,-0.0017359697108770623,44.3288260828339,-0.00047525339778946545,0.0003613680909110451,0.014833398663094783,68.6699905058087,0.00014906272540206553,-3.1271314791504244e-05,-0.004562299468916887,5392.309602625821,5422.580987543248,5773.101604563928,5786.629274086194,0.004187495835999993,0.0022653701460410127,0.02635494361105726,0
6.301999999999528,0.0,0.0,1.0,45.0,-0.0017923671169215959,0.003746810850102917,1.000002927688718,-0.000630939652680802,-0.002222718533608707,-2.324511777512258e-06,0.0016592788240890563,0.0007841089966142373,-1.2357000124480833e-06,0.003614356814262137,0.010090927372829298,45.00000063656017,0.025747473755414713,-0.001332092717952388,44.34559746220158,-0.0004834151980073538,0.00035720847597600066,0.014475070495697122,68.66999255174288,0.00014757003332288687,-3.260770935172692e-05,-0.004457156661813197,5392.567571580552,5422.324094978926,5773.343588004696,5786.388498205816,0.00415345398429211,0.002310534121870442,0.025781909852557777,0
6.321999999999526,0.0,0.0,1.0,45.0,-0.001804382148941313,0.0037016766358960403,1.0000028801115626,-0.0005760917054636012,-0.002284182550482233,-2.422785182203221e-06,0.0015994923332277062,0.0008806433391314243,-9.436756917152939e-07,0.0029687685791612065,0.010242691729916762,45.00000053072288,0.025188286120434167,-0.0009327650784009813,44.36196345493629,-0.0004911421053672175,0.0003528508461276548,0.014125018634439193,68.6699945837381,0.00014618727757823857,-3.3907583007906755e-05,-0.0043542893560209826,5392.819963244811,5422.0727380784,5773.580310564218,5786.152937352306,0.004118035108058127,0.0023557116646396943,0.025205551136142874,0
6.341999999999524,0.0,0.0,1.0,45.0,-0.001815303250488369,0.003655338112711126,1.0000028306084778,-0.0005215244191076047,-0.002343374845012178,-2.5174595497893095e-06,0.0015394911091284056,0.0009750573310120518,-6.549769648522248e-07,0.002331050375337202,0.010384812435960837,45.00000042250095,0.024620636733610576,-0.0005382193866090067,44.37793343184034,-0.0004984340314811471,0.00034830125812669696,0.013783064183351124,68.66999659994153,0.0001449096134694567,-3.517014680082587e-05,-0.004253653534438358,5393.0668857254495,5421.82681101394,5773.811874585902,5785.922490240004,0.004081278062300648,0.002400708170845419,0.024626518906559706,0
6.361999999999521,0.0,0.0,1.0,45.0,-0.0018251364240417626,0.003607840825257327,1.0000027792517627,-0.0004672730744364009,-0.0024002856647367446,-2.608506697335867e-06,0.0014793205399192158,0.001067316289477263,-3.6980574933425173e-07,0.00170153288588202,0.010517333704077378,45.00000031233695,0.024045017045882817,-0.00014868120998722954,44.39351656091274,-0.0005052912301641186,0.00034356582825332166,0.013449031699375953,68.66999859856027,0.00014373227052911274,-3.639466830084002e-05,-0.004155205835061134,5393.308445488514,5421.5862095009115,5774.0383808782935,5785.697057080104,0.004043222243582189,0.002445347051594344,0.024045476723730516,0
6.381999999999519,0.0,0.0,1.0,45.0,-0.0018338883698123358,0.0035592304934695873,1.0000027261142228,-0.0004133722329223127,-0.0024549070562605805,-2.6959036915810433e-06,0.001419025502150742,0.0011573876036614274,-8.835446725830606e-08,0.001080536124268423,0.010640306191397171,45.00000020066461,0.023461918232945408,0.00023563098719218978,44.408721811273004,-0.0005117142918155178,0.00033865072641263015,0.013122749140665253,68.67000057786207,0.00014265055390951344,-3.75804706503859e-05,-0.004058903549166004,5393.544747365628,5421.350830794655,5774.259928720069,5785.476539577781,0.004003907552663456,0.002489468321896441,0.023463101439610223,0
6.401999999999517,0.0,0.0,1.0,45.0,-0.0018415664711709068,0.003509552976756059,1.0000026712690655,-0.0003598557200148348,-0.0025072328443051578,-2.779632697218281e-06,0.001358650333415225,0.00124524072749378,1.8919386120421148e-07,0.00046836935067434276,0.01075378685658326,45.00000008790777,0.022871830810775828,0.0006145059125068221,44.42355795702602,-0.0005177041376285491,0.00033356217030452913,0.012804047815044687,68.67000253617587,0.000141659845690186,-3.872693160025177e-05,-0.003964704619086953,5393.775894561322,5421.120573686357,5774.4766158659095,5785.260840928312,0.0039633743578012665,0.002532927239607932,0.022880084406774914,0
6.421999999999515,0.0,0.0,1.0,45.0,-0.001848178779752652,0.0034588542386757275,1.0000026147898005,-0.0003067566093483739,-0.0025572586097445333,-2.8596808220446204e-06,0.001298238805858531,0.0013308471711444688,4.626655098623193e-07,-0.00013466900207635514,0.010857838815107247,44.99999997447955,0.022275244257658068,0.0009877395067420718,44.43803358106771,-0.0005232620136352169,0.00032830641966122666,0.012492762328680527,68.67000447189231,0.00014075560610402984,-3.9833482540638736e-05,-0.003872567635609247,5394.001988661227,5420.895338497945,5774.688538553228,5785.049865812266,0.003921663458719877,0.002575593017591455,0.02229713290778286,0
6.441999999999513,0.0,0.0,1.0,45.0,-0.0018537340002552781,0.0034071803120661695,1.0000025567501425,-0.0002541072078254542,-0.0026049816666594973,-2.936039958191665e-06,0.0012378341005891303,0.0014141804910645876,7.318959229097481e-07,-0.0007282913930619781,0.010952531192423526,44.99999986078147,0.021672646642903616,0.0013551349979960788,44.45215707883214,-0.0005283894845938724,0.00032288977055521933,0.012188730534976149,68.67000638346393,0.00013993337468419384,-4.0899607525436367e-05,-0.0037824518350017947,5394.223129641089,5420.675027076057,5774.895791509699,5784.843520389821,0.003878816051271966,0.0026173476225048093,0.021714971864606306,0
6.46199999999951,0.0,0.0,1.0,45.0,-0.0018582414749484472,0.0033545772646407152,1.000002497223917,-0.000201939041570948,-0.002650401038443323,-3.0087066213649813e-06,0.0011774787829877016,0.001495216278650408,9.96729585030124e-07,-0.0013122212284097216,0.011037938975181275,44.999999747202715,0.021064524262464582,0.0017165029486374743,44.46593666198008,-0.0005330884277278479,0.0003173185497811422,0.011891793483725894,68.67000826940541,0.00013918877133253855,-4.1924842292302895e-05,-0.0036943170957127627,5394.439415876567,5420.459542785178,5775.098467961533,5784.64171229423,0.0038348736928079203,0.0026580846663354367,0.021134345621444537,0
6.481999999999508,0.0,0.0,1.0,45.0,-0.001861711167911823,0.0033010911650736253,1.0000024362849698,-0.00015028284275236313,-0.002693517432992423,-3.0776817870525316e-06,0.0011172147789200203,0.001573932147562397,1.257019874511175e-06,-0.0018861929071563909,0.011114142860611501,44.99999963411935,0.020451361281621942,0.0020716612952240776,44.47938036202961,-0.000537361026321512,0.00031159910931467105,0.011601795370551912,68.67001012829382,0.00013851749731102255,-4.290877327742161e-05,-0.0036081239347452486,5394.650944153739,5420.248790499971,5775.296659642465,5784.444350624539,0.0037898782682744842,0.0026977083917252816,0.020556020004515962,0
6.501999999999506,0.0,0.0,1.0,45.0,-0.0018641536490189962,0.0032467680495911967,1.00000237400708,-9.916853726056046e-05,-0.0027343332170153205,-3.142970725333137e-06,0.001057083351855187,0.001650307719730106,1.5126289078212794e-06,-0.0024499518579429985,0.011181229104226085,44.9999995218937,0.019833639384924415,0.0024204353814933836,44.492496033928845,-0.0005412097631822093,0.0003057378208493185,0.01131858348664802,68.67001195876837,0.00013791533615700713,-4.3851036625230325e-05,-0.003523833503737949,5394.857809680279,5420.042676596818,5775.490456803377,5784.251345937527,0.0037438719570661973,0.0027361327487387616,0.01998078472241396,0
6.521999999999504,0.0,0.0,1.0,45.0,-0.001865580077684433,0.0031916538890860817,1.0000023104638756,-4.8625233244853644e-05,-0.0027728523894935083,-3.204582834416921e-06,0.0009971250808904918,0.0017243246100745514,1.7634273783478569e-06,-0.0030032545666685427,0.011239289365964685,44.99999941087377,0.019211837433542562,0.0027626579845394994,44.50529135957109,-0.0005446374139755409,0.00029974107041577625,0.011042008168852903,68.67001375953046,0.00013737815452451814,-4.475131719384548e-05,-0.003441407584765279,5395.060106097262,5419.841108944697,5775.679948222555,5784.062610239004,0.003696897200655529,0.0027732805585766324,0.01940945586010517,0
6.5419999999995015,0.0,0.0,1.0,45.0,-0.0018660021863904632,0.0031357945567714036,1.0000022457287523,1.318789504140444e-06,-0.0028090805543277393,-3.262531473483169e-06,0.0009373798396835998,0.0017959664099799848,2.009294381251856e-06,-0.003545868595231841,0.0112884205549241,44.99999930139261,0.018586431130195168,0.0030981693342929766,44.51777385125327,-0.0005476470404407253,0.0002936152530852945,0.01077192275007388,68.67001552934344,0.00013690190295157685,-4.560934755640702e-05,-0.003360808585879245,5395.2579254915545,5419.6439968953755,5775.865221216513,5783.878056974428,0.003648996671030104,0.0028090827584853406,0.018842878635610245,0
6.561999999999499,0.0,0.0,1.0,45.0,-0.0018654322640111825,0.0030792357963905902,1.0000021798747973,5.063608933102974e-05,-0.002843024892203419,-3.3168337948000016e-06,0.0008778867762919707,0.0018652186695474805,2.2501172350054674e-06,-0.004077572591495761,0.011328724672803698,44.999999193767906,0.017957892691794222,0.003426817126424405,44.52995085507762,-0.0005502419834943669,0.0002873667677604795,0.010508183510080487,68.67001726703238,0.00013648261655582205,-4.642490699899167e-05,-0.0032819995364077492,5395.451358408749,5419.451251272986,5776.0463616513425,5783.697601018937,0.0036002132399680455,0.0028434777214913125,0.018281930562052073,0
6.581999999999497,0.0,0.0,1.0,45.0,-0.0018638831389500028,0.0030220231909981778,1.0000021129747136,9.930007165920701e-05,-0.0028746941317086805,-3.367510576097256e-06,0.0008186842939187785,0.0019320688786629617,2.485791296081138e-06,-0.0045981562906115695,0.01136030865619857,44.99999908830153,0.017326690529947245,0.003748456528793132,44.541829554297266,-0.0005524258562292613,0.00028100201205418586,0.010250649626686386,68.67001897148354,0.00013611641565896724,-4.719782051462565e-05,-0.003204944082026205,5395.640493866581,5419.2627843630235,5776.223453954563,5783.521158666806,0.0035505899491852146,0.0028764106444037728,0.01772752466856116,0
6.601999999999495,0.0,0.0,1.0,45.0,-0.0018613681621074145,0.002964202132326156,1.0000020451007516,0.0001472849971095042,-0.0029040985197388023,-3.414586053300212e-06,0.0007598100325639949,0.0019965064469127493,2.7162197620326945e-06,-0.005107420507845628,0.011383284217871515,44.99999898527921,0.016693288939445522,0.004062950181566155,44.553416972605866,-0.000554202536815278,0.00027452737726004465,0.00999918312733628,68.67002064164413,0.000135799506341425,-4.792795779441043e-05,-0.0031296064796222747,5395.825419368826,5419.078509900815,5776.396581127442,5783.3486476203825,0.003500169981391068,0.0029078329976325265,0.017180612882069155,0
6.621999999999493,0.0,0.0,1.0,45.0,-0.0018579011896953741,0.002905817790749766,1.00000197632464,0.0001945659888025754,-0.002931249791220606,-3.458087754528471e-06,0.0007013008515785394,0.0020585226823800055,2.941313478139709e-06,-0.005605177123054867,0.01139776768713303,44.99999888497012,0.01605814779485859,0.004370168191132905,44.5647199773724,-0.0005555761613113742,0.0002679492434159458,0.009753648841113571,68.67002227652154,0.0001355281809292619,-4.861523221561622e-05,-0.003055951591962876,5396.006220919624,5418.898343059484,5776.565824757717,5783.179986978533,0.0034489966322929946,0.0029377020306526136,0.0166421897730027,0
6.6419999999994905,0.0,0.0,1.0,45.0,-0.0018534965659145384,0.002846915085865969,1.0000019067175212,0.0002411190388539197,-0.0029561611381903117,-3.498046334678706e-06,0.0006431928131189948,0.0021181107693556247,3.160990735366017e-06,-0.006091249056960003,0.011403879849457595,44.999998787626716,0.015421722255346038,0.004669988117946952,44.57574528282099,-0.0005565511163928242,0.0002612739744635545,0.009513914351183289,68.67002387518286,0.00013529881841296308,-4.925959982801832e-05,-0.002983944882183835,5396.182983038178,5418.722200437454,5776.731265032728,5783.015097224631,0.003397113283592399,0.0029659803273407994,0.01611329593220814,0
6.661999999999488,0.0,0.0,1.0,45.0,-0.001848169105510387,0.002787538657697166,1.0000018363498935,0.0002869210140711041,-0.00297884717825838,-3.534495411903854e-06,0.0005855211664994794,0.002175265744997474,3.37517706175436e-06,-0.006565470239370552,0.011401745785462089,44.99999869348453,0.014784462477789796,0.004962294958422674,44.586499453156485,-0.0005571320320035543,0.0002545079135041997,0.009279849947683525,68.67002543675422,0.00013510788480073282,-4.98610583375558e-05,-0.0029135524081116576,5396.355788773835,5418.550000045521,5776.892980752909,5782.853900214116,0.0033445633770195046,0.002992635405857406,0.015595021688169501,0
6.681999999999486,0.0,0.0,1.0,45.0,-0.0018419340762240906,0.0027277328385320425,1.0000017652915498,0.00033194966086297464,-0.002999323922494697,-3.567471405770836e-06,0.0005283203334369281,0.0022299844749720773,3.5838050183490357e-06,-0.007027685569517998,0.01139149470937174,44.99999860276196,0.014146813338340202,0.005246981121021686,44.59698890563647,-0.00055732377393897,0.0002476573781544163,0.009051328581077846,68.67002696041995,0.00013495193340704712,-5.041964608901347e-05,-0.0028447408164352294,5396.524719721473,5418.381661293539,5777.05104934561,5782.696319161685,0.0032913903894578995,0.0030176393582150023,0.015088510120478687,0
6.701999999999484,0.0,0.0,1.0,45.0,-0.001834807181153762,0.002667541625414785,1.0000016936115275,0.0003761836093711912,-0.003017608742767342,-3.5970133780469096e-06,0.00047162389418525195,0.002282265628112954,3.7868139845948067e-06,-0.0074777508686570265,0.011373259807096168,44.999998515660245,0.013509214162461392,0.005523946396662078,44.60721991358994,-0.0005571314363672518,0.00024072865600126853,0.008828225815979654,68.67002844542182,0.00013482760507753678,-5.0935441046601834e-05,-0.0027774773367349693,5396.689856037199,5418.217104976747,5777.205546879215,5782.542278628089,0.0032376378092143,0.0030409685251397587,0.014594959762968695,0
6.721999999999482,0.0,0.0,1.0,45.0,-0.0018268045410415362,0.0026070086532932113,1.0000016213780536,0.000419602376834678,-0.0030337203385680817,-3.623162875601467e-06,0.00041546457455344187,0.0023321096501301387,3.9841499498217096e-06,-0.007915532825097903,0.011347178074037715,44.9999984323634,0.012872098463553002,0.005793097923585804,44.6171986093836,-0.0005565603342949521,0.0002337280001606315,0.008610419785458978,68.67002989105818,0.00013473162835174837,-5.140855977433163e-05,-0.002711729775386963,5396.8512764543075,5418.056253261742,5777.356548077546,5782.391704506632,0.0031833491134939085,0.00306260320227681,0.014115626150424651,0
6.7419999999994795,0.0,0.0,1.0,45.0,-0.001817942676501693,0.0025461771688357364,1.0000015486584983,0.0004621863701980508,-0.0030476787033575253,-3.6459637761790143e-06,0.00035987423380199777,0.0023795187364054103,4.175765301812727e-06,-0.00834090893183574,0.011313390152751459,44.999998353038265,0.012235893690216486,0.006054350146822097,44.62693098733579,-0.0005556159959842566,0.00022666162493930367,0.008397791145840905,68.67003129668302,0.00013466081956488838,-5.1839156415773416e-05,-0.0026474665093490033,5397.009058299494,5417.899029672181,5777.504126334507,5782.244524009346,0.003128567747147191,0.003082527374208981,0.0136518222148367,0
6.761999999999477,0.0,0.0,1.0,45.0,-0.0018082384902048212,0.0024850900049264127,1.0000014755193307,0.0005039168879754486,-0.003059505090462716,-3.6654621374476015e-06,0.00030488385341158233,0.0024244968039079245,4.361618610530202e-06,-0.00875376741694512,0.011272040170574954,44.999998277834436,0.011601020982226597,0.006307624772385108,44.63642290657928,-0.0005543041553292197,0.00021953570160141892,0.008190223032004076,68.67003266170506,0.00013461208288969824,-5.222742167363552e-05,-0.0025846564798437275,5397.163277509257,5417.745359074191,5777.648353728971,5782.100665652896,0.003073337102759908,0.0031007284731441437,0.013204916425552495,0
6.781999999999475,0.0,0.0,1.0,45.0,-0.0017977092490327915,0.0024237895558466335,1.0000014020260761,0.0005447761213814139,-0.003069221978559697,-3.681706048867496e-06,0.00025052352671724024,0.002467049462265009,4.541674419095607e-06,-0.009154007166911251,0.011223275577343901,44.999998206884584,0.010967894935260134,0.006552850716344043,44.645680093872826,-0.0005526307441952657,0.00021235635424169194,0.007987601013186955,68.67003398558664,0.00013458241031951044,-5.257358178933541e-05,-0.0025232691859438374,5397.314008646529,5417.595167661519,5777.789301039849,5781.960059244233,0.0030177005021649154,0.0031171971594784807,0.012776328554258457,0
6.801999999999473,0.0,0.0,1.0,45.0,-0.0017863725662190556,0.0023623177531514475,1.0000013282432763,0.0005847471547409819,-0.0030768530367734793,-3.6947454874118417e-06,0.00019682244940103356,0.002507183984023047,4.715903032940924e-06,-0.009541537643071234,0.011167246983308184,44.99999814030443,0.010336923374426266,0.00678996404890752,44.65470814636256,-0.0005506018847320837,0.00020512965576631367,0.007789813049308431,68.67003526784276,0.0001345688815947502,-5.2877897523747755e-05,-0.00246327467807759,5397.461324917438,5417.448382940489,5777.9270377613475,5781.82263586602,0.0029617011794616887,0.003131927121761308,0.012367521824725612,0
6.821999999999471,0.0,0.0,1.0,45.0,-0.0017742463834885618,0.0023007160422477877,1.0000012542344547,0.0006238139651912575,-0.0030824230894274263,-3.704632176894426e-06,0.00014380891083546894,0.002544909274133208,4.8842803092465e-06,-0.009916278791340665,0.011104107997360575,44.999998078192995,0.009708507136634396,0.007018907933662733,44.663512534294036,-0.0005482238816625737,0.00019786162398271936,0.0075967494478089365,68.67003650803994,0.000134568664072361,-5.3140663138962914e-05,-0.0024046435514555597,5397.605298188241,5417.304933714739,5778.061632118385,5781.688327861852,0.0029053822656377993,0.00314491489387273,0.011979990768867889,0
6.8419999999994685,0.0,0.0,1.0,45.0,-0.0017613489532113114,0.002239025359681261,1.0000011800620818,0.0006619614216872613,-0.003085958080473945,-3.7114194504246458e-06,9.151028626946066e-05,0.002580235838696999,5.046787449689743e-06,-0.010278160945404003,0.011034015065688348,44.99999802063285,0.009083039861828087,0.007239632562111285,44.67209860367414,-0.0005455032145572749,0.00019055821779802903,0.007408302821017172,68.67003770579518,0.00013457901254156722,-5.336220538113641e-05,-0.002347346939433475,5397.745999002372,5417.164750069776,5778.193151082157,5781.557068821295,0.0028487867748957446,0.0031561596874808144,0.011615243973540888,0
6.861999999999466,0.0,0.0,1.0,45.0,-0.001747698820583332,0.002177286111137546,1.0000011057875458,0.000699175283324902,-0.003087485037638061,-3.715162118047772e-06,3.9953029848353513e-05,0.002613175753006465,5.203410796377518e-06,-0.010627124723547574,0.010957127310956605,44.99999796769047,0.008460907793106544,0.0074520950836446,44.680471578885744,-0.0005424465300983742,0.00018322533352916817,0.007224368044047201,68.67003886077467,0.0001345972689851127,-5.3542882465754764e-05,-0.0022913565068163996,5397.883496597584,5417.0277633574005,5778.3216603858,5781.4287935647635,0.00279195759279881,0.0031656632380720664,0.011274780759876202,0
6.881999999999464,0.0,0.0,1.0,45.0,-0.0017333148058485792,0.002115538150163777,1.0000010314711227,0.0007354421969943616,-0.0030870320363050987,-3.7159163373682558e-06,-1.0837331541173399e-05,0.00264374262891385,5.3541416276342875e-06,-0.010963120919316862,0.010873606372129143,44.999997919416344,0.00784248958574596,0.007656259531101873,44.68863656525327,-0.0005390606343399025,0.0001758688013237016,0.007044842213229651,68.67003997269273,0.00013462086228850818,-5.3683083064856115e-05,-0.002236644443116021,5398.017858923192,5416.893906179968,5778.447224540171,5781.303438128253,0.002734937466360968,0.0031734296630503917,0.010960061710282284,0
6.901999999999462,0.0,0.0,1.0,45.0,-0.0017182159865750083,0.002053820757614702,1.0000009571719526,0.0007707496943773916,-0.0030846281631835017,-3.713739490155765e-06,-6.0836203610821764e-05,0.00267195158156557,5.498975965028441e-06,-0.011286110386181354,0.010783616245031713,44.99999787584556,0.0072281561251279726,0.007852096742054584,44.69659855156206,-0.0005353524849716081,0.00016849438169302416,0.006869624605080299,68.67004104131061,0.0001346473078986823,-5.378322529712487e-05,-0.002183183455766,5398.149152657386,5416.763112374569,5778.569906849708,5781.180939747962,0.002677768996218513,0.003179465330578188,0.010672472244615532,0
6.92199999999946,0.0,0.0,1.0,45.0,-0.0017024216799977913,0.0019921726218277707,1.0000008829480154,0.0008050861883022104,-0.0030803034797733182,-3.708690060972081e-06,-0.00011001992920492496,0.0026978191955350566,5.637914373862683e-06,-0.01159606391639043,0.010687323123759189,44.99999783699805,0.0066182703535728315,0.008039584275960564,44.704362412530294,-0.0005313291835897704,0.0001611077621578342,0.006698616635808859,68.67004206643524,0.00013467420743205346,-5.384375572095594e-05,-0.0021309467633018222,5398.277443224572,5416.635316997077,5778.689769428362,5781.061236844785,0.0026204946310351093,0.003183778737990529,0.01041328082957253,0
6.9419999999994575,0.0,0.0,1.0,45.0,-0.0016859514254423719,0.0019306318195307071,1.0000008088561099,0.0008384409684699856,-0.003074088985670719,-3.700827522020535e-06,-0.00015836579203961515,0.002721363490389143,5.770961774742066e-06,-0.011892962114206564,0.010584895243027172,44.999997802879015,0.0060131871060700465,0.008218706327332204,44.71193291123512,-0.0005269979679829141,0.00015371455400722304,0.006531721821369849,68.670043047918,0.0001346992482344266,-5.386514833122919e-05,-0.0020799080885172514,5398.402794812759,5416.510456306152,5778.806873215566,5780.944269008751,0.0025631566643074745,0.0031863803987526767,0.01018359232131148,0
6.961999999999455,0.0,0.0,1.0,45.0,-0.0016688249668397684,0.0018692357974845158,1.0000007349518358,0.000870804196567072,-0.0030660165817384235,-3.6902122216375367e-06,-0.00020585201965769482,0.0027426038857223936,5.8981272586204736e-06,-0.01217679526370228,0.010476502721565402,44.99999777347946,0.005413252954890237,0.008389453635063172,44.71931470149346,-0.0005223662044374018,0.00014632028917147363,0.006368845738057367,68.67004398565356,0.00013472020289377357,-5.3847903559925524e-05,-0.002030041651597579,5398.525270390975,5416.38846774716,5778.921277992272,5780.829976983359,0.0025057972337560615,0.0031872827370536226,0.00998429967462249,0
6.981999999999453,0.0,0.0,1.0,45.0,-0.0016510622353462577,0.0018080213548642783,1.0000006612895773,0.0009021669007773882,-0.0030561190331715622,-3.676905277536344e-06,-0.00025245778561032114,0.0027615611656936307,6.019423904110117e-06,-0.01244756319130838,0.010362317406648643,44.99999774877655,0.004818806063056933,0.008551823388057257,44.726512330197956,-0.0005174413800683021,0.0001389304172083873,0.006209895983644554,68.67004487957848,0.00013473492870657154,-5.379254728096268e-05,-0.0019813221632417888,5398.644931726664,5416.269289936057,5779.033042396969,5780.718302649887,0.0024484583235039447,0.0031864999892364946,0.009816036607104468,0
7.001999999999451,0.0,0.0,1.0,45.0,-0.0016326833320792714,0.0017470246263795093,1.0000005879224887,0.0009325209697094749,-0.0030444299324881284,-3.660968474708648e-06,-0.0002981632108770572,0.0027782574430988073,6.134868599603781e-06,-0.012705275123301994,0.010242512719858278,44.99999772873421,0.004230176046648863,0.008705819127303591,44.733530239608505,-0.0005122310951811077,0.0001315503024041979,0.006054782139068554,68.67004572967014,0.0001347413670997282,-5.3699629819838645e-05,-0.0019337248177745442,5398.761839403099,5416.1528626432455,5779.1422239417525,5780.609189011627,0.002391181769267822,0.0031840481113619722,0.009679136121354475,0
7.021999999999449,0.0,0.0,1.0,45.0,-0.0016137085109810534,0.0016862810661352637,1.000000514902482,0.0009618591457529698,-0.0030309836624727534,-3.642464167856001e-06,-0.0003429493645361204,0.0027927161230141048,6.244481876855797e-06,-0.012949949538423367,0.010117263504165697,44.999997713303586,0.0036476838458980054,0.008851450644542128,44.74037276960071,-0.0005067430556694519,0.0001241852209891168,0.005903415730660935,68.67004653594536,0.00013473754300866584,-5.356972496855081e-05,-0.0018872252862592318,5398.876052836741,5416.039126777404,5779.248879028369,5780.502580178132,0.002334009266807554,0.0031799446922848506,0.009573597848184347,0
7.0419999999994465,0.0,0.0,1.0,45.0,-0.0015941581618213248,0.0016258254322346186,1.000000442280217,0.0009901750178794397,-0.0030158153591021155,-3.621455188646906e-06,-0.00038679826369711215,0.0028049618660429326,6.348287741067425e-06,-0.013181614015811173,0.009986745872425854,44.99999770242361,0.0030716416050414323,0.008988733877662549,44.747044159871024,-0.0005009850654550777,0.00011684035846689637,0.005755710192923243,68.67004729845915,0.00013472156421340945,-5.340342900569035e-05,-0.0018417997096114758,5398.987630294595,5415.928024369332,5779.353062964238,5780.398421349412,0.0022769823839051146,0.003174208871698026,0.009499069369226931,0
7.061999999999444,0.0,0.0,1.0,45.0,-0.0015740527933499025,0.0015656917721225848,1.000000370105092,0.0010174630139025388,-0.002998960874479816,-3.598004757189301e-06,-0.0004296928727087131,0.002815020551200288,6.446313511543015e-06,-0.013400305078445961,0.009851137057367475,44.99999769602151,0.002502352560879134,0.00911769080298023,44.75354855209976,-0.0004949650189729896,0.00010952080705918854,0.005611580831847148,68.67004801730357,0.0001346916206334419,-5.3201359722659694e-05,-0.0017974246917227712,5399.0966289114895,5415.819498555793,5779.454829978487,5780.296658800165,0.0022201425761700015,0.003166861262663493,0.009454842868462777,0
7.081999999999442,0.0,0.0,1.0,45.0,-0.0015534130166099237,0.0015059134086709643,1.0000002984252374,0.0010437183922127077,-0.0029804567398082136,-3.572176398198924e-06,-0.0004716171016541955,0.0028229192384676316,6.538589670175538e-06,-0.013606068032291984,0.00971061526316397,44.99999769401351,0.001940110939984406,0.009238349324531414,44.759889992072445,-0.0004886908937087744,0.00010223156326499917,0.005470944788777839,68.67004869260631,0.00013464598358248187,-5.2964155456378655e-05,-0.0017540772925970344,5399.203104707329,5415.713493563372,5779.554233237905,5780.19723986398,0.002163531206996046,0.003157923878207881,0.009439869090799496,0
7.10199999999944,0.0,0.0,1.0,45.0,-0.0015322595284220086,0.0014465229270031073,1.0000002272875117,0.0010689372330017597,-0.0029603401284241217,-3.5440338616307344e-06,-0.0005125558041480074,0.0028286861310512215,6.6251497071599345e-06,-0.013798956801327885,0.00956535951866613,44.99999769630527,0.0013852018645064462,0.009350743160530015,44.76607243176008,-0.0004821707427928117,9.497752553330788e-05,0.005333721004819284,68.67004932452963,0.00013458300498554512,-5.269247412831334e-05,-0.001711735021504717,5399.30711260424,5415.609954692401,5779.651324862873,5780.100112917603,0.0021071895720236673,0.0031474200616110354,0.009452786998919932,0
7.121999999999438,0.0,0.0,1.0,45.0,-0.001510613095049403,0.0013875521620570087,1.0000001567374954,0.0010931164289926757,-0.0029386488189248583,-3.5136410481485018e-06,-0.0005524947744467657,0.0028323505373764415,6.706029982612082e-06,-0.013979033758655944,0.009415549532376038,44.99999770279264,0.0008379012664993496,0.009454911727126883,44.77209973135896,-0.00047541268765459406,8.776349205021148e-05,0.00519983018577959,68.67004991326895,0.00013450111655806933,-5.2386992290556875e-05,-0.0016703758301597664,5399.408706443677,5415.5088283008845,5779.746155943247,5780.0052273651945,0.0020511589284915146,0.0031353744200614347,0.009491966821092554,0
7.1419999999994355,0.0,0.0,1.0,45.0,-0.0014884945360538204,0.0013290321868846442,1.00000008681949,0.0011162536756901176,-0.002915421158410681,-3.481061938393664e-06,-0.0005914207438883824,0.0028339428328504473,6.781269589714292e-06,-0.014146369553879925,0.00926136554923892,44.99999771336209,0.0002984758107073951,0.00955090001961279,44.777975661290675,-0.0004684249107427206,8.059415864091827e-05,0.00506919476765425,68.67005045905184,0.0001343988289488794,-5.204840417980264e-05,-0.001629978105920795,5399.507939003428,5415.41006178852,5779.838776554162,5779.912533622677,0.0019954805298912546,0.0031218127613924242,0.00955556274036744,0
7.161999999999433,0.0,0.0,1.0,45.0,-0.0014659247083513998,0.00127099330168494,1.0000000175765176,0.0011383474611673474,-0.002890696025869063,-3.4463605272252233e-06,-0.0006293213766733675,0.002833494421425076,6.850910220270918e-06,-0.014301042936941443,0.00910298820932692,44.99999772789152,-0.00023281717427100002,0.009638758491205253,44.78370390416308,-0.000461215648315956,7.347411678330211e-05,0.004941738882644809,68.67005096213657,0.0001342747308491018,-5.1677420778911856e-05,-0.0015905206650244838,5399.6048620145,5415.313603580756,5779.929235771766,5779.821983102082,0.0019401956663677134,0.003106762033648896,0.009641569859050608,0
7.181999999999431,0.0,0.0,1.0,45.0,-0.001442924490477882,0.0012134650235672596,0.999999949050321,0.0011593970554050754,-0.002864512795725821,-3.4096007619133057e-06,-0.0006661852650024687,0.0028310376969915103,6.914996042617972e-06,-0.014443140578603467,0.008940598408486305,44.999997746250735,-0.0007557297565219352,0.009718542929556108,44.789288056692314,-0.0004537931833077278,6.640785173540367e-05,0.004817388325710318,68.67005142281113,0.0001341274880667559,-5.1274768885885174e-05,-0.0015519827458512782,5399.6995261779475,5415.219403112943,5780.0175816888805,5779.733528196003,0.0018853457113319602,0.0030902502672657877,0.009747882016875615,0
7.201999999999429,0.0,0.0,1.0,45.0,-0.0014195147670717865,0.001156476077041807,0.9999998812813643,0.0011794024991979865,-0.002836911301587582,-3.370846484020378e-06,-0.0007020019235850177,0.0028266060046380713,6.973573582337238e-06,-0.014572756887769723,0.008774377161018355,44.999997768302165,-0.001270023453144537,0.00979031433112062,44.794731631587396,-0.00044616583826900824,5.939974077601224e-05,0.004696070521648577,68.67005184139194,0.00013395584256912195,-5.084119019306954e-05,-0.0015143440022270106,5399.7919811815555,5415.127410814551,5780.103861430568,5779.647122262097,0.0018309721747746441,0.0030723065196682155,0.009872345941833557,0
7.221999999999427,0.0,0.0,1.0,45.0,-0.0013957164135840676,0.0011000543852328502,0.9999998143088373,0.0011983645926448149,-0.002807931800199532,-3.330161376205304e-06,-0.0007367617835328232,0.0028202336018018125,7.026691606792912e-06,-0.014689993825828121,0.00860450546445931,44.99999779390148,-0.001775469274460642,0.00985413877352321,44.8000380593969,-0.0004383419683959649,5.245405155536827e-05,0.004577714492703655,68.67005221822272,0.00013375861149476394,-5.037744037356374e-05,-0.001477584496766513,5399.882275716412,5415.037578093481,5780.188121169612,5779.562719607659,0.0017771167637775532,0.0030529608221284707,0.010012808910100781,0
7.2419999999994245,0.0,0.0,1.0,45.0,-0.001371550281222404,0.0010442270618102017,0.9999997481706582,0.001216284883237572,-0.0027776149356418126,-3.2876089127230364e-06,-0.0007704561856542673,0.0028119556193443797,7.074401020262128e-06,-0.014794960718204443,0.00843116416652466,44.999997822898194,-0.0022718477602041783,0.0099100872860553,44.80521069031912,-0.0004303299546418381,4.5574940558276636e-05,0.004462250826696575,68.67005255367339,0.0001335346861347284,-4.988428817769506e-05,-0.0014416846942578343,5399.970457493361,5414.949857320494,5780.270406141885,5779.480275474305,0.0017238214507181535,0.0030322441287378345,0.010167158989859251,0
7.261999999999422,0.0,0.0,1.0,45.0,-0.0013470371821379626,0.0009890204036339327,0.9999996829034775,0.0012331656535658783,-0.002746001703787472,-3.2432523132479766e-06,-0.0008030773731637481,0.002801808022582145,7.1167547626608655e-06,-0.014887774063312714,0.008254533834279104,44.999997855136314,-0.002758949007788599,0.009958235718441007,44.8102527959763,-0.0004221381969200969,3.876645167714024e-05,0.004349611645675321,68.67005284813888,0.00013328303088536292,-4.9362514538936367e-05,-0.0014066254550936326,5400.056573259336,5414.86420181371,5780.350760661623,5779.399746022719,0.0016711285496384216,0.003010188267371964,0.01033335658993014,0
7.28199999999942,0.0,0.0,1.0,45.0,-0.0013221978748621651,0.0009344598841068403,0.9999996185426859,0.0012490099086521953,-0.0027131334170442884,-3.1971545006790762e-06,-0.0008346184838216771,0.0027898275723001577,7.153807710156845e-06,-0.014968557339087207,0.008074794625591469,44.99999789045494,-0.003236572692760692,0.009998664608003255,44.81516757115267,-0.0004137751074023194,3.203251489466245e-05,0.004239730575080168,68.67005310203811,0.0001330026821739203,-4.881291168969084e-05,-0.001372388028749791,5400.140668813525,5414.780565823239,5780.429228136577,5779.321088317521,0.0016190808011969872,0.0029868258925472508,0.01050945748416506,0
7.301999999999418,0.0,0.0,1.0,45.0,-0.001297053050000657,0.0008805701472287545,0.9999995551224184,0.0012638213629337755,-0.002679051669402197,-3.1493780629684226e-06,-0.0008650735415203797,0.0027760517857790407,7.185616588195293e-06,-0.015037440807279622,0.007892126162931432,44.99999792868894,-0.0037045280815498492,0.010031459045362495,44.819958135498105,-0.0004052491039137908,2.537694507537204e-05,0.004132542713420292,68.67005331581285,0.00013269274735800077,-4.8236282287623625e-05,-0.0013389540473151204,5400.222789023428,5414.6989045159335,5780.50585108305,5779.244260312218,0.0015677214665311373,0.0029621904400825867,0.01069362887294969,0
7.321999999999416,0.0,0.0,1.0,45.0,-0.0012716233161913812,0.0008273750023463345,0.9999994926755627,0.0012776044269071402,-0.002643798301807454,-3.0999852176314533e-06,-0.0008944374473314555,0.002760518897863367,7.2122398848131554e-06,-0.015094561315703603,0.00770670740956159,44.99999796966948,-0.0041626340366273775,0.010056708538797896,44.82462753519711,-0.00039656860342909193,1.8803440864252148e-05,0.004027984602457511,68.6700534899267,0.00013235240359951408,-4.7633438551656e-05,-0.0013063055190732347,5400.3029778407545,5414.6191739602455,5780.580671140821,5779.169220834297,0.001517094430207707,0.0029363160834966406,0.010884158609749034,0
7.341999999999413,0.0,0.0,1.0,45.0,-0.0012459291863333207,0.0007748974195915952,0.9999994312337659,0.0012903641934509066,-0.0026074153678842475,-3.049037780067017e-06,-0.0009227059700302004,0.002743267822099834,7.233737772065011e-06,-0.015140062098607935,0.007518716548177512,44.99999801322474,-0.004610719014193686,0.010074506877400908,44.82917874460391,-0.00038774201567367184,1.2315583692779152e-05,0.0039259941978925525,68.6700536248641,0.00013198089671539272,-4.700520140983273e-05,-0.0012744248221394088,5400.381278317165,5414.541331111224,5780.653729087927,5779.0959295704015,0.001467244312220004,0.0029092376920854266,0.011079459309883678,0
7.361999999999411,0.0,0.0,1.0,45.0,-0.0012199910640921833,0.0007231595260019913,0.9999993708274441,0.001302106423842646,-0.0025699451000236913,-2.9965971345635986e-06,-0.000949875736112851,0.002724338111972771,7.2501720300205685e-06,-0.015174092575357258,0.00732833086204428,44.99999805918037,-0.005048621054515484,0.01008495199314858,44.833614667844515,-0.00037877773683113816,5.916836891261395e-06,0.003826510840549411,68.67005372112929,0.00013157754000477808,-4.6352399658190446e-05,-0.0012432946981545887,5400.457732619878,5414.465333795651,5780.725064855322,5779.024347051645,0.0014182165886670159,0.0028809907906382575,0.011278068575869254,0
7.381999999999409,0.0,0.0,1.0,45.0,-0.0011938292306889586,0.0006721826023144999,0.9999993114857904,0.0013128375334856555,-0.0025314298758596664,-2.942724208738608e-06,-0.0009759442193226755,0.002703769922264186,7.261605976976142e-06,-0.01519680814759874,0.007135726618675746,44.99999810736024,-0.0054761877650390525,0.010088145822022436,44.837938140385845,-0.0003696841433632626,-3.894550962806524e-07,0.003729475228052885,68.67005377924534,0.00013114171305609503,-4.5675869130278366e-05,-0.0012128982460376154,5400.532382047083,5414.391140697283,5780.794717541404,5778.954434639058,0.0013700577202999517,0.0028516115207631904,0.01147864619455954,0
7.401999999999407,0.0,0.0,1.0,45.0,-0.0011674638319769933,0.0006219870804257508,0.9999992532367845,0.001322564577361116,-0.0024919121851503666,-2.8874794509803035e-06,-0.0010009097297006683,0.0026816039705649846,7.2681044063389614e-06,-0.015208369995089907,0.006941078956101413,44.99999815758682,-0.005893276296408465,0.010084194164296326,44.84215193057282,-0.0003604695859415919,-6.6000673922536804e-06,0.003634829386994646,68.67005379975312,0.0001306728605325027,-4.497645187921742e-05,-0.0011832189157971096,5400.605267043236,5414.3187113422755,5780.8627254263965,5778.886154509131,0.0013228152875009627,0.002821136603805077,0.011679969061965403,0
7.421999999999405,0.0,0.0,1.0,45.0,-0.0011409148658128897,0.0005725925415098956,0.999999196107203,0.0013312952352213389,-0.0024514345970838127,-2.830922810007657e-06,-0.0010247714021770528,0.0026578814989635124,7.269733524557992e-06,-0.01520894487036236,0.006744561771761965,44.999998209681905,-0.006299753311521285,0.010073206544117549,44.846258741134015,-0.0003511423834961707,-1.2711895263380449e-05,0.003542516645582816,68.67005378321063,0.00013017049093902905,-4.425499537161426e-05,-0.001154240502404412,5400.6764272141645,5414.248006084727,5780.929125986595,5778.81946963955,0.001276538129422398,0.0027896033053512238,0.01188092511703438,0
7.441999999999402,0.0,0.0,1.0,45.0,-0.0011142021697262484,0.0005240177147855353,0.9999991401226291,0.0013390377965396447,-0.0024100397280249564,-2.773113716866726e-06,-0.001047529184719668,0.00263264423593694,7.266560894143e-06,-0.015198704892393423,0.006546347614072585,44.99999826346706,-0.006695494947757302,0.010055296068500664,44.850261210656164,-0.0003417108173831991,-1.872195459887814e-05,0.0034524816067699167,68.67005373019175,0.00012963417537159105,-4.351235169351499e-05,-0.001125947139731184,5400.745901341997,5414.178986092366,5780.993955908462,5778.754343795,0.0012312764839063673,0.0027570494013310753,0.012080506245094555,0
7.4619999999994,0.0,0.0,1.0,45.0,-0.001087345408892942,0.00047628047692268867,0.999999085307463,0.0013458011452322177,-0.0023677702097214402,-2.7141110701218704e-06,-0.0010691838260553721,0.0026059343584705526,7.258655384539956e-06,-0.015177827339455491,0.006346607576690692,44.9999983187642,-0.00708038677251967,0.010030579285854508,44.85416191502815,-0.0003321831256731298,-2.462738228753076e-05,0.0033646701218540704,68.67005364128562,0.00012906354624890639,-4.2749376769500954e-05,-0.0010983232945502204,5400.813727399944,5414.11161333241,5781.05725110258,5778.690741513167,0.0011870821233599218,0.0027235131457276946,0.01227780099862601,0
7.481999999999398,0.0,0.0,1.0,45.0,-0.0010603640644163196,0.00042939785208044655,0.9999990316849325,0.001351594744167418,-0.0023246686579844536,-2.6539732226397657e-06,-0.0010897368629807776,0.002577794454429384,7.246087121752123e-06,-0.015146494441311711,0.00614551119552191,44.999998375396004,-0.007454323732228869,0.009999176044157966,44.85796336885519,-0.0003225674975636274,-3.0425436498355114e-05,0.0032790292645481223,68.67005351709574,0.0001284582960291365,-4.1966929593843204e-05,-0.0010713537606008342,5400.879942566901,5414.045850557565,5781.1190467174565,5778.628628090855,0.0011440084799121323,0.002689033239930309,0.012471987138268283,0
7.501999999999396,0.0,0.0,1.0,45.0,-0.0010332774219204168,0.00038338601256563375,0.9999989792771055,0.0013564286194776677,-0.0022807776418605156,-2.592757970335001e-06,-0.0011091906072784948,0.0025482674852061104,7.2289274437578345e-06,-0.0151048931709234,0.005943226348496026,44.9999984331865,-0.007817210094914909,0.009961209348900813,44.86166802684347,-0.0003128720679171618,-3.611349686321077e-05,0.003195507305511544,68.6700533582391,0.00012781817591177077,-4.116587147498389e-05,-0.0010450236527214105,5400.944583241866,5413.981661292174,5781.179377153171,5778.56796957025,0.0011021107508579647,0.002653648803768652,0.012662324629711565,0
7.521999999999394,0.0,0.0,1.0,45.0,-0.0010061045604589627,0.0003382602801024923,0.9999989281048993,0.0013603133446891482,-0.002236139653309433,-2.5305225435909926e-06,-0.0011275481322551538,0.0025173967486685402,7.207248860832261e-06,-0.015053215035832755,0.005739919158142238,44.99999849196152,-0.008168959386553558,0.009916805220902979,44.86527828515603,-0.00030310491192782167,-4.168906456481483e-05,0.0031140536873394587,68.67005316534541,0.00012714299452615306,-4.0347065293612956e-05,-0.0010193184010493306,5401.007685058192,5413.919009818547,5781.238276074864,5778.508732725348,0.0010614459725442676,0.002617399348281907,0.012848148614573545,0
7.541999999999391,0.0,0.0,1.0,45.0,-0.0009788643417436508,0.0002940351277031014,0.9999988781880934,0.0013632600246842358,-0.002190797077402989,-2.467323599380062e-06,-0.0011448132589175046,0.0024852258424293765,7.181125017309699e-06,-0.014991655869381918,0.005535753896989964,44.99999855154917,-0.008509494321296438,0.00986609255412364,44.86879648274029,-0.0002932740399166077,-4.714976233078461e-05,0.003034619000003561,68.67005293905632,0.00012643261660732596,-3.951137477396726e-05,-0.0009942237452873124,5401.0692828976535,5413.857861163427,5781.295776426086,5778.450885048517,0.0010220730474494294,0.002580324750287313,0.013028863147535498,0
7.561999999999389,0.0,0.0,1.0,45.0,-0.0009515753996948673,0.00025072418212796307,0.9999988295453403,0.0013652802795116378,-0.0021447921630584244,-2.403217215759948e-06,-0.0011609905418028957,0.002451798627460449,7.150630655974383e-06,-0.01492041562192721,0.005330892895819555,44.99999861178012,-0.008838746725745554,0.009809202973568914,44.87222490262755,-0.00028338739225966097,-5.249333433564827e-05,0.0029571549567392165,68.67005268002471,0.00012568696166121414,-3.865966376861224e-05,-0.0009697257290413767,5401.129410904349,5413.798181084631,5781.351910441979,5778.394394737231,0.0009840527052817308,0.0025424652288267772,0.013203935239991823,0
7.581999999999387,0.0,0.0,1.0,45.0,-0.0009242561303177501,0.00020834022692591017,0.9999987821941774,0.0013663862280589355,-0.0020981669943200654,-2.3382588877457093e-06,-0.0011760852544803247,0.0024171591920729694,7.115841586889071e-06,-0.014839698152204638,0.005125496454785134,44.999998672488225,-0.009156657457427164,0.009746270693406589,44.87556577320544,-0.0002734528344498534,-5.7717646012304384e-05,0.0028816143703732596,68.67005238891394,0.00012490600261957447,-3.779279555777983e-05,-0.0009458106942253996,5401.1881024983995,5413.739936057866,5781.40670966229,5778.339230680945,0.0009474473746000372,0.002503861323583606,0.01337288926650368,0
7.601999999999385,0.0,0.0,1.0,45.0,-0.0008969246819061756,0.000166895206042233,0.9999987361510385,0.0013665904716021293,-0.0020509634622018253,-2.272503523885233e-06,-0.001190103374738346,0.0023813518162846344,7.0768346571875504e-06,-0.014749711018999748,0.0049197227574281814,44.99999873351072,-0.009463176317618626,0.009677432375391728,44.87882126946327,-0.0002634781522923497,-6.282068377497325e-05,0.0028079511300869225,68.67005206639719,0.0001240897644852878,-3.6911632161809275e-05,-0.0009224652755361975,5401.245390389496,5413.683093263679,5781.460204944247,5778.28536244813,0.0009123209370208332,0.0024645538753764124,0.013535302087356118,0
7.621999999999383,0.0,0.0,1.0,45.0,-0.0008695989455769725,0.00012640022798367074,0.9999986914312659,0.0013659060772466367,-0.0020032232371028367,-2.2060054445646393e-06,-0.001203051569475946,0.002344420936594078,7.033687724002298e-06,-0.01465066527327309,0.00471372778760009,44.99999879468871,-0.009758261958686116,0.009602826987707787,44.88199351421116,-0.0002534710472377006,-6.780055465361764e-05,0.0027361201786082214,68.67005171315671,0.0001232383229701178,-3.6017033669374754e-05,-0.0008996763950005237,5401.301306590231,5413.627620574601,5781.512426475254,5778.232760273478,0.0008787383320050618,0.002424584008853495,0.013690798420868882,0
7.64199999999938,0.0,0.0,1.0,45.0,-0.0008422965461363738,8.686557052867895e-05,0.9999986480491221,0.0013643465612740943,-0.0019549877418076397,-2.13881838140829e-06,-0.001214937179312699,0.002306411111182212,6.986479627874818e-06,-0.014542775250889371,0.004507665249307015,44.999998855867496,-0.010041881786092607,0.00952259566432295,44.885084579273375,-0.000243439131852653,-7.26554858450896e-05,0.0026660774898280043,68.67005132988324,0.00012235180312583432,-3.510985757840583e-05,-0.0008774312565906056,5401.35588242928,5413.573486542444,5781.563403785432,5778.181395045251,0.0008467649772798317,0.0023839931175283725,0.01383904682264108,0
7.661999999999378,0.0,0.0,1.0,45.0,-0.0008150348332804411,4.830068597115959e-05,0.9999986060178008,0.0013619258724089447,-0.0019062981250819175,-2.0709954769329774e-06,-0.0012257682029340315,0.002267366985559601,6.935290172187046e-06,-0.014426258366094657,0.004301686489490598,44.9999989168968,-0.010314011855234607,0.009436881564960623,44.88809648665619,-0.00023338992542864715,-7.738382417861533e-05,0.0025977800468342874,68.67005091727542,0.00012143037796803436,-3.419095815300633e-05,-0.0008557173409129113,5401.40914856438,5413.520660385783,5781.6131657599935,5778.131238292801,0.0008164659692308877,0.002342822851316327,0.013979755834341993,0
7.681999999999376,0.0,0.0,1.0,45.0,-0.0007878308731309037,1.0714206885627956e-05,0.99999856534944,0.001358658375018896,-0.0018571952358741308,-2.002589285450288e-06,-0.0012355532811878702,0.0022273332586784096,6.880200096672202e-06,-0.014301334905885534,0.0040959404237541335,44.999998977631215,-0.010574636763270737,0.009345829735781753,44.89103120969081,-0.00022333084973242049,-8.198403549990296e-05,0.002531185820358772,68.67005047603905,0.00012047426709690117,-3.3261185794606295e-05,-0.0008345223999658468,5401.461134995128,5413.469111977581,5781.661740651465,5778.082262174252,0.0007879050305142235,0.002301115106752898,0.014112670722243951,0
7.701999999999374,0.0,0.0,1.0,45.0,-0.0007607014401075916,-2.5886047598407836e-05,0.9999985260551326,0.00135455883226292,-0.00180771959813266,-1.9336517746344755e-06,-0.0012443016809484222,0.002186354649526595,6.821291059769338e-06,-0.01416822782540806,0.003890573465041876,44.999999037930316,-0.010823749536104264,0.009249586970871401,44.893890674151976,-0.0002132692248959739,-8.645470397562154e-05,0.002466253747630137,68.67005000688664,0.00011948373531268713,-3.232138642802306e-05,-0.0008138344519706289,5401.511871075609,5413.418811832994,5781.709156091735,5778.034439464336,0.0007611431803251625,0.0022589120200980774,0.014237570447656297,0
7.721999999999372,0.0,0.0,1.0,45.0,-0.0007336630091383555,-6.149306502526783e-05,0.9999984881449394,0.0013496423892003773,-0.0017579113862476368,-1.864234327363221e-06,-0.0012520232787629905,0.0021444758642216372,6.758645617655497e-06,-0.014027162544523747,0.00368572945527742,44.999999097659064,-0.01106135151068328,0.009148301674623466,44.89667675935261,-0.0002032122654487543,-9.079453131890523e-05,0.00240294371162832,68.6700495105368,0.00011845909122848097,-3.137240090275073e-05,-0.0007936417762729738,5401.56138552682,5413.369731097368,5781.755439103935,5777.987743542407,0.0007362371178702367,0.0022162559635554775,0.014354264866893438,0
7.741999999999369,0.0,0.0,1.0,45.0,-0.0007067317482071086,-9.610063235770841e-05,0.9999984516278987,0.0013439245558746688,-0.0017078104011259343,-1.7943877434574681e-06,-0.0012587285442975976,0.0021017415636203425,6.6923472060245375e-06,-0.013878366745675939,0.0034815495999641886,44.99999915668792,-0.011287452212782465,0.009042123725111595,44.89939129921487,-0.00019316707649266033,-9.500233593910834e-05,0.0023412165207339704,68.67004898771367,0.0001174006858813439,-3.041506440919866e-05,-0.0007739329083170205,5401.60970644893,5413.3218415343545,5781.800616114173,5777.942148380604,0.000713237332813974,0.0021731895448635456,0.014462592358177088,0
7.761999999999367,0.0,0.0,1.0,45.0,-0.0006799235112403516,-0.00012970332825006998,0.9999984165120402,0.00133742119038454,-0.0016574560469072247,-1.7241622427042295e-06,-0.0012644285235969967,0.002058196331460638,6.622480119906934e-06,-0.013722070173186678,0.003278172405749501,44.999999214893094,-0.011502069230432984,0.008931204338534907,44.90203608331809,-0.0001831406500199266,-9.907705201632574e-05,0.002281033888767415,68.67004843914643,0.00011630891134234656,-2.9450205910528866e-05,-0.0007546966346900541,5401.656861333355,5413.275115514247,5781.844712963081,5777.897628532183,0.0006921859879618141,0.0021297556105465162,0.014562417610626802,0
7.781999999999365,0.0,0.0,1.0,45.0,-0.000653253831332286,-0.00016229651486286575,0.9999983828043952,0.0013301484819560287,-0.0016068873083283691,-1.6536074674435598e-06,-0.0012691348221746056,0.0020138846430505933,6.549129498438541e-06,-0.013558504434111095,0.003075733620950913,44.999999272156714,-0.011705228083165587,0.008815695934822886,44.90461285792422,-0.00017313986137422937,-0.00010301772850409931,0.002222358415411486,68.67004786556882,0.00011518419932613257,-2.8478647589502165e-05,-0.0007359219882391657,5401.702877074635,5413.22952600246,5781.887754917223,5777.854159120031,0.0006731146575499358,0.002085997253146412,0.01465362952590075,0
7.801999999999363,0.0,0.0,1.0,45.0,-0.000626737914308362,-0.0001938763292318538,0.9999983505110085,0.0013221229340278076,-0.0015561427287429186,-1.582772485213089e-06,-0.0012728595879477813,0.00196885083451938,6.472381305470138e-06,-0.013387902800773782,0.002874366179041982,44.999999328367025,-0.011896962087233634,0.008695752004481914,44.907123326981136,-0.00016317146585697587,-0.00010682352806101822,0.0021651535670123376,68.67004726771857,0.00011402701980224091,-2.7501204310923685e-05,-0.0007175982432594826,5401.747779982151,5413.185046548172,5781.929766680315,5777.811715825302,0.0006560420452089538,0.002041957822794216,0.014736139555959791,0
7.821999999999361,0.0,0.0,1.0,45.0,-0.0006003906326268552,-0.00022443967420476244,0.9999983196369499,0.0013133613473623876,-0.0015052603888017584,-1.511705791292729e-06,-0.0012756154940335683,0.001923139072644091,6.392322311824433e-06,-0.013210500015107195,0.0026742001450924067,44.99999938341844,-0.012077312216982683,0.00857152697676494,44.90956915310391,-0.00015324209547613787,-0.00011049372591342383,0.0021093836577528485,68.67004664633707,0.0001128378796071171,-2.651868310016617e-05,-0.0006997149107536402,5401.791595791646,5413.14165127316,5781.970772404305,5777.770274876271,0.0006409718423793635,0.00199768094351815,0.014809879950273813,0
7.841999999999358,0.0,0.0,1.0,45.0,-0.0005742265196178197,-0.0002539842089589537,0.9999982901863252,0.0013038808031955481,-0.0014542778858004867,-1.440455310931553e-06,-0.0012774157214201797,0.00187679332526577,6.309040078687893e-06,-0.013026532094910092,0.0024753626651546883,44.99999943721175,-0.012246326962533685,0.008443176089240858,44.91195195853506,-0.0001433582558402267,-0.00011402770865174927,0.0020550138311927436,68.67004600216868,0.00011161732105941318,-2.553188263634893e-05,-0.0006822617337611779,5401.8343496765765,5413.099314860765,5782.010795700266,5777.729813037298,0.0006278909122576168,0.0019532105347303715,0.014874802365054125,0
7.861999999999356,0.0,0.0,1.0,45.0,-0.0005482597640585185,-0.0002825083391134149,0.9999982621622888,0.0012936986464360373,-0.0014032323136984632,-1.3690684021786533e-06,-0.0012782739415290124,0.0018298573323074266,6.2226229373523556e-06,-0.01283623614214002,0.0022779779185889276,44.99999948965415,-0.012404062183946218,0.00831085525884038,44.9142733260836,-0.0001335263231966508,-0.0001174249729621236,0.002002010042169797,68.67004533596058,0.00011036592057877477,-2.4541592762296873e-05,-0.0006652286827614897,5401.876066259279,5413.0580125450715,5782.049859649151,5777.690307598007,0.000616767987685834,0.0019085908383795274,0.014930876489356294,0
7.881999999999354,0.0,0.0,1.0,45.0,-0.0005225042050841964,-0.0003100112064485614,0.9999982355670531,0.0012828324689273766,-0.001352160243813908,-1.2975918575758982e-06,-0.0012782042986821088,0.0017823745774059921,6.133159973691892e-06,-0.012639850153350745,0.0020821670733135555,44.99999954065936,-0.012550580962029819,0.008174720954449812,44.91653480004382,-0.0001237525416142597,-0.00012068512429538413,0.0019503390390566244,68.67004464846214,0.00010908428730900147,-2.354859400905624e-05,-0.0006486059511438818,5401.916769621959,5413.017720100208,5782.087986812367,5777.651736362582,0.000607553047624637,0.0018638664523054822,0.014978088794362241,0
7.901999999999352,0.0,0.0,1.0,45.0,-0.0004969733274328253,-0.0003364926782474136,0.9999982104019017,0.001271300092783316,-0.0013010977061988834,-1.2260719055851882e-06,-0.0012772213924895203,0.0017343882601697587,6.040741005391248e-06,-0.012437612832382037,0.001888048243969987,44.99999959014759,-0.012685953445969341,0.008034930071125554,44.91873788709388,-0.00011404302030960807,-0.00012380787547429002,0.0018999683463673956,68.67004394042453,0.00010777306174634266,-2.2553657137680113e-05,-0.0006323839507507424,5401.956483317506,5412.978413829842,5782.125199242194,5777.614077639262,0.0006001774848785357,0.0018190823703832604,0.015016441485021962,0
7.92199999999935,0.0,0.0,1.0,45.0,-0.0004716802570222237,-0.0003619533362717836,0.9999981866671993,0.0012591195538083982,-0.0012500801716973447,-1.1545542118308976e-06,-0.001275340260171193,0.001685941269071938,5.9454565639426665e-06,-0.012229763405406041,0.0016957364529847025,44.99999963804567,-0.01281025669793089,0.007891639805996118,44.920884057174575,-0.00010440373111732999,-0.0001267930452442814,0.001850866247708918,68.67004321260043,0.00010643291437391503,-2.1557542695176846e-05,-0.0006165533074890925,5401.99523038012,5412.940070556833,5782.161518492052,5777.577310229982,0.0005945551031474475,0.0017742840300946606,0.015045951442577287,0
7.941999999999347,0.0,0.0,1.0,45.0,-0.0004466377568577248,-0.00038639446538716145,0.9999981643624036,0.0012463090850145997,-0.0011991425346890528,-1.0830838796613573e-06,-0.0012725763588274754,0.0016370761549906292,5.847397872687341e-06,-0.012016541438431018,0.0015053435945130806,44.999999684286976,-0.012923574534815048,0.007745007535917301,44.922974744348885,-9.484050610379426e-05,-0.00012964055676559162,0.0018030017690707104,68.67004246574353,0.00010506454430320076,-2.0561000587357127e-05,-0.0006011048570113072,5402.033033335793,5412.902667613035,5782.196965626596,5777.541413420167,0.0005905838960707578,0.0017295173682160886,0.01506664924182041,0
7.961999999999345,0.0,0.0,1.0,45.0,-0.0004218582232683533,-0.00040981804185004583,0.9999981434860769,0.001232887100244961,-0.0011483190965214164,-1.0117054501531296e-06,-0.0012689455476723353,0.0015878351054046216,5.746656823904418e-06,-0.01179818665735956,0.0013169784012456922,44.99999972881149,-0.013025997367321953,0.007595190696945555,44.925011347642645,-8.535903532328135e-05,-0.0001323504360514062,0.0017563446624483561,68.6700417006082,0.00010366867792285723,-1.956476966754798e-05,-0.0005860296404660882,5402.069914212592,5412.866182829278,5782.231561231657,5777.506366968709,0.0005881484800701985,0.0016848288853572365,0.015078578446650377,0
7.981999999999343,0.0,0.0,1.0,45.0,-0.0003973536824692534,-0.00043222672127149334,0.9999981240358962,0.001218872177914807,-0.0010976435496309004,-9.404629016946025e-07,-0.0012644640702431898,0.0015382599192539019,5.6433259564912244e-06,-0.01157493877069528,0.001130746414056257,44.99999977156571,-0.01311762203649367,0.007442346665688845,44.92699523186652,-7.596486471698728e-05,-0.00013492281035385427,0.0017108653897948342,68.67004091794911,0.00010224606755607748,-1.8569577340624643e-05,-0.000571318900318089,5402.105894550754,5412.830594525514,5782.26532542403,5777.472151098086,0.0005871229911988631,0.0016402657201232906,0.015081794687202783,0
8.001999999999342,0.0,0.0,1.0,45.0,-0.00037313578744790254,-0.0004536238262706917,0.9999981060086653,0.001204283044880845,-0.0010471489623550512,-8.693996488195379e-07,-0.0012591485366009768,0.0014883919824731715,5.537498431008463e-06,-0.011347037294988599,0.000946749954469347,44.999999812502644,-0.013198551647898075,0.007286632642594347,44.92892772841987,-6.666339415294568e-05,-0.0001373579064994049,0.0016665351072944904,68.67004011852087,0.0001007974901275421,-1.7576139183106906e-05,-0.0005569640762337012,5402.1409954126675,5412.7958815010925,5782.298277861093,5777.438746484647,0.0005873742238454158,0.0015958757336974859,0.015076364943257597,0
8.021999999999348,0.0,0.0,1.0,45.0,-0.00034921581517144185,-0.00047401333383237636,0.999998089400326,0.0011891385604482193,-0.0009968677644357096,-7.985585402371069e-07,-0.001253015905533839,0.001438272244205933,5.429268004159173e-06,-0.01111472138310808,0.0007650880999237478,44.99999985158172,-0.01326889540361694,0.0071282055372290255,44.930810136076836,-5.745987560703866e-05,-0.00013965604917550627,0.0016233256499541973,68.67003930307771,9.932374583957895e-05,-1.6585158579255197e-05,-0.0005429568010366238,5402.1752373926265,5412.762023025235,5782.33043775029,5777.406134249052,0.0005887647888655137,0.0015517076056434263,0.01506236697414626,0
8.041999999999355,0.0,0.0,1.0,45.0,-0.0003256046641122557,-0.0004933998623819144,0.9999980742059698,0.0011734577005253386,-0.0009468317332134132,-7.279818558364543e-07,-0.001246083466777711,0.0013879411937062108,5.318728997112615e-06,-0.010878229655421297,0.0005858566618058582,44.99999988876872,-0.013328768432200806,0.006967221855606632,44.93264372175482,-4.83594114841152e-05,-0.00014181765917123604,0.0015812095165063946,68.67003847237311,9.782565685956021e-05,-1.5597326372994182e-05,-0.000529288896729138,5402.208640626446,5412.728998827633,5782.36182385844,5777.374295946883,0.0005911560962832016,0.0015078109416965092,0.015039888547042964,0
8.061999999999362,0.0,0.0,1.0,45.0,-0.00030231285208874104,-0.000511788658591875,0.9999980604198478,0.0011572595419359905,-0.0008970719805124769,-6.577113039334967e-07,-0.0012383688232668203,0.0013374388379341848,5.205976271698249e-06,-0.010637800033965018,0.0004091481662252498,44.99999992403565,-0.013378291616751926,0.006803837589611892,44.93442972126601,-3.9366953077553926e-05,-0.0001438432515741601,0.001540159854618774,68.67003762715947,9.630406601857749e-05,-1.4613320534561676e-05,-0.0005159523705819561,5402.241224800912,5412.696789089235,5782.392454520902,5777.34321355938,0.0005944110140066942,0.0014642363942364758,0.015009027010490601,0
8.081999999999368,0.0,0.0,1.0,45.0,-0.00027935051441801685,-0.0005291855839338923,0.9999980480353846,0.001140563246897976,-0.0008476189402158199,-5.877880170336508e-07,-0.0012298898734266954,0.0012868046798516697,5.091105195617335e-06,-0.0103936695796811,0.00023505183750494236,44.99999995736071,-0.01341759142129473,0.00663820810857158,44.936169340052025,-3.048729916676391e-05,-0.00014573343392388648,0.0015001504464054382,68.67003676818776,9.475983552166675e-05,-1.3633805844702141e-05,-0.0005029394112868606,5402.273009163049,5412.665374433143,5782.422347650587,5777.312869484369,0.0005983961082050291,0.0014210357959888963,0.014969888623974642,0
8.101999999999375,0.0,0.0,1.0,45.0,-0.00025672740237714446,-0.0005455971009895955,0.9999980370451875,0.0011233880476772965,-0.0007985023565279985,-5.182525467608705e-07,-0.0012206647935224095,0.0012360776974224587,4.974211611546777e-06,-0.010146074332791473,6.365358435452428e-05,44.99999998872808,-0.01344679971559283,0.0064704880530182625,44.93786375390224,-2.172509475171176e-05,-0.00014748890432637857,0.0014611556942342742,68.67003589620725,9.319384567135942e-05,-1.2659433593060762e-05,-0.0004902423851774416,5402.304012529239,5412.634735915709,5782.451520746821,5777.2832465273195,0.0006029834234298344,0.0013782623072661738,0.014922588168261352,0
8.121999999999382,0.0,0.0,1.0,45.0,-0.00023445288196925252,-0.0005610302595343538,0.9999980274410598,0.0011057532314265608,-0.0007497512729244925,-4.4914485845158186e-07,-0.001210712020074203,0.0011852963233221422,4.855391801653277e-06,-0.009895249156381312,-0.00010496401130498643,45.00000001812778,-0.013466053598569628,0.00630083123069089,44.93951410965604,-1.3084829922474316e-05,-0.000149110449529763,0.0014231506068255182,68.67003501196518,9.160699360398979e-05,-1.1690841292475288e-05,-0.0004778538325139754,5402.3342532941915,5412.604855017756,5782.479990904051,5777.254327892554,0.0006080518045081727,0.0013359705766944428,0.014867248343501208,0
8.141999999999388,0.0,0.0,1.0,45.0,-0.0002125359329907873,-0.000575492682407533,0.9999980192140114,0.001087678125216067,-0.0007013940217847824,-3.805043244965268e-07,-0.0012000502323525415,0.0011344984253614217,4.734742452117928e-06,-0.00964142758325694,-0.0002707217028977113,45.0000000455556,-0.01347549522048803,0.006129390514813635,44.94112152588908,-4.570838862950615e-06,-0.0001505989429646132,0.001386110785636426,68.67003411620642,9.000019204014722e-05,-1.0728652409269398e-05,-0.0004657664638315317,5402.363749439715,5412.575713635952,5782.507774820418,5777.226097174634,0.0006134877943610732,0.0012942169148378918,0.014803999409721078,0
8.161999999999395,0.0,0.0,1.0,45.0,-0.00019098514839594624,-0.0005889925511829078,0.999998012354272,0.0010691820812656998,-0.0006534582147063463,-3.1236971737037534e-07,-0.0011886983349644327,0.0010837212876262433,4.6123606148294135e-06,-0.009384841666140823,-0.0004335435851660055,45.00000007101287,-0.013475271604044244,0.005956317744692363,44.94268709358448,3.8127010120099745e-06,-0.00015195534274962992,0.0013500124115269918,68.67003320967315,8.837436805002697e-05,-9.773476108407383e-06,-0.0004539731563531778,5402.392518543374,5412.547294074334,5782.534888806156,5777.198538349859,0.000619186161822365,0.001253059479371071,0.014732978821342191,0
8.181999999999402,0.0,0.0,1.0,45.0,-0.00016980873395419017,-0.0006015385916528141,0.9999980068513022,0.0010502844623855158,-0.0006059707334961246,-2.447792014332959e-07,-0.0011766754405424682,0.001033001592337535,4.488343666610916e-06,-0.009125721831262689,-0.0005933570975959746,45.00000009450629,-0.01346553446452717,0.005781763628664798,44.94421187678868,1.2061769789018369e-05,-0.00015318068966629992,0.0013148322317018354,68.67003229310464,8.673046183321313e-05,-8.825907013943e-06,-0.00044246695046454537,5402.42057778696,5412.519579035988,5782.561348791884,5777.171635767943,0.0006250501228033695,0.0012125584693940003,0.014654330699875704,0
8.201999999999408,0.0,0.0,1.0,45.0,-0.00014901450819657805,-0.0006131400591395469,0.9999980026938065,0.0010310046276325732,-0.0005589577218357304,-1.7777032449867068e-07,-0.0011640008525478352,0.0009823754024328893,4.362789268323534e-06,-0.008864296735402769,-0.0007500930253321139,45.00000011604776,-0.013446440029194862,0.005605877649440651,44.94569691325243,2.0172505658284026e-05,-0.00015427610510194658,0.0012805475469233071,68.67003136723683,8.506942551474304e-05,-7.88652498583627e-06,-0.0004312410462517023,5402.447943964825,5412.492551614855,5782.587170336714,5777.145374143827,0.0006309913192800245,0.0011727763250517376,0.014568205556960825,0
8.221999999999415,0.0,0.0,1.0,45.0,-0.00012860990264651633,-0.0006238067236474331,0.9999979998697441,0.0010113619181913907,-0.0005124445776160274,-1.1138000852744863e-07,-0.0011506940481984132,0.0009318781448716506,4.235795323071362e-06,-0.008600793126439136,-0.0009036854976209929,45.00000013565417,-0.013418148856016656,0.005428807971861665,44.9471432150575,2.8141205387708597e-05,-0.00015524278896718256,0.0012471361989910064,68.67003043280219,8.33922219571485e-05,-6.9558949100387316e-06,-0.00042028880010083926,5402.474633492059,5412.466195287704,5782.61236863625,5777.119738549641,0.0006369296162430601,0.0011337779267128745,0.01447475989325349,0
8.241999999999422,0.0,0.0,1.0,45.0,-0.00010860196233037496,-0.0006335488548689164,0.9999979983663444,0.0009913756434849561,-0.0004664559459364746,-4.564453920194228e-08,-0.0011367746615325142,0.000881544594664692,4.107459927483104e-06,-0.00833543570744807,-0.0010540719838222714,45.00000015334722,-0.013380825651927764,0.005250701353112122,44.948551769229226,3.596432467097652e-05,-0.00015608201758589383,0.001214576558482935,68.6700294905292,8.169982358905671e-05,-6.034566505108643e-06,-0.000409603721356976,5402.500662412503,5412.440493906213,5782.63695853042,5777.094714406798,0.0006427927693005069,0.0010956307854738867,0.01437415594065063,0
8.261999999999428,0.0,0.0,1.0,45.0,-8.899734656328289e-05,-0.0006423772070578949,0.9999979981701169,0.0009710650675230978,-0.00042101571276411987,1.9400444873672085e-08,-0.0011222624666188427,0.0008314088596293264,3.9778813269475875e-06,-0.008068447004402887,-0.0012011932870288696,45.00000016915321,-0.013334639090741432,0.005071703055408096,44.94992353833469,4.363847835004643e-05,-0.00015679514156150546,0.0011828475127535043,68.67002854114232,7.999321125132564e-05,-5.123074143169821e-06,-0.00039917946904597626,5402.526046406634,5412.415431689239,5782.660954511189,5777.070287478251,0.0006485160068692888,0.0010584052135804583,0.014266561293362956,0
8.281999999999435,0.0,0.0,1.0,45.0,-6.980233000528508e-05,-0.0006503030037834412,0.9999979992668661,0.0009504493954946383,-0.000376146999246661,8.371996348119286e-08,-0.001107177360922826,0.0007815043658693746,3.8471578664106725e-06,-0.00780004723751337,-0.0013449935353381415,45.00000018310273,-0.013279761630861812,0.0048919567611896255,44.951259461068126,5.1160440515708314e-05,-0.00015738358362210584,0.001151928454183773,68.67002758536145,7.827337306086437e-05,-4.221936685560422e-06,-0.0003890098486530284,5402.550800799298,5412.390993215173,5782.684370730113,5777.046443860877,0.0006540415620868496,0.001022174459398895,0.01415214857105194,0
8.301999999999442,0.0,0.0,1.0,45.0,-5.102280398291671e-05,-0.0006573379225769262,0.9999980016417042,0.0009295477606095046,-0.00033187215667374845,1.4727970684986159e-07,-0.001091539348839201,0.0007318638439798509,3.7153879380674633e-06,-0.007530454196244272,-0.0014854201708170817,45.0000001952306,-0.013216369332937822,0.004711604490838555,44.95256045282196,5.852714448627625e-05,-0.0001578488364448381,0.0011217992686792795,68.67002662390188,7.654130329261978e-05,-3.331657333077658e-06,-0.0003790888089619896,5402.574940567287,5412.367163414468,5782.707221005782,5777.023169978008,0.0006593181814722743,0.000987014786779176,0.014031095291728754,0
8.321999999999449,0.0,0.0,1.0,45.0,-3.266427807113052e-05,-0.0006634940794854385,0.9999980052790645,0.0009083792111966555,-0.00028821276208016057,2.100460480192197e-07,-0.0010753685254004466,0.0006825193159752237,3.5826699331635673e-06,-0.007259883118048308,-0.0016224239362054977,45.000000205575496,-0.013144641677597073,0.004530786522943497,44.9538274062459,6.573568266816793e-05,-0.00015819246046230493,0.001092440324411031,68.67002565747376,7.479800127988363e-05,-2.4527234912269244e-06,-0.00036941043895134676,5402.598480346787,5412.343927562292,5782.729518831108,5777.000452572089,0.0006643006303517618,0.0009530054730585106,0.013903583385559404,0
8.341999999999455,0.0,0.0,1.0,45.0,-1.4731881930398743e-05,-0.000668784013544267,0.9999980101627157,0.0008869626980635114,-0.0002451896144841901,2.719860565817035e-07,-0.0010586850601705295,0.0006335020829396269,3.449102183520957e-06,-0.0069885465708459235,-0.0017559588594029123,45.00000021417983,-0.01306476138339518,0.004349641317129969,44.955061191792545,7.278330629822166e-05,-0.00015841608165429924,0.0010638324607949049,68.670024686782,7.304447033436979e-05,-1.5856066486644807e-06,-0.000359968964749304,5402.621434440671,5412.321271271306,5782.751277380479,5776.978278697492,0.00066894920926032,0.0009202286937405422,0.013769799168658439,0
8.361999999999462,0.0,0.0,1.0,45.0,2.7696326062990446e-06,-0.0006732206711810735,0.9999980162757757,0.0008653170621220356,-0.00020282273175425896,3.3306751189267074e-07,-0.0010415091813327961,0.0005848427133970067,3.3147829094284773e-06,-0.00671665433928009,-0.0018859822357840555,45.00000022108943,-0.012976914225115467,0.004168305439471251,44.95626265825065,7.966742507197109e-05,-0.00015852138932239857,0.0010359569777052817,68.67002371252589,7.128171668492034e-05,-7.307622713039693e-07,-0.0003507587466444732,5402.6438168256645,5412.299180484579,5782.7725095168025,5776.956635713443,0.0006732292909047163,0.0008887692554593337,0.013629932974122802,0
8.381999999999469,0.0,0.0,1.0,45.0,1.9835889201991894e-05,-0.0006768173905642383,0.9999980236007255,0.0008434610222867028,-0.00016113134809623634,3.93258917169666e-07,-0.0010238611599810142,0.0005365710323985514,3.179810161907081e-06,-0.006444413314772288,-0.0020124546083910223,45.00000022635331,-0.01288128885255008,0.003986913490495554,44.95743263326633,8.638560665841187e-05,-0.00015851013385566773,0.001008795624918411,68.67002273539886,6.951074843698615e-05,1.1137029081800094e-07,-0.0003417742761523035,5402.665641159376,5412.277641468646,5782.793227798389,5776.935511277108,0.00067711088369979,0.0008587141329387889,0.01348417892554895,0
8.401999999999475,0.0,0.0,1.0,45.0,3.6462884445226086e-05,-0.0006795878859077081,0.999998032119425,0.0008214131636489246,-0.00012013391215381573,4.52529514047316e-07,-0.0010057612946218334,0.000488716111324287,3.0442817644577816e-06,-0.006172027389400991,-0.0021353397460491526,45.000000230023495,-0.012778076609890091,0.0038055980357995195,44.958571923852205,9.293557610509988e-05,-0.00015838412448388587,0.0009823305917813028,68.67002175608815,6.773257455073127e-05,9.403678826101243e-07,-0.0003330101731369543,5402.6869207871705,5412.2566408066605,5782.813444485738,5776.914893336785,0.0006805682252122352,0.0008301517614557454,0.013332734831524477,0
8.421999999999482,0.0,0.0,1.0,45.0,5.2646985046147336e-05,-0.0006815462317445196,0.9999980418131259,0.000799191925932535,-7.984808571391407e-05,5.108492976109551e-07,-0.0009872298958970075,0.0004413062583954935,2.9082952550538188e-06,-0.0058996973536233005,-0.0022546046194548914,45.000000232154704,-0.012667471355853901,0.0036244895392789677,44.95968131688477,9.931521513232086e-05,-0.00015814522702212234,0.0009565444971016704,68.67002077527454,6.594820384207156e-05,1.7558236086360545e-06,-0.0003244611829879185,5402.707668748947,5412.236165391708,5782.833171548168,5776.894770125237,0.0006835794068983044,0.000803171035480573,0.013175801875185583,0
8.441999999999489,0.0,0.0,1.0,45.0,6.838492480482239e-05,-0.0006827068471810088,0.9999980526624898,0.0007768155922344355,-4.029074300852848e-05,5.681890313222231e-07,-0.0009682872715331364,0.00039436900989359375,2.7719478220532594e-06,-0.005627620797853777,-0.0023702193752856236,45.00000023280417,-0.012549669284675442,0.003443716298984268,44.9607615795904,0.00010552256132361936,-0.0001577953616099546,0.0009314203792550176,68.6700197936321,6.41586440022031e-05,2.5573468855021218e-06,-0.00031612217385151744,5402.727897785734,5412.216202420232,5782.8524206703405,5776.87513015317,0.0006861260301517304,0.0007778599688565361,0.01301358447013209,0
8.461999999999495,0.0,0.0,1.0,45.0,8.367380135754755e-05,-0.0006830844801435359,0.999998064647601,0.0007543022780543649,-1.4779706045200746e-06,6.245202621870705e-07,-0.0009489537115266235,0.00034793112208133045,2.6353362467064835e-06,-0.005355992017915004,-0.0024821573083805538,45.0000002320313,-0.012424868748074231,0.0032634043856058182,44.96181346002014,0.0001115558072105076,-0.00015733650044470014,0.0009069416865044842,68.67001881182786,6.236490063994941e-05,3.344563480077814e-06,-0.0003079881339125484,5402.747620346214,5412.196739385558,5782.871203258661,5776.855962202809,0.0006881928927528206,0.0007543039845451369,0.012846290179781334,0
8.481999999999502,0.0,0.0,1.0,45.0,9.851107270696681e-05,-0.000682694191629391,0.999998077747984,0.0007316699206173583,3.657493212775997e-05,6.798153364354304e-07,-0.0009292494735710708,0.00030201856382110095,2.4985568383985837e-06,-0.00508500192436854,-0.0025903948320436204,45.000000229897616,-0.012293270078325761,0.003083677583593198,44.96283768751344,0.00011741329925657142,-0.00015677066551067123,0.0008830922675295996,68.67001783052156,6.0567976344583284e-05,4.117115535040558e-06,-0.00030005416873083514,5402.766848593071,5412.177764071584,5782.889530447533,5776.837255321617,0.0006897677042187449,0.0007325838249273958,0.012674129415559223,0
8.501999999999509,0.0,0.0,1.0,45.0,0.00011289455354189165,-0.0006815513399733517,0.9999980919426193,0.0007089362684923943,7.385345197632683e-05,7.340474150949777e-07,-0.0009091947687342017,0.00025665650988516617,2.361705371333709e-06,-0.004814837955733661,-0.002694911446519585,45.00000022646629,-0.012155075412548415,0.0029046573349098452,44.96383497315134,0.00012309353674109,-0.00015609992630955509,0.0008598563621596997,68.67001685036534,5.87688697710935e-05,4.8746615817745095e-06,-0.0002923154986290776,5402.785594409234,5412.159264546552,5782.907413105529,5776.81899881614,0.0006908408282099881,0.0007127731083439858,0.012497315414458095,0
8.521999999999515,0.0,0.0,1.0,45.0,0.0001268224113527786,-0.0006796715651411786,0.9999981072099593,0.0006861188715101023,0.0001103438602893903,7.871904897032912e-07,-0.0008888097473909071,0.00021186933495191568,2.2248770208196515e-06,-0.004545683995597166,-0.0027956897056945133,45.00000022180207,-0.012010488518318936,0.002726462685422087,44.96480601019888,0.0001285951705473522,-0.0001553263975877969,0.0008372185923083172,68.67001587200348,5.696857474660646e-05,5.61687653998852e-06,-0.00028476745612979827,5402.803869404003,5412.141229156951,5782.924861841414,5776.801182245966,0.0006914050499793381,0.0006949356035020279,0.012316064017496757,0
8.541999999999522,0.0,0.0,1.0,45.0,0.00014029316234887986,-0.0006770707730611447,0.999998123527946,0.0006632350709825886,0.0001460332108270477,8.392193980579077e-07,-0.0008681144854189991,0.0001676806082819832,2.088166297411458e-06,-0.004277720293615796,-0.002892715182073506,45.000000215971,-0.011859714620728224,0.002549210233920957,44.96575147453751,0.00013391700185424346,-0.00015445223706868575,0.0008151639531043136,68.67001489607212,5.5168079400341646e-05,6.343451705774228e-06,-0.00027740548344439567,5402.82168491904,5412.123646521541,5782.941887010065,5776.7837954178085,0.0006914553668045643,0.0006791223471031817,0.012130593706579153,0
8.561999999999529,0.0,0.0,1.0,45.0,0.00015330566718313536,-0.0006737651200044857,0.9999981408740268,0.0006403019902277037,0.0001809093370729281,8.901098397216177e-07,-0.0008471289706635656,0.00012411308906755156,1.9516669834932507e-06,-0.004011123390408078,-0.0029859764300875094,45.00000020904019,-0.011702960230983803,0.002373014083772257,44.96667202508728,0.0001390579807380422,-0.00015347964318629503,0.000793677804216323,68.67001392319895,5.336836531436685e-05,7.0540947265966835e-06,-0.0002702251300110836,5402.83905203424,5412.106505525478,5782.95849871826,5776.766828379705,0.0006909887993842659,0.0006653687843784464,0.011941125314668451,0
8.581999999999535,0.0,0.0,1.0,45.0,0.0001658591264909223,-0.000669770997025464,0.9999981592251737,0.000617336525400181,0.00021496084901610513,9.398383915746567e-07,-0.0008258730896759752,8.118872244787111e-05,1.815472064961078e-06,-0.0037460660463317958,-0.003075464947782992,45.00000020107755,-0.011540432976663502,0.002197985797188077,44.96756830421922,0.00014401720468362454,-0.00015241085282559857,0.0007727458613663725,68.67001295400297,5.1570406698063765e-05,7.748529565126631e-06,-0.0002632220500803877,5402.855981573501,5412.089795314556,5782.974706830383,5776.750271415344,0.0006900042222688041,0.0006536921565225448,0.01174788214581139,0
8.601999999999542,0.0,0.0,1.0,45.0,0.00017795307624882101,-0.0006651050144715205,0.9999981785578994,0.000594355336631593,0.0002481771294138211,9.883825230327564e-07,-0.0008043666147328839,3.89286361836087e-05,1.6796736668890392e-06,-0.0034827171741386867,-0.003161175136947098,45.00000019215166,-0.011372341433722183,0.0020242343521131626,44.9684409381582,0.00014879391700858155,-0.00015124813906867808,0.0007523541880291769,68.67001198909422,4.977516958504114e-05,8.426496450480547e-06,-0.0002563920003507428,5402.872484110346,5412.07350528957,5782.990520973981,5776.734115038497,0.000688502211523613,0.0006440893809453394,0.011551089761440736,0
8.621999999999549,0.0,0.0,1.0,45.0,0.00018958738295959406,-0.0006597839865737853,0.9999981988482761,0.0005713748394809045,0.00028054832954587587,1.0357206110050286e-06,-0.0007826291911405982,-2.6468620178205426e-06,1.5443629873978705e-06,-0.0032212417754960785,-0.0032431042617227786,45.000000182331455,-0.011198894960350618,0.0018518661017147247,44.96929053737628,0.00015338750520372204,-0.00014999380895041068,0.0007324891873133466,68.67001102907341,4.798361105280286e-05,9.087751818878283e-06,-0.00024973083764911216,5402.888569973475,5412.057625100764,5783.005950545235,5776.718349987562,0.0006864849079653515,0.0006365356589539936,0.011350976000956367,0
8.641999999999555,0.0,0.0,1.0,45.0,0.0002007622386696072,-0.0006538249161279868,0.9999982200719538,0.0005484111966971057,0.0003120653644715453,1.0818319551768403e-06,-0.0007606803248296493,-4.3518286533951824e-05,1.4096302304136695e-06,-0.002961800881362414,-0.003321252405767051,45.0000001716861,-0.011020303532781193,0.0016809847364654719,44.97011769697695,0.00015779749919038986,-0.00014865020122250798,0.0007131375940210021,68.67001007453182,4.6196678465749324e-05,9.732068242105115e-06,-0.00024323451665862178,5402.904249252164,5412.042144642412,5783.021004714313,5776.7029672202325,0.0006839558944619535,0.0006309839956178677,0.011147771067318814,0
8.661999999999562,0.0,0.0,1.0,45.0,0.00021147815582494767,-0.0006472449792755919,0.9999982422041784,0.000525480310295207,0.00034271990780038023,1.126696792299504e-06,-0.0007385393702443069,-8.366697522459144e-05,1.2755645401229856e-06,-0.0027045514962007297,-0.0033956224280074017,45.00000016028468,-0.010836777583134654,0.0015116912488055004,44.970922997070225,0.00016202356949951018,-0.00014721968413139916,0.0006942864668821016,68.67000912605083,4.441530874150083e-05,1.035923434589058e-05,-0.00023689908769445288,5402.919531801567,5412.027054047486,5783.035692430614,5776.687957908268,0.000680920085938675,0.000627365731576335,0.010941707318287345,0
8.681999999999569,0.0,0.0,1.0,45.0,0.00022173596197251806,-0.0006400615103947711,0.9999982652198116,0.0005025978139464585,0.0003725043859880878,1.170296309749866e-06,-0.0007162255185312666,-0.00012307509020348465,1.1422539346504282e-06,-0.0024496465460115253,-0.0034662199170498492,45.00000014819614,-0.010648527839396212,0.0013440839003688832,44.97170700313915,0.00016606552537420244,-0.00014570465320569095,0.0006759231809601626,68.67000818420185,4.264042763990717e-05,1.0969054716484874e-05,-0.0002307206945212552,5402.934427247932,5412.012343682435,5783.05002242791,5776.673313432381,0.0006773836308791464,0.0006255920793596845,0.010733019469030752,0
8.701999999999575,0.0,0.0,1.0,45.0,0.00023153679431239961,-0.0006322919871105615,0.9999982890933491,0.0004797790656837352,0.0004014119721691798,1.2126126595096584e-06,-0.0006937577860317057,-0.00016172561799353074,1.009785241309514e-06,-0.002197234830164363,-0.0035330531442939713,45.000000135488996,-0.010455765167608239,0.0011782581917582872,44.9724702663975,0.00016992331279734151,-0.00014410752906117202,0.0006580354202258263,68.67000724954588,4.087294907583379e-05,1.1561349797415983e-05,-0.00022469557221717167,5402.948944993659,5411.998004142063,5783.064003229383,5776.659025377219,0.0006733538232506391,0.0006255565471630605,0.010521944568283505,0
8.721999999999582,0.0,0.0,1.0,45.0,0.00024088209410779373,-0.0006239540154333642,0.9999983137989402,0.0004570391409224103,0.0004294365795380248,1.2536289709166987e-06,-0.0006711550030804344,-0.00019960236907496276,8.782440316643928e-07,-0.0019474609770047148,-0.0035961330158091995,45.00000012223115,-0.010258700416363674,0.0010143068348486938,44.97321332413924,0.0001735970124486703,-0.00014243075522006162,0.0006406111702949707,68.67000632263334,3.911377445552598e-05,1.2135955775964129e-05,-0.00021882004508069593,5402.963094222316,5411.984026244509,5783.077643152551,5776.645085526464,0.0006688390239147151,0.0006271380420338171,0.010308722174045432,0
8.741999999999589,0.0,0.0,1.0,45.0,0.00024977360095885425,-0.0006150653150346764,0.9999983393104077,0.0004343928257970474,0.00045657285429017173,1.2933293635022586e-06,-0.0006484358031155863,-0.0002366899768362692,7.477145570768312e-07,-0.001700465403209862,-0.003655473023026977,45.000000108489765,-0.010057544263679686,0.0008523197276005738,44.97393670007963,0.00017708683759278118,-0.0001406767959475085,0.0006236387113280283,68.67000540400383,3.736379203586977e-05,1.2692724459392316e-05,-0.00021309052458125596,5402.976883903496,5411.970401026326,5783.090950314113,5776.63148585803,0.0006638485907076859,0.0006302043883371972,0.010093594287152327,0
8.761999999999595,0.0,0.0,1.0,45.0,0.0002582133469467278,-0.0006056437046687228,0.9999983656012682,0.00041185461081391845,0.00048281616813594696,1.3316989584873748e-06,-0.0006256186121021115,-0.0002729738959378404,6.182796833871417e-07,-0.0014563842768661572,-0.003711089192303473,45.00000009433106,-0.009852507066330177,0.0006923839313622631,44.97464090468835,0.0001803931319007513,-0.000138848134106518,0.0006071066110871653,68.67000449418579,3.5623876307801294e-05,1.3231523141176721e-05,-0.0002075035073516975,5402.990322797604,5411.957119737656,5783.1039326346645,5776.6182185393745,0.0006583928164898982,0.0006346159831616907,0.009876805705276983,0
8.781999999999602,0.0,0.0,1.0,45.0,0.0002662036506541169,-0.0005957070877484059,0.9999983926447513,0.00038943868481912023,0.0005081626103984803,1.3687238898671928e-06,-0.0006027216382719935,-0.0003084404000987294,4.900208316679916e-07,-0.001215349484236762,-0.0037630000334078393,45.0000000798202,-0.009643798711711433,0.000534583650637413,44.9753264355147,0.00018351636720879443,-0.00013694726903292826,0.0005910037181482843,68.67000359369638,3.3894887403078095e-05,1.375223445815273e-05,-0.00020205557322109315,5403.003419460545,5411.944173837499,5783.116597843349,5776.605275922897,0.0006524828745692576,0.0006402293348837825,0.009658604106747974,0
8.801999999999609,0.0,0.0,1.0,45.0,0.0002737471110686733,-0.0005852734380837528,0.9999984204138207,0.0003671589292818277,0.0005326089797083914,1.4043913151456115e-06,-0.0005797628621837755,-0.0003430765793171244,3.6301791367908773e-07,-0.0009774886001867893,-0.0038112264869904523,45.000000065021034,-0.009431628472311352,0.00037900021529337346,44.97599377750522,0.00018645714121649253,-0.00013497671443112193,0.000575319155264615,68.67000270304106,3.217767052384623e-05,1.4254756238412282e-05,-0.00019674338329184253,5403.016182248298,5411.931554989073,5783.1289534823845,5776.592650541439,0.0006461307710033,0.0006469002836081909,0.009439240282275576,0
8.821999999999615,0.0,0.0,1.0,45.0,0.0002808466013755158,-0.0005743607857907907,0.9999984488811949,0.0003450289128920676,0.0005561527753074879,1.4386894246622121e-06,-0.0005567600271038359,-0.00037687033653524906,2.373492719096803e-07,-0.0007429248622316831,-0.003855791871085455,45.00000004999606,-0.009216204862851397,0.0002257120651859869,44.97664340331371,0.00018921617512597118,-0.0001329389962927535,0.0005600423128786718,68.67000182271356,3.0473055396810458e-05,1.4739001339817098e-05,-0.00019156367805374852,5403.028619321392,5411.919255055287,5783.14100691151,5776.580335103897,0.0006393493033764406,0.000654486768423139,0.009218968378730558,0
8.841999999999622,0.0,0.0,1.0,45.0,0.00028750526264515575,-0.0005629872033785317,0.9999984780193673,0.0003230618864720255,0.0005787921879739187,1.471607450609879e-06,-0.0005337306297114681,-0.0004098103837599163,1.1309162129359498e-07,-0.0005117771481709619,-0.0038967218267024727,45.00000003480627,-0.00899773550016661,7.479473717185398e-05,44.97727577360387,0.00019179431122635137,-0.0001308366508377758,0.0005451628427797617,68.67000095319541,2.8781855750188834e-05,1.52048974804128e-05,-0.00018651327553854242,5403.04073864932,5411.907266094259,5783.152765312331,5776.568322490912,0.0006321520257356507,0.0006628510730013104,0.00899804635711647,0
8.861999999999629,0.0,0.0,1.0,45.0,0.00029372649742308743,-0.0005511707920215008,0.9999985078006274,0.00030127077819983814,0.0006005260905813676,1.5031356750138056e-06,-0.0005106919111295498,-0.0004418862376499612,-9.680009659885991e-09,-0.0002841599572683184,-0.003934044262561206,45.000000019511,-0.008776426965885192,-7.36791455186554e-05,44.97789133734492,0.0001941925104255657,-0.00012867222248113026,0.0005306706519038761,68.67000009495592,2.7104868814026134e-05,1.565238705994296e-05,-0.0001815890695150017,5403.05254801481,5411.895580354984,5783.16423569258,5776.5566057506685,0.0006245532194497208,0.0006718615383268598,0.008776736242830208,0
8.881999999999636,0.0,0.0,1.0,45.0,0.00029951396322727887,-0.0005389296680249897,0.9999985381970823,0.0002796681891445102,0.0006213540283048375,1.5332654366949035e-06,-0.00048766084828240645,-0.0004730882145820593,-1.308923353220285e-07,-6.018339493722434e-05,-0.003967789299023079,45.00000000416777,-0.008552484671967247,-0.00021963988157829218,44.97849053209984,0.0001964118497316893,-0.0001264482618243607,0.0005165558962731636,68.66999924845186,2.5442874844404843e-05,1.6081426973105635e-05,-0.00017678802771992733,5403.064055018062,5411.884190273034,5783.175424890286,5776.5451780947815,0.0006165678698354364,0.0006813937741225097,0.008555304553191515,0
8.901999999999642,0.0,0.0,1.0,45.0,0.00030487156595976935,-0.0005262819494899623,0.9999985691806775,0.00025826638911043517,0.0006412762084857761,1.5619891371006973e-06,-0.00046465414558213283,-0.0005034074252067774,-2.504738670677073e-07,0.00016004683911169688,-0.003997989211274061,44.999999988832236,-0.008326112729158335,-0.00036302069762006613,44.97907378430746,0.00019845351968730504,-0.00012416732367501857,0.0005028089750718973,68.66999841412726,2.3796636670266414e-05,1.6491988415689928e-05,-0.00017210719012888313,5403.07526708084,5411.873088466379,5783.186339577846,5776.53403289428,0.0006082116484692238,0.0006913314278434764,0.00833402288717038,0
8.921999999999649,0.0,0.0,1.0,45.0,0.00030980345323854683,-0.0005132457431842863,0.9999986007232182,0.00023707731278974637,0.0006602934901692242,1.5893002464781023e-06,-0.0004416882269443539,-0.000532835768506641,-3.683549676641585e-07,0.00037642945930612163,-0.004024678371811415,44.99999997355813,-0.008097513818410517,-0.0005037577519076695,44.97964150955685,0.0002003188217592527,-0.00012183196509326617,0.0004894205248563486,68.66999759241315,2.216689926366394e-05,1.688405668222916e-05,-0.00016754366726184293,5403.086191450512,5411.862267731276,5783.196986266019,5776.5231636756625,0.0005995009011759956,0.0007015665836360339,0.008113168433548588,0
8.941999999999656,0.0,0.0,1.0,45.0,0.00031431400765584053,-0.0004998391316267108,0.9999986327963906,0.00021611255622056992,0.000678407373325739,1.6151933070409157e-06,-0.0004187792281342195,-0.0005613659253683933,-4.844679009255341e-07,0.0005888675992773159,-0.004047893192287879,44.99999995839707,-0.007866889065321224,-0.0006417901358509272,44.98019411285594,0.0002020091656854893,-0.0001194447434665672,0.0004763814138955757,68.66999678372747,2.0554389333140055e-05,1.725763095639976e-05,-0.0001630946385273764,5403.096835203997,5411.851721038257,5783.207371307828,5776.5125641170725,0.000590452641758617,0.0007119998665648307,0.007893024652135226,0
8.961999999999662,0.0,0.0,1.0,45.0,0.00031840783996892405,-0.0004860801603897516,0.9999986653717837,0.00019538337354908913,0.0006956199877710427,1.6396639364084842e-06,-0.00039594298944319034,-0.0005889913516817667,-5.987468826311186e-07,0.0007972688136038213,-0.004067672064766536,44.99999994339848,-0.007634437917636882,-0.0007770598733022053,44.98073198889345,0.00020352606678337165,-0.00011700821461700592,0.0004636827366405112,68.66999598847477,1.895981494009625e-05,1.7612724095314507e-05,-0.00015875735060042482,5403.107205251625,5411.841441528172,5783.217500902382,5776.502228044537,0.0005810845516021556,0.0007225403231265594,0.007673881964852574,0
8.981999999999669,0.0,0.0,1.0,45.0,0.0003220897822294785,-0.0004719868256273903,0.9999986984209109,0.000174900674092945,0.0007119340817960321,1.6627088299070602e-06,-0.0003731950486967141,-0.0006157062709771009,-7.111281277957073e-07,0.0010015450762840873,-0.004084055302437671,44.999999928609654,-0.007400358025864165,-0.000909511917688489,44.981255522294646,0.00020487114322092153,-0.00011452493093555918,0.00045131580831863754,68.6699952070461,1.73838651375992e-05,1.794936240566112e-05,-0.00015452911583704884,5403.117308340902,5411.831422508343,5783.22738109861,5776.492149428301,0.0005714149853570333,0.0007331051406323509,0.007456038546568583,0
9.001999999999676,0.0,0.0,1.0,45.0,0.0003253648808575174,-0.00045757706183323805,0.9999987319152311,0.00015467501970365533,0.000727353010520196,1.684325761539191e-06,-0.00035055063459297396,-0.0006415056666144867,-8.215498949881516e-07,0.0012016127759896399,-0.004097085079850742,44.99999991407552,-0.007164845127030582,-0.0010390941470155937,44.98176508787069,0.0002060461132534809,-0.00011199743955187475,0.0004392721596515565,68.66999443981878,1.5827209632251776e-05,1.8267585414495417e-05,-0.0001504073107221131,5403.127151060219,5411.821657448776,5783.237017798919,5776.48232237924,0.0005614629829742531,0.0007436192578103323,0.007239801274877093,0
9.021999999999682,0.0,0.0,1.0,45.0,0.00032823838966582154,-0.0004428687298345531,0.999998765826171,0.00013471662242515333,0.0007418807239811508,1.7045135836346913e-06,-0.00032802466037232703,-0.0006663852735370869,-9.299525311914526e-07,0.0013973927081526276,-0.004106805372712148,44.999999899838706,-0.006928092931631728,-0.0011657573567825513,44.98226105086249,0.00020705279242948064,-0.00010942828053380797,0.0004275435316929232,68.66999368715629,1.4290498468252369e-05,1.856744563309426e-05,-0.0001463893743519855,5403.13673984246,5411.812139978453,5783.246416762767,5776.472741145365,0.0005512482884333722,0.0007540149085654705,0.00702548659853085,0
9.041999999999689,0.0,0.0,1.0,45.0,0.0003307157628407772,-0.00042787960502725127,0.9999988001251454,0.00011503534244570292,0.0007555217549732248,1.7232722260269807e-06,-0.00030563171781701357,-0.00069034156960152,-1.036278511130365e-06,0.0015888100639426751,-0.0041132618973002645,44.99999988593939,-0.00669029301379984,-0.0012894552508437892,44.982743767178256,0.00020789309076672222,-0.00010681998512158647,0.00041612187078420487,68.66999294940801,1.2774361733639673e-05,1.8849008315073783e-05,-0.00014247280694960196,5403.146080968537,5411.802863881717,5783.255583610154,5776.4634001084,0.0005407913755685277,0.0007642311312139716,0.006813421715985309,0
9.061999999999696,0.0,0.0,1.0,45.0,0.0003328026478854501,-0.000412627365856784,0.9999988347835804,9.564068634010256e-05,0.000768281206647887,1.7406026935697673e-06,-0.0002833860715804365,-0.0007133717664982182,-1.1404724777536987e-06,0.001775794416189269,-0.004116502049548176,44.99999987241537,-0.006451634704725619,-0.0014101444302590446,44.98321358362567,0.0002085690099018345,-0.00010417507399601392,0.000404999323625666,68.66999222690923,1.1279409289210639e-05,1.9112351208894445e-05,-0.00013865516841349962,5403.155180570856,5411.79382309471,5783.264523825047,5776.454293780451,0.0005301134814573004,0.0007742132671749277,0.006603945614520093,0
9.081999999999702,0.0,0.0,1.0,45.0,0.0003345048785306671,-0.0003971295825495083,0.9999988697729332,7.654180559891563e-05,0.000780164739888867,1.7565070627443258e-06,-0.0002613016538449868,-0.0007354738002748587,-1.242481276187275e-06,0.001958279702308009,-0.004116574843843999,44.999999859301944,-0.006212304989362646,-0.0015277843801706661,44.983670838138195,0.000209082640216884,-0.00010149605558101988,0.0003941682324603526,68.66999151998083,9.806230518514564e-06,1.9357564304716783e-05,-0.00013493407689627645,5403.164044636695,5411.785011701892,5783.273242758717,5776.445416800732,0.000519236647888018,0.0007839124662149896,0.006397410308797683,0
9.101999999999709,0.0,0.0,1.0,45.0,0.00033582846761980896,-0.0003814037060989128,0.9999989050647147,5.7747495441451816e-05,0.0007911785604747381,1.7709884768534727e-06,-0.0002393920593073494,-0.0007566463214759942,-1.3422539892292513e-06,0.002136204204289294,-0.004113530851598557,44.99999984663195,-0.005972488406439537,-0.001642337454749984,44.98411585999625,0.00020943615794351722,-9.878542438326663e-05,0.00038362113036840195,68.66999082892931,8.355394100427973e-06,1.9584749576766814e-05,-0.0001313072074179792,5403.172679011527,5411.7764239326325,5783.281745633008,5776.436763932402,0.0005081837714578596,0.0007932852098613869,0.006194181939467851,0
9.121999999999716,0.0,0.0,1.0,45.0,0.00033677959997294984,-0.0003654670575108116,0.9999989406305103,3.9266193908841444e-05,0.0008013294060416588,1.7840511406367613e-06,-0.00021767054048973695,-0.0007768886849120985,-1.4397419688472122e-06,0.0023095105258104957,-0.004107422139628631,44.99999983443572,-0.005732366951803527,-0.0017537688602544585,44.98454897004279,0.00020963182224875514,-9.604565936623622e-05,0.00037335073666954686,68.66999015404659,6.92744780219132e-06,1.9794020720071133e-05,-0.00012777229050726363,5403.181089402248,5411.76805415789,5783.290037543531,5776.428330059434,0.0004969786628692088,0.0008022928603755843,0.005994642267069687,0
9.141999999999722,0.0,0.0,1.0,45.0,0.00033736462523590585,-0.00034933681731136204,0.9999989764420014,2.110598123360161e-05,0.0008106245328590228,1.7957003132637284e-06,-0.0001961500033755617,-0.0007962009390713033,-1.5348988646988187e-06,0.0024781455665325346,-0.004098302208404411,44.99999982274105,-0.005492119985115574,-0.0018620466362366877,44.98497048089379,0.00020967197230432758,-9.327922236225872e-05,0.0003633499524313212,68.6699894956099,5.5229182945596564e-06,1.9985502882870934e-05,-0.00012432711087524134,5403.189281380347,5411.759896886923,5783.2981234627805,5776.420110183609,0.00048564611597414387,0.0008109012395207921,0.005799189541149211,0
9.161999999999729,0.0,0.0,1.0,45.0,0.00033759005071968027,-0.0003330300153215102,0.9999990124709858,3.274579481837252e-06,0.0008190717024306063,1.8059423001808073e-06,-0.0001748430033676496,-0.0008145838151872319,-1.6276806497233768e-06,0.0026420604936441073,-0.004086225930208727,44.999999811573275,-0.005251924139914189,-0.001967141634950435,44.98538069714371,0.00020955902434182289,-9.04885565219008e-05,0.00035361185608085967,68.66998885388168,4.142310987275171e-06,2.0159332394995674e-05,-0.0001209695061176636,5403.197260384998,5411.751946764105,5783.306008243189,5776.412099421538,0.0004742119870516935,0.0008190802390614403,0.005608239771761768,0
9.181999999999736,0.0,0.0,1.0,45.0,0.0003374625342357154,-0.0003165635207012141,0.9999990486893984,-1.4220647535892392e-05,0.0008266791679337812,1.8147844440352786e-06,-0.000153761741566975,-0.0008320387159762552,-1.7180456431396888e-06,0.002801210710716884,-0.0040712494872547095,44.99999980095519,-0.00501195323706311,-0.0020690274989963353,44.98577991556582,0.0002092954686959443,-8.76760848015107e-05,0.0003441296991178826,68.66998822910958,2.7861098857856786e-06,2.0315656492030715e-05,-0.00011769736544690464,5403.205031726111,5411.744198565791,5783.313696620112,5776.404293001784,0.00046270328466891194,0.0008268034633179806,0.005422227435068393,0
9.201999999999742,0.0,0.0,1.0,45.0,0.0003369888769322772,-0.000299954032266549,0.9999990850693331,-3.1372694089186595e-05,0.0008334556605093048,1.8222351141669142e-06,-0.00013291806136962175,-0.0008485677040576475,-1.8059545334519267e-06,0.0029555558239368757,-0.004053430309808086,44.99999979090712,-0.004772378201594408,-0.0021676806372518055,44.98616842530792,0.00020888386683949717,-8.484420848929477e-05,0.0003348969019268841,68.6699876215263,1.4547774678237837e-06,2.0454633035618534e-05,-0.00011450862845223896,5403.212600587268,5411.7366471972455,5783.321193214728,5776.3966862620455,0.00045114827024733743,0.0008340479030069115,0.005241605959680703,0
9.221999999999749,0.0,0.0,1.0,45.0,0.00033617601613721937,-0.0002832180690825432,0.9999991215830618,-4.81749120920826e-05,0.0008394103754140231,1.828303695271463e-06,-0.00011232344537960305,-0.0008641734900700631,-1.8913703947914068e-06,0.003105059605777143,-0.004032827014359763,44.99999978144694,-0.004533366982956419,-0.002263080199130669,44.98654650808307,0.00020832684841005586,-8.19953057702592e-05,0.000325907049686192,68.66998703134952,1.487545808591157e-07,2.057643023059617e-05,-0.00011140128388872595,5403.219972028644,5411.729287689647,5783.328502536895,5776.3892746464,0.000439576569094684,0.0008407936388925603,0.0050668479423946165,0
9.241999999999756,0.0,0.0,1.0,45.0,0.0003350310182122842,-0.0002663719613343524,0.9999991582030555,-6.46210104114339e-05,0.0008445529580488942,1.833000574736241e-06,-9.198901263477669e-05,-0.0008788594204978286,-1.974258702328217e-06,0.0032496899561789594,-0.004009499341892989,44.99999977259006,-0.004295084478672383,-0.002355208047217281,44.98691443835587,0.00020762710823377722,-7.913173033109027e-05,0.00031715388837199546,68.66998645878195,-1.131539641465954e-06,2.0681226338385548e-05,-0.00010837336849300635,5403.2271509898255,5411.72211519716,5783.33562898793,5776.382053702639,0.00042801929112081547,0.0008470235733595841,0.004898444211137702,0
9.261999999999762,0.0,0.0,1.0,45.0,0.00033356107142400865,-0.000249431841479132,0.999999194902004,-8.070505392381281e-05,0.0008488934898744523,1.836337129119749e-06,-7.19255161431529e-05,-0.0008926294652205041,-2.0545873471003045e-06,0.003389418861308226,-0.003983508096289547,44.999999764349525,-0.004057692461414421,-0.002444048728321754,44.987272483524166,0.00020678740334561393,-7.625581000492763e-05,0.00030863132085504747,68.6699859040112,-2.385707842548043e-06,2.0769209387968716e-05,-0.00010542296582709776,5403.2341422925865,5411.715124994033,5783.342576863313,5776.3750190796445,0.00041650915967837574,0.0008527231878013663,0.004736902156640839,0
9.281999999999769,0.0,0.0,1.0,45.0,0.0003317734788362156,-0.00023241363568072426,0.9999992316528346,-9.642146232561878e-05,0.000852442474225847,1.8383257090488154e-06,-5.214334072646235e-05,-0.0009054882047991867,-2.132326642302607e-06,0.003524222349955641,-0.003954915082917629,44.999999756736,-0.003821349509493402,-0.0025295894430016983,44.987620904096296,0.0002058105500102857,-7.336984545546289e-05,0.00030033340308823565,68.66998536720973,-3.613374487372524e-06,2.0840576883661745e-05,-0.00010254820514698253,5403.240950643603,5411.708312471807,5783.349350355351,5776.368166524839,0.00040508064588027883,0.0008578803236481806,0.00458274312038863,0
9.301999999999776,0.0,0.0,1.0,45.0,0.0003296756512289744,-0.00021533305552903667,0.9999992684287325,-0.00011176500870100113,0.0008552108220394886,1.838979623709896e-06,-3.265250116788048e-05,-0.0009174408175130208,-2.207449333220869e-06,0.003654080447649097,-0.003923783047444212,44.99999974975785,-0.003586210940763867,-0.0026118200135986044,44.987959953864056,0.0002046994207449431,-7.047610890364619e-05,0.00029225434038289823,68.66998484853501,-4.814185887664889e-06,2.0895535510987336e-05,-9.974726029992779e-05,5403.247580637094,5411.701673136558,5783.355953555764,5776.361491881713,0.0003937701042654698,0.0008624849848834756,0.004436497788966433,0
9.321999999999782,0.0,0.0,1.0,45.0,0.0003272751000488216,-0.00019820559004574983,0.99999930520316,-0.00012673081785253198,0.0008572098375030904,1.8383131236677109e-06,-1.3462640660457086e-05,-0.0009284930661592943,-2.279930601680581e-06,0.003778977128547799,-0.0038901756149129474,44.99999974342116,-0.0033524287499401987,-0.002690732850835137,44.98828988007161,0.0002034569413463458,-6.757684289351264e-05,0.00028438848377196455,68.66998434812929,-5.987810208498736e-06,2.0934300839739835e-05,-9.701834864474518e-05,5403.25403675741,5411.695202606194,5783.362390458206,5776.354991087399,0.00038261590372068807,0.0008665291599829673,0.004298700032751632,0
9.34199999999979,0.0,0.0,1.0,45.0,0.00032457943039493114,-0.00018104649797775598,0.9999993419498739,-0.00014131436439948522,0.0008584512036409318,1.836341383103452e-06,5.416970447230256e-06,-0.0009386512846306168,-2.3497480659450066e-06,0.0038989002651882015,-0.0038541572291288873,44.999999737729816,-0.003120151549316906,-0.002766322919020931,44.988610923579905,0.000202086087925199,-6.467425910034669e-05,0.00027673032645817504,68.66998386611985,-7.1339374569912555e-06,2.095709702602353e-05,-9.435972999851565e-05,5403.260323381582,5411.688896607822,5783.368664960751,5776.3486601703,0.0003716585450322325,0.000870006661335343,0.004169878649180543,0
9.361999999999796,0.0,0.0,1.0,45.0,0.0003215963340458302,-0.00016387080037949758,0.9999993786429449,-0.00015551147064873954,0.0008589469678458682,1.8330804806494947e-06,2.3977435611980167e-05,-0.0009479223642823775,-2.4168817809769276e-06,0.004013841576151927,-0.003815793092388987,44.99999973268556,-0.002889524512885402,-0.002838587699914863,44.98892331902753,0.0002005898839480715,-6.177053717977793e-05,0.0002692745003452176,68.66998340261875,-8.252279452737382e-06,2.0964156511453626e-05,-9.176970560697482e-05,5403.266444781775,5411.6827509751665,5783.374780868277,5776.342495247808,0.00036094075327306054,0.0008729129803474074,0.00405054710926808,0
9.381999999999802,0.0,0.0,1.0,45.0,0.0003183335825311491,-0.00014669327348514288,0.999999415256775,-0.00016931830424342826,0.0008587095273696072,1.8285473798008063e-06,4.221023276718936e-05,-0.0009563137401038908,-2.4813142354391077e-06,0.0041237965717264985,-0.0037751491055981632,44.99999972828807,-0.0026606893238351305,-0.0029075271552910444,44.989227294987245,0.00019897139729050872,-5.886782365876843e-05,0.0002620157726502144,68.66998295772316,-9.342569780356907e-06,2.0955719721766182e-05,-8.924661713922105e-05,5403.272405127724,5411.676761646042,5783.380741894849,5776.336492524054,0.00035050752941633365,0.0008752451565891265,0.003941190420769072,0
9.40199999999981,0.0,0.0,1.0,45.0,0.000314799020252795,-0.0001295284418713096,0.999999451766115,-0.00018273137559452797,0.000857751614782574,1.822759907609036e-06,6.010721470851263e-05,-0.000963833376706484,-2.5430303424654342e-06,0.004228764497630747,-0.0037322918088087175,44.99999972453498,-0.002433784125426166,-0.002973143688258216,44.98952307411904,0.00019723373730342025,-5.5968230868684186e-05,0.0002549490425956459,68.66998253151519,-1.0404563725774039e-05,2.0932034764367097e-05,-8.678884570727031e-05,5403.27820848909,5411.670924659887,5783.386551665985,5776.330648287726,0.00034040614119918794,0.000877001659486721,0.003842250432995591,0
9.421999999999816,0.0,0.0,1.0,45.0,0.00031100055765983245,-0.00011239057191082196,0.9999994881460815,-0.00019574753510062147,0.0008560862834144548,1.815736733272365e-06,7.766060919804668e-05,-0.0009704897541415108,-2.6020174325404963e-06,0.0043287482768752696,-0.0036872883222197794,44.99999972142201,-0.0022089434752173296,-0.0030354421033789492,44.98981087331909,0.0001953800518926424,-5.3073835919855855e-05,0.0002480693381789295,68.6699821240621,-1.1438038194056392e-05,2.0893357124170664e-05,-8.439481090558917e-05,5403.283858837784,5411.6652361553415,5783.392213720927,5776.324958909949,0.0003306860286035717,0.0008781822812196951,0.00375410971193206,0
9.441999999999823,0.0,0.0,1.0,45.0,0.00030694616448124834,-9.529366551776519e-05,0.9999995243721731,-0.00020836397016126367,0.0008537268927865292,1.8074973452502064e-06,9.486301879145468e-05,-0.0009762918535616255,-2.6582652402889553e-06,0.004423754449831337,-0.0036402062876736735,44.99999971894302,-0.0019862983026314625,-0.0030944295656384793,44.99009090386555,0.0001934135246174196,-5.018667971805536e-05,0.00024137181301813794,68.66998173541627,-1.2442791612725492e-05,2.083994935931508e-05,-8.206296987688346e-05,5403.289360050214,5411.6596923678835,5783.397731514801,5776.319420842199,0.0003213985948933053,0.0008787880396176083,0.0036770742437264143,0
9.46199999999983,0.0,0.0,1.0,45.0,0.00030264386302067024,-7.8251454183883e-05,0.9999995604202877,-0.00022057820198922016,0.0008506870940465354,1.7980620280606131e-06,0.00011170742039232897,-0.0009812491427380807,-2.7117658921412084e-06,0.004513793112578688,-0.003591113810684146,44.99999971709007,-0.0017659758698376318,-0.00315011555831076,44.990363371560115,0.00019133737180494474,-4.730876602394993e-05,0.0002348517432717734,68.66998136561534,-1.3418643817124905e-05,2.0772080796227365e-05,-7.979181639760175e-05,5403.294715909506,5411.654289627517,5783.403108420767,5776.314030614303,0.000312596850809937,0.0008788210899820241,0.003611356961560479,0
9.481999999999836,0.0,0.0,1.0,45.0,0.00029810172151700017,-6.127739330614956e-05,0.9999995962667368,-0.00023238808222717986,0.0008469808154168173,1.787451837649e-06,0.0001281871645384523,-0.0009853715614471185,-2.7625138869764e-06,0.004598877853605402,-0.003540079403031158,44.99999971585354,-0.001548099735928679,-0.0032025118397715673,44.9906284768667,0.0001891548396869868,-4.4442060554640694e-05,0.00022850452463136155,68.66998101468238,-1.4365435920851562e-05,2.0690027225109754e-05,-7.757987998502509e-05,5403.2999301076625,5411.649024356511,5783.408347732097,5776.308784832475,0.00030433487855049317,0.0008782846448785468,0.003557062625099508,0
9.501999999999843,0.0,0.0,1.0,45.0,0.00029332784757481406,-4.4384656805134966e-05,0.999999631888262,-0.0002437917893744539,0.0008426222476661551,1.7756885765541635e-06,0.00014429597442473495,-0.0009886695067380946,-2.810506078564068e-06,0.004679025688931836,-0.0034871719259547814,44.999999715222195,-0.0013327897243688763,-0.0032516323993057386,44.9908864150465,0.00018686920155795903,-4.158849012598091e-05,0.00022232566938498518,68.6699806826258,-1.5283030170632383e-05,2.059407059401216e-05,-7.542572502790064e-05,5403.305006247669,5411.6438930671775,5783.413452664199,5776.303680177385,0.0002966670851793886,0.0008771829010521592,0.003514177236397351,0
9.52199999999985,0.0,0.0,1.0,45.0,0.00028833038166826454,-2.7586132033575757e-05,0.9999996672620481,-0.0002547878250291985,0.0008376258296156958,1.7627947679773088e-06,0.00016002794466752417,-0.000991153818096179,-2.8557416514922604e-06,0.004754256995730998,-0.0034324605339817503,44.999999715183215,-0.0011201618936845232,-0.0032974934119576835,44.99113737628962,0.00018448375495748898,-3.8749941838695946e-05,0.0002163108035502956,68.66998036943973,-1.6171309786665722e-05,2.048449870439647e-05,-7.332794993590884e-05,5403.309947845557,5411.638892359716,5783.418426356605,5776.298713402327,0.00028964722402965575,0.0008755209727173222,0.0034825601808997457,0
9.541999999999856,0.0,0.0,1.0,45.0,0.0002831174907221164,-1.0894414974358127e-05,0.9999997023657385,-0.0002653750099518285,0.0008320062336890246,1.7487936293507658e-06,0.00017537753981525134,-0.00099283576251205,-2.8982220975600277e-06,0.004824595444517225,-0.0033760146194155554,44.999999715722446,-0.0009103285113706905,-0.003340113192473904,44.99138154584367,0.00018200181887785693,-3.5928262305920026e-05,0.00021045566407531488,68.669980075104,-1.7030178787392715e-05,2.0361604906820347e-05,-7.128518630887416e-05,5403.314758332428,5411.634018920093,5783.4232718749045,5776.29388133139,0.000283327179099667,0.0008733048305623226,0.0034619437019674216,0
9.561999999999863,0.0,0.0,1.0,45.0,0.0002776973617734273,5.678194273079876e-06,0.9999997371774484,-0.00027555247995531977,0.0008257783515163614,1.733709045246441e-06,0.00019033959261053774,-0.0009937270194711105,-2.937951189821371e-06,0.004890067929975968,-0.0033179037575205564,44.99999971682425,-0.0007033980309818999,-0.0033795121483859315,44.99161910413894,0.00017942673099941963,-3.312525692279432e-05,0.00020475609610573383,68.6699797995843,-1.7859561800774134e-05,2.0225687797258892e-05,-6.929609812886272e-05,5403.319441056427,5411.629269517972,5783.427992212619,5776.289180857696,0.00027775553226140826,0.000870541245886523,0.003451937354948845,0
9.58199999999987,0.0,0.0,1.0,45.0,0.00027207819571727266,2.2119695719116085e-05,0.9999997716757774,-0.0002853196816281017,0.000818957279602612,1.7175655395561605e-06,0.00020490930200886654,-0.000993839665874468,-2.974934952398288e-06,0.004950704500506422,-0.003258197652429699,44.99999971847187,-0.0004994750723756922,-0.0034157127322814,44.99185022691086,0.00017676184495486286,-3.0342689178064808e-05,0.00019920805031693034,68.6699795428324,-1.8659403861588207e-05,2.007705091414897e-05,-6.73593809683773e-05,5403.323999284651,5411.624641004679,5783.432590293045,5776.284608941695,0.0002729759653438805,0.0008672377393597761,0.0034520383960733704,0
9.601999999999876,0.0,0.0,1.0,45.0,0.0002662682011398016,3.841839342446489e-05,0.9999998058398227,-0.0002946763678953156,0.0008115583050687916,1.7003882472724917e-06,0.00021908223095908107,-0.0009931861609038676,-3.0091816291316637e-06,0.005006538286548986,-0.0031969660838043253,44.99999972064727,-0.0002986604050737167,-0.0034487393933116057,44.992075085319094,0.0001740105276237771,-2.7582280006637293e-05,0.00019380758030945186,68.66997930478632,-1.9429670195222645e-05,1.9916002436597257e-05,-6.547376122116798e-05,5403.328436205054,5411.6201303112475,5783.437068971044,5776.280162609494,0.000269025585381237,0.0008634025339563793,0.00346164722788015,0
9.621999999999883,0.0,0.0,1.0,45.0,0.00026027558824179064,5.456289915642135e-05,0.9999998396491905,-0.0003036225934241947,0.0008035968914762283,1.6822028859171873e-06,0.0002328543039510491,-0.0009917793308425855,-3.0407016507558573e-06,0.005057605427769269,-0.00313427885427374,44.99999972333136,-0.00010105093470515429,-0.0034786185279829475,44.992293846063816,0.00017117615645998967,-2.4845707184811263e-05,0.00018855084006653833,68.6699790853705,-2.0170345988669377e-05,1.9742854884000485e-05,-6.363799534788193e-05,5403.332754928271,5411.615734446454,5783.441431034787,5776.275838951231,0.00026593329522898415,0.0008590445116723814,0.003480085903424762,0
9.64199999999989,0.0,0.0,1.0,45.0,0.0002541085628557505,7.054213576258519e-05,0.9999998730840075,-0.0003121587098793648,0.0007950886647426164,1.6630357260128408e-06,0.00024622180433591756,-0.0009896323538641431,-3.069507598727015e-06,0.00510394499916997,-0.003070205737681022,44.999999726504086,9.326030750587143e-05,-0.0035053784302815174,44.99250667149928,0.000168262116851415,-2.2134604766834998e-05,0.00018343408147207836,68.66997888449593,-2.088143614860395e-05,1.9557924817466e-05,-6.18508691436884e-05,5403.336958489426,5411.611450494938,5783.445679207456,5776.271635119497,0.0002637183549589051,0.0008541731736852734,0.0035066188252529627,0
9.661999999999896,0.0,0.0,1.0,45.0,0.0002477753205595236,8.634534026399973e-05,0.9999999061249317,-0.0003202853610339643,0.0007860493991588504,1.6429135615269177e-06,0.0002591813714245198,-0.0009867587448004872,-3.095614167549121e-06,0.005145598936201722,-0.0030048164281602373,44.99999973014452,0.0002841841722472549,-0.0035290492411766132,44.99271371974423,0.00016527179951553452,-1.9450562561485594e-05,0.00017845365188787186,68.66997870206052,-2.1562965047281217e-05,1.936153254236479e-05,-6.011119702126922e-05,5403.341049849887,5411.6072756153635,5783.449816148904,5776.26754832781,0.0002623892834629665,0.000848798603660266,0.0035404730035206475,0
9.681999999999903,0.0,0.0,1.0,45.0,0.00024128404088918936,0.00010196206666981799,0.9999999387531624,-0.00032800347774237544,0.0007764950035153821,1.6218636795630547e-06,0.00027172999736953626,-0.000983172339901216,-3.119038125310497e-06,0.005182611958943873,-0.00293818049006976,44.99999973423087,0.00047163539666252724,-0.0035496628975500467,44.99291514478985,0.00016220859793134406,-1.6795125649920303e-05,0.00017360599178868152,68.66997853794912,-2.2214976256987104e-05,1.915400181267449e-05,-5.84178213134134e-05,5403.345031898973,5411.603207038585,5783.453844457265,5776.263575849116,0.00026194322892293193,0.0008429314339477686,0.0035808583804941975,0
9.70199999999991,0.0,0.0,1.0,45.0,0.0002346428816539844,0.00011738218851578039,0.9999999709504497,-0.00033531427278040137,0.0007664415073466023,1.5999138302175938e-06,0.0002838650238369801,-0.0009788872815952245,-3.1397982715677604e-06,0.005215031495425138,-0.0028703673088056403,44.999999738740684,0.000655532605972795,-0.00356725308059944,44.993111096605084,0.00015907590580886713,-1.4169793945058563e-05,0.00016888763245387939,68.66997839203391,-2.283753227289676e-05,1.8935659538338285e-05,-5.676961159025493e-05,5403.348907455647,5411.599242065898,5783.457766670542,5776.2597150143365,0.000262365891334061,0.0008365828144530854,0.0036269846001814746,0
9.721999999999916,0.0,0.0,1.0,45.0,0.00022785997335582047,0.0001325959011289555,1.0000000026991034,-0.0003422192355587919,0.000755905047301467,1.5770921959396792e-06,0.00029558413847284473,-0.0009739180032658656,-3.157915393936027e-06,0.005242907604154105,-0.002801446042516761,44.999999743650875,0.000835798312221445,-0.0035818551637613254,44.99330172123912,0.0001558771145971801,-1.1576021790352992e-05,0.00016429519371432424,68.66997826417462,-2.3430714224722006e-05,1.8706835494170244e-05,-5.5165463995759625e-05,5403.352679270158,5411.595378067306,5783.4615852681245,5776.255963210969,0.00026363201713980056,0.00082976438399227,0.003678076290595304,0
9.741999999999923,0.0,0.0,1.0,45.0,0.00022094341371587116,0.00014759372362135786,1.0000000339820019,-0.0003487201267159904,0.0007449018536484895,1.5534273606669958e-06,0.00030688537117070063,-0.0009682792140506894,-3.173412225833395e-06,0.005266292895929167,-0.002731485574743538,44.999999748937825,0.001012358910186975,-0.0035935061601998614,44.993487160921475,0.00015261561103372784,-9.015217598756587e-06,0.00015982538175326582,68.66997815421865,-2.3994621578463363e-05,1.8467862031294926e-05,-5.360430059931988e-05,5403.356350025619,5411.591612479824,5783.465302672296,5776.252317881705,0.0002657064178216567,0.0008224882439781963,0.003733384150058344,0
9.76199999999993,0.0,0.0,1.0,45.0,0.00021390126231057735,0.0001623665006152167,1.0000000647825986,-0.0003548189725959342,0.0007334482369228629,1.5289482785667645e-06,0.00031776709014602335,-0.0009619858836765007,-3.1863133951246166e-06,0.005285242454996093,-0.0026605544680006897,44.99999975457748,0.0011851446705110926,-0.003602244669906833,44.993667554159515,0.0001492947747341651,-6.4887435308262836e-06,0.00015547498695993512,68.66997806200153,-2.4529371827093832e-05,1.8219073791309305e-05,-5.208506876351938e-05,5403.359922339602,5411.587942805841,5783.468921249686,5776.248776523105,0.000268545405354243,0.0008147669343082897,0.003792193921644591,0
9.781999999999936,0.0,0.0,1.0,45.0,0.0002067415353193065,0.0001769054037028224,1.0000000950849308,-0.00036051805961676464,0.0007215605747233649,1.5036842430316382e-06,0.0003282279978232549,-0.000955053227340421,-3.1966453807337714e-06,0.005299813759622211,-0.0025887209183233723,44.999999760545386,0.0013540897300898874,-0.003608110826458503,44.99384303583379,0.00014591797582491663,-3.997915212507355e-06,0.00015124088183474392,68.66997798734698,-2.503510017258668e-05,1.7960807423212763e-05,-5.060674052826334e-05,5403.363398765645,5411.584366611491,5783.472443312684,5776.245336684304,0.0002720984993096924,0.0008066134113509721,0.003853832198040841,0
9.801999999999943,0.0,0.0,1.0,45.0,0.00019947220038578234,0.0001912019326440271,1.000000124873624,-0.0003658199285363205,0.00070925529866641,1.477664855197471e-06,0.00033826712654146736,-0.0009474966906472608,-3.2044364594030267e-06,0.005310066602153947,-0.002516052710795043,44.999999766816906,0.0015191320797778584,-0.003611146243473247,44.99401373729054,0.00014248857261991112,-1.5440014914116474e-06,0.0001471200189448725,68.66997793006735,-2.5511959197685272e-05,1.7693401303039083e-05,-4.916831200936559e-05,5403.366781794765,5411.580881525086,5783.475871120825,5776.24199596575,0.00027631024839295913,0.000798041027951647,0.003917670133706689,0
9.82199999999995,0.0,0.0,1.0,45.0,0.00019210117159528675,0.00020524791630462268,1.0000001541339,-0.0003707273686201868,0.0006965488815043927,1.45091999254423e-06,0.00034788383408464196,-0.0009393319346135414,-3.2097166573334575e-06,0.005316063008625291,-0.002442617176074888,44.999999773367136,0.0016802135494558962,-0.003611393960815405,44.99417978643238,0.0001390099093414235,8.717757676490633e-07,0.0001431094289290309,68.6699778899638,-2.5960118529545996e-05,1.7417195257438537e-05,-4.7768802812785225e-05,5403.370073856904,5411.577485235572,5783.479206882135,5776.238752017988,0.0002811220216079316,0.0007890635154015759,0.003983124916306937,0
9.841999999999956,0.0,0.0,1.0,45.0,0.00018463630456951654,0.00021903551333895673,1.00000018285158,-0.0003752434117182118,0.0006834578244151968,1.4234797778362644e-06,0.0003570777990426402,-0.0009305748207480059,-3.2125176952950293e-06,0.005317867157982924,-0.0023684811479403787,44.9999997801711,0.001837279790514449,-0.003608898390588501,44.994341307806486,0.0001354853138872976,3.2482418511164263e-06,0.00013920621855032674,68.66997786682673,-2.6379764494525163e-05,1.713253028945137e-05,-4.640725546353441e-05,5403.373277322368,5411.574175491026,5783.482452754435,5776.23560254047,0.00028647365411752597,0.0007796949673346336,0.004049659817827312,0
9.861999999999963,0.0,0.0,1.0,45.0,0.00017708539168086472,0.00023255721262028503,1.0000002110130906,-0.00037937132625511693,0.0006699986444696017,1.3953745473701597e-06,0.00036584901600882487,-0.0009212413962185117,-3.21287293799736e-06,0.005315545300993445,-0.002293710921861201,44.9999997872038,0.0019902802558051567,-0.0036037052629604165,44.9944984226906,0.00013191809564336011,5.584269325314089e-06,0.00013540756879606793,68.66997786043585,-2.67710997646421e-05,1.6839748308523222e-05,-4.5082734848111966e-05,5403.376394503211,5411.5709500971725,5783.485610846624,5776.2325452804025,0.00029230487100800445,0.0007699498255378707,0.00411678355856085,0
9.88199999999997,0.0,0.0,1.0,45.0,0.00016945615738777887,0.0002458058334224893,1.0000002386054663,-0.00038311461114115585,0.0006561878622830154,1.3666348201224128e-06,0.0003741977906205182,-0.0009113478791148722,-3.210817337614008e-06,0.00530916567889779,-0.0022183722146185067,44.99999979444026,0.002139168177114693,-0.0035958615718653096,44.99465124917684,0.0001283115433455035,7.878778129860278e-06,0.00013171073302353862,68.66997787056074,-2.7134342997145116e-05,1.6539191864012276e-05,-4.379432767230835e-05,5403.379427654607,5411.567806915966,5783.488683219905,5776.229578031626,0.0002985564501961476,0.0007598428676826046,0.004184048396874683,0
9.901999999999976,0.0,0.0,1.0,45.0,0.00016175625369273228,0.0002587745253569146,1.0000002656163545,-0.00038647698960842116,0.0006420419898576872,1.3372912666158685e-06,0.00038212473444838234,-0.0009009106438168856,-3.206387378659818e-06,0.005298798441876106,-0.002142530124982531,44.99999980185566,0.0022839005402173302,-0.0035854155206208483,44.99479990225361,0.00012466892298872156,1.0130735634791173e-05,0.00012811303515056953,68.669977896961,-2.746972846642278e-05,1.623120388147311e-05,-4.254114193104249e-05,5403.382378976177,5411.564743864166,5783.4916718890145,5776.226698633532,0.0003051711177920541,0.0007493891970032248,0.004251047613638123,0
9.921999999999983,0.0,0.0,1.0,45.0,0.00015399325572423573,0.0002714567680682031,1.0000002920340174,-0.00038946240297847387,0.0006275775186214401,1.3073746777239835e-06,0.0003896307597407304,-0.0008899462064768107,-3.199621023558556e-06,0.005284515567386152,-0.0020662490954619713,44.99999980942531,0.0024244380575595384,-0.0035724164675055726,44.99494449388523,0.00012099347578478299,1.2339156660302205e-05,0.0001246118678898296,68.66997793938661,-2.7777505688619246e-05,1.591612740408791e-05,-4.132230639429189e-05,5403.3852506132835,5411.561758911985,5783.4945788233745,5776.223904970003,0.0003120941925484218,0.0007386042339719961,0.004317413459104509,0
9.94199999999999,0.0,0.0,1.0,45.0,0.00014617465744419595,0.0002838463706931185,1.0000003178473338,-0.0003920750043670712,0.0006128109076686545,1.2769159340389114e-06,0.00039671707402906135,-0.0008784712106251386,-3.1905576517534055e-06,0.00526639077843777,-0.00198959287513573,44.99999981712487,0.002560745138636016,-0.0035569148713355515,44.995085133089766,0.00011728841617174044,1.450310346183887e-05,0.00012120469102599275,68.66997799757834,-2.8057939040944483e-05,1.5594305337543457e-05,-4.013697010231525e-05,5403.388044658313,5411.558850081729,5783.4974059482565,5776.221194968392,0.00031927401031325874,0.000727503710039627,0.004382814062987942,0
9.961999999999996,0.0,0.0,1.0,45.0,0.00013830786748182154,0.0002959374710864644,1.0000003430458007,-0.0003943191523315183,0.0005977585722088897,1.2459459757657225e-06,0.00040338517460085854,-0.000866502412908247,-3.179238004703054e-06,0.0052444994618637926,-0.0019126244835774846,44.99999982493024,0.002692789858113227,-0.0035389622370809747,44.99522192601485,0.0001135569298721013,1.6621685681502963e-05,0.00011788902973468543,68.66997807126792,-2.8311307373860424e-05,1.5266080198551853e-05,-3.898430187648758e-05,5403.390763151911,5411.5560154465,5783.500155145878,5776.218566598522,0.00032666216597708773,0.0007161036635334524,0.004446950747741149,0
9.982000000000003,0.0,0.0,1.0,45.0,0.00013040020509515966,0.0003077245348183113,1.0000003676195348,-0.0003961994044662119,0.0005824368722285707,1.2144957719994777e-06,0.0004096368428458039,-0.000854056668966537,-3.1657041280598668e-06,0.005218918586648384,-0.0018354061758832487,44.99999983281777,0.0028205439217598815,-0.0035186110615621265,44.99535497601146,0.00010980217200357939,1.8694060262941516e-05,0.00011466247294216282,68.66997816017856,-2.8537903618494383e-05,1.4931793868618268e-05,-3.786348984249803e-05,5403.393408084198,5411.553253128918,5783.502828256496,5776.216017871724,0.0003342136112759745,0.0007044204378286889,0.004509555621805698,0
10.00200000000001,0.0,0.0,1.0,45.0,0.00012245889626124,0.00031920235394684507,1.0000003915592712,-0.00039772051095196813,0.0005668621013705747,1.1825962915359712e-06,0.0004154741384815931,-0.0008411509194610588,-3.1499993073303166e-06,0.005189726622371347,-0.0017579994088094033,44.999999840764254,0.0029439826302428314,-0.00349591477926338,44.9954843837061,0.00010602726524104051,2.0719431335258505e-05,0.00011152267172497761,68.66997826402512,-2.8738034388302117e-05,1.4591787350901966e-05,-3.677374096388136e-05,5403.395981395947,5411.550561299865,5783.505427079455,5776.213546839897,0.00034188664401726927,0.0006924706819325617,0.004570388768658904,0
10.022000000000016,0.0,0.0,1.0,45.0,0.0001144910698956902,0.00033036604557125186,1.0000004148563657,-0.0003988874080645048,0.0005510504760366492,1.1502784726413387e-06,0.0004208993936654107,-0.0008278021762567742,-3.1321680159151564e-06,0.005157003457827134,-0.0016804648080298472,44.999999848746924,0.00306308484084861,-0.0034709277083038877,44.99561024707097,0.00010223529803113643,2.269705006161018e-05,0.00010846733774843647,68.66997838251457,-2.8912019576306966e-05,1.4246400532679594e-05,-3.5714280589571465e-05,5403.398484979756,5411.547938177266,5783.507953374213,5776.211151594597,0.0003496428195431024,0.0006802713536473524,0.004629236214946964,0
10.042000000000023,0.0,0.0,1.0,45.0,0.0001065037542025797,0.0003412110501691431,1.0000004375027909,-0.00039970521164755726,0.0005350181247170953,1.1175731947478552e-06,0.00042591520699723046,-0.0008140275087700538,-3.112255848831328e-06,0.005120830319875345,-0.0016028621365181744,44.999999856743635,0.0031778329271908807,-0.0034437049966023884,44.99573266149253,9.84293228595104e-05,2.462621445644847e-05,0.00010549424174322754,68.66997851534636,-2.9060191947773038e-05,1.389597195192593e-05,-3.468435201083612e-05,5403.40092068116,5411.5453820249095,5783.510408861338,5776.208830266163,0.00035744680978498747,0.0006678397255059492,0.0046859071612016115,0
10.06200000000003,0.0,0.0,1.0,45.0,9.850387315513977e-05,0.00035173312972311464,1.0000004594911365,-0.0004001792105559964,0.0005187810775520452,1.0845112494007448e-06,0.0004305244374210534,-0.0007998440304878944,-3.090309465283429e-06,0.005081289692578959,-0.0015252502640605737,44.99999986473281,0.003288212736964516,-0.0034143025682722705,44.99585171983815,9.461235457169807e-05,2.650626917170922e-05,0.00010260121201903,68.66997866221264,-2.9182896728468325e-05,1.3540838568109236e-05,-3.3683216032555894e-05,5403.403290299757,5411.542891151273,5783.512795223478,5776.206581022843,0.0003652662298974349,0.0006551933937029064,0.004740232556144769,0
10.082000000000036,0.0,0.0,1.0,45.0,9.049824310790269e-05,0.00036192836564111886,1.000000480814607,-0.0004003148600741728,0.0005023552561284406,1.0511233123902383e-06,0.000434730198030141,-0.0007852688856662105,-3.0663765294203078e-06,0.005038465236685577,-0.0014476871379047514,44.99999987269357,0.003394213547808423,-0.0033827770702832276,44.99596751252136,9.07873687478373e-05,2.8336605250427347e-05,9.978613301455291e-05,68.6699788227988,-2.928049119029753e-05,1.3181335538548053e-05,-3.271015055190529e-05,5403.405595590277,5411.540463908386,5783.515114106299,5776.204402069976,0.0003730714476396643,0.0006423502902749352,0.0047920628648126795,0
10.102000000000043,0.0,0.0,1.0,45.0,8.249356954069652e-05,0.0003717931564754026,1.0000005014670181,-0.0004001177753147912,0.00048575646351644604,1.0174399158533813e-06,0.00043853584978230565,-0.00077031923621402,-3.0405056454582753e-06,0.004992441709504966,-0.0013702297545480657,44.99999988060566,0.0034958280213381733,-0.003349185819424621,44.99608012756505,8.695730013100315e-05,3.0116659851694136e-05,9.70469438828481e-05,68.66997899678361,-2.935334423243379e-05,1.2817795998828606e-05,-3.176445015181193e-05,5403.407838263627,5411.538098690735,5783.517367119404,5776.202291649178,0.0003808353865998789,0.0006293286988171161,0.004841266304281521,0
10.12200000000005,0.0,0.0,1.0,45.0,7.449644393482907e-05,0.0003813242154448433,1.0000005214427954,-0.00039959372460341303,0.0004690003745490277,9.834914215939286e-07,0.0004419449951313058,-0.0007550122487704549,-3.0127463032796203e-06,0.004943304885236469,-0.0012929341326684896,44.99999988844959,0.0035930521554116556,-0.003313586749605087,44.99618965066366,8.312504111117497e-05,3.184591594359046e-05,9.438163711132298e-05,68.66997918383979,-2.9401835960896675e-05,1.245055084893636e-05,-3.084542570051133e-05,5403.410019987946,5411.535793934162,5783.519555837228,5776.200248037558,0.00038853333106202,0.0006161472740546151,0.004887727587177912,0
10.142000000000056,0.0,0.0,1.0,45.0,6.651334078169163e-05,0.00039051856776558066,1.0000005407369685,-0.00039874862285374095,0.00045210252634785865,9.49307994492942e-07,0.00044496147158031886,-0.0007393650819809208,-2.98314881315507e-06,0.004891141475797069,-0.0012158552871998568,44.99999989620666,0.0036858852346895762,-0.003276038359522507,44.996296165243166,7.92934402623849e-05,3.352390196979864e-05,9.178825717541284e-05,68.66997938363424,-2.942635726437983e-05,1.2079928543754257e-05,-2.9952403965575045e-05,5403.4121423895895,5411.533548114824,5783.521681799893,5776.19826954696,0.0003961427377449838,0.0006028250656231371,0.004931346399164001,0
10.162000000000063,0.0,0.0,1.0,45.0,5.855061472391192e-05,0.00039937354779490765,1.0000005593451697,-0.00039758852493863844,0.00043507830909886275,9.149195763297428e-07,0.00044758934516348387,-0.0007233948739787865,-2.951764249974252e-06,0.004836039052201213,-0.0011390472045529983,44.999999903858935,0.003774329779554089,-0.003236599660735477,44.99639975251993,7.54653009358432e-05,3.5150191485532224e-05,8.926489922530746e-05,68.66997959582845,-2.9427309388715163e-05,1.1706254888959842e-05,-2.908472723593008e-05,5403.4142070541275,5411.531359748152,5783.523746514056,5776.196354523228,0.0004036430577005608,0.0005893815464442699,0.004972036064197155,0
10.18200000000007,0.0,0.0,1.0,45.0,5.061449782908672e-05,0.00040788679599344416,1.0000005772636253,-0.00039611961906190125,0.0004179429570801747,8.803558606631497e-07,0.000449832903861418,-0.0007071187300785768,-2.9186443868472805e-06,0.004778085966541447,-0.0010625628189830578,44.99999991138934,0.003858391493448847,-0.0031953301261710273,44.996500491558095,7.1643379908422e-05,3.6724402767085325e-05,8.680970780488042e-05,68.66997982007885,-2.940510350977443e-05,1.1329852842294354e-05,-2.8241752952563484e-05,5403.416215527299,5411.5292273878495,5783.525751453732,5776.194501345475,0.00041101557022767555,0.000575836646111645,0.005009722525439521,0
10.202000000000076,0.0,0.0,1.0,45.0,4.271109699602568e-05,0.00041605625571067165,1.0000005944891537,-0.00039434822013558916,0.0004007115399451583,8.456462683690711e-07,0.0004516966509566024,-0.0006905537106863132,-2.8838416416333663e-06,0.0047173712746175185,-0.0009864539901019488,44.99999991878163,0.0039380792087032905,-0.0031522896390966644,44.99659845932538,6.78303860851784e-05,3.8246198394856654e-05,8.442087560198903e-05,68.66998005603723,-2.936016030401934e-05,1.0951042319103766e-05,-2.7422853351589034e-05,5403.41816931595,5411.527149624905,5783.527698061081,5776.192708425413,0.00041824322964029143,0.0005622107897283175,0.0050443431850014046,0
10.222000000000083,0.0,0.0,1.0,45.0,3.4846391493342496e-05,0.0004238801697989576,1.0000006110191584,-0.0003922807631677213,0.0003833989542630475,8.108199234122845e-07,0.0004531852983344169,-0.0006737168194327342,-2.8474090134127228e-06,0.0046539846592614995,-0.0009107714815357503,44.999999926020436,0.004013404830905235,-0.0031075384425898454,44.99669373074737,6.402897925907048e-05,3.971528480825495e-05,8.209664222953275e-05,68.66998030335098,-2.9292909519137433e-05,1.0570140004815913e-05,-2.6627415114906e-05,5403.420069888956,5411.525125086635,5783.529587747174,5776.190974206652,0.00042531052502061637,0.0005485249426511035,0.005075846105023471,0
10.24200000000009,0.0,0.0,1.0,45.0,2.7026230630133743e-05,0.0004313570770612455,1.0000006268516213,-0.00038992379666505416,0.00036601991531919054,7.759056296068192e-07,0.00045430375973569187,-0.0006566249915343562,-2.809400025359264e-06,0.00458801635440364,-0.0008355649407233064,44.99999993309131,0.0040843832818848605,-0.0030611370895326172,44.99678637876078,6.024176892388365e-05,4.1131411837772994e-05,7.98352930364194e-05,68.6699805616636,-2.920378954298672e-05,1.0187459170883401e-05,-2.585483902858712e-05,5403.421918678118,5411.523152435749,5783.531421892769,5776.189297164066,0.0004322033526198629,0.0005348006615978556,0.0051041891892810035,0
10.262000000000096,0.0,0.0,1.0,45.0,1.9256331558393113e-05,0.0004384858085376269,1.0000006419850973,-0.0003872839760555684,0.0003485889491771015,7.409318488625349e-07,0.00045505714396642784,-0.0006392950823876617,-2.7698686674035755e-06,0.00451955706992414,-0.0007608828798545156,44.999999939980675,0.0041510324413738305,-0.0030131463931608515,44.996876474365166,5.6471313145036704e-05,4.249437221064093e-05,7.763515794791795e-05,68.66998083061493,-2.9093246973138e-05,9.803309497593665e-06,-2.5104539653473715e-05,5403.423717079032,5411.52123036943,5783.5332018490035,5776.187675803145,0.00043890890027299326,0.000521060152552285,0.00512933926849223,0
10.282000000000103,0.0,0.0,1.0,45.0,1.1542277206717274e-05,0.00044526548363604796,1.0000006564187065,-0.0003843680571351395,0.00033112038500392687,7.059266779498227e-07,0.0004554507480703728,-0.0006217438564009675,-2.7288693357892124e-06,0.004448697917333108,-0.0006867726579436179,44.99999994667594,0.004213373087403221,-0.002963627378195803,44.9969640866729,5.272011748420426e-05,4.3804001032445826e-05,7.549461033441904e-05,68.6699811098416,-2.8961736185772495e-05,9.417996901702052e-06,-2.437594500163425e-05,5403.425466451947,5411.519357618451,5783.5349289381365,5776.1861086593835,0.00044541554302278077,0.0005073263358465291,0.005151271721239887,0
10.30200000000011,0.0,0.0,1.0,45.0,3.88951434476946e-06,0.0004516955061124389,1.0000006701521262,-0.0003811828895429231,0.0003136283476608529,6.709178286033996e-07,0.00045549005047009654,-0.0006039879760685381,-2.6864567761254536e-06,0.004375530336320903,-0.0006132804640330388,44.999999953165364,0.004271428835503889,-0.0029126412325846257,44.997049282958926,4.899063397941164e-05,4.5060175247232984e-05,7.34120659081212e-05,68.66998139897738,-2.8809718905083794e-05,9.031823369224831e-06,-2.366849622287839e-05,5403.427168122608,5411.517532946302,5783.536604454216,5776.184594297689,0.0004517127490650256,0.0004936229187016156,0.005169969338152015,0
10.322000000000116,0.0,0.0,1.0,45.0,-3.696648222119769e-06,0.0004577755599055786,1.000000683185584,-0.000377735410269717,0.00029612675055988265,6.359326065377762e-07,0.00045518070408200886,-0.0005860439912912543,-2.6426860296371693e-06,0.004300146022219101,-0.000540451301523102,44.99999995943821,0.004325226076771726,-0.002860249259876755,44.99713212870822,4.528526018096517e-05,4.626281307275214e-05,7.138598164698844e-05,68.66998169765347,-2.8637663773214555e-05,8.645086794823821e-06,-2.2981647297966566e-05,5403.428823383058,5411.515755148334,5783.5382296637545,5776.1831313117855,0.0004577909951030999,0.0004799744753412065,0.005185422479920005,0
10.342000000000123,0.0,0.0,1.0,45.0,-1.1211041328923482e-05,0.0004635056048320342,1.0000006955198493,-0.00037403263720366657,0.0002786292887879198,6.009978924998454e-07,0.0004545285294109571,-0.000567928328947744,-2.5976123749238966e-06,0.004222636854411541,-0.00046832897362047326,44.99999996548466,0.004374793914862658,-0.0028065128322600423,44.99721268766257,4.160633824204752e-05,4.74118734166802e-05,6.941485474527884e-05,68.66998200549892,-2.844604592162743e-05,8.258080825399067e-06,-2.231486474029606e-05,5403.430433492452,5411.514023050947,5783.5398058063765,5776.181718323662,0.00046364169021589224,0.00046640653454090724,0.005197627899428281,0
10.36200000000013,0.0,0.0,1.0,45.0,-1.8648636998251478e-05,0.00046888587214653196,1.0000007071562231,-0.0003700816627173795,0.0002611494324991833,5.661401232111403e-07,0.00045353950762964067,-0.0005496572827198183,-2.551291273006537e-06,0.004143094825732922,-0.00039695606989956526,44.99999997129586,0.004420164101978774,-0.0027514933442820944,44.99729102186601,3.795615406462458e-05,4.85073552698247e-05,6.749722159000441e-05,68.66998232214098,-2.8235346543286634e-05,7.871094710260837e-06,-2.1667627306473745e-05,5403.431999677827,5411.5123355107635,5783.54133409545,5776.1803539830225,0.0004692571073840335,0.00045294567410335734,0.005206588766671052,0
10.382000000000136,0.0,0.0,1.0,45.0,-2.6004549859920844e-05,0.0004739168599731344,1.0000007180965316,-0.00036588964730059956,0.0002437004205765218,5.31385273591518e-07,0.0004522197736483005,-0.0005312470031756854,-2.503778315465052e-06,0.004061611972891842,-0.00032637395396870733,44.99999997686384,0.0044613709739102555,-0.0026952521672792018,44.99736719170921,3.433693650002555e-05,4.9549297080536105e-05,6.56316567626691e-05,68.66998264720539,-2.8006052466993514e-05,7.4844131563081605e-06,-2.1039425713551423e-05,5403.433523134861,5411.51069141385,5783.542815718695,5776.179036966755,0.00047463032187465776,0.00043961962121957175,0.0052123137742564486,0
10.402000000000143,0.0,0.0,1.0,45.0,-3.3274038443716804e-05,0.00047859932861260513,1.0000007283431138,-0.0003614638132423292,0.00022629525456210707,4.967588396844791e-07,0.0004505756091798012,-0.0005127134881141937,-2.4551291680693766e-06,0.003978280307952857,-0.0002566227522333841,44.99999998218162,0.004498451384193366,-0.0026378506045369363,44.99744125597246,3.0750856602616966e-05,5.053777610903272e-05,6.381677206575179e-05,68.66998298031679,-2.775865573256017e-05,7.098316189408997e-06,-2.042976236278361e-05,5403.4350050286275,5411.50908967495,5783.544251838788,5776.17776597841,0.00047975515574768114,0.0004264573569424721,0.005214817423483691,0
10.42200000000015,0.0,0.0,1.0,45.0,-4.045250634637819e-05,0.0004829342957313555,1.000000737898814,-0.00035681143836640156,0.00020894669285782306,4.6228582194045097e-07,0.0004486134358054725,-0.0004940725731731989,-2.405399520450772e-06,0.0038931917509124783,-0.0001877413437471459,44.99999998724315,0.00453144463744882,-0.0025793498472023117,44.997513271868264,2.7200026939960652e-05,5.147290776362917e-05,6.205121557333176e-05,68.66998332109902,-2.749365316967738e-05,6.713079020841885e-06,-1.983815107256494e-05,5403.4364464943055,5411.507529236731,5783.545643593921,5776.17653974771,0.0004846261278118462,0.00041348922200403604,0.005214118893873185,0
10.442000000000156,0.0,0.0,1.0,45.0,-4.7535503273916104e-05,0.0004869230314373633,1.0000007467669711,-0.0003519398498241655,0.00019166724519531196,4.279907106577395e-07,0.00044633980804662947,-0.0004753399227047545,-2.3546450369424963e-06,0.003806438063400616,-0.00011976735114102296,44.99999999204327,0.0045603924219612966,-0.002519810930969323,44.99758329508166,2.3686500955096426e-05,5.235484491918169e-05,6.0333670705230436e-05,68.66998366917544,-2.721154597824756e-05,6.328971919691017e-06,-1.926411681709294e-05,5403.437848637912,5411.506009069053,5783.54699209838,5776.175357030051,0.0004892384084233015,0.00040074701989043464,0.005210242429875779,0
10.462000000000163,0.0,0.0,1.0,45.0,-5.451872596044943e-05,0.0004905670532484599,1.0000007549514074,-0.0003468564179479871,0.00017446916737558031,3.9389747032629354e-07,0.00044376140644686015,-0.0004565310209197059,-2.3029213013994075e-06,0.0037181107835390728,-5.2737132621094614e-05,44.99999999657772,0.0045853387415616224,-0.002459294693557382,44.99765137981057,2.0212272382181953e-05,5.318377721812175e-05,5.866285532417667e-05,68.66998402416935,-2.6912839311692316e-05,5.946260090800843e-06,-1.8707195469963572e-05,5403.4392125369795,5411.504528168253,5783.548298443082,5776.174216606041,0.0004935877785813334,0.0003882641113876662,0.005203216512151159,0
10.48200000000017,0.0,0.0,1.0,45.0,-6.139801896481356e-05,0.0004938681209583702,1.000000762456419,-0.00034156855016920825,0.00015736445627783223,3.6002952651533416e-07,0.0004408850306700272,-0.00043766116330403153,-2.250283772074956e-06,0.003628301161987279,1.331422497655084e-05,45.00000000084313,0.004606329846872956,-0.0023978617330017702,44.99771757880488,1.6779274716565163e-05,5.3959930355897976e-05,5.70375208553884e-05,68.66998438570415,-2.65980418637859e-05,5.565203558487888e-06,-1.8166933559670095e-05,5403.44053924123,5411.503085556451,5783.549563696099,5776.173117281029,0.0004976705928337997,0.00037607549266812463,0.005193073836222304,0
10.502000000000177,0.0,0.0,1.0,45.0,-6.816937534626865e-05,0.0004968282314058868,1.0000007692867638,-0.0003360836850039193,0.00014036484513693803,3.2640975298967136e-07,0.00043771759261874044,-0.0004187454483088951,-2.1967877333159617e-06,0.00353710009920295,7.83529120849861e-05,45.00000000483705,0.0046234141659810945,-0.002335572366773736,44.9977819434041,1.3389380735589132e-05,5.4683565350485005e-05,5.5456451428016515e-05,68.6699847534039,-2.626766545789328e-05,5.186057055738831e-06,-1.7642888025704767e-05,5403.441829773255,5411.501680280878,5783.5507889031815,5776.1720578846725,0.0005014837455582453,0.0003642178463769411,0.0051798510461569785,0
10.522000000000183,0.0,0.0,1.0,45.0,-7.482893722070195e-05,0.0004994496131525411,1.0000007754476523,-0.0003304092861100206,0.00012348179908888398,2.930604591541329e-07,0.00043426610957815465,-0.00039979876931638835,-2.142488248711223e-06,0.0034445980839459445,0.0001423464012716383,45.00000000855781,0.004636642234589351,-0.0022724865917481477,44.99784452357446,1.0044402073205021e-05,5.535497779744971e-05,5.3918463037988175e-05,68.66998512689334,-2.5922224641089215e-05,4.809069919285249e-06,-1.713462598483202e-05,5403.443085129148,5411.500311413203,5783.5519750882395,5776.171037270486,0.0005050246402333892,0.0003527295521194583,0.005163588499006863,0
10.54200000000019,0.0,0.0,1.0,45.0,-8.137299619878547e-05,0.0005017347210741233,1.000000780944734,-0.0003245528364187716,0.0001067265109832191,2.6000337900982963e-07,0.0004305376973896526,-0.0003808358068824039,-2.0874401146972404e-06,0.0033508851330500597,0.00020526345108236633,45.00000001200462,0.004646066625717072,-0.002208664045034038,44.99790536794493,6.746088845309924e-06,5.597449711151117e-05,5.2422402731716615e-05,68.66998550579845,-2.5562236280980594e-05,4.434485989841451e-06,-1.6641724501684292e-05,5403.444306279143,5411.498978048895,5783.553123253848,5776.170054315432,0.0005082911613596811,0.0003416506393611436,0.00514433005649619,0
10.562000000000197,0.0,0.0,1.0,45.0,-8.779799370761351e-05,0.0005036862308713778,1.0000007857840865,-0.000318521832343977,9.010989746144895e-05,2.2725966071374228e-07,0.00042653956365899635,-0.00036187102125814704,-2.031697815913188e-06,0.003256050732487958,0.00026707410887714597,45.0000000151775,0.0046517418790008635,-0.0021441639656841717,44.99796452384253,3.496129325974181e-06,5.654248575439491e-05,5.096714781006043e-05,68.66998588974663,-2.5188219167061703e-05,4.062543518560917e-06,-1.616377036614185e-05,5403.445494168227,5411.497679306597,5783.5542343816915,5776.169107919514,0.0005112816487271253,0.00033102266228648275,0.005122122758534859,0
10.582000000000203,0.0,0.0,1.0,45.0,-9.410052119740737e-05,0.000505307033505181,1.0000007899722039,-0.0003123237780719225,7.364259530010675e-05,1.9484985664928885e-07,0.00042227900100346837,-0.0003429186451913762,-1.975315483800457e-06,0.0031601837797523642,0.00032774971267151334,45.000000018077245,0.004653724429656846,-0.0020790451572973126,44.99802203732601,2.9614967546021794e-07,5.7059338450936294e-05,4.955160505230228e-05,68.66998627836703,-2.480069361695404e-05,3.693475078578211e-06,-1.5700359875368067e-05,5403.446649716752,5411.496414327504,5783.5553094330435,5776.168197005361,0.0005139948737638468,0.00032088847308390725,0.005097016728398539,0
10.60200000000021,0.0,0.0,1.0,45.0,-0.00010027732023493304,0.0005066002295614772,1.0000007935159856,-0.0003059661799348809,5.733495801700743e-05,1.6279391467099054e-07,0.00041776338034222785,-0.00032399267700826504,-1.9183468539427413e-06,0.003063372527574705,0.0003872628919975493,45.00000002070537,0.004652072537161041,-0.002013365951528009,44.99807795321976,-2.852286283956056e-06,5.75254813926975e-05,4.817470995932746e-05,68.66998667129083,-2.4400181085912982e-05,3.3275074826478757e-06,-1.5251098622954188e-05,5403.447773821014,5411.495182274774,5783.556349349192,5776.167320517857,0.0005164300177302439,0.000311291868150478,0.005069065169724365,0
10.622000000000217,0.0,0.0,1.0,45.0,-0.00010632528248533682,0.0005075691235512207,1.0000007964227222,-0.0002994565408712021,4.119705273911561e-05,1.3111117079927675e-07,0.0004130001442343212,-0.00030510687397666304,-1.8608452258888464e-06,0.002965704529002711,0.0004455875677995084,45.000000023064196,0.004646846213705142,-0.0019471841725160121,44.998132315146094,-5.947677240339195e-06,5.7941371432338804e-05,4.6835426015873174e-05,68.6699870681515,-2.3987203782557702e-05,2.964861705945721e-06,-1.4815601292168035e-05,5403.4488673538435,5411.493982332942,5783.557355051868,5776.166477423746,0.0005185866515514003,0.00030227708185549644,0.0050383237336478265,0
10.642000000000223,0.0,0.0,1.0,45.0,-0.00011224144958415927,0.0005082172181505364,1.0000007987000845,-0.0002928023549745421,2.5238657330211558e-05,9.982034080234761e-08,0.0004079968002684119,-0.00028627474595114877,-1.8028634218653919e-06,0.0028672665838553914,0.0005026989513792765,45.00000002515668,0.004638107152484134,-0.0018805571022458818,44.99818516555657,-8.988584517230854e-06,5.830749526677601e-05,4.5532743971153865e-05,68.66998746858513,-2.3562284289037734e-05,2.605752814038525e-06,-1.439349145562852e-05,5403.449931165144,5411.492813707353,5783.55832744368,5776.165666711279,0.0005204647171050582,0.00029388810603113907,0.005004850973146847,0
10.66200000000023,0.0,0.0,1.0,45.0,-0.00011802301290133911,0.0005085482083862724,1.0000008003561112,-0.00028601110213491345,9.469257776401487e-06,6.893951505247126e-08,0.0004027609145082054,-0.00026750954930022486,-1.7444537540276333e-06,0.00276814468657327,0.0005585735424066126,45.0000000269865,0.004625918655870646,-0.0018135414468502327,44.99823654576351,-1.1973632151011135e-05,5.862436861116316e-05,4.4265681137455294e-05,68.66998787223066,-2.3125945185920884e-05,2.2503898975255274e-06,-1.3984401379123045e-05,5403.4509660824715,5411.491675623604,5783.559267408497,5776.164887389852,0.0005220645098042021,0.00028616782163604727,0.004968707657678047,0
10.682000000000237,0.0,0.0,1.0,45.0,-0.00012366731319907268,0.0005085659757720805,1.000000801399195,-0.000279090242774137,-6.1019541726227475e-06,3.848615237625445e-08,0.0003973001049977455,-0.0002488242811156524,-1.6856679823123113e-06,0.0026684239754810905,0.0006131891260114561,45.00000002855792,0.004610345563530734,-0.0017461933038645586,44.9982864959693,-1.4901506919433238e-05,5.889253536552491e-05,4.303328070640108e-05,68.66998827873017,-2.267870868364384e-05,1.8989760107331671e-06,-1.358797183121864e-05,5403.451972911554,5411.490567327018,5783.560175811853,5776.1641384896475,0.0005233866623325013,0.00027915694320155367,0.004929957107290509,0
10.702000000000243,0.0,0.0,1.0,45.0,-0.00012917184018544167,0.0005082745824001136,1.0000008018380715,-0.0002720472126779427,-2.146608310885914e-05,8.477075250241181e-09,0.000391622035330197,-0.00023023167370377526,-1.6265572823420953e-06,0.0025681886834773232,0.0006665247689738208,45.00000002987588,0.004591454180535253,-0.0016785681304437312,44.99833505529606,-1.777095832549118e-05,5.911256677217614e-05,4.183461108224141e-05,68.66998868772906,-2.222109625840915e-05,1.5517081165915154e-06,-1.3203851897115622e-05,5403.452952436813,5411.489488082098,5783.5610535013275,5776.163419061302,0.0005244321294077967,0.00027289279712322024,0.004888664659358514,0
10.72200000000025,0.0,0.0,1.0,45.0,-0.0001345342319657694,0.0005076782649933836,1.0000008016818056,-0.00026488941792716914,-3.661453182017253e-05,-2.1071534175951893e-08,0.00038573440828401065,-0.00021174418935855784,-1.567172213206263e-06,0.0024675220901653992,0.0007185608150285312,45.00000003094582,0.004569312205519341,-0.0016107207125489293,44.99838226181408,-2.058079853317289e-05,5.928506056676164e-05,4.066876523200584e-05,68.66998909887641,-2.175362829508401e-05,1.2087770369990185e-06,-1.2831698798685376e-05,5403.453905421896,5411.488437172039,5783.561901306912,5776.162728175581,0.000525202173463733,0.0002674079806479501,0.004844897870642167,0
10.742000000000257,0.0,0.0,1.0,45.0,-0.00013975227439370975,0.0005067814289237732,1.0000008009397785,-0.0002576242299301215,-5.153900289604845e-05,-5.014413753062539e-08,0.00037964495953000195,-0.00019337401541562373,-1.5075626795015132e-06,0.0023665064754383584,0.0007692788793023156,45.00000003177378,0.004543988658942571,-0.0015427051351121622,44.99842815256951,-2.3329902260563656e-05,5.9410640123350724e-05,3.9534860051803644e-05,68.66998951182511,-2.1276823734827254e-05,8.703674081724541e-07,-1.247117771656271e-05,5403.454832610156,5411.487413898206,5783.56272004137,5776.162064923036,0.0005256983511527927,0.0002627289766680515,0.004798726054309768,0
10.762000000000263,0.0,0.0,1.0,45.0,-0.0001448239003241176,0.0005055886422006413,1.000000799621675,-0.00025025898055826057,-6.623150008748361e-05,-7.872584267734982e-08,0.0003733614514130092,-0.00017513305958668214,-1.4477779061615593e-06,0.0022652230745294436,0.0008186618419009277,45.00000003236629,0.004515553811500925,-0.0014745747531844382,44.99847276361147,-2.601720662612236e-05,5.948995359340127e-05,3.843203574921528e-05,68.66998992623216,-2.0791199730440226e-05,5.366576409505358e-07,-1.2121961618938554e-05,5403.455734725153,5411.4864175796665,5783.563510500587,5776.16142841371,0.0005259225005855913,0.00025887482525664116,0.004750220716712372,0
10.78200000000027,0.0,0.0,1.0,45.0,-0.00014974718876978628,0.0005041046294349071,1.0000007977374712,-0.0002428009573871046,-8.068432942400918e-05,-1.068024055380818e-07,0.00036689166681132176,-0.0001570329455732943,-1.3878664057820495e-06,0.0021637520345375656,0.0008666938406638062,45.000000032730334,0.004484079112740436,-0.0014063821640746996,44.998516130018444,-2.864171095361986e-05,5.952367304057844e-05,3.735945524112176e-05,68.66999034175892,-2.029727130639182e-05,2.0781988721319497e-07,-1.1783731093678265e-05,5403.456612471135,5411.485447552707,5783.564273463911,5776.160817776819,0.000525876729231511,0.0002558559698921455,0.004699454862142109,0
10.802000000000277,0.0,0.0,1.0,45.0,-0.0001545203639641791,0.0005023342657834395,1.0000007952974206,-0.0002352573990442807,-9.489010009069826e-05,-1.3436023090480883e-07,0.0003602434030774439,-0.00013908500895888967,-1.3278759507435336e-06,0.0020621723724378233,0.0009133602631055028,45.00000003287338,0.004449637119922704,-0.0013381791804833296,44.998558285923934,-3.1202476532442464e-05,5.951249357115895e-05,3.6316303566743956e-05,68.66999075807118,-1.979555102696032e-05,-1.159799895757961e-07,-1.1456174185562658e-05,5403.457466533496,5411.484503170377,5783.565009694478,5776.160232160446,0.000525563402414777,0.0002536733981973165,0.004646503431800241,0
10.822000000000283,0.0,0.0,1.0,45.0,-0.0001591417943323159,0.0005002825708785147,1.0000007923120409,-0.00022763549066636717,-0.00010884172506834558,-1.6138637332224248e-07,0.00035342446606313684,-0.00012130029337766441,-1.2678535464832251e-06,0.0019605619345835754,0.0009586477375616676,45.000000032803264,0.0044123014271900355,-0.00127001680463558,44.99859926454127,-3.369862633776044e-05,5.945713246010763e-05,3.530178731535117e-05,68.66999117483957,-1.928654866972996e-05,-4.345824377596539e-07,-1.1138986236095658e-05,5403.458297579244,5411.4835838020335,5783.565719939534,5776.159670731262,0.0005249851323480459,0.0002523181796310614,0.00459144274163288,0
10.84200000000029,0.0,0.0,1.0,45.0,-0.00016360999137200995,0.0004979547027470479,1.0000007887921025,-0.00021994235946631638,-0.0001225324215400645,-1.878685367468399e-07,0.00034644266423201577,-0.00010368954695884775,-1.2078454060061855e-06,0.0018589973577073677,0.0010025441235593905,45.00000003252816,0.004372146595077758,-0.0012019452034175008,44.99863909818842,-3.612934470863077e-05,5.9358328276565846e-05,3.4315134068543565e-05,68.66999159173956,-1.8770770906574564e-05,-7.478342367247303e-07,-1.083186972868132e-05,5403.4591062574345,5411.482688832908,5783.566404930744,5776.159132674223,0.0005241447676526315,0.00025177146603749497,0.004534350923909357,0
10.862000000000297,0.0,0.0,1.0,45.0,-0.00016792360844768316,0.0004953559517242299,1.0000007847486136,-0.00021218507041288097,-0.00013595571106758114,-2.1379507280095286e-07,0.0003393058028625672,-8.626321904469782e-05,-1.1478969256007486e-06,0.001757554031425771,0.001045038501430496,45.00000003205666,0.004329248080420539,-0.0011340136845172544,44.99867781831126,-3.84938769856359e-05,5.921684000569923e-05,3.33555918565611e-05,68.66999200845181,-1.824872099185063e-05,-1.0555885105392452e-06,-1.0534534137028352e-05,5403.459893199621,5411.4818176636845,5783.567065384494,5776.1586171923,0.0005230453833206971,0.0002520049705588047,0.004475307341514643,0
10.882000000000303,0.0,0.0,1.0,45.0,-0.00017208143949901523,0.0004924917343661384,1.0000007801928092,-0.00020437062202347737,-0.0001491054195407791,-2.391549800996996e-07,0.0003320216783444496,-6.903145718026454e-05,-1.088052662879229e-06,0.0016563060622518384,0.001086121161187715,45.0000000313976,0.004283682166698275,-0.0010662706735734687,44.998715455506805,-4.07915291103431e-05,5.903344616925828e-05,3.242242862826463e-05,68.66999242466227,-1.7720898457038778e-05,-1.3577047370657944e-06,-1.0246695777343502e-05,5403.460659020273,5411.480969710071,5783.567702002188,5776.158123506201,0.0005216902710803028,0.0002529818856712854,0.004414393025443537,0
10.90200000000031,0.0,0.0,1.0,45.0,-0.0001760824176667109,0.0004893675873658208,1.0000007751361375,-0.0001965059422718586,-0.0001619756769040602,-2.6393790196619347e-07,0.0003245980725708106,-5.200410437296188e-05,-1.0283563144289907e-06,0.0015553262391183981,0.0011257835906831198,45.00000003056003,0.004235525894864998,-0.000998763692333064,44.9987520395459,-4.3021667186069406e-05,5.880894394597035e-05,3.1514931734542246e-05,68.66999284006229,-1.7187798812742356e-05,-1.6540487517110004e-06,-9.96807766456405e-06,5403.4614043171905,5411.480144402415,5783.568315470517,5776.157650854097,0.0005200829301290612,0.0002546581530599317,0.004351690306170832,0
10.922000000000317,0.0,0.0,1.0,45.0,-0.0001799256138376948,0.0004859891614772677,1.0000007695902455,-0.00018859788461181035,-0.00017456091666321458,-2.8813412300642824e-07,0.00031704274742932624,-3.5190696619663206e-05,-9.688506951120613e-07,0.0014546860004139132,0.001164018463069417,45.00000002955334,0.004184856994704953,-0.0009315393378166168,44.99878759939498,-4.518371700088079e-05,5.854414829228098e-05,3.063240742479878e-05,68.66999325434898,-1.6649913258204706e-05,-1.9444927473645747e-06,-9.698409371362192e-06,5403.4621296719215,5411.479341185291,5783.5689064617645,5776.15719849137,0.0005182270582065309,0.00025698396589597634,0.004287282747118225,0
10.942000000000323,0.0,0.0,1.0,45.0,-0.0001836102351120674,0.0004823622154516308,1.0000007635669679,-0.00018065322411796525,-0.00018685587517658464,-3.117345664062477e-07,0.0003093634393943937,-1.8600460699040892e-05,-9.09577718604612e-07,0.0013544554025315232,0.001200819623583578,45.000000028387014,0.004131753816758396,-0.0008646432624916856,44.998822163237335,-4.7277163513796526e-05,5.823989106352721e-05,2.9774180356245285e-05,68.6699936672252,-1.6107728398502982e-05,-2.2289152690179463e-06,-9.437426890888576e-06,5403.4628356501535,5411.478559517128,5783.569475634047,5776.156765690341,0.0005161265429793633,0.00025990537249288067,0.004221255409181715,0
10.96200000000033,0.0,0.0,1.0,45.0,-0.00018713562319417327,0.00047849260998995174,1.0000007570783145,-0.0001726786537446701,-0.00019885559073443943,-3.347307896648435e-07,0.00030156785422283904,-2.242312226559531e-06,-8.505783825257676e-07,0.0012547030899303362,0.0012361820756732335,45.000000027070776,0.0040762952648576,-0.0007981201554544284,44.998855758494166,-4.9301550306978807e-05,5.789702013497456e-05,2.893959311542984e-05,68.66999407839971,-1.5561725968450806e-05,-2.507201203345989e-06,-9.184872504035396e-06,5403.463522802097,5411.477798869838,5783.570023631591,5776.156351740027,0.0005137854537166675,0.00026336585858861074,0.004153694605134338,0
10.982000000000337,0.0,0.0,1.0,45.0,-0.00019050125271015663,0.000474386301716597,1.0000007501364565,-0.00016468078070399318,-0.00021055540243057123,-3.5711497992760246e-07,0.00029366366175557416,1.3875146030573266e-05,-7.91892748777843e-07,0.001155496266707882,0.0012701019664870393,45.00000002561442,0.0040185607293133805,-0.0007320137246155387,44.99888841184478,-5.125647900153609e-05,5.75163985271928e-05,2.8128005752093926e-05,68.66999448758746,-1.5012382564857217e-05,-2.779241764813759e-06,-8.940494647971559e-06,5403.464191662879,5411.477058728449,5783.570551084984,5776.155955945896,0.0005112080332361694,0.00026730780863469994,0.0040846877984650745,0
11.002000000000344,0.0,0.0,1.0,45.0,-0.00019370672945439303,0.0004700493371775078,1.000000742753715,-0.0001566661229635035,-0.0002219509488301725,-3.788799487158516e-07,0.00028565849082724294,2.9743625581285358e-05,-7.335599319449515e-07,0.0010569006696806416,0.0013025765717489402,45.00000002402784,0.003958630020791622,-0.000666366679888672,44.99892014924622,-5.314160864088303e-05,5.7098903532499654e-05,2.7338795324723903e-05,68.66999489450953,-1.446016938617605e-05,-3.0449344767728354e-06,-8.704047789308508e-06,5403.464842752898,5411.47633859075,5783.57105861142,5776.155577629609,0.0005083986901045409,0.0002716737773894363,0.0040143238430848495,0
11.02200000000035,0.0,0.0,1.0,45.0,-0.00019675178856720126,0.00046548784686729515,1.000000734942547,-0.00014864110586458213,-0.00023303816643816262,-4.0001912695017473e-07,0.00027755992428594105,4.535515338432845e-05,-6.756180821401273e-07,0.0009589805429689566,0.0013336042800372438,45.000000022321025,0.003896583304917011,-0.0006012207173787318,44.99895099595234,-5.495665504140401e-05,5.664542584413277e-05,2.6571355457669372e-05,68.66999529889343,-1.3905551979991642e-05,-3.304183147869145e-06,-8.475292298892941e-06,5403.465476578207,5411.475637966952,5783.571546814946,5776.155216128795,0.0005053619910777724,0.0002764075349638801,0.003942692958510082,0
11.042000000000357,0.0,0.0,1.0,45.0,-0.0001996362926462541,0.00046070803928912235,1.0000007267155355,-0.00014061205886193296,-0.00024381328797224756,-4.2052655853816453e-07,0.00026937549412500337,6.0702072770950984e-05,-6.181043751704156e-07,0.000861798614081432,0.0013631845764898675,45.000000020503954,0.00383250103764123,-0.0005366165045647385,44.998980976532934,-5.670139011072791e-05,5.61568686905342e-05,2.58250959096048e-05,68.66999570047302,-1.3348989998222879e-05,-3.5568978448591366e-06,-8.253994331462918e-06,5403.466093630844,5411.474956379351,5783.572016286687,5776.154870796812,0.0005021026537697623,0.00028145487619122227,0.003869886500474356,0
11.062000000000364,0.0,0.0,1.0,45.0,-0.0002023602297941155,0.0004557161950512351,1.0000007180853752,-0.00013258521238470537,-0.00025427284044502596,-4.4039689350851195e-07,0.00026111267672865416,7.577704411972406e-05,-5.61054999288287e-07,0.0007654160714931713,0.0013913180259562386,45.00000001858667,0.00376646390141104,-0.00047259366647405275,44.999010114891725,-5.8375641136200875e-05,5.563414697317558e-05,2.5099442152795423e-05,68.6699960989888,-1.2790936960743829e-05,-3.802994860736963e-06,-8.039925705843759e-06,5403.4666943892025,5411.474293362005,5783.572467605079,5776.154541002511,0.0004986255395393506,0.00028676420606572027,0.0037959972658919206,0
11.08200000000037,0.0,0.0,1.0,45.0,-0.00020492371160434357,0.00045051866100390863,1.0000007090648615,-0.00012456669481969492,-0.00026441364305951635,-4.596253817217584e-07,0.00025277888823325203,9.057304528699425e-05,-5.045051460818541e-07,0.000669892543710638,0.0014180062556173605,45.00000001657909,0.0036985527421715373,-0.0004091907728409347,44.999038434283854,-5.9979290042639845e-05,5.507818640907237e-05,2.439383496324988e-05,68.66999649418797,-1.2231840026608034e-05,-4.04239667922653e-06,-7.83286379028155e-06,5403.467279318356,5411.473648460409,5783.572901336096,5776.15422613002,0.0004949356465879506,0.00029228692640930734,0.0037211194255348332,0
11.102000000000377,0.0,0.0,1.0,45.0,-0.00020732697108860197,0.00044512184442049396,1.0000006996668775,-0.00011656252961687119,-0.0002742328049226695,-4.782078647245698e-07,0.00024438148000567356,0.000105083371796442,-4.4848900062157145e-07,0.0005752860798151674,0.0014432519370947872,45.000000014491164,0.0036288485072358784,-0.0003464453262449913,44.999065957333634,-6.15122726235508e-05,5.4489922679114535e-05,2.370773002119347e-05,68.66999688582439,-1.1672139772750133e-05,-4.275031934804178e-06,-7.632591387870865e-06,5403.467848870391,5411.473021231199,5783.573318033459,5776.153925578507,0.0004910381032616674,0.0002979776556878062,0.0036453485307206867,0
11.122000000000384,0.0,0.0,1.0,45.0,-0.00020957036054723106,0.00043953220722615493,1.0000006899043838,-0.00010857863251756196,-0.00028372772258127525,-4.961407681679172e-07,0.0002359277342404539,0.00011930163679131243,-3.9303973322445644e-07,0.00048165313147706374,0.0014670587680699107,45.000000012332734,0.003557432184056142,-0.00028439375122232076,44.99909270605113,-6.297457774207865e-05,5.3870300582475655e-05,2.3040597521744285e-05,68.66999727365884,-1.1112269981973524e-05,-4.500835368827925e-06,-7.438896628334262e-06,5403.468403484736,5411.472411241845,5783.573718238851,5776.153638761974,0.000486938161553447,0.00030379431554293886,0.0035687818077303466,0
11.14200000000039,0.0,0.0,1.0,45.0,-0.00021165434938573167,0.0004337562602777972,1.0000006797904062,-0.0001006208089052873,-0.0002928960773849671,-5.134210940569104e-07,0.00022742485967697923,0.0001332217707532259,-3.3818949443000856e-07,0.0003890485364295052,0.001489431453435058,45.000000010113496,0.003484384739924582,-0.00022307138434188563,44.99911870184848,-6.43662465072867e-05,5.322027319717e-05,2.239192179550105e-05,68.669997657459,-1.0552657438061356e-05,-4.719747782480703e-06,-7.251572858087642e-06,5403.468943588476,5411.471818070359,5783.574102482117,5776.153365109036,0.0004826411908023121,0.0003096981158054966,0.003491517948152348,0
11.162000000000397,0.0,0.0,1.0,45.0,-0.00021357952187961587,0.0004278005576985955,1.000000669338023,-9.269475127933947e-05,-0.00030173583268091193,-5.300464115614125e-07,0.00021887998743799856,0.00014683802099126886,-2.8396940602569595e-07,0.00029752550339220496,0.00151037568599691,45.00000000784308,0.0034097870626356255,-0.00016251246523995555,44.99914396555624,-6.56873714242711e-05,5.254080104730876e-05,2.176120093883551e-05,68.66999803699953,-9.993721729432094e-06,-4.931715984955568e-06,-7.070418535713973e-06,5403.46946959665,5411.471241305014,5783.574471281471,5776.1531040627,0.0004781526715882111,0.000315653465983791,0.0034136575955825877,0
11.182000000000404,0.0,0.0,1.0,45.0,-0.00021534657489007946,0.00042167169127043497,1.0000006585603567,-8.480603685109287e-05,-0.0003102452308449493,-5.46014847916135e-07,0.00021030016699070036,0.00016014495090548673,-2.304095611622966e-07,0.00020713559843294624,0.0015298981267544052,45.000000005530886,0.0033337199021376955,-0.00010275012860343539,44.99916851743848,-6.693809551940787e-05,5.183285127960158e-05,2.114794645365254e-05,68.66999841206213,-9.435875060832933e-06,-5.136692739122367e-06,-6.895237128346944e-06,5403.469981912573,5411.470680544067,5783.574825143687,5776.152855080169,0.00047347818982240464,0.0003216278366072174,0.0033353030016797214,0
11.20200000000041,0.0,0.0,1.0,45.0,-0.000216956315532948,0.0004153762848874842,1.0000006474705603,-7.696012526277108e-05,-0.0003184227901538457,-5.613250797638254e-07,0.00020169236223132843,0.00017313743902873344,-1.775390163462663e-07,0.00011792873275468676,0.0015480063847714888,45.00000000318618,0.003256263813201716,-4.381639709380783e-05,44.99919237720795,-6.81186114425676e-05,5.1097396845586736e-05,2.0551682896320377e-05,68.6699987824356,-8.879522073512057e-06,-5.334636702810026e-06,-6.725837010192737e-06,5403.470480928117,5411.4701353954915,5783.57516456429,5776.152617632621,0.0004686234310346496,0.00032759158911007866,0.003256558613219273,0
11.222000000000417,0.0,0.0,1.0,45.0,-0.0002184096588033447,0.00040892098907402636,1.0000006360818074,-6.916235642855026e-05,-0.00032626730150352976,-5.759763233400107e-07,0.00019306344769430756,0.00018581067785115892,-1.2538579079165374e-07,2.995315189455634e-05,0.0015647089966664008,45.000000000818005,0.0031774990991330653,1.4257824798403547e-05,44.99921556404124,-6.922916054637957e-05,5.033541569373785e-05,1.9971947535629456e-05,68.66999914791587,-8.325059672906935e-06,-5.525512366967778e-06,-6.562031365980091e-06,5403.470967024004,5411.469605476715,5783.575490027743,5776.152391205011,0.0004635941748598004,0.0003335177886198427,0.0031775311435706445,0
11.242000000000424,0.0,0.0,1.0,45.0,-0.00021970762515852169,0.00040231247556957395,1.0000006244072812,-6.141794849761037e-05,-0.00033377782497814396,-5.899683242690986e-07,0.00018442020488676622,0.00019816017243155595,-7.39768624770519e-08,-5.674457367902287e-05,0.0015800154057385904,44.999999998435186,0.003097505756551777,7.144275597792928e-05,44.99923809659273,-7.027003194500547e-05,4.954788997074302e-05,1.9408290019387952e-05,68.6699995083061,-7.772876865194105e-06,-5.709289990691899e-06,-6.403638092196043e-06,5403.471440570094,5411.469090414364,5783.57580200763,5776.152175295873,0.0004583962897277522,0.0003393820102884348,0.0030983295056815465,0
11.26200000000043,0.0,0.0,1.0,45.0,-0.0002208513380612908,0.00039555743198419976,1.0000006124601648,-5.373199593874443e-05,-0.0003409536862746629,-6.033013475784244e-07,0.00017576931874912355,0.0002101817387999088,-2.3338172566927445e-08,-0.00014211955658626673,0.0015939359407539573,44.999999996046306,0.0030163634212648895,0.00012770974305905406,44.99925999300867,-7.12415615506773e-05,4.873580523052184e-05,1.886027204974505e-05,68.66999986341662,-7.223354601859305e-06,-5.885945532386289e-06,-6.250479704116635e-06,5403.471901925646,5411.468589844024,5783.576100966829,5776.151969417114,0.0004530357277620065,0.00034516214674317706,0.0030190657856452993,0
11.282000000000437,0.0,0.0,1.0,45.0,-0.00022184202148647897,0.00038866255652691566,1.0000006002536297,-4.61094677460351e-05,-0.0003477944729881871,-6.159761674501721e-07,0.00016711737424243386,0.00022187150215570393,2.6505380401885277e-08,-0.00022612859918899,0.0016064817944101068,44.99999999365971,0.002934151315254297,0.0001830312637807483,44.999281270940784,-7.214413109330817e-05,4.790014965558168e-05,1.8327467066647276e-05,68.67000021306501,-6.67686563199284e-06,-6.055460578714674e-06,-6.102383242840348e-06,5403.472351439603,5411.468103409993,5783.576387357688,5776.151773093818,0.00044751851989349587,0.00035083822181112526,0.002939854474828921,0
11.302000000000444,0.0,0.0,1.0,45.0,-0.0002226809973928239,0.00038163455280983534,1.0000005878008265,-3.855520576504094e-05,-0.00035430003076259147,-6.279940568365042e-07,0.0001584708530629915,0.00023322589486637828,7.552993740232077e-08,-0.00030873019889258335,0.0016176650015017789,44.99999999128344,0.002850948194800863,0.00023738092953460245,44.99930194755947,-7.297816711898864e-05,4.70419132867501e-05,1.7809459939584877e-05,68.6700005570761,-6.133774363536435e-06,-6.21782226978375e-06,-5.959180185411267e-06,5403.472789450845,5411.467630765054,5783.576661622196,5776.151585864052,0.0004418507711977398,0.00035639221381294703,0.0028608136963315096,0
11.32200000000045,0.0,0.0,1.0,45.0,-0.00022336968316271188,0.00037448012473075644,1.0000005751148764,-3.1073923138776743e-05,-0.0003604704593116694,-6.393567760473556e-07,0.00014983613048460693,0.00024424165427064934,1.2371267350888564e-07,-0.00038988455211490854,0.001627498416807721,44.99999998892526,0.0027668322997660222,0.00029073348701696603,44.999322039567026,-7.374413997355804e-05,4.616208726429514e-05,1.7305846667106692e-05,68.670000895282,-5.594436731931443e-06,-6.3730232217744745e-06,-5.820706356218239e-06,5403.473216288458,5411.467171570242,5783.576924192145,5776.151407278672,0.0004360386564648761,0.0003618078903405613,0.0027820652808844895,0
11.342000000000457,0.0,0.0,1.0,45.0,-0.00022390958901214743,0.00036720597143669937,1.000000562208858,-2.3670202872818214e-05,-0.00036630610831560166,-6.50066562214679e-07,0.00014121947232888764,0.00025491582029130616,1.7103180230054623e-07,-0.00046955355693964435,0.0016359956927193206,44.99999998659259,0.002681881304049278,0.0003430648190177017,44.99934156320957,-7.444256276837184e-05,4.526166307941024e-05,1.681623408414181e-05,68.67000122752206,-5.059200077245085e-06,-6.521061446219585e-06,-5.686801840468654e-06,5403.473632271965,5411.466725494626,5783.577175489291,5776.151236901139,0.0004300884160136829,0.00036707065543284303,0.002703734664466915,0
11.362000000000464,0.0,0.0,1.0,45.0,-0.00022430231537332802,0.000359818782370841,1.0000005490958015,-1.634849651874049e-05,-0.00037180757319782307,-6.601261174615205e-07,0.00013262703206382798,0.0002652457328622892,2.1746656447626723e-07,-0.0005477008144727647,0.0016431712566321646,44.99999998429263,0.002596172267240571,0.00039435194435943243,44.999360534289906,-7.50739903308543e-05,4.434163183869596e-05,1.63402395768669e-05,68.67000155364295,-4.528403029745959e-06,-6.661940267542635e-06,-5.5573108983846695e-06,5403.474037711596,5411.466292215103,5783.577415925525,5776.151074307315,0.0004240063517624114,0.0003721674093632713,0.002625951952377236,0
11.38200000000047,0.0,0.0,1.0,45.0,-0.00022454955025217932,0.0003523252324051798,1.000000535788677,-9.11312297491498e-06,-0.0003769756907872265,-6.695385981874503e-07,0.00012406484803068084,0.0002752290291748212,2.629972300382708e-07,-0.0006242916289219299,0.0016490402881200973,44.99999998203216,0.0025097815874837556,0.0004445730169997731,44.99937896817907,-7.56390181417519e-05,4.340298353923442e-05,1.587749080481521e-05,68.67000187349853,-4.002375402571638e-06,-6.795668237055559e-06,-5.432081884112579e-06,5403.474432908515,5411.465871416176,5783.577645903011,5776.150919085292,0.00041779882357101763,0.0003770864207801668,0.0025488523890527083,0
11.402000000000477,0.0,0.0,1.0,45.0,-0.00022465306656319032,0.00034473197706117305,1.0000005223003874,-1.968267403785502e-06,-0.0003818115348706664,-6.783076034454551e-07,0.00011553884079928403,0.00028486364074744886,3.0760509031921693e-07,-0.0006992930064181507,0.001653618695912563,44.99999997981766,0.0024227849555670555,0.0004937073243110666,44.99939687982813,-7.613828125795304e-05,4.2446706355529385e-05,1.5427625430225682e-05,68.67000218694999,-3.481438093295352e-06,-6.922259044779472e-06,-5.31096716304465e-06,5403.474818155053,5411.46546278977,5783.577865814347,5776.1507708352,0.00041147224587138924,0.0003818172106362831,0.00247257638611544,0
11.422000000000484,0.0,0.0,1.0,45.0,-0.00022461471944386482,0.0003370456478204817,1.0000005086437587,5.082019735429502e-06,-0.00038631641164082884,-6.864371625917505e-07,0.00010705481065169231,0.0002941477903249431,3.5127245046374306e-07,-0.0007726736526007688,0.001656923094695038,44.999999977655236,0.002335257310255265,0.00054173528455019,44.999414283779025,-7.657245322382088e-05,4.147378593945539e-05,1.4990290854329908e-05,68.67000249386565,-2.965902992950767e-06,-7.041731428600277e-06,-5.193823031901567e-06,5403.475193734945,5411.465066035016,5783.578076042716,5776.15062916902,0.00040503308460426723,0.0003863504471637322,0.0023972700625611394,0
11.44200000000049,0.0,0.0,1.0,45.0,-0.00022443644355108738,0.0003292728475278634,1.0000004948315315,1.2033823539628966e-05,-0.00039049185504444386,-6.939317247858302e-07,9.861843519407581e-05,0.00030307998861104995,3.939826265437338e-07,-0.0008444039689865385,0.0016589707817530241,44.9999999755507,0.0022472727948773317,0.0005886384435355505,44.999431194176246,-7.694224497017565e-05,4.0485204734625896e-05,1.4565143960479924e-05,68.67000279412107,-2.456072903473158e-06,-7.154109082184906e-06,-5.080509641254861e-06,5403.475559923552,5411.464680858076,5783.5782769620255,5776.150493710404,0.00039848785448393857,0.00039067785105668907,0.0023230864004202805,0
11.462000000000497,0.0,0.0,1.0,45.0,-0.00022412025034167658,0.0003214201458881511,1.0000004808763523,1.8883365401683634e-05,-0.00039433962203578546,-7.007961459265489e-07,9.023526709641853e-05,0.0003116590308400531,4.35719937682253e-07,-0.0009144560481452186,0.001659779713478144,44.99999997350947,0.0021589047151808647,0.0006343994705440907,44.99944762477694,-7.724840370508433e-05,3.948194130064783e-05,1.415185086381528e-05,68.67000308759901,-1.9522414618706644e-06,-7.259420559255522e-06,-4.970890918736929e-06,5403.475916988083,5411.464306971943,5783.578468937065,5776.1503640944975,0.0003918431166143439,0.00039479210999139504,0.0022501848697328046,0
11.482000000000504,0.0,0.0,1.0,45.0,-0.00022366822533937666,0.0003134940750591566,1.0000004667907685,2.5627003638222235e-05,-0.00039786168774045064,-7.070356775340513e-07,8.191073195991142e-05,0.00031988399319217057,4.7646969394775245e-07,-0.0009828036677028602,0.0016593684817566687,44.999999971536596,0.0020702254984655576,0.0006790021534437206,44.9994635889616,-7.749171179255755e-05,3.846496965272435e-05,1.3750086667501022e-05,68.67000337418928,-1.4546930738046353e-06,-7.357699176157601e-06,-4.864834493426991e-06,5403.4762651877945,5411.463944096287,5783.5786523236275,5776.150239967756,0.00038510547648311084,0.0003986868016207743,0.0021787329889069195,0
11.50200000000051,0.0,0.0,1.0,45.0,-0.0002230825253905118,0.00030550112534223796,1.000000452587215,3.226123400678906e-05,-0.0004010602405344743,-7.126559544853597e-07,7.36501263115029e-05,0.00032775422905804714,5.16218195981469e-07,-0.0010494222831967284,0.0016577562902599708,44.999999969636754,0.001981306654005537,0.0007224313930776926,44.99947909974413,-7.767298562473704e-05,3.7435258615659544e-05,1.335953522521038e-05,68.67000365378885,-9.637028534793343e-07,-7.448982913402027e-06,-4.762211623679633e-06,5403.476604774228,5411.463591957254,5783.57882746866,5776.1501209877715,0.0003782815823631509,0.0004023563242148937,0.0021089057635317976,0
11.522000000000517,0.0,0.0,1.0,45.0,-0.00022236537591050208,0.00029744774097217137,1.0000004382780119,3.878269011373011e-05,-0.000403937677043628,-7.176629830976863e-07,6.54586157250723e-05,0.0003352693651572661,5.549527200447517e-07,-0.0011142890198044136,0.0016549629306550425,44.99999996781426,0.0018922187347693341,0.000764673196916965,44.999494169781805,-7.779307448651848e-05,3.639377119040155e-05,1.2979888909754043e-05,68.67000392630169,-4.795365719635651e-07,-7.533314314281511e-06,-4.662897122290816e-06,5403.476935991387,5411.463250287301,5783.578994710404,5776.15000682309,0.00037137812415499456,0.0004057958341678944,0.0020408862114463145,0
11.542000000000524,0.0,0.0,1.0,45.0,-0.0002215190681234108,0.0002893403160078676,1.000000423875355,4.518814371416768e-05,-0.00040649659706784336,-7.220631288612078e-07,5.7341233068658596e-05,0.00034242929751610615,5.92661508277673e-07,-0.001177382662971045,0.0016510087587543031,44.999999966073084,0.0018030313004452924,0.0008057146719943651,44.99950881138455,-7.785285941268732e-05,3.534146393445926e-05,1.2610848387719399e-05,68.67000419163875,-2.4506129462553325e-09,-7.610740381642153e-06,-4.5667692880094415e-06,5403.477259075954,5411.46291882505,5783.57915437852,5776.149897153038,0.0003644018327068535,0.0004090011896501414,0.001974866661492843,0
11.56200000000053,0.0,0.0,1.0,45.0,-0.00022054595629666566,0.00028118519032537773,1.0000004093913084,5.147450490553908e-05,-0.0004087397984358111,-7.258631048839477e-07,4.930287687707971e-05,0.0003492341873098211,6.293337638978145e-07,-0.0012386836479591535,0.001645914670623762,44.999999964416794,0.001713812881779441,0.0008455440171401739,44.99952303652498,-7.785325204131142e-05,3.4279286358932045e-05,1.2252122399891127e-05,68.67000444971795,4.673080646455659e-07,-7.681312474068e-06,-4.473709834818845e-06,5403.4775742574775,5411.462597315103,5783.579306794218,5776.149791667557,0.0003573594796537138,0.00041196889974592124,0.0019110465826772851,0
11.582000000000537,0.0,0.0,1.0,45.0,-0.0002194484549730657,0.00027298864571453,1.0000003948377985,5.7638822216247316e-05,-0.0004106702717944319,-7.290699585565889e-07,4.134830984912635e-05,0.0003556844565744087,6.649596355669933e-07,-0.0012981740483450682,0.0016397020786666594,44.999999962848605,0.001624630946231416,0.0008841505145336315,44.99953685684657,-7.779519346058307e-05,3.320818033782203e-05,1.19034275474673e-05,68.67000470046403,9.295019555982316e-07,-7.74508619901461e-06,-4.383603823430939e-06,5403.477881758572,5411.462285507909,5783.5794522704,5776.149690067011,0.00035025787782147873,0.0004146960784781949,0.0018496345458969366,0
11.602000000000544,0.0,0.0,1.0,45.0,-0.0002182290362021539,0.0002647569020804477,1.000000380226607,6.367828259098204e-05,-0.0004122911953381689,-7.316910612202283e-07,3.348215746856099e-05,0.0003617807837933252,6.995302080580966e-07,-0.0013558375634875573,0.0016323928877019591,44.99999996137134,0.0015355518649529999,0.0009215245205880495,44.99955028367338,-7.767965305346468e-05,3.2129079533895925e-05,1.1564488083713211e-05,68.67000494380854,1.383903030892245e-06,-7.802121306016256e-06,-4.29633959500657e-06,5403.478181795096,5411.461983159596,5783.57959111177,5776.149592062033,0.00034310388224738803,0.00041718040318179157,0.0017908453257455424,0
11.62200000000055,0.0,0.0,1.0,45.0,-0.0002168902267730053,0.00025649611375109713,1.000000365569365,6.959021127436849e-05,-0.00041360592948301453,-7.33734094615428e-07,2.5708906747884614e-05,0.00036752409936415133,7.330374921516497e-07,-0.0014116595049936595,0.001624009471054075,44.99999995998749,0.0014466408810933841,0.0009576574561869266,44.999563328018134,-7.750762733926485e-05,3.1042908838508105e-05,1.1235035711045522e-05,68.67000517968978,1.830292752644941e-06,-7.852481577056502e-06,-4.211808704537897e-06,5403.478474576342,5411.461690031838,5783.579723614979,5776.14949737335,0.00033590439187367293,0.0004194200767422099,0.0017348999814345378,0
11.642000000000557,0.0,0.0,1.0,45.0,-0.00021543460545044485,0.0002482123658919195,1.0000003508775468,7.53720715945662e-05,-0.0004146180114899109,-7.352070397924152e-07,1.8032905094013212e-05,0.0003729155809505907,7.654744099775484e-07,-0.0014656267822074974,0.0016145746466725045,44.99999995869917,0.0013579620794327528,0.0009925417962879071,44.99957600059079,-7.72801388128288e-05,2.9950583827555703e-05,1.0914809383450105e-05,68.67000540805269,2.2684620818822496e-06,-7.896234716945423e-06,-4.1299058567573534e-06,5403.4787603052,5411.461405891707,5783.579850068729,5776.149405731603,0.0003286663519776641,0.0004214137932693894,0.0016820227086129969,0
11.662000000000564,0.0,0.0,1.0,45.0,-0.0002138648002166772,0.00023991167102850703,1.0000003361624636,8.1021464648617e-05,-0.0004153311500423463,-7.361181646821753e-07,1.0458359294646105e-05,0.00037795664872490185,7.968347855173292e-07,-0.0015177278867481406,0.0016041116532974182,44.99999995750813,0.001269578357346964,0.0010261710589124203,44.99958831180675,-7.699823478305524e-05,2.8853010231670176e-05,1.0603555114021366e-05,68.6700056288488,2.6982114793144158e-06,-7.93345224132164e-06,-4.050528840809257e-06,5403.479039178364,5411.461130511532,5783.579970753914,5776.1493168771885,0.00032139675740836557,0.0004231607068233739,0.0016324386545724572,0
11.68200000000057,0.0,0.0,1.0,45.0,-0.00021218348552027447,0.0002315999656781858,1.0000003214352582,8.653612889125987e-05,-0.0004157492197829098,-7.364760120001505e-07,2.989334624300201e-06,0.000382648960506109,8.271133312714091e-07,-0.00156795287612286,0.0015926441266890371,44.999999956415806,0.0011815513971031111,0.001058539793538596,44.99960027179487,-7.666298621184035e-05,2.775108342312697e-05,1.0301025787449743e-05,68.67000584203615,3.1193508995064465e-06,-7.964209364570889e-06,-3.973578470987673e-06,5403.479311386465,5411.460863668774,5783.580085943726,5776.149230560087,0.0003141026567068393,0.00042466040285208984,0.001586370021508285,0
11.702000000000577,0.0,0.0,1.0,45.0,-0.00021039337953443208,0.00022328310709127648,1.0000003067068997,9.191393962904154e-05,-0.0004158762558134092,-7.362893876053174e-07,-4.37024593126495e-06,0.00038699440679913733,8.56305633337979e-07,-0.0016162933564422585,0.0015801960759367784,44.999999955423235,0.0010939416394851532,0.0010896435689155713,44.99961189040497,-7.6275486553317e-05,2.6645687918068118e-05,1.0006980977390096e-05,68.6700060475791,3.5316997779352725e-06,-7.98858488651606e-06,-3.898958522763162e-06,5403.479577114258,5411.460605145892,5783.580195903778,5776.149146539691,0.00030679115719553637,0.00042591287204024906,0.0015440309326376722,0
11.722000000000584,0.0,0.0,1.0,45.0,-0.00020849724142636732,0.00021496687010270964,1.0000002919881783,9.715290842158085e-05,-0.0004157164481631732,-7.355673489160645e-07,-1.1616602333517772e-05,0.0003909951057400688,8.8440814045963e-07,-0.0016627424642640819,0.0015667918598643237,44.99999995453119,0.001006808258749661,0.0011194789603175504,44.99962317721563,-7.583685059411889e-05,2.5537696894078035e-05,9.721186768683005e-06,68.67000624544845,3.935087011252899e-06,-8.006661077820819e-06,-3.826575673053229e-06,5403.479836540788,5411.460354730217,5783.580300892233,5776.149064584652,0.00029946943112988414,0.0004269184863033002,0.0015056215343580215,0
11.74200000000059,0.0,0.0,1.0,45.0,-0.0002064978686396956,0.0002066569440945816,1.0000002772897005,0.00010225118239190011,-0.0004152741362302096,-7.34319192517549e-07,-1.8746098033848834e-05,0.0003946533979528249,9.114181497374455e-07,-0.001707294847593086,0.0015524561635470362,44.999999953740044,0.0009202091389074045,0.0011480435362550827,44.99963414154141,-7.534821329780212e-05,2.4427971724737085e-05,9.44341558407108e-06,68.67000643562119,4.329350931679315e-06,-8.018523565420561e-06,-3.756339441665457e-06,5403.480089839531,5411.460112213828,5783.580401159901,5776.148984472703,0.00029214472301382756,0.00042767797669153457,0.0014713220238345883,0
11.762000000000597,0.0,0.0,1.0,45.0,-0.0002043980941915829,0.00019835893007014486,1.0000002626218842,0.0001072070434477403,-0.0004145538031995773,-7.325544431921315e-07,-2.5755240401938414e-05,0.00039797184132228734,9.373337913468602e-07,-0.001749946646063657,0.001537213974956438,44.99999995304991,0.0008342008513289283,0.001175335844662239,44.99964479244003,-7.481072865059136e-05,2.3317361528317344e-05,9.173446015546284e-06,68.67000661808038,4.7143392740510565e-06,-8.024261216096875e-06,-3.6881621315992932e-06,5403.480337178569,5411.459877393444,5783.580496950365,5776.148905990491,0.00028482435818935484,0.00042819241299683463,0.0014412859890584571,0
11.782000000000604,0.0,0.0,1.0,45.0,-0.00020220078398643231,0.00019007833783963828,1.0000002479949548,0.00011201890741580162,-0.00041356007044362467,-7.302828418287959e-07,-3.264068104120004e-05,0.00040095320568921003,9.621540159347028e-07,-0.0017906954703330715,0.001521090561748052,44.99999995246055,0.0007488386336692675,0.0012013553985777815,44.999655138719284,-7.422556851233935e-05,2.220670273478015e-05,8.911062660079856e-06,68.67000679281522,5.089909137087427e-06,-8.023966020786919e-06,-3.6219587727299283e-06,5403.480578720733,5411.459650070294,5783.580588500097,5776.148828933428,0.0002775157528179349,0.00042846318487939523,0.0014156321424973136,0
11.80200000000061,0.0,0.0,1.0,45.0,-0.00019990883414782495,0.00018182058331827174,1.00000023341894,0.00011668532309098819,-0.0004122976919083797,-7.275143339360385e-07,-3.939921599295118e-05,0.00040360046747193177,9.858785785548156e-07,-0.0018295403807129212,0.0015041114482064932,44.999999951971446,0.0006641763701066966,0.0012261026613395087,44.999665188943645,-7.359392147243746e-05,2.1096818667125477e-05,8.656055959614853e-06,68.67000695982077,5.455926938594809e-06,-8.017732977392267e-06,-3.557647064456899e-06,5403.480814623751,5411.4594300500175,5783.580676038562,5776.148753105516,0.0002702264253786826,0.00042849198435318666,0.0013944382065831215,0
11.822000000000617,0.0,0.0,1.0,45.0,-0.00019752516837039252,0.0001735909859365942,1.000000218903667,0.00012120497120257623,-0.0004107715484904868,-7.242590592593661e-07,-4.6027785830759946e-05,0.00040591680422004194,1.0085080265902842e-06,-0.0018664818650659535,0.0014863023923630972,44.999999951581835,0.0005802665728897471,0.001249579031309557,44.99967495144135,-7.29169917100771e-05,1.9988519140199886e-05,8.408222045238597e-06,68.67000711909795,5.812268363842493e-06,-8.005659973932001e-06,-3.4951473212398452e-06,5403.481045040389,5411.459217142552,5783.580759788338,5776.148678319188,0.00026296400981314186,0.0004282807894882452,0.0013777362022304024,0
11.842000000000624,0.0,0.0,1.0,45.0,-0.00019505273529326012,0.00016539476616338647,1.0000002044587573,0.00012557666329949063,-0.0004089866424090055,-7.205273392480075e-07,-5.2523475646786726e-05,0.000407905589105112,1.0300436833322447e-06,-0.0019015218159969475,0.001467689363299678,44.999999951290604,0.0004971603651849972,0.0012717868261498567,44.99968443431034,-7.219599786235513e-05,1.8882600075004365e-05,8.167362585426832e-06,68.67000727065339,6.158818309053111e-06,-7.987847670802063e-06,-3.434382417349892e-06,5403.481270118605,5411.459011162028,5783.580839965213,5776.14860439515,0.00025573627044869356,0.0004278318492048856,0.0013655073241436082,0
11.86200000000063,0.0,0.0,1.0,45.0,-0.00019249450589665446,0.00015723704314113567,1.0000001900936248,0.00012979934055669336,-0.00040694809157626726,-7.163296667152063e-07,-5.888351493166756e-05,0.0004095703853534851,1.0504876305197142e-06,-0.0019346635073646601,0.0014482985186526681,44.99999995109639,0.00041490746521901056,0.0012927292666658386,44.99969364542466,-7.143217189864873e-05,1.7779843129587723e-05,7.93328463827911e-06,68.67000741449937,6.49547081802452e-06,-7.964399383189113e-06,-3.375277732826707e-06,5403.481490001672,5411.458811926677,5783.580916778308,5776.1485311622155,0.0002485511188302131,0.0004271476690498379,0.0013576807741217827,0
11.882000000000637,0.0,0.0,1.0,45.0,-0.0001898534709232322,0.00014912283243406324,1.0000001758174717,0.00013387207250483254,-0.0004046611239719734,-7.116766946673457e-07,-6.510527734981619e-05,0.00041091494062621653,1.0698426969882371e-06,-0.001965911570143585,0.0014281561823309018,44.999999950997626,0.0003335561717042433,0.0013124104602377092,44.999702592440585,-7.062675800296512e-05,1.6681015346237924e-05,7.705800507641285e-06,68.67000755065364,6.822129014036388e-06,-7.935420963281062e-06,-3.317761100511037e-06,5403.481704828329,5411.458619258712,5783.5809904301805,5776.148458457148,0.00024141663258056523,0.00042623099785763787,0.0013541347965617353,0
11.902000000000644,0.0,0.0,1.0,45.0,-0.0001871326383256395,0.0001410570438885972,1.0000001616392853,0.00013779405568527923,-0.00040213107202463015,-7.065792252726256e-07,-7.118628041184703e-05,0.0004119431813510702,1.088112440039422e-06,-0.0019952719676628477,0.001407288822460272,44.99999995099249,0.0002531533505409814,0.0013308353838577282,44.99971128280229,-6.978101146478102e-05,1.5586868815213613e-05,7.484727602964148e-06,68.6700076791394,7.138705025429272e-06,-7.90102068274978e-06,-3.2617627538780984e-06,5403.481914732902,5411.4584329842555,5783.581061116929,5776.148386124502,0.00023434107639200343,0.0004250848152123029,0.0013546990855142292,0
11.92200000000065,0.0,0.0,1.0,45.0,-0.00018433503074177088,0.00013304447960609764,1.0000001475678357,0.00014156461223275324,-0.00039936336700432896,-7.010481996570927e-07,-7.712418504610363e-05,0.00041265920701151395,1.1053011311666736e-06,-0.0020227519702508317,0.0013857230295674886,44.99999995107888,0.00017374442278444803,0.0013480098667916355,44.99971972374809,-6.889619757943957e-05,1.4498140353828202e-05,7.269888302843284e-06,68.6700077999851,7.445119906406233e-06,-7.861309114404026e-06,-3.207215276272859e-06,5403.48211984543,5411.458252933234,5783.581129028295,5776.148314016467,0.00022733292521870448,0.00042371231963470496,0.0013591607186812051,0
11.942000000000657,0.0,0.0,1.0,45.0,-0.00018146368299915268,0.00012508983202756422,1.0000001336116728,0.00014518318838763983,-0.00039636353343085743,-6.950946863042262e-07,-8.291679507104736e-05,0.000413067284397656,1.1214137390459627e-06,-0.002048360129313186,0.0013634854950160956,44.99999995125455,9.537335386572608e-05,0.001363940572883555,44.999727922315664,-6.797359055783363e-05,1.3415551202951357e-05,7.061109822163237e-06,68.67000791322432,7.741303552260115e-06,-7.816399014982098e-06,-3.1540535495050086e-06,5403.482320291804,5411.458078939284,5783.581194347782,5776.148241992706,0.00022040088969053716,0.00042211691743025215,0.0013672709803624096,0
11.962000000000664,0.0,0.0,1.0,45.0,-0.00017852163964983235,0.00011719768212997659,1.0000001197791224,0.0001486493529402578,-0.0003931371835010026,-6.887298716112553e-07,-8.85620565705383e-05,0.0004131718418238831,1.136455916947218e-06,-0.0020721062508722845,0.0013406029897060042,44.999999951517,1.808264405579785e-05,0.0013786349825228152,44.99973588534741,-6.701447244692013e-05,1.2339806739277834e-05,6.858224082644609e-06,68.67000801889577,8.027194609417309e-06,-7.766405207610041e-06,-3.1022147050169944e-06,5403.482516193879,5411.4579108396865,5783.581257252742,5776.148169920201,0.0002135539436932547,0.0004203022121396631,0.0013787535075162945,0
11.98200000000067,0.0,0.0,1.0,45.0,-0.00017551195253711046,0.00010937249773384245,1.0000001060782873,0.00015196279560927094,-0.00038969001153885764,-6.819650492376462e-07,-9.405805717396877e-05,0.0004129774633180589,1.1504339810200676e-06,-0.002094001368596278,0.001317102343048538,44.99999995186358,-5.808667984042504e-05,0.0013921013742915155,44.99974361949604,-6.602013206119891e-05,1.1271596203805568e-05,6.661067586927122e-06,68.67000811704303,8.302740380700117e-06,-7.711444464880547e-06,-3.051638073390516e-06,5403.482707669599,5411.457748475255,5783.581317914494,5776.148097673098,0.0002068013539523649,0.00041827199454286734,0.001393312814723543,0
12.002000000000677,0.0,0.0,1.0,45.0,-0.00017243767839540756,0.00010161863192145076,1.0000000925170425,0.00015512332535648612,-0.0003860277884728686,-6.748116103565072e-07,-9.940302524327443e-05,0.00041248888278695554,1.1633548994703097e-06,-0.0021140577163454234,0.0012930104222278972,44.99999995229145,-0.00013309507157314003,0.0014043488063107627,44.999751131229786,-6.499186392634858e-05,1.0211592446284713e-05,6.469481295854733e-06,68.67000820771447,8.567896725661263e-06,-7.651635392059942e-06,-3.0022651374762e-06,5403.482894833109,5411.457591690277,5783.581376498422,5776.148025132552,0.00020015271130661318,0.00041603023317256346,0.0014106415484540365,0
12.022000000000684,0.0,0.0,1.0,45.0,-0.00016930187648451527,9.394032156525598e-05,1.0000000791030337,0.00015813086864022518,-0.00038215635634328255,-6.672810328877842e-07,-0.00010459532896886751,0.0004117109781626579,1.175226274791883e-06,-0.0021322887002636795,0.001268354111760188,44.99999995279763,-0.0002069044713336284,0.001415387097305053,44.99975842683701,-6.3930967234685e-05,9.160451686751678e-06,6.283310509023881e-06,68.67000829096327,8.822627956337082e-06,-7.587098311222603e-06,-2.9540394832007097e-06,5403.483077794881,5411.4574403324195,5783.58143316407,5776.1479521865695,0.00019361796314973386,0.00041358106529973415,0.001430430161875915,0
12.04200000000069,0.0,0.0,1.0,45.0,-0.00016610760625943233,8.63416859657459e-05,1.0000000658436772,0.00016098546760964173,-0.0003780816228435148,-6.593848726167148e-07,-0.00010963347537666114,0.0004106487655344633,1.1860563243179653e-06,-0.0021487088704432366,0.0012431602933597383,44.99999995337894,-0.00027947831045175425,0.001425226807401839,44.99976551243153,-6.283874481433098e-05,8.118813290622283e-06,6.1024047484838355e-06,68.67000836684704,9.066906728627576e-06,-7.517955144832027e-06,-2.906906754138726e-06,5403.483256661809,5411.45729425266,5783.581488065256,5776.147878729864,0.0001872074462408905,0.0004109287883586291,0.0014523703575314343,0
12.062000000000697,0.0,0.0,1.0,45.0,-0.00016285792507694598,7.882672559807532e-05,1.0000000527461563,0.00016368727824203784,-0.00037380955589902794,-6.511347528413519e-07,-0.00011451610924814074,0.00040930739327095343,1.1958538694969277e-06,-0.0021633338921893466,0.001217455826123925,44.999999954032155,-0.00035078151491987306,0.0014338792186855233,44.99977239395719,-6.171650211069775e-05,7.087299563143218e-06,5.926617645469369e-06,68.67000843542792,9.300713928727738e-06,-7.444329301527227e-06,-2.8608146042699962e-06,5403.483431537333,5411.45715330521,5783.581541350159,5776.1478046636885,0.00018093191871817262,0.0004080778517834326,0.0014761630301532984,0
12.082000000000704,0.0,0.0,1.0,45.0,-0.00015955588594006946,7.139932096667862e-05,1.0000000398174227,0.00016623656842566225,-0.00036934617828702473,-6.425423551835665e-07,-0.00011924201195583727,0.00040769213613662386,1.2046283121570588e-06,-0.002176180516913295,0.0011912675270449081,44.99999995475386,-0.0004207805077591104,0.00144135631552422,44.999779077192564,-6.0565546182878425e-05,6.066515556792379e-06,5.755806830187682e-06,68.67000849677233,9.524038555790942e-06,-7.366345561396287e-06,-2.815712652678981e-06,5403.4836025215345,5411.457017347444,5783.581593161429,5776.147729895702,0.00017480258967775736,0.00040503284923305757,0.0015015206213940637,0
12.10200000000071,0.0,0.0,1.0,45.0,-0.00015620453528140436,6.406323156700732e-05,1.0000000270641922,0.0001686337159901301,-0.0003646975623003824,-6.336194102013324e-07,-0.00012381010021628283,0.0004058083894075849,1.2123896263455008e-06,-0.0021872665526807685,0.0011646221518583247,44.99999995554055,-0.0004894432102445595,0.0014476707646867146,44.9997855677553,-5.938718471504893e-05,5.0570488960506055e-06,5.589833824382361e-06,68.67000855095093,9.736877600807185e-06,-7.284129962639059e-06,-2.771552438247334e-06,5403.483769711248,5411.456886239826,5783.581643636287,5776.147654339803,0.00016883114408709668,0.00040179851118444696,0.0015281706395734976,0
12.122000000000718,0.0,0.0,1.0,45.0,-0.00015280691078644888,5.682209495347325e-05,1.0000000144929466,0.00017087920668672947,-0.00035986982445894563,-6.243776881929215e-07,-0.00012821942476264539,0.00040366166299057394,1.219148334560874e-06,-0.0021966108344421654,0.001137546376237363,44.99999995638864,-0.0005567390420061632,0.001452835895267863,44.999791871106694,-5.8182725040666997e-05,4.059469617084021e-06,5.4285639369286366e-06,68.67000859803838,9.939235920438957e-06,-7.197809688722668e-06,-2.7282873757701984e-06,5403.483933200163,5411.456759845847,5783.581692906608,5776.14757791599,0.00016302976007172672,0.00039837969787816224,0.0015558569472462164,0
12.142000000000724,0.0,0.0,1.0,45.0,-0.0001493660392578292,4.967942591261352e-05,1.0000000021099318,0.00017297363212099545,-0.000354869120271501,-6.14828990553616e-07,-0.00013246916893935645,0.00040125757554973615,1.224915495332303e-06,-0.0022042331939728503,0.0011100667773410922,44.99999995729449,-0.0006226389200227409,0.0014568656784407163,44.99979799255591,-5.695347318549041e-05,3.0743300234251374e-06,5.271866161919589e-06,68.67000863811336,1.0131126108561156e-05,-7.10751295701344e-06,-2.685872712235623e-06,5403.484093078911,5411.456638031956,5783.581741099041,5776.147500550208,0.00015741111475061105,0.00039478139260366125,0.0015843412015219144,0
12.162000000000731,0.0,0.0,1.0,45.0,-0.00014588493452138407,4.2638615740431875e-05,0.999999989921157,0.00017491768763972694,-0.00034970163905130233,-6.049851406495275e-07,-0.00013655864722096205,0.0003986018486451705,1.2297026859254307e-06,-0.002210154429549035,0.001082209815724318,44.99999995825433,-0.0006871152565279322,0.0014597747070518852,44.999803937264055,-5.570073292386585e-05,2.102164555537051e-06,5.1196130797053055e-06,68.67000867125834,1.0312568363010426e-05,-7.0133689072234494e-06,-2.6442654829453855e-06,5403.4842494351815,5411.456520667495,5783.581788335095,5776.147422174204,0.00015198837381244593,0.0003910086953143329,0.0016134031470445493,0
12.182000000000738,0.0,0.0,1.0,45.0,-0.0001423665953749891,3.5702931622810415e-05,0.9999999779323953,0.00017671217017471022,-0.00034437359878833037,-5.948579753470934e-07,-0.00014048730365739617,0.0003957003008876126,1.233521984640968e-06,-0.0022143962753864467,0.0010540018176179579,44.9999999592644,-0.0007501419558457325,0.0014615781750785227,44.99980971024836,-5.442580485273731e-05,1.1434896781459169e-06,4.971680760386528e-06,68.67000869755948,1.0483590349507724e-05,-6.915507492620673e-06,-2.603424470651611e-06,5403.484402353793,5411.4564076246415,5783.581834731228,5776.14734272537,0.00014677515897490326,0.00038706681656568354,0.0016428402040792323,0
12.202000000000744,0.0,0.0,1.0,45.0,-0.00013881400358096077,2.887551611782666e-05,0.9999999661491826,0.00017835797604550408,-0.00033889124108101617,-5.844593360678421e-07,-0.00014425471024811316,0.0003925588421131023,1.2363859551741266e-06,-0.002216981370867732,0.001025468957585753,44.9999999603209,-0.0008116944101752291,0.0014622918569645435,44.999815316386155,-5.31299854821872e-05,1.9880378035837205e-07,4.827948669878484e-06,68.67000871710653,1.0644227061792557e-05,-6.814059370868732e-06,-2.563310162176352e-06,5403.484551916802,5411.456298778346,5783.581880398961,5776.1472621466155,0.0001417854864473924,0.00038296107177257006,0.0016724667384657539,0
12.222000000000751,0.0,0.0,1.0,45.0,-0.00013523012190283406,2.2159386738754755e-05,0.9999999545768182,0.00017985609872349018,-0.00033326082613031795,-5.738010617036995e-07,-0.0001478605652473274,0.00038918346758177335,1.2383076303473024e-06,-0.002217933229584955,0.0009966372415651128,44.99999996141994,-0.000871749494344329,0.00146193208685189,44.99982076041831,-5.181456634348415e-05,-7.314129088029139e-07,4.688299578520194e-06,68.67000872999263,1.0794520679304848e-05,-6.7091557965779274e-06,-2.5238847078221833e-06,5403.484698203593,5411.456194006274,5783.581925444962,5776.147180386204,0.00013703366868678113,0.0003786968757842534,0.001702114198161932,0
12.242000000000758,0.0,0.0,1.0,45.0,-0.00013161789218726506,1.5557435636473967e-05,0.9999999432203649,0.00018120762655940447,-0.0003274886277988617,-5.628949792190199e-07,-0.00015130469140262035,0.00038558025220458627,1.2393004946179245e-06,-0.002217276208222326,0.0009675324902985597,44.99999996255768,-0.0009302855595517456,0.0014605157377253198,44.99982604695346,-5.0480833114234444e-05,-1.6466983889167443e-06,4.5526194720360046e-06,68.6700087363143,1.0934520420833522e-05,-6.6009285155212505e-06,-2.4851118803730164e-06,5403.484841290951,5411.45609318875,5783.581969971139,5776.1470973976175,0.00013253417133452232,0.00037427973777861873,0.001731628499813786,0
12.262000000000764,0.0,0.0,1.0,45.0,-0.00012798023349176198,9.07242937995449e-06,0.9999999320846484,0.00018241374047671201,-0.00032158092873771983,-5.517528965786126e-07,-0.00015458703412942303,0.0003817553448018597,1.2393784691586438e-06,-0.002215035475305419,0.0009381803231613117,44.99999996373027,-0.0009872824261189118,0.0014580602004861916,44.999831180471446,-4.9130064762242565e-05,-2.546608944127488e-06,4.420797464891557e-06,68.6700087361712,1.1064282396438449e-05,-6.489509659370403e-06,-2.4469570351219055e-06,5403.484981253159,5411.4559962087,5783.582014074745,5776.1470131394135,0.00012830141757578189,0.0003697152564796029,0.0017608708377468503,0
12.282000000000771,0.0,0.0,1.0,45.0,-0.0001243200402589051,2.7070088334392754e-06,0.9999999211742596,0.00018347571163294046,-0.0003155440155834266,-5.403865943796955e-07,-0.00015770765962355878,0.0003777149623973141,1.2385558933114594e-06,-0.002211236979841251,0.000908606142391337,44.99999996493383,-0.0010427213752710893,0.0014545833629729258,44.99983616532668,-4.776353270737401e-05,-3.4307191830449117e-06,4.292725715950154e-06,68.67000872966607,1.118386945572139e-05,-6.375031642344292e-06,-2.4093870701124797e-06,5403.485118162081,5411.455902951605,5783.582057848462,5776.146927575081,0.0001243495336553276,0.00036500911570452464,0.0017897152548458437,0
12.302000000000778,0.0,0.0,1.0,45.0,-0.00012064018053767082,-3.5363108711094693e-06,0.9999999104935534,0.0001843948990512631,-0.0003093841742276195,-5.288078185722603e-07,-0.0001606667529143008,0.0003734653845513328,1.2368475089298414e-06,-0.0022059074198746693,0.000878835117727038,44.99999996616455,-0.0010965851399706377,0.00145010358894376,44.999841005751776,-4.638250000203333e-05,-4.298622065073965e-06,4.168299346384033e-06,68.6700087169046,1.1293351034148415e-05,-6.257627059454712e-06,-2.372370386503978e-06,5403.485252087238,5411.455813305442,5783.582101380504,5776.1468406729,0.0001206920323225312,0.00036016708025073655,0.001818048183522635,0
12.322000000000784,0.0,0.0,1.0,45.0,-0.0001169434942524301,-9.655140267777553e-06,0.9999999000466505,0.00018517274722457713,-0.00030310768516165625,-5.170282732729501e-07,-0.00016346461586035018,0.0003690129477368958,1.2342684456757237e-06,-0.0021990742109852246,0.0008488921714568992,44.9999999674186,-0.001148857894823062,0.001444639697037789,44.99984570586093,-4.4988220531270556e-05,-5.149928913977351e-06,4.047416359637842e-06,68.67000869799526,1.1392802996932443e-05,-6.13742858504142e-06,-2.3358768523777155e-06,5403.485383095883,5411.455727160641,5783.582144754699,5776.1467524058025,0.00011734143587084097,0.00035519499213388446,0.001845767596597706,0
12.342000000000791,0.0,0.0,1.0,45.0,-0.00011323279152014905,-1.5647215398204645e-05,0.9999998898374379,0.0001858107836941448,-0.0002967208188985113,-5.050596132387292e-07,-0.00016610166509096303,0.00036436403976180403,1.230834202499358e-06,-0.0021907654547486965,0.0008188019638868323,44.99999996869224,-0.001199525245077887,0.0014382109397301642,44.99985026965297,-4.3581938231082807e-05,-5.984269415494558e-06,3.929977563674958e-06,68.67000867304922,1.1482307480176977e-05,-6.014568874233014e-06,-2.299877761846695e-06,5403.4855112530895,5411.4556444100335,5783.582188050586,5776.146662751235,0.00011430884725581583,0.0003500987671929856,0.001872781831036638,0
12.362000000000798,0.0,0.0,1.0,45.0,-0.00010951085101627428,-2.1510397562398372e-05,0.9999998798695702,0.0001863106166051275,-0.00029022983147408026,-4.929134365476557e-07,-0.00016857842989473188,0.00035952509424051803,1.2265606323342883e-06,-0.002181009907187358,0.0007885888792286135,44.99999996998174,-0.0012485742147469853,0.0014308369822982302,44.99985470101483,-4.2164886327450024e-05,-6.801291602734188e-06,3.815886495195072e-06,68.67000864218024,1.1561952730526488e-05,-5.889180465630775e-06,-2.264345799585135e-06,5403.48563662182,5411.455564948803,5783.5822313435165,5776.146571691016,0.00011160348616831476,0.00034488439208075474,0.0018990081319289602,0
12.382000000000804,0.0,0.0,1.0,45.0,-0.00010578041838974222,-2.7242672980466853e-05,0.9999998701464708,0.00018667393224110974,-0.00028364096002993905,-4.806012780098763e-07,-0.0001708955500583982,0.0003545025851188503,1.221463924556963e-06,-0.002169836947232124,0.0007582770119129556,44.99999997128346,-0.0012959932338626372,0.001422537881812134,44.99985900372418,-4.073828659447456e-05,-7.600661828753277e-06,3.705049345884603e-06,68.67000860550444,1.1631832942433928e-05,-5.761395684679779e-06,-2.2292550024593824e-06,5403.485759262993,5411.455488674439,5783.582274704728,5776.146479211205,0.0001092322159793923,0.00033955792166087413,0.0019243732232512895,0
12.402000000000811,0.0,0.0,1.0,45.0,-0.00010204420472750937,-3.284215236692214e-05,0.9999998606713332,0.00018690249253973764,-0.0002769604184796228,-4.681346029144926e-07,-0.00017305377365797777,0.0003493030212548719,1.2155605922860102e-06,-0.002157276545219939,0.0007278901533316856,44.99999997259379,-0.0013417721248986292,0.0014133340661664272,44.99986318145299,-3.930334863314235e-05,-8.382064724422418e-06,3.5973748906381028e-06,68.67000856314033,1.1692048094083848e-05,-5.631346550076998e-06,-2.194580725006498e-06,5403.485879235567,5411.455415486705,5783.5823182014465,5776.146385301964,0.00010719909562603304,0.0003341254768376409,0.0019488114266987017,0
12.422000000000818,0.0,0.0,1.0,45.0,-9.830488506895683e-05,-3.830707041924412e-05,0.9999998514471223,0.00018699813259165607,-0.00027019439326018263,-4.555247993238885e-07,-0.00017505395480468767,0.0003439329410589688,1.2088674513153948e-06,-0.0021433592314487777,0.0006974517790108648,44.99999997390926,-0.0013859020883769922,0.001403246313166522,44.99986723776982,-3.786126916949329e-05,-9.145203145470148e-06,3.4927744176897306e-06,68.67000851520856,1.1742703781027383e-05,-5.499164680498009e-06,-2.1602996014114158e-06,5403.485996596595,5411.455345287574,5783.582361896977,5776.146289957423,0.00010550499580817584,0.00032859324284721317,0.001972263876655483,0
12.442000000000824,0.0,0.0,1.0,45.0,-9.456509697048057e-05,-4.363578522243221e-05,0.9999998424765758,0.00018696275812481408,-0.0002633490391709608,-4.4278317299018783e-07,-0.00017689705134795605,0.00033839890719627265,1.2014016101120715e-06,-0.0021281160648129894,0.0006669850362187528,44.99999997522642,-0.001428375687684196,0.0013922957296850632,44.999871176143266,-3.6413231374545207e-05,-9.889798105382079e-06,3.3911616605730945e-06,68.6700084618319,1.1783911049176377e-05,-5.364981204377045e-06,-2.126389511960321e-06,5403.486111401304,5411.4552779812075,5783.58240585079,5776.146193175553,0.00010414731936369652,0.0003229674680441426,0.001994679100671906,0
12.462000000000831,0.0,0.0,1.0,45.0,-9.082743912053722e-05,-4.882677757130663e-05,0.9999998337622071,0.00018679834297620368,-0.00025643047530117514,-4.299209402024822e-07,-0.00017858412253792642,0.0003327075013542064,1.1931804480761303e-06,-0.002111578601540305,0.0006365127320099678,44.99999997654196,-0.001469186833120259,0.001380503730902775,44.99987499994424,-3.496040420364133e-05,-1.0615588696172259e-05,3.2924527319250527e-06,68.670008403135,1.1815786225441076e-05,-5.228926670583679e-06,-2.092829546717782e-06,5403.486223703157,5411.455213473896,5783.582450118606,5776.146094958026,0.00010311986006680053,0.0003172544632213341,0.0020160110666345614,0
12.482000000000838,0.0,0.0,1.0,45.0,-8.709447000537346e-05,-5.387865021235376e-05,0.9999998253063058,0.00018650692655315337,-0.00024944478104795887,-4.1694922238008155e-07,-0.00018011632664981909,0.0003268653190781164,1.184221603736627e-06,-0.002093778864052464,0.0006060573217083592,44.99999997785265,-0.0015083307652041015,0.0013678920196473201,44.99987871244895,-3.3503941757223394e-05,-1.1322331997753354e-05,3.196566059044122e-06,68.67000833924439,1.1838450747804068e-05,-5.091130961243045e-06,-2.0595999723001703e-06,5403.486333553908,5411.455151674044,5783.582494752493,5776.145995310092,0.00010241282230320991,0.0003114606015068704,0.0020362195392074054,0
12.502000000000844,0.0,0.0,1.0,45.0,-8.336870662562561e-05,-5.879012700694198e-05,0.9999998171109399,0.0001860906112861799,-0.00024239799222639235,-4.038790398631866e-07,-0.00018149491857251003,0.0003208789646776967,1.1745429583393778e-06,-0.0020747493099704806,0.0005756408978300276,44.99999997915536,-0.0015458040372602047,0.001354482565843649,44.999882316841465,-3.204498266295212e-05,-1.200980297518316e-05,3.1034223211458025e-06,68.67000827028828,1.1852030994569585e-05,-4.9517232062982615e-06,-2.0266821976226625e-06,5403.486441003676,5411.4550924921,5783.582539800955,5776.145894240445,0.000102013007632999,0.00030559231888666494,0.002055269563566682,0
12.522000000000851,0.0,0.0,1.0,45.0,-7.965262326393641e-05,-6.35600520177629e-05,0.9999998091779585,0.00018555156007538256,-0.00023529609727293045,-3.9072130605295107e-07,-0.00018272124736361419,0.00031475504620682494,1.164162618842749e-06,-0.002054522801284705,0.0005452851794478508,44.999999980447065,-0.0015816044973098143,0.0013402975860896693,44.99988581621621,-3.058464947838282e-05,-1.2677794363977541e-05,3.012944388261886e-06,68.67000819639647,1.1856658112052987e-05,-4.810831700033021e-06,-1.994058739977359e-06,5403.486546101001,5411.455035840547,5783.582585309005,5776.145791761097,0.00010190415604075641,0.00029965611540801174,0.0020731306644933755,0
12.542000000000858,0.0,0.0,1.0,45.0,-7.59486503036966e-05,-6.818738852038136e-05,0.999999801508994,0.00018489199373238077,-0.0002281450335435735,-3.774868222877412e-07,-0.00018379675377341945,0.0003085001705194004,1.1530989026622223e-06,-0.002033132573710163,0.0005150115019985334,44.999999981724876,-0.0016157312692909069,0.0013253595233707314,44.99988921358045,-2.9124048114798408e-05,-1.3326116543834373e-05,2.925057261876595e-06,68.67000811770023,1.1852467841540598e-05,-4.668583819814009e-06,-1.9617131928973727e-06,5403.486648892903,5411.45498163385,5783.582631318268,5776.145687887255,0.00010206741318786363,0.0002936585571258464,0.00208977647136489,0
12.562000000000864,0.0,0.0,1.0,45.0,-7.225917309897755e-05,-7.267121794180261e-05,0.9999997941054632,0.00018411418841980342,-0.0002209506837079884,-3.641862721254195e-07,-0.00018472296774007016,0.00030212093840363536,1.1413703246449672e-06,-0.0020106122062471376,0.00048484080753240016,44.99999998298607,-0.0016481847336320206,0.00130969102692519,44.99989251185661,-2.7664267282689184e-05,-1.3954597402755083e-05,2.839688017028712e-06,68.6700080343322,1.1839600346338858e-05,-4.525105946247112e-06,-1.929630192664164e-06,5403.48674942493,5411.454929788426,5783.582677867065,5776.145582637188,0.00010248188330945738,0.0002876062788607912,0.0021051849130874576,0
12.582000000000871,0.0,0.0,1.0,45.0,-6.858653089568384e-05,-7.701073872798827e-05,0.9999997869685715,0.00018322047309017305,-0.00021371887224079286,-3.50830216415502e-07,-0.00018550150585816468,0.0002956239397971009,1.1289955789530243e-06,-0.001986995590965467,0.00045479363540648345,44.99999998422793,-0.0016789665072033633,0.0012933149322726745,44.99989571388484,-2.6206377958398397e-05,-1.4563082189102215e-05,2.756765746052612e-06,68.67000794642625,1.181820003716602e-05,-4.380523385435024e-06,-1.8977953879549189e-06,5403.486847741227,5411.454880222611,5783.582724990489,5776.145476032119,0.0001031252223373341,0.00028150598784591405,0.002119337577818365,0
12.602000000000878,0.0,0.0,1.0,45.0,-6.493301580391675e-05,-8.120526514227694e-05,0.9999997800993137,0.0001822132269261228,-0.00020645536201104378,-3.3742908792963845e-07,-0.0001861340688231683,0.0002890157490849111,1.1159935251891218e-06,-0.001962316903032319,0.0004248901134208475,44.999999985447985,-0.001708079422670954,0.001276254241418869,44.9998988224252,-2.4751432872381403e-05,-1.5151433353120288e-05,2.6762215037466147e-06,68.67000785411736,1.1788415398341692e-05,-4.234960293423786e-06,-1.8661954068055718e-06,5403.486943884587,5411.45483285662,5783.582772720498,5776.145368096083,0.00010397422750148735,0.0002753644683475543,0.0021322194732642744,0
12.622000000000885,0.0,0.0,1.0,45.0,-6.130087182150126e-05,-8.525422599668363e-05,0.9999997734984779,0.0001810948767838351,-0.00019916585097087366,-3.239931871454014e-07,-0.00018662243885379004,0.00028230292048311807,1.1023831739936383e-06,-0.001936610571000858,0.0003951499493978276,44.999999986643836,-0.0017355275072771798,0.0012585321032481233,44.99990184015958,-2.3300466018934712e-05,-1.5719530379216176e-05,2.59798825401089e-06,68.67000775754155,1.1750398812876714e-05,-4.088539603037635e-06,-1.8348178268368174e-06,5403.487037896491,5411.454787612527,5783.582821085994,5776.1452588558195,0.00010500538671567875,0.00026918858735446044,0.0021438186555767873,0
12.642000000000891,0.0,0.0,1.0,45.0,-5.769229390859187e-05,-8.915716331807144e-05,0.9999997671666476,0.00017986789464147026,-0.0001918559689442091,-3.1053267697337695e-07,-0.00018696847709470543,0.00027549198350938726,1.0881836715379347e-06,-0.0019099112473782117,0.000365592423202893,44.99999998781326,-0.0017613159610735836,0.0012401717941149038,44.99990476969457,-2.185449218700606e-05,-1.6267269607038147e-05,2.522000817970461e-06,68.67000765683572,1.1704306387834752e-05,-3.941382951888803e-06,-1.803651143672053e-06,5403.4871298171765,5411.454744414213,5783.582870112918,5776.1451483406545,0.0001061953612863132,0.0002629853014387303,0.0021541262366899868,0
12.662000000000898,0.0,0.0,1.0,45.0,-5.4109427113237336e-05,-9.291373095120558e-05,0.9999997611042042,0.00017853479505450164,-0.0001845312745163334,-2.97057577938534e-07,-0.000187174121001758,0.00026858943854299485,1.0734142847376e-06,-0.0018822537794899543,0.00033623637920676274,44.99999998895412,-0.0017854511346295755,0.0012211966986456159,44.999907613562804,-2.041450651369482e-05,-1.679456404461991e-05,2.448195823374319e-06,68.67000755213756,1.165029777999343e-05,-3.793610613052893e-06,-1.7726847415265786e-06,5403.487219685671,5411.454703187358,5783.582919824319,5776.14503658237,0.00010752138658423736,0.00025676166490148,0.0021631359125887316,0
12.682000000000905,0.0,0.0,1.0,45.0,-5.055436574774777e-05,-9.652369310071474e-05,0.9999997553113308,0.00017709813261954015,-0.0001771972520250281,-2.8357776448145505e-07,-0.00018724138171180536,0.0002616017524759408,1.0580943866467535e-06,-0.0018536731806574828,0.00030710021918723025,44.999999990064474,-0.001807940506242112,0.001201630290761512,44.99991037422536,-1.8981484057104506e-05,-1.730134316979676e-05,2.3765116555380007e-06,68.67000744358548,1.1588536020567115e-05,-3.6453414279998136e-06,-1.741908863532449e-06,5403.487307539851,5411.454663859389,5783.582970240448,5776.1449236151075,0.00010896158542579519,0.00025052483932516163,0.0021708442001809815,0
12.702000000000911,0.0,0.0,1.0,45.0,-4.702915261567315e-05,-9.998692281399895e-05,0.9999997497880146,0.00017556049944863938,-0.0001698593086539048,-2.7010296010812016e-07,-0.00018717234139956776,0.00025453535445702803,1.0422434413301805e-06,-0.0018242046017056396,0.0002782018956686088,44.999999991142495,-0.0018287926586710893,0.0011814961149337452,44.99991305407391,-1.755637939340068e-05,-1.778755272544679e-05,2.306888409371266e-06,68.67000733131837,1.151918734174809e-05,-3.4966927408267544e-06,-1.7113145821579992e-06,5403.4873934164825,5411.45462635947,5783.583021378828,5776.144809475235,0.00011049519688926969,0.0002442821046631277,0.0021772495211786567,0
12.722000000000918,0.0,0.0,1.0,45.0,-4.35357782891672e-05,-0.00010330340040713282,0.9999997445340498,0.00017392452265551785,-0.0001625227716284888,-2.566427339972711e-07,-0.00018696915062340388,0.0002473966317305519,1.0258809917767398e-06,-0.0017938833028153414,0.0002495589056976304,44.999999992186524,-0.0018480172554249518,0.0011608177676798229,44.99991565543212,-1.6140126233154773e-05,-1.825315450332074e-05,2.2392678428589133e-06,68.6700072154757,1.1442421002380911e-05,-3.3477803355578346e-06,-1.6808937707330498e-06,5403.4874773512665,5411.454590618454,5783.58307325435,5776.144694201247,0.0001121027287347263,0.00023804087200363005,0.002182353161079829,0
12.742000000000925,0.0,0.0,1.0,45.0,-4.007618043647822e-05,-0.0001064732118358252,0.9999997395490411,0.00017219286185554434,-0.00015519288551546625,-2.432064965538694e-07,-0.00018663402566231372,0.00024019192557119115,1.0090266437539586e-06,-0.0017627446257372776,0.0002211882850528782,44.999999993195,-0.001865625016620866,0.0011396188793122613,44.999918180558254,-1.4733637059668637e-05,-1.8698126121155548e-05,2.1735933317168998e-06,68.67000709619725,1.1358409114711477e-05,-3.1987183750013343e-06,-1.6506390756112892e-06,5403.487559378885,5411.454556568874,5783.583125879341,5776.144577833642,0.00011376604463422144,0.00023180869815004604,0.002186158234576554,0
12.762000000000931,0.0,0.0,1.0,45.0,-3.665224319927438e-05,-0.00010949654701350281,0.9999997348324067,0.00017036820668104669,-0.00014787480962557054,-2.2980349531216577e-07,-0.00018616924584619532,0.00023292752731663438,9.917000519172838e-07,-0.0017308239663813803,0.00019310660288571796,44.99999999416652,-0.0018816276944441078,0.0011179230959487314,44.99992063164624,-1.3337802789845274e-05,-1.9122460790036435e-05,2.1098098252302376e-06,68.67000697362307,1.1267326471910931e-05,-3.0496193422775643e-06,-1.6205438878946934e-06,5403.487639533041,5411.454524144901,5783.583179263651,5776.1444604148255,0.00011546839850483567,0.00022559330215935275,0.002188669682716901,0
12.782000000000938,0.0,0.0,1.0,45.0,-3.326579661947907e-05,-0.00011237369807859266,0.9999997303833815,0.00016845327431354895,-0.00014057361552020315,-2.1644281225308517e-07,-0.00018557715088147726,0.00022560967449921905,9.7392090750412e-07,-0.0016981567477961088,0.00016532995678923194,44.99999999509988,-0.0018960380482313628,0.0010957540617923993,44.99992301082818,-1.1953492453936459e-05,-1.952616707634075e-05,2.047863803387596e-06,68.67000684789336,1.1169350375807504e-05,-2.9005939834969327e-06,-1.5906023163878555e-06,5403.4877178465,5411.454493282316,5783.583233414724,5776.14434198899,0.00011719442792943785,0.00021940258397491275,0.0021898942862610825,0
12.802000000000945,0.0,0.0,1.0,45.0,-2.9918616115261013e-05,-0.00011510505761308243,0.9999997262010212,0.00016645080703447766,-0.00013329428462225564,-2.031333596802806e-07,-0.00018486013817410176,0.00021824454707806268,9.557089225258122e-07,-0.0016647783935518075,0.0001378739682931168,44.99999999599395,-0.0019088698192014548,0.0010731354016913757,44.99992532017552,-1.058155289891098e-05,-1.9909268653375552e-05,1.9877032349990564e-06,68.67000671914838,1.1064660466036426e-05,-2.751751253889243e-06,-1.56080916040167e-06,5403.48779435113,5411.454463918498,5783.583288337693,5776.144222602018,0.00011893011748183966,0.0002132446452752088,0.0021898410279238053,0
12.822000000000951,0.0,0.0,1.0,45.0,-2.6612422005792648e-05,-0.00011769111681444246,0.9999997222842043,0.00016436356979586286,-0.00012604170593103416,-1.8988387699439223e-07,-0.00018402066015196314,0.0002108382637727274,9.370838181955971e-07,-0.0016307243015411383,0.00011075377878015346,44.99999999684779,-0.0019201377048584372,0.0010500907039863944,44.99992756170105,-9.222808510892978e-06,-2.0271804047567997e-05,1.9292775371296926e-06,68.67000658752836,1.0953438549930767e-05,-2.603198265051715e-06,-1.531159883802122e-06,5403.487869077939,5411.4544359923875,5783.583344035434,5776.1441023013695,0.00012066274117600808,0.00020712781263251806,0.0021885198065242197,0
12.842000000000958,0.0,0.0,1.0,45.0,-2.334887908436076e-05,-0.00012013246362299371,0.9999997186316373,0.00016219434781252084,-0.00011882067384149655,-1.767029274856984e-07,-0.00018306122158869627,0.00020339687849964288,9.180653098453137e-07,-0.0015960298182094638,8.398404582147739e-05,44.99999999766055,-0.001929857333090603,0.0010266435036544164,44.99992973736041,-7.878060960036465e-06,-2.06138263766277e-05,1.8725375354005625e-06,68.67000645317336,1.083586843348695e-05,-2.455040235185131e-06,-1.5016505889292753e-06,5403.487942057109,5411.45440944446,5783.583400508656,5776.143981135981,0.00012238079154336902,0.00020106066303083968,0.0021859428285688114,0
12.862000000000965,0.0,0.0,1.0,45.0,-2.0129596239383783e-05,-0.00012242978080680627,0.9999997152418568,0.0001599459441771402,-0.00011163588606764769,-1.6359889566496443e-07,-0.00018198437693084583,0.00019592637691222817,8.986730953774498e-07,-0.0015607302132274589,5.757893992615366e-05,44.99999999843156,-0.00193804523598944,0.0010028172657559665,44.99993184905371,-6.5480889646539995e-06,-2.093540308208426e-05,1.8174354255778722e-06,68.6700063162233,1.0712135753453363e-05,-2.307380440890492e-06,-1.4722779904942893e-06,5403.48801331804,5411.454384216704,5783.58345775599,5776.1438591561755,0.00012407390120554505,0.00019505205172318574,0.0021821231825534804,0
12.882000000000971,0.0,0.0,1.0,45.0,-1.695612612286199e-05,-0.00012458384400621192,0.9999997121132339,0.000157621177499693,-0.00010449194167012587,-1.5057998407679543e-07,-0.00018079272763030436,0.0001884326730457109,8.789268419278439e-07,-0.00152486065461787,3.155214170137786e-05,44.99999999916027,-0.0019447188234122668,0.0009786353691933825,44.999933898627106,-5.233648077723808e-06,-2.1236615654337055e-05,1.7639247360239942e-06,68.67000617681768,1.058242781116821e-05,-2.160320171444986e-06,-1.4430393907071985e-06,5403.488082889377,5411.4543602526,5783.583515774038,5776.143736413542,0.00012573276136015085,0.00018911114230714784,0.0021770757563104666,0
12.902000000000978,0.0,0.0,1.0,45.0,-1.382996486575959e-05,-0.00012659551974001173,0.999999709243978,0.00015522287957250391,-9.73933391876631e-05,-1.3765421067233234e-07,-0.00017948891948388286,0.00018092160606741225,8.588461714648043e-07,-0.0014884561843472835,5.916839418782948e-06,44.99999999984628,-0.0019498963563122404,0.0009541210907877637,44.9999358878743,-3.935470492261282e-06,-2.151755935267017e-05,1.7119602912628654e-06,68.6700060350956,1.044693340728262e-05,-2.0139586851633576e-06,-1.4139326552244353e-06,5403.488150799051,5411.454337497091,5783.5835745574595,5776.143612960848,0.00012734904037917284,0.00018324743875313773,0.002170816162240151,0
12.922000000000985,0.0,0.0,1.0,45.0,-1.0752551839790863e-05,-0.00012846576337545397,0.9999997066321394,0.00015275389306228978,-9.0344474872264e-05,-1.248294062400636e-07,-0.00017807563998185828,0.00017339893713327664,8.384506510489063e-07,-0.0014515516943937542,-1.931427301754941e-05,45.000000000489315,-0.0019535969198582028,0.0009292975896808682,44.999937818537994,-2.6542648672013777e-06,-2.1778342918511506e-05,1.6614981764992165e-06,68.67000589119569,1.0305842677683203e-05,-1.8683931682197281e-06,-1.3849561882628747e-06,5403.488217074302,5411.454315896559,5783.583634099051,5776.143488851952,0.00012891530473689743,0.00017747081891965018,0.0021633620130802195,0
12.942000000000991,0.0,0.0,1.0,45.0,-7.725269465055761e-06,-0.00013019561706405358,0.9999997042756149,0.000150217069230539,-8.334964102777023e-05,-1.121132120991293e-07,-0.00017655561566743991,0.0001658703463513413,8.177597778048225e-07,-0.001414181903301165,-4.412899770652478e-05,45.0000000010892,-0.0019558403963688014,0.0009041878920683682,44.99993969231133,-1.3907161752068395e-06,-2.2019088284179772e-05,1.6124957029852788e-06,68.67000574525596,1.0159346932605456e-05,-1.7237186951304715e-06,-1.3561089094748713e-06,5403.488281741714,5411.454295398808,5783.583694389813,5776.1433641416925,0.00013042494371825252,0.00017179156881827183,0.0021547313577799446,0
12.962000000000998,0.0,0.0,1.0,45.0,-4.749443062946465e-06,-0.00013178620764531544,0.9999997021721498,0.0001476152656833047,-7.64130244513331e-05,-9.951307753190943e-08,-0.00017493160950870845,0.00015834142985260161,7.967929680847433e-07,-0.001376381333228641,-6.851563399344675e-05,45.00000000164591,-0.0019566474380830804,0.0008788148762708712,44.999941510839314,-1.454855673525274e-07,-2.2239930275787367e-05,1.5649113745147144e-06,68.67000559741375,1.0007638495364078e-05,-1.580028191950728e-06,-1.3273902294133006e-06,5403.488344827252,5411.454275953031,5783.583755419021,5776.143238885811,0.00013187209877897106,0.0001662204165299957,0.0021449439782465257,0
12.982000000001005,0.0,0.0,1.0,45.0,-1.826340753721573e-06,-0.00013323874452041636,0.9999997003193427,0.00014495134415176157,-6.95387049774426e-05,-8.703625786907558e-08,-0.00017320641828497347,0.0001508176969698371,7.755695453396892e-07,-0.0013381842875053599,-9.246297932711247e-05,45.00000000215955,-0.0019560394397894003,0.0008532012581479658,44.99994327572003,1.0807897402326392e-06,-2.244101631137472e-05,1.5187048546791552e-06,68.67000544780562,9.850910544065249e-06,-1.4374124011203568e-06,-1.2988000281875204e-06,5403.4884063562795,5411.4542575098085,5783.583817174297,5776.143113140846,0.0001332515980032579,0.00016076856420535829,0.0021340203369360307,0
13.002000000001011,0.0,0.0,1.0,45.0,1.0428266018794902e-06,-0.00013455451749788962,0.9999996987146493,0.00014222816830462907,-6.273065412389461e-05,-7.468981261194647e-08,-0.00017138286998916985,0.00014330456752480864,7.541087284745716e-07,-0.0012996248286991697,-0.00011596032973558672,45.0000000026303,-0.0019540385113371245,0.0008273695768612435,44.999944988506186,2.2874965606740027e-06,-2.2622506095196463e-05,1.4738369349742818e-06,68.67000529656733,9.689356955542522e-06,-1.2959598489041672e-06,-1.2703386320266916e-06,5403.488466353598,5411.454240021054,5783.583879641685,5776.142986964058,0.00013455889580133302,0.00015544771598408803,0.0021219818748294123,0
13.022000000001018,0.0,0.0,1.0,45.0,3.856905417630645e-06,-0.00013573489461334517,0.9999996973553864,0.00013944860159351027,-5.5992733839140044e-05,-6.248060319049647e-08,-0.00016946382124789677,0.0001358073692240278,7.324296190273019e-07,-0.0012607367572064596,-0.0001389974799264436,45.00000000305852,-0.0019506674500510857,0.0008013421809909438,44.99994665070613,3.4740458122933295e-06,-2.2784571306298047e-05,1.4302695039119948e-06,68.6700051438336,9.523172149927861e-06,-1.1557568150324932e-06,-1.2420067908484295e-06,5403.488524843459,5411.45422344002,5783.58394280571,5776.142860413329,0.00013579001778061083,0.00015027009893186374,0.0021088509783352186,0
13.042000000001025,0.0,0.0,1.0,45.0,6.614799354093749e-06,-0.00013678131992524544,0.9999996962387357,0.00013661550513232343,-4.9328695350294704e-05,-5.041529170821009e-08,-0.00016745215476087508,0.00012833133516337473,7.105511908339347e-07,-0.0012215535903717424,-0.00016156472301767863,45.00000000344458,-0.0019459497130718862,0.0007751412150108519,44.99994826378527,4.639872575387742e-06,-2.2927395284816743e-05,1.3879655168838934e-06,68.67000498973826,9.352550938253506e-06,-1.0168873036821774e-06,-1.2138056578926935e-06,5403.488581849611,5411.454207721267,5783.584006649457,5776.142733547086,0.0001369415105871588,0.00014524847320789198,0.002094651298354154,0
13.062000000001031,0.0,0.0,1.0,45.0,9.315469248865726e-06,-0.00013769531128874257,0.999999695361748,0.00013373173561180484,-4.2742178111186165e-05,-3.850033914988323e-08,-0.0001653507767612696,0.00012088160144176755,6.884922792189018e-07,-0.0011821085421437946,-0.00018365284990441404,45.00000000378907,-0.001939909389643237,0.0007487886061258864,44.99994982916724,5.784436129021047e-06,-2.305117271324172e-05,1.3468889667773695e-06,68.67000483441399,9.177688372210381e-06,-8.794330176969348e-07,-1.1857367682198418e-06,5403.488637395306,5411.4541928206445,5783.584071154632,5776.1426064242205,0.00013801039642974305,0.0001403961266620634,0.0020794068613986206,0
13.082000000001038,0.0,0.0,1.0,45.0,1.1957933005510603e-05,-0.0001384784581095686,0.9999996947213465,0.0001308001432500671,-3.623670884950075e-05,-2.6742004373090392e-08,-0.00016316261449850471,0.00011346320488378467,6.662715707235605e-07,-0.0011424345032746393,-0.00020525314826853983,45.000000004092584,-0.0019325711733678493,0.0007223060514766858,44.99995134823505,6.907219971031916e-06,-2.315610929564138e-05,1.3070048554305073e-06,68.67000467799231,8.998779595499522e-06,-7.434733338704006e-07,-1.1578020171976005e-06,5403.488691503326,5411.454178695267,5783.584136301632,5776.1424791039935,0.0001389941319524824,0.00013572684796169237,0.0020631425588741215,0
13.102000000001045,0.0,0.0,1.0,45.0,1.4541265441908276e-05,-0.00013913241907995188,0.9999996943143321,0.00012782356978014358,-2.981570071232211e-05,-1.514634166438308e-08,-0.0001608906137450195,0.00010608108087137378,6.439075891996389e-07,-0.0011025640220679175,-0.00022635740123670443,45.0000000043559,-0.001923960334452445,0.0006957150057144043,44.99995282233239,8.007731819029909e-06,-2.3242421432051825e-05,1.268279165949334e-06,68.67000452060353,8.816019697945244e-06,-6.090852813223702e-07,-1.130003639978897e-06,5403.48874419602,5411.454165303488,5783.584202069613,5776.142351645966,0.0001398905711026263,0.0001312548712609085,0.002045884304846348,0
13.122000000001051,0.0,0.0,1.0,45.0,1.706459809877008e-05,-0.00013965891989851717,0.9999996941373865,0.00012480484647547072,-2.34824525090562e-05,-3.7192008605178062e-09,-0.00015853773632848193,9.87400612844158e-05,6.214186881147378e-07,-0.0010625292856819546,-0.00024695788569389346,45.00000000457973,-0.001914102691963046,0.0006690366689498008,44.99995425276423,9.085503593456502e-06,-2.331033589103409e-05,1.2306788356643156e-06,68.67000436237663,8.629603571847866e-06,-4.7634352131409745e-07,-1.1023441937443483e-06,5403.488795495314,5411.454152604901,5783.584268436544,5776.142224109921,0.00014069793163878173,0.00012699478451274427,0.002027658486690272,0
13.142000000001058,0.0,0.0,1.0,45.0,1.9527119009089026e-05,-0.00014005975097610673,0.999999694187077,0.00012174679221416361,-1.724014805076026e-05,7.533774064049998e-09,-0.00015610695769086816,9.144487254999291e-05,5.988230397400924e-07,-0.0010223621019927207,-0.0002670473702590168,45.00000000476509,-0.0019030245861103856,0.0006422919750789447,44.99995564079863,1.0140091383400278e-05,-2.3360089480801475e-05,1.1941717297971505e-06,68.6700042034392,8.439725770542704e-06,-3.453203289622947e-07,-1.0748265353778386e-06,5403.488845422727,5411.454140560294,5783.584335379283,5776.142096555777,0.00014141476493573088,0.00012296139303053058,0.002008492295706815,0
13.162000000001065,0.0,0.0,1.0,45.0,2.192807242930945e-05,-0.00014033676512943935,0.9999996944598605,0.00011865221158283468,-1.109185558494917e-05,1.860714623447066e-08,-0.00015360126447574768,8.420013380014849e-05,5.76138624170977e-07,-0.0009820938820213202,-0.0002866191129289299,45.00000000491289,-0.00189075285058564,0.0006155015804882193,44.99995698766738,1.1171075394946883e-05,-2.3391928715938192e-05,1.1587266159326094e-06,68.67000404391743,8.24658036978543e-06,-2.1608557767059635e-07,-1.0474538049611893e-06,5403.488893999409,5411.45412913165,5783.584402873634,5776.141969043531,0.0001420399287603219,0.0001191695301662343,0.001988413527777374,0
13.182000000001072,0.0,0.0,1.0,45.0,2.426675853301639e-05,-0.00014049187526450496,0.9999996949520864,0.00011552389302082532,-5.040527324699318e-06,2.949568628403985e-08,-0.0001510236521451659,7.701035513771632e-05,5.533832209599419e-07,-0.0009417556229300456,-0.00030566685839837084,45.00000000502418,-0.0018773147849660663,0.0005886858531414055,44.99995829456678,1.217805988243829e-05,-2.340610948372156e-05,1.1243131390740534e-06,68.67000388393592,8.050360831353072e-06,-8.870672499830838e-08,-1.0202294057239415e-06,5403.488941246142,5411.454118282114,5783.584470894409,5776.141841633167,0.00014257256271550474,0.00011563380839699799,0.0019674505584130744,0
13.202000000001078,0.0,0.0,1.0,45.0,2.6542533067959922e-05,-0.00014052705205156886,0.9999996956600029,0.0001123646070055104,9.110009290195266e-07,4.019437241352689e-08,-0.00014837712262737998,6.987993600987902e-05,5.305743995100229e-07,-0.0009013778915907466,-0.00032418483506240864,45.00000000510008,-0.0018627381272098864,0.0005618648620514228,44.9999595626592,1.316067306328419e-05,-2.3402896707599494e-05,1.0909017974923303e-06,68.67000372361778,7.851259869504452e-06,3.6751198980869446e-08,-9.931569858417322e-07,5403.488987183377,5411.454107975983,5783.584539415489,5776.141714384599,0.00014301206607416703,0.00011236830712341912,0.0019456323163195705,0
13.222000000001085,0.0,0.0,1.0,45.0,2.8754806977245053e-05,-0.00014044432159363585,0.9999996965797596,0.00010917710427944504,6.760010073042893e-06,5.0698391778508e-08,-0.00014566468199673458,6.281316368887811e-05,5.077295089141527e-07,-0.0008609908087284639,-0.0003421677517091037,45.00000000514181,-0.0018470510262590498,0.0005350583671371523,44.99996079307371,1.4118567016557922e-05,-2.3382564011018293e-05,1.0584639191619292e-06,68.67000356308444,7.649469319754797e-06,1.6022560201950956e-07,-9.662404208641797e-07,5403.4890318312355,5411.454098178679,5783.58460840989,5776.141587357594,0.00014335807774952026,0.00010938619842265014,0.0019229886338782915,0
13.242000000001092,0.0,0.0,1.0,45.0,3.090304598553008e-05,-0.00014024576309020224,0.9999996977074121,0.00010596411411993985,1.2503897896853874e-05,6.100314037618397e-08,-0.0001428893381868561,5.5814211859445275e-05,4.848656690997031e-07,-0.0008206240336434051,-0.0003596107939090197,45.00000000515057,-0.0018302820147688427,0.0005082858094674209,44.999961986907046,1.5051417564655401e-05,-2.334539337828737e-05,1.0269716387711052e-06,68.67000340245562,7.445180011090377e-06,2.8165633729692327e-07,-9.394837973924049e-07,5403.489075209537,5411.454088856739,5783.58467784981,5776.141460611717,0.00014361045817330153,0.00010669931895387955,0.0018995490878683107,0
13.262000000001098,0.0,0.0,1.0,45.0,3.298677015108896e-05,-0.00013993350649809693,0.9999996990389265,0.0001027283426516839,1.814017918798583e-05,7.110422312683515e-08,-0.0001400540987383249,4.888713931216626e-05,4.619997624270902e-07,-0.0007803067495128067,-0.0003765096201096406,45.000000005127674,-0.0018124599819818968,0.00048156630189372454,44.999963145224456,1.5958924140921915e-05,-2.3291674815549307e-05,9.963978755142938e-07,68.6700032418493,7.238581639702391e-06,4.0098570973256665e-07,-9.128913936806594e-07,5403.489117337804,5411.454079977791,5783.584747706695,5776.141334206246,0.0001437692728764442,0.00010431770482878042,0.001875344666670701,0
13.282000000001105,0.0,0.0,1.0,45.0,3.500555338460562e-05,-0.00013950973019118688,0.9999997005701827,9.947247120302927e-05,2.36664857492003e-05,8.099745397932847e-08,-0.00013716196858200498,4.203588874223841e-05,4.391484258405052e-07,-0.0007400676492753103,-0.0003928603574417785,45.00000000507443,-0.001793614146764821,0.0004549186200719663,44.99996426906086,1.6840809640428355e-05,-2.322170601080011e-05,9.66716311342845e-07,68.67000308138164,7.029862647033179e-06,5.181584800903562e-07,-8.864676660576542e-07,5403.4891582353,5411.454071510534,5783.584817951298,5776.141208200126,0.00014383477758871707,0.00010224911557339819,0.0018504060205963226,0
13.302000000001112,0.0,0.0,1.0,45.0,3.6959022935578746e-05,-0.0001389766586206962,0.99999970229698,9.619915470643732e-05,2.908056632887618e-05,9.067885604162416e-08,-0.0001342159478590174,3.526428565274524e-05,4.1632804112872657e-07,-0.0006999349220983262,-0.00040865959724567714,45.00000000499226,-0.0017737740308245782,0.000428361193873751,44.99996535942148,1.7696820256122588e-05,-2.3135791993957214e-05,9.379013698491721e-07,68.67000292116695,6.819210099505107e-06,6.331218671134937e-07,-8.602172307246497e-07,5403.489197921016,5411.454063424728,5783.584888553723,5776.141082651908,0.0001438074046939666,0.00010049858171584394,0.0018247651632534961,0
13.322000000001118,0.0,0.0,1.0,45.0,3.884685884722559e-05,-0.00013833655997785944,0.9999997042150397,9.291102014352913e-05,3.438028646600764e-05,1.0014466168566129e-07,-0.00013121902977846397,2.857603736167409e-05,3.9355472721950003e-07,-0.0006599362404297413,-0.0004239043903245696,45.00000000488255,-0.0017529694321219717,0.00040191209918810064,44.999966417282806,1.8526725301261225e-05,-2.303424479602164e-05,9.099281957423584e-07,68.6700027613176,6.6068095717493295e-06,7.458255478678267e-07,-8.341448485461971e-07,5403.489236413703,5411.454055691164,5783.584959483497,5776.140957619674,0.00014368775089598594,9.906801598169456e-05,0.0017984534645977485,0
13.342000000001125,0.0,0.0,1.0,45.0,4.0668793380782876e-05,-0.00013759174386059994,0.9999997063200106,8.961066503530615e-05,3.956362825126522e-05,1.0939131142206297e-07,-0.00012817419851390106,2.1974732111736052e-05,3.708443329669097e-07,-0.0006200987476342225,-0.00043859224193370855,45.00000000474678,-0.0017312303984980256,0.0003755890501120774,44.99996744359304,1.9330317016133308e-05,-2.291738310993879e-05,8.82772634882324e-07,68.670002601944,6.3928450327525616e-06,8.562216568762662e-07,-8.082554093986764e-07,5403.489273731886,5411.454048281655,5783.58503070961,5776.140833160992,0.00014347656596666212,9.795592853387265e-05,0.0017715037833542252,0
13.362000000001132,0.0,0.0,1.0,45.0,4.242461041011071e-05,-0.00013674455894589695,0.9999997086074722,8.630065597777798e-05,4.462869000560308e-05,1.1841545367658429e-07,-0.00012508442713937384,1.5463838282088538e-05,3.4821243029395515e-07,-0.0005804490462137489,-0.0004527211065119288,45.000000004586404,-0.0017085872015296015,0.0003494093915318154,44.999968439273495,2.0107410362564475e-05,-2.278553194989929e-05,8.564112148387289e-07,68.67000244315453,6.177498734310473e-06,9.642647823059159e-07,-7.82553919063693e-07,5403.489309893859,5411.454041169019,5783.58510220057,5776.140709332863,0.00014317474246305735,9.715728081842693e-05,0.001743948821594403,0
13.382000000001138,0.0,0.0,1.0,45.0,4.411414478751444e-05,-0.00013579739066947336,0.9999997110729395,8.298352722354629e-05,4.957368587793981e-05,1.2721394462879538e-07,-0.00012195267560613995,9.046703700950261e-06,3.2567430650587924e-07,-0.0005410131866128583,-0.00046628938216457813,45.00000000440292,-0.0016850703106307818,0.00032339009209211844,44.99996940521898,2.085784280293876e-05,-2.263902231278882e-05,8.30821125971997e-07,68.67000228505553,5.960951103929266e-06,1.0699119612886237e-06,-7.570454817915055e-07,5403.489344917723,5411.454034327052,5783.585173924462,5776.140586191656,0.00014278330631351007,9.666350037823691e-05,0.0017158214433403026,0
13.402000000001145,0.0,0.0,1.0,45.0,4.573728168170474e-05,-0.0001347526589144046,0.9999997137118667,7.966177930951827e-05,5.439694536352956e-05,1.3578384720141344e-07,-0.00011878188876069957,2.726555057919861e-06,3.032449561970177e-07,-0.0005018166566062483,-0.0004792959049052746,45.00000000419785,-0.0016607103674137625,0.00029754773755386575,44.99997034229856,2.1581474068083935e-05,-2.2478190840022727e-05,8.059802030773015e-07,68.67000212775119,5.743380638917696e-06,1.1731226732714436e-06,-7.317352884019583e-07,5403.489378821378,5411.4540277305205,5783.585245848988,5776.140463793064,0.00014230340818486653,9.646266212838195e-05,0.0016871554505450677,0
13.422000000001152,0.0,0.0,1.0,45.0,4.729395588882348e-05,-0.0001336128157102187,0.9999997165196518,7.633787773114884e-05,5.9096912744542746e-05,1.4412243017457343e-07,-0.00011557499440514998,-3.493502584956849e-06,2.809390764799112e-07,-0.0004628843712689958,-0.0004917399426646362,45.000000003972694,-0.001635538160325624,0.000271898524538435,44.99997125135651,2.2278185910598967e-05,-2.2303379480599033e-05,7.818669073989086e-07,68.6700019713436,5.5249638053982905e-06,1.2738588316806277e-06,-7.066286024869116e-07,5403.489411622536,5411.4540213551445,5783.5853179415235,5776.140342192051,0.00014173631555368816,9.65398230975529e-05,0.0016579848965159304,0
13.442000000001158,0.0,0.0,1.0,45.0,4.878415111746764e-05,-0.00013238034294402417,0.9999997194916403,7.301425166337005e-05,6.367214645455741e-05,1.5222716757012298e-07,-0.00011233490140045627,-9.610486184693007e-06,2.5877105862727327e-07,-0.00042424066352637235,-0.0005036211890738892,45.00000000372901,-0.0016095845995742792,0.00024645825465734715,44.999972133212495,2.2947881847203674e-05,-2.2114935155152878e-05,7.584603093249199e-07,68.67000181593261,5.305874938915612e-06,1.3720847735629505e-06,-6.817307452245607e-07,5403.48944333874,5411.454015177566,5783.585390169167,5776.140221442807,0.00014108340541385157,9.687748114604906e-05,0.0016283439932660887,0
13.462000000001165,0.0,0.0,1.0,45.0,5.020789924864843e-05,-0.00013105775008517026,0.9999997226231294,6.96932927285114e-05,6.812131836858916e-05,1.6009573658023253e-07,-0.00010906449781353396,-1.562153501263221e-05,2.367549855620272e-07,-0.00038590927528203906,-0.0005149397570319751,45.000000003468315,-0.0015828806923584185,0.00022124232902552278,44.999972988663096,2.3590486887833707e-05,-2.1913209422372034e-05,7.357400713725473e-07,68.67000166161587,5.086286149291391e-06,1.4677672483818246e-06,-6.570470846904459e-07,5403.489473987367,5411.4540091753515,5783.58546249878,5776.140101598697,0.00014034615756150116,9.74561167821781e-05,0.0015982676863986358,0
13.482000000001172,0.0,0.0,1.0,45.0,5.156527957162598e-05,-0.00012964757192490922,0.999999725909372,6.637735381127801e-05,7.24432130203821e-05,1.6772601768888193e-07,-0.00010576664910866523,-2.152391085476743e-05,2.1490462236308087e-07,-0.00034791334912147515,-0.0005256961720636066,45.00000000319216,-0.0015554575184138287,0.00019626574315620825,44.99997381848166,2.4205947254674774e-05,-2.169855814651972e-05,7.136864318014852e-07,68.67000150848878,4.8663672277509035e-06,1.560875404434303e-06,-6.325830220494538e-07,5403.489503585641,5411.454003326961,5783.5855348970435,5776.1399827122195,0.00013952614840594146,9.82547726256646e-05,0.001567790895435714,0
13.502000000001178,0.0,0.0,1.0,45.0,5.28564179965641e-05,-0.00012815236633249765,0.9999997293455808,6.306874792103547e-05,7.663672674861282e-05,1.7511609272235452e-07,-0.00010244419638402014,-2.7314998118445902e-05,1.9323341270849762e-07,-0.0003102754205883019,-0.000535891365476986,45.00000000290203,-0.0015273462058905543,0.00017154308223531976,44.99997462341957,2.4794230087833643e-05,-2.1471341167195208e-05,6.922801884729791e-07,68.67000135664443,4.6462855580327e-06,1.6513807741474586e-06,-6.083439799574503e-07,5403.489532150631,5411.453997611742,5783.585607330489,5776.139864834968,0.00013862504526188918,9.925162727489456e-05,0.0015369493176322286,0
13.522000000001185,0.0,0.0,1.0,45.0,5.4081486244950485e-05,-0.00012657471202913865,0.999999732926933,5.9769747101379036e-05,8.07008667738512e-05,1.8226424308546536e-07,-9.909995465377204e-05,-3.299230384687484e-05,1.7175447198370002e-07,-0.0002730174110296777,-0.0005455266673290504,45.000000002599464,-0.0014985779075725265,0.00014708851677322916,44.999975404206324,2.53553231424865e-05,-2.1231921971087736e-05,6.715026833789757e-07,68.67000120617352,4.426206029930817e-06,1.7392572575362585e-06,-5.843353898002147e-07,5403.4895596992765,5411.453992009895,5783.585679765559,5776.139748017571,0.00013764460108462394,0.0001004245278150114,0.001505779113212648,0
13.542000000001192,0.0,0.0,1.0,45.0,5.52407010187306e-05,-0.00012491720638113012,0.9999997366485726,5.648258138718563e-05,8.46347502079843e-05,1.8916894907191828e-07,-9.573671117644656e-05,-3.8553457642852754e-05,1.5048058528996893e-07,-0.00023616062100751892,-0.0005546037992067662,45.000000002285944,-0.0014691837774519216,0.00012291579863015138,44.99997616155065,2.588923447387383e-05,-2.0980667367405044e-05,6.513357874492246e-07,68.67000105716446,4.206290956459164e-06,1.8244811045888282e-06,-5.605626813844232e-07,5403.489586248378,5411.453986502479,5783.585752168637,5776.139632309681,0.00013658664961511052,0.00010175145565454698,0.001474316544356546,0
13.562000000001198,0.0,0.0,1.0,45.0,5.63343231491036e-05,-0.0001231824632135513,0.9999997405056156,5.32094378090305e-05,8.84376029978675e-05,1.9582888746983508e-07,-9.235722382996121e-05,-4.399621150316774e-05,1.2942420080198037e-07,-0.00019972572427148552,-0.000563124866832315,45.00000000196299,-0.0014391949476704547,9.903825741333138e-05,44.99997689614075,2.6395992112877458e-05,-2.0717947163857167e-05,6.317618857292345e-07,68.67000090970329,3.986699994418464e-06,1.9070308957808486e-06,-5.370312721121663e-07,5403.489611814619,5411.453981071383,5783.5858245060945,5776.139517759922,0.00013545310090714462,0.00010321091146247414,0.00144259856953815,0
13.582000000001205,0.0,0.0,1.0,45.0,5.7362656725929054e-05,-0.00012137311064578212,0.9999997444931543,4.995245944507641e-05,9.210875880510459e-05,2.022429303501914e-07,-8.896421953383328e-05,-4.9318439565259874e-05,1.0859742410429313e-07,-0.00016373276228910427,-0.0005710923525007399,45.000000001631996,-0.001408642505838815,7.54687972423954e-05,44.999977608645175,2.687564373208773e-05,-2.044413384742822e-05,6.127638631166416e-07,68.67000076387355,3.767590067597403e-06,1.9868875215420735e-06,-5.137465554529985e-07,5403.489636414555,5411.453975699309,5783.585896744331,5776.139404415847,0.00013424593721315454,0.00010478221488130422,0.0014106627344758237,0
13.602000000001212,0.0,0.0,1.0,45.0,5.8326048208692155e-05,-0.00011949178895011251,0.9999997486062603,4.6713744520326234e-05,9.564765782370463e-05,2.0841014237406874e-07,-8.556039271898263e-05,-5.4518137767638364e-05,8.801201739534402e-08,-0.00012820113932863867,-0.0005785091073579689,45.00000000129443,-0.0013775574727441417,5.2219893879128054e-05,44.999978299712936,2.732825630235911e-05,-2.015960226729022e-05,5.943250903988886e-07,68.67000061975638,3.549115293536412e-06,2.06403416007514e-06,-4.907138903755191e-07,5403.489660064635,5411.453970369758,5783.585968849818,5776.1392923239155,0.00013296720920946367,0.00010644572236148449,0.001378546775291686,0
13.622000000001218,0.0,0.0,1.0,45.0,5.92248855199747e-05,-0.0001175411484346656,0.9999997528399881,4.349534555318161e-05,9.90538455374879e-05,2.1432977942825682e-07,-8.214840384552767e-05,-5.959342342567402e-05,6.76793951615482e-08,-9.314961808965345e-05,-0.0005853783435275529,45.00000000095168,-0.0013459707804573246,2.9303592219004387e-05,44.99997896997459,2.775391574033491e-05,-1.9864729320939102e-05,5.764294106406665e-07,68.67000047743049,3.33142691384621e-06,2.1384562538666498e-06,-4.6793859268254e-07,5403.489682781199,5411.453965067016,5783.5860407891305,5776.139181529465,0.00013161903254569867,0.00010818297157043496,0.0013462897797170913,0
13.642000000001225,0.0,0.0,1.0,45.0,6.005959712237629e-05,-0.00011552384735181691,0.99999975718938,4.0299268549160694e-05,0.0001023269714191191,2.200012868948876e-07,-7.873087796885281e-05,-6.454253472444312e-05,4.7610617477275116e-08,-5.8596315875507e-05,-0.0005917036260941919,45.00000000060515,-0.0013139132508488713,6.73150413996969e-06,44.99997962004254,2.8152726548373843e-05,-1.9559893643355235e-05,5.590611260550309e-07,68.6700003369721,3.1146732268435793e-06,2.2101414846838274e-06,-4.4542592463262553e-07,5403.489704580486,5411.453959776133,5783.586112528988,5776.139072076665,0.00013020358470666334,0.00010997676357291492,0.0013139304581522842,0
13.662000000001232,0.0,0.0,1.0,45.0,6.0830651079828254e-05,-0.00011344254983325799,0.9999997616494691,3.712747224172956e-05,0.00010546678757263852,2.25424296818363e-07,-7.531040335439175e-05,-6.936383013027945e-05,2.7816389122898152e-08,-2.4558701302758177e-05,-0.0005974888649527241,45.00000000025611,-0.0012814155745230474,-1.5485193295529073e-05,44.99998025051128,2.852481144513171e-05,-1.924547530119637e-05,5.422049851077293e-07,68.67000019845484,2.8989995243789016e-06,2.279079748253358e-06,-4.2318108637922483e-07,5403.4897254786365,5411.453954482911,5783.586184036288,5776.138964008502,0.0001287231021784458,0.00011181119484231466,0.0012815091238110715,0
13.682000000001239,0.0,0.0,1.0,45.0,6.153855410423932e-05,-0.0001112999238528137,0.999999766215283,3.398186737991634e-05,0.00010847314732135736,2.3059862541091527e-07,-7.188953014118754e-05,-7.405578772267109e-05,8.307059328231539e-09,8.94640845901405e-06,-0.0006027383065295897,44.99999999990588,-0.0012485082901801086,-3.7335759289143814e-05,44.999980861958335,2.8870310989808703e-05,-1.892185548878991e-05,5.258461700448665e-07,68.67000006194996,2.6845480314116997e-06,2.345263126157295e-06,-4.012092064813547e-07,5403.489745491698,5411.453949173889,5783.586255278147,5776.138857366747,0.00012717987791382895,0.00011367165071447304,0.0012490664676531088,0
13.702000000001245,0.0,0.0,1.0,45.0,6.218385058840807e-05,-0.00010909863921808399,0.9999997708818479,3.0864316062693095e-05,0.00011134600374306647,2.3552427110283532e-07,-6.84707690546683e-05,-7.861700444841236e-05,-1.0907385850965324e-08,4.1902849923059496e-05,-0.0006074565253864722,44.99999999955573,-0.0012152217644137277,-5.8809890410919095e-05,44.99998145494457,2.9189383197591515e-05,-1.8589416230834915e-05,5.099702847430108e-07,68.66999992752609,2.4714578488845433e-06,2.4086858585901186e-06,-3.7951533366576383e-07,5403.489764635627,5411.453943836321,5783.586326221933,5776.138752191933,0.00012557625909528734,0.00011554477066164036,0.0012166439221533384,0
13.722000000001252,0.0,0.0,1.0,45.0,6.276712162613248e-05,-0.00010684136559194427,0.9999997756441916,2.777663111959963e-05,0.00011408540815436293,2.4020141219293005e-07,-6.505659016854325e-05,-8.304619529954466e-05,-2.9817321691477525e-08,7.429511500369936e-05,-0.0006116484157120567,44.99999999920689,-0.001181586171952972,-7.98977213630748e-05,44.99998203001463,2.9482203150262427e-05,-1.8248540084442543e-05,4.945633429378309e-07,68.66999979524935,2.259864899495737e-06,2.4693443132841227e-06,-3.5810442869033707e-07,5403.489782926295,5411.453938458168,5783.5863968352905,5776.138648523327,0.00012391464519704662,0.00011741839415875313,0.0011842843784528958,0
13.742000000001259,0.0,0.0,1.0,45.0,6.328898402044206e-05,-0.00010453077054489942,0.999999780497348,2.4720575537720777e-05,0.00011669150854619257,2.4463040393589795e-07,-6.164942171631469e-05,-8.734219241714319e-05,-4.841348966163665e-08,0.00010610835222341231,-0.000615319182712446,44.99999999886047,-0.0011476314763553949,-0.00010058982540814263,44.99998258769741,2.9748962598390375e-05,-1.7899609851592927e-05,4.796117566985885e-07,68.66999966518331,2.0499018773540877e-06,2.5272369562750963e-06,-3.369813570159518e-07,5403.489800379491,5411.453933028078,5783.586467086185,5776.1385463989145,0.00012219748635084292,0.0001192814942299803,0.0011520314267771635,0
13.762000000001265,0.0,0.0,1.0,45.0,6.375008928087239e-05,-0.00010216951763924809,0.9999997854363591,2.16978619343278e-05,0.00011916454797228933,2.4881177606924415e-07,-5.825164895214976e-05,-9.150394412253062e-05,-6.668699745659775e-08,0.0001373283674163502,-0.0006184743339057126,44.999999998517616,-0.001113387411159362,-0.00012087721446693126,44.99998312850652,2.998986955843871e-05,-1.7543008289934424e-05,4.6510232527804557e-07,68.66999953738896,1.8416982002510963e-06,2.5823643189928704e-06,-3.161508805426302e-07,5403.489817010925,5411.453927535367,5783.586536942926,5776.138445855371,0.00012042728202326831,0.00012112410417939572,0.0011199297497278514,0
13.782000000001272,0.0,0.0,1.0,45.0,6.415112261069535e-05,-9.976026454597557e-05,0.9999997904562802,1.8710152075165617e-05,0.00012150486289268274,2.527462298301406e-07,-5.4865613061462074e-05,-9.553051387798276e-05,-8.462932010188065e-08,0.00016794162393536739,-0.000621119670330549,44.99999999817942,-0.0010788834615020238,-0.00014075133889107993,44.99998365294075,3.0205147903791793e-05,-1.717911783289652e-05,4.5102222423262584e-07,68.66999941192473,1.6353799654137564e-06,2.6347289663384885e-06,-2.9561765126188824e-07,5403.489832836222,5411.453921970017,5783.586606374197,5776.138346928052,0.00011860658001589126,0.00012293724162312309,0.0010880259009746899,0
13.802000000001279,0.0,0.0,1.0,45.0,6.449280188501079e-05,-9.730566119525456e-05,0.9999997955521824,1.5759056437785685e-05,0.00012371288147403577,2.564346351531547e-07,-5.149361012101261e-05,-9.942107917864954e-05,-1.0223230338711579e-07,0.00019793524237046646,-0.0006232612776753592,44.99999999784687,-0.00104414884620834,-0.0001602040869153003,44.999984161484434,3.0395036951614104e-05,-1.6808320311280327e-05,4.3735899490031613e-07,68.66999928884651,1.4310699079094156e-06,2.684335462381054e-06,-2.7538620418336286e-07,5403.489847870938,5411.453916322644,5783.586675349089,5776.1382496509705,0.00011673797580279961,0.0001247128327845224,0.0010563674771654292,0
13.822000000001285,0.0,0.0,1.0,45.0,6.477587662059944e-05,-9.480834796139564e-05,0.9999998007191554,1.2846133819740662e-05,0.00012578912184878506,2.598780279388393e-07,-4.813789010869359e-05,-0.00010317493037764263,-1.194881614106363e-07,0.00022729699978604482,-0.0006249055173365182,44.999999997520945,-0.0010092125003581614,-0.00017922778379519922,44.999984654607935,3.055979104272483e-05,-1.6430996681195888e-05,4.2410053407931455e-07,68.66999916820755,1.22888736293883e-06,2.7311903358553563e-06,-2.5546095115958884e-07,5403.489862130548,5411.453910584491,5783.586743837123,5776.138154056785,0.00011482411222383223,0.00012644363908948756,0.0010250035326608185,0
13.842000000001292,0.0,0.0,1.0,45.0,6.50011269384278e-05,-9.22709538830494e-05,0.9999998059523125,9.9728909910867e-06,0.00012773419033506277,2.6307760691077355e-07,-4.4800655962850896e-05,-0.00010679146944621693,-1.3638948089720783e-07,0.0002560153284854944,-0.0006260590174131625,44.99999999720258,-0.0009741030583366933,-0.00019781519063606182,44.99998513276798,3.0699679118573983e-05,-1.604752675666391e-05,4.1123508404890337e-07,68.66999905005859,1.0289482308470686e-06,2.7753020447146905e-06,-2.3584617407986658e-07,5403.489875630461,5411.453904747418,5783.586811808278,5776.1380601767805,0.00011286767955556829,0.00012812318738269587,0.0009939857781015838,0
13.862000000001299,0.0,0.0,1.0,45.0,6.516936251968628e-05,-8.96960949194241e-05,0.999999811246792,7.140782390800821e-06,0.0001295487796192946,2.6603473051076464e-07,-4.148406269103391e-05,-0.00011027020867096233,-1.52929218450415e-07,0.00028407931431153396,-0.000626728663645973,44.99999999689261,-0.0009388488373720169,-0.00021595950291774488,44.99998559640806,3.0814984294112105e-05,-1.565828894722106e-05,3.987512229094086e-07,68.66999893444773,8.313649447586932e-07,2.816680939357209e-06,-2.16546020028177e-07,5403.489888386003,5411.453898803872,5783.586879233019,5776.137968040858,0.00011087141598622316,0.00012974570454731506,0.0009633669485286386,0
13.882000000001305,0.0,0.0,1.0,45.0,6.528142155623557e-05,-8.708637224324427e-05,0.9999998165977609,4.351209866670689e-06,0.00013123366690335762,2.687509135040678e-07,-3.8190216528195654e-05,-0.00011361076928992807,-1.6910070057808484e-07,0.00031147869449011024,-0.000626921590307976,44.99999999659184,-0.0009034778215657521,-0.00023365434872282538,44.99998604595879,3.090600342558215e-05,-1.5263660000216832e-05,3.866378550571919e-07,68.66999882142053,6.362464424701664e-07,2.8553392256385518e-06,-1.9756449549929377e-07,5403.489900412442,5411.453892746895,5783.5869460823205,5776.137877677534,0.00010883810852487808,0.00013130605691764088,0.0009332023250194162,0
13.902000000001312,0.0,0.0,1.0,45.0,6.533816969632309e-05,-8.444437057113673e-05,0.9999998220004186,1.6055224581210716e-06,0.000132789712018313,2.7122782420861836e-07,-3.492117414399609e-05,-0.00011681288006969551,-1.848976253801705e-07,0.0003382038550276345,-0.0006266451710542614,44.99999999630106,-0.0008680176464196252,-0.0002508937866723282,44.9999864818384,3.0973046676404085e-05,-1.48640147488287e-05,3.748842020678195e-07,68.66999871102004,4.4369813997561595e-07,2.8912909263858994e-06,-1.7890546040446792e-07,5403.489911724962,5411.453886570081,5783.587012327688,5776.137789113911,0.00010677059438006308,0.00013279969459604438,0.0009035499043182885,0
13.922000000001319,0.0,0.0,1.0,45.0,6.534049898642467e-05,-8.177265653209295e-05,0.9999998274499994,-1.0949837784843732e-06,0.00013421785550656067,2.734672807695261e-07,-3.167894189921912e-05,-0.00011987637582534768,-2.0031406091407167e-07,0.0003642458276695532,-0.0006259070097387004,44.99999999602093,-0.0008324955838626578,-0.00026767230357644154,44.99998690445287,3.1016437079006346e-05,-1.445972586549339e-05,3.6347979371736344e-07,68.66999860328666,2.538219091285778e-07,2.924551843015616e-06,-1.6057262483922712e-07,5403.489922338685,5411.453880267587,5783.587077941181,5776.137702375687,0.00010467176284754796,0.00013422260059546155,0.0008744697122785515,0
13.942000000001325,0.0,0.0,1.0,45.0,6.528932681005352e-05,-7.907377707461714e-05,0.9999998329417755,-3.7490659026680485e-06,0.00013551911667436506,2.7547124799086876e-07,-2.8465475150914558e-05,-0.0001228011958853062,-2.1534444467259683e-07,0.0003895962864299959,-0.0006247149312042035,44.999999995752106,-0.0007969385277813154,-0.0002839848118055828,44.99998731419647,3.1036510095085466e-05,-1.405116362036509e-05,3.524144593464978e-07,68.66999849825825,6.671605753722512e-08,2.9551395155781133e-06,-1.425695432683103e-07,5403.48993226866,5411.4538738341,5783.587142895436,5776.13761748714,0.00010254455775226,0.000135571244605009,0.0008460250664211114,0
13.962000000001332,0.0,0.0,1.0,45.0,6.518559482436922e-05,-7.635025791313219e-05,0.9999998384710601,-6.355534181249947e-06,0.00013669459161662285,2.7724183372938726e-07,-2.5282677606158544e-05,-0.0001255873825030679,-2.2998358153297745e-07,0.00041424754370133696,-0.0006230769720544658,44.99999999549517,-0.0007613729800558177,-0.0002998266463891399,44.999987711451986,3.103361317201437e-05,-1.3638695646196126e-05,3.4167831936266326e-07,68.66999839597017,-1.1752468797902833e-07,2.983073182952801e-06,-1.2489961056634926e-07,5403.489941529862,5411.453867264835,5783.587207163686,5776.137534471127,0.00010039198049449497,0.00013684254110107245,0.0008182818014749373,0
13.982000000001339,0.0,0.0,1.0,45.0,6.503026789540712e-05,-7.360460201417775e-05,0.9999998440332102,-8.913252139057997e-06,0.0001377454512158014,2.787812854449778e-07,-2.2132400724014427e-05,-0.0001282350792178264,-2.4422664412544856e-07,0.0004381925459535936,-0.0006210013714136762,44.999999995250654,-0.0007258250371051846,-0.00031519356184706016,44.99998809659111,3.100810529905969e-05,-1.3222686707871993e-05,3.3126177708324296e-07,68.6699982964552,-2.988091956508846e-07,3.0083737418204177e-06,-1.0756605870947829e-07,5403.489950137197,5411.453860555516,5783.58727071978,5776.137453349078,9.82170937558908e-05,0.00013803381148596984,0.000791308164608399,0
14.002000000001345,0.0,0.0,1.0,45.0,6.482433303273686e-05,-7.083928812289618e-05,0.9999998496236291,-1.1421136569443477e-05,0.00013867293911688265,2.800919867386928e-07,-1.9016443165474006e-05,-0.0001307445291659744,-2.5806916947542147e-07,0.00046142486903281125,-0.0006184965616815209,44.999999995019024,-0.0006903203769423107,-0.0003300817287617518,44.999988469974824,3.096035656091382e-05,-1.2803498477605138e-05,3.211555107330475e-07,68.66999819974367,-4.770499396928643e-07,3.031063705175459e-06,-9.057195249535365e-08,5403.489958105501,5411.453853702356,5783.587333538199,5776.1373741409925,9.602302592582057e-05,0.00013914274992026554,0.0007651769772643825,0
14.022000000001352,0.0,0.0,1.0,45.0,6.456879832434651e-05,-6.805676933026577e-05,0.999999855237769,-1.3878157505232665e-05,0.0001394783696802678,2.811764537618589e-07,-1.59365502910042e-05,-0.0001331160733455418,-2.715070586181592e-07,0.00048393871306847444,-0.0006155711592904241,44.99999999480069,-0.0006548842467412378,-0.0003444877300958855,44.999988831953324,3.089074769071194e-05,-1.2381489317295818e-05,3.113504656645172e-07,68.66999810586329,-6.521630085860581e-07,3.0511671605043797e-06,-7.392018616902416e-08,5403.489965449531,5411.453846702054,5783.587395594077,5776.137296865443,9.381297631365639e-05,0.00014016739251553352,0.000739962718128767,0
14.042000000001359,0.0,0.0,1.0,45.0,6.426469187253693e-05,-6.525947168150158e-05,0.9999998608711345,-1.6283338150787902e-05,0.00014016312591438377,2.8203733077916264e-07,-1.2894413705325116e-05,-0.000135350148835543,-2.845365728709941e-07,0.0005057288969996356,-0.0006122339554716271,44.999999994596024,-0.0006195414509177034,-0.0003584085572644228,44.99998918286687,3.0799669621252545e-05,-1.1957014065284181e-05,3.018378468438193e-07,68.66999801483938,-8.240681102927524e-07,3.0687097272826436e-06,-5.761348064383296e-08,5403.489972183979,5411.453839551769,5783.587456863221,5776.137221539572,9.159022121636155e-05,0.0001411060895655473,0.0007157429462540169,0
14.062000000001365,0.0,0.0,1.0,45.0,6.391306073159636e-05,-6.244979282600912e-05,0.9999998665192837,-1.8635754775840654e-05,0.00014072865738995702,2.826773878581144e-07,-9.891670848996224e-06,-0.00013744728697232152,-2.971543331612334e-07,0.0005267908527301328,-0.0006084939070369813,44.999999994405364,-0.0005843163397234627,-0.0003718416059662542,44.99998952304589,3.068752303709561e-05,-1.153042382987307e-05,2.926091115046171e-07,68.66999792669476,-9.926885753320528e-07,3.0837185142765828e-06,-4.165438042489756e-08,5403.489978323453,5411.453832249122,5783.587517322109,5776.137148179094,8.935812091351181e-05,0.00014195748051212652,0.000692597789815163,0
14.082000000001372,0.0,0.0,1.0,45.0,6.351496984801262e-05,-5.963010070923812e-05,0.9999998721778318,-2.0934536571740747e-05,0.00014117647813768176,2.8309951560025686e-07,-6.929904636393882e-06,-0.00013940811148479925,-3.0935731522830843e-07,0.0005471206189224985,-0.0006043601271826162,44.99999999422894,-0.0005492327983544252,-0.0003847846717824077,44.999989852810906,3.055471792532574e-05,-1.1102065788371954e-05,2.836559620296742e-07,68.6699978414498,-1.1579513564250368e-06,3.0962220757718057e-06,-2.604525139511138e-08,5403.489983882491,5411.453824792161,5783.587576947927,5776.137076798297,8.712012766229461e-05,0.0001427204713633213,0.0006706086288848042,0
14.102000000001379,0.0,0.0,1.0,45.0,6.307150100396763e-05,-5.680273230674811e-05,0.9999998778424535,-2.3178865470840208e-05,0.00014150816453116423,2.83306722624643e-07,-4.010643139645771e-06,-0.00014123333659078703,-3.2114285064660684e-07,0.000566714834441256,-0.0005998418763215881,44.99999999406694,-0.0005143142365739312,-0.0003972359455485634,44.99999017247316,3.040167312703686e-05,-1.0672282992603716e-05,2.7497033901033866e-07,68.6699977591224,-1.319787025930539e-06,3.1062503682938647e-06,-1.0788278172222327e-08,5403.489988875549,5411.453817179369,5783.587635718567,5776.137007410048,8.487979476219148e-05,0.00014339421430515753,0.0006498580425915126,0
14.122000000001385,0.0,0.0,1.0,45.0,6.258375176484237e-05,-5.396999240076035e-05,0.9999998835088841,-2.5367975929733277e-05,0.00014172535315689998,2.833021306640226e-07,-1.1353593179645747e-06,-0.0001429237650562503,-3.3250861896484794e-07,0.0005855707314557305,-0.0005949485529510344,44.99999999391955,-0.0004795835788486886,-0.0004091940085077238,44.999990482335065,3.022881588938836e-05,-1.0241414180023593e-05,2.6654441451243945e-07,68.66999767972811,-1.478129770538354e-06,3.1138347060532204e-06,4.114537357318461e-09,5403.4899933170045,5411.453809409634,5783.587693612648,5776.136940025801,8.264078675134704e-05,0.00014397808927165545,0.0006304284491390668,0
14.142000000001392,0.0,0.0,1.0,45.0,6.205283443144885e-05,-5.113415239943641e-05,0.9999998891729234,-2.7501154677025833e-05,0.00014182973867306965,2.8308897141678383e-07,1.6945292080059365e-06,-0.00014448028621963382,-3.434526478836063e-07,0.0006036861282126602,-0.0005896896845609166,44.99999999378685,-0.0004450632549987784,-0.00042065782725113755,44.99999078268996,3.0036581417639035e-05,-9.80979359168944e-06,2.583705854937253e-07,68.6699976032801,-1.6329173829800066e-06,3.1190077171696256e-06,1.86613782902413e-08,5403.489997221158,5411.453801482246,5783.587750609521,5776.136874655596,8.040689078198775e-05,0.00014447168726088396,0.0006124003562918873,0
14.162000000001399,0.0,0.0,1.0,45.0,6.147987499768874e-05,-4.8297449199087136e-05,0.9999998948304364,-2.957774042647349e-05,0.00014182307165891544,2.8267058219178586e-07,4.4776603375529735e-06,-0.00014590387398317778,-3.5397330879475595e-07,0.0006210594214895644,-0.0005840749185893669,44.9999999936689,-0.00041077519135929754,-0.00043162674845373595,44.99999107382268,2.98254124295027e-05,-9.37775079538759e-06,2.5044146746456325e-07,68.66999752978907,-1.7840912518593229e-06,3.121803298342848e-06,3.285061403080235e-08,5403.490000602215,5411.453793396877,5783.587806689281,5776.13681130808,7.818202919793619e-05,0.00014487479520663263,0.0005958508236249123,0
14.182000000001405,0.0,0.0,1.0,45.0,6.086601211432418e-05,-4.546208408948141e-05,0.9999999004773561,-3.159712355614596e-05,0.00014170715645645774,2.820504021007365e-07,7.212727627347231e-06,-0.00014719558477331146,-3.6406931196055717e-07,0.0006376895787390617,-0.0005781140134316656,44.99999999356573,-0.0003767408024520488,-0.00044210049341158813,44.99999135600971,2.9595758710687203e-05,-8.945610516293554e-06,2.4274988832638556e-07,68.66999745926354,-1.931596348749876e-06,3.122256570478946e-06,4.668080181267433e-08,5403.490003474312,5411.453785153572,5783.587861832783,5776.136749990494,7.597027329960573e-05,0.00014518738223560156,0.0005808497643268309,0
14.202000000001412,0.0,0.0,1.0,45.0,6.0212396059531294e-05,-4.263022170238951e-05,0.9999999061096856,-3.35587457544397e-05,0.00014148384900617,2.812319679687616e-07,9.898480385683051e-06,-0.00014835655547200128,-3.737397033714638e-07,0.0006535761299347715,-0.0005718168295077274,44.99999999347725,-0.00034298098316590237,-0.00045207915238826133,44.999991629519485,2.9348076671040374e-05,-8.513692472290065e-06,2.3528888229281212e-07,68.66999739170961,-2.0753812125164026e-06,3.1204038332038987e-06,6.015068701612066e-08,5403.490005851485,5411.453776752732,5783.587916021644,5776.136690708704,7.377585822622386e-05,0.0001454095871585902,0.0005674608964414886,0
14.222000000001419,0.0,0.0,1.0,45.0,5.952018771689081e-05,-3.9803989003462254e-05,0.9999999117234992,-3.546209963371528e-05,0.00014115505467846034,2.802189104793226e-07,1.2533723724063226e-05,-0.00014938800132115407,-3.8298386068982827e-07,0.0006687191591297731,-0.0005651933203944711,44.99999999340343,-0.00030951610144369825,-0.0004615631787774475,44.9999918946126,2.9082828904622733e-05,-8.082311217110823e-06,2.2805168409492325e-07,68.66999732713118,-2.2153979317262535e-06,3.1162825198942914e-06,7.325920465297162e-08,5403.490007747683,5411.45376819511,5783.587969238253,5776.136633467205,7.160319880551603e-05,0.0001455417070614072,0.0005557345076167813,0
14.242000000001426,0.0,0.0,1.0,45.0,5.879055756145497e-05,-3.698547432751257e-05,0.9999999173149458,-3.730672831233992e-05,0.0001407227261024605,2.790149501442072e-07,1.5117318566796753e-05,-0.00015029121380193396,-3.918014895411362e-07,0.0006831192957380554,-0.0005582535240279837,44.99999999334412,-0.0002763659914727743,-0.0004705533830888799,44.999992151541974,2.8800483750414247e-05,-7.651775988323267e-06,2.210317232621114e-07,68.66999726552984,-2.3516021243469173e-06,3.1099311518762853e-06,8.600547988927564e-08,5403.490009176771,5411.453759481784,5783.588021465781,5776.136578269124,6.945690611045123e-05,0.00014558418687625818,0.0005457089800287092,0
14.262000000001432,0.0,0.0,1.0,45.0,5.802468465451358e-05,-3.417672645723407e-05,0.9999999228802486,-3.9092224965924305e-05,0.00014018886099391553,2.776238932369444e-07,1.7648181619186332e-05,-0.0001510675584910734,-4.0019261799190587e-07,0.0006967777055499395,-0.0005510075539816959,44.99999999329917,-0.0002435499473766082,-0.00047905092676509567,44.99999240055315,2.8501514856575817e-05,-7.2223905633343276e-06,2.1422261859758652e-07,68.669997206905,-2.483952915269938e-06,3.1013892936633065e-06,9.838882727518625e-08,5403.490010152509,5411.45375061416,5783.588072688177,5776.136525116243,6.734180431236155e-05,0.00014553760982846979,0.0005374069382915706,0
14.282000000001439,0.0,0.0,1.0,45.0,5.7223755647665816e-05,-3.137975374535766e-05,0.9999999284157086,-4.081823234864096e-05,0.0001395554999836783,2.7604962783805584e-07,2.0125285295116553e-05,-0.00015171847289598123,-4.0815759138790146e-07,0.0007096960814922584,-0.0005434655908246592,44.99999999326835,-0.0002110867174038347,-0.00048705731583589015,44.99999264188448,2.818640074774595e-05,-6.794453119786324e-06,2.0761817281430094e-07,68.66999715125388,-2.6124129118648152e-06,3.0906975066640327e-06,1.1040875252062649e-07,5403.490010688567,5411.453741593945,5783.58812289019,5776.136474009011,6.526294722010205e-05,0.00014540268866550956,0.0005308316618752966,0
14.302000000001446,0.0,0.0,1.0,45.0,5.638896379678854e-05,-2.8596523280216032e-05,0.999999933917705,-4.2484442285333366e-05,0.00013882472444846626,2.742961192613294e-07,2.2547657604555834e-05,-0.0001522454642706976,-4.156970685070507e-07,0.000721876634143886,-0.0005356378735662781,44.999999993251436,-0.00017899449861188735,-0.0004945743944180607,44.9999928757672,2.7855624394649168e-05,-6.368256103832842e-06,2.0121236730493546e-07,68.66999709857157,-2.7369481767922857e-06,3.0778973041888788e-06,1.2206495120848078e-07,5403.49001079851,5411.453732423148,5783.588172057358,5776.1364249465605,6.3225633635901e-05,0.0001451802575863862,0.000525968223160477,0
14.322000000001452,0.0,0.0,1.0,45.0,5.552150798647418e-05,-2.5828960094654062e-05,0.9999999393826972,-4.409059513537755e-05,0.00013799865434541172,2.723674068958503e-07,2.4914382001854813e-05,-0.0001526501074145142,-4.228120161203174e-07,0.0007333220820177705,-0.0005275346911913538,44.99999999324815,-0.0001472909320409324,-0.0005016043380664917,44.99999310242596,2.7509672788122187e-05,-5.944086103027735e-06,1.949993570997773e-07,68.66999704885103,-2.8575281991119672e-06,3.0630311052747595e-06,1.333573090280604e-07,5403.490010495811,5411.453723104056,5783.5882201760205,5776.13637792671,6.12354203310531e-05,0.00014487126479927114,0.0005227828307772273,0
14.342000000001459,0.0,0.0,1.0,45.0,5.4622591765496075e-05,-2.3078946418191038e-05,0.9999999448072262,-4.563647922900631e-05,0.00013707944605201086,2.7026759930410423e-07,2.722459719543282e-05,-0.0001529340424552715,-4.295037038239953e-07,0.0007440356416202157,-0.0005191663742913101,44.99999999325817,-0.00011599309837392199,-0.0005081496469856298,44.99999332207856,2.7149036516541205e-05,-5.522223727642837e-06,1.8897346590126788e-07,68.66999700208315,-2.9741258634351555e-06,3.0461421897058795e-06,1.4428590068803354e-07,5403.490009793824,5411.453713639231,5783.58826723332,5776.136332945998,5.9298131043027416e-05,0.00014447676564389485,0.0005212202452618959,0
14.362000000001466,0.0,0.0,1.0,45.0,5.369342239384097e-05,-2.0348320972311425e-05,0.999999950187916,-4.7121930277031086e-05,0.0001360692902128919,2.6800087059647123e-07,2.9477496919652456e-05,-0.0001530989726190824,-4.357736979550211e-07,0.0007540210172979549,-0.0005105432867955241,44.99999999328118,-8.511751407826705e-05,-0.000514213139107614,44.99999353493661,2.677420934690679e-05,-5.102943496958816e-06,1.8312918128153588e-07,68.66999695825677,-3.08671741652684e-06,3.0272746525950925e-06,1.5485098986771e-07,5403.4900087058095,5411.453704031496,5783.5883132171975,5776.1362899996975,5.741985942162647e-05,0.00014399791622291002,0.0005212104556306641,0
14.382000000001472,0.0,0.0,1.0,45.0,5.2735209901832226e-05,-1.7638878308731144e-05,0.9999999555214749,-4.8546830754797615e-05,0.00013497040959492226,2.6557145604847183e-07,3.1672329669676646e-05,-0.0001531466619883925,-4.416238569377332e-07,0.0007632823908841647,-0.0005016758178073595,44.999999993316784,-5.468012802533712e-05,-0.0005197979430439694,44.999993741205344,2.6385687810196187e-05,-4.686513731563577e-06,1.7746115002951493e-07,68.66999691735874,-3.1952824321978774e-06,3.006473358707411e-06,1.6505302801310054e-07,5403.490007244909,5411.453694283917,5783.588358116409,5776.136249081815,5.5606963320430684e-05,0.00014343596749335333,0.0005226663916296232,0
14.402000000001479,0.0,0.0,1.0,45.0,5.174916616184935e-05,-1.4952368190455743e-05,0.9999999608046959,-4.99111092612213e-05,0.00013378505695215177,2.6298364830858717e-07,3.3808398400022735e-05,-0.00015307893325027083,-4.4705632386883545e-07,0.0007718244111542164,-0.0004925743735497879,44.9999999933646,-2.4696318581762708e-05,-0.0005249074909185477,44.999993941084014,2.598397079180301e-05,-4.273196452739017e-06,1.7196417365079917e-07,68.66999687937398,-3.2998037745475137e-06,2.983783897672306e-06,1.7489265312638313e-07,5403.490005424158,5411.453684399802,5783.588401920508,5776.136210185138,5.386604727675413e-05,0.0001427922597754351,0.0005254877959318673,0
14.422000000001486,0.0,0.0,1.0,45.0,5.0736503973132686e-05,-1.2290495015418812e-05,0.999999966034459,-5.121473985378116e-05,0.0001325155129019445,2.6024179333710323e-07,3.588506018767762e-05,-0.00015289766543664438,-4.5207352294926693e-07,0.0007796521831017851,-0.00048324936942409005,44.99999999342418,4.819108832859808e-06,-0.000529545511088507,44.999994134765984,2.5569559126232193e-05,-3.8632472872505615e-06,1.6663320396129192e-07,68.66999684428544,-3.400267559299022e-06,2.9592525384630413e-06,1.8437068863832282e-07,5403.49000325647,5411.45367438268,5783.588444619859,5776.136173301233,5.2203929514910295e-05,0.00014206821764119835,0.0005295675141196701,0
14.442000000001492,0.0,0.0,1.0,45.0,4.969843616014523e-05,-9.654917282461549e-06,0.9999999712077317,-5.245774136027337e-05,0.00013116408381374324,2.573502862406517e-07,3.790172586043541e-05,-0.00015260479165833923,-4.5667815225012497e-07,0.0007867712570457624,-0.00047371122218661435,44.99999999349511,3.3851923725956895e-05,-0.0005337160207605487,44.99999432243887,2.5142955195952592e-05,-3.4569153798054524e-06,1.6146333875746065e-07,68.6699968120742,-3.496663112504496e-06,2.9329261851553784e-06,1.9348814180159402e-07,5403.490000754648,5411.453664236295,5783.588486205628,5776.136138420479,5.0627589449725156e-05,0.00014126534515049974,0.0005347881647201264,0
14.462000000001499,0.0,0.0,1.0,45.0,4.8636174684945396e-05,-7.047247099385001e-06,0.9999999763215693,-5.3640176668352556e-05,0.00012973309971180092,2.543135671577031e-07,3.9857859591489685e-05,-0.00015220229683470413,-4.6087317677678374e-07,0.0007931876175795526,-0.0004639703422466491,44.99999999357693,6.238847205703815e-05,-0.0005374233185103535,44.99999450428477,2.4704662537201977e-05,-3.054443309613489e-06,1.5644981774309838e-07,68.66999678271954,-3.5889829290148935e-06,2.904852332088634e-06,2.0224620245647163e-07,5403.489997931367,5411.453653964592,5783.588526669791,5776.136105532076,4.914409161163112e-05,0.00014038522140608176,0.0005410325265960955,0
14.482000000001506,0.0,0.0,1.0,45.0,4.755092977400704e-05,-4.469049732782046e-06,0.9999999813731172,-5.4762151993532156e-05,0.00012822491219320975,2.511361175378979e-07,4.1752978460893054e-05,-0.00015169221542048398,-4.646618236450194e-07,0.0007989076723721808,-0.0004540371260897754,44.99999999366909,9.041567731278653e-05,-0.0005406719767106219,44.99999468048042,2.425518544889909e-05,-2.6560670149750817e-06,1.5158801838597786e-07,68.66999675619888,-3.6772226276039067e-06,2.87507901972813e-06,2.1064624062182345e-07,5403.489994799179,5411.453643571715,5783.588566005115,5776.136074624079,4.776048235568179e-05,0.00013942949640326682,0.0005481798621291668,0
14.502000000001512,0.0,0.0,1.0,45.0,4.644390905990619e-05,-1.921843199327815e-06,0.9999999863596103,-5.582381612673206e-05,0.00012664189236254948,2.478224563959157e-07,4.358665198494258e-05,-0.00015107662913176384,-4.6804757597651104e-07,0.0008039382408330951,-0.0004439219488298429,44.99999999377117,0.00011792104113908697,-0.000543466833876009,44.99999485119742,2.379502860962266e-05,-2.2620157221865007e-06,1.4687345211682222e-07,68.66999673248795,-3.761380906252519e-06,2.8436547901802606e-06,2.1868980496506022e-07,5403.489991370518,5411.4536330619785,5783.588604205176,5776.136045683416,4.6483656871075344e-05,0.00013839988715345347,0.0005561127900366934,0
14.522000000001519,0.0,0.0,1.0,45.0,4.5316316738275966e-05,5.929021018169416e-07,0.9999999912783744,-5.682535966201361e-05,0.00012498642878438918,2.4437713543239693e-07,4.5358501614075494e-05,-0.00015035766467260498,-4.710341639249318e-07,0.0008082865426497825,-0.0004336351568938536,44.99999999388258,0.00014489264353593383,-0.0005458129869312817,44.99999501660199,2.3324696697420955e-05,-1.8725118827517532e-06,1.4230176038335142e-07,68.66999671156074,-3.841459494012412e-06,2.810628644188156e-06,2.263786208878568e-07,5403.489987657675,5411.453622439878,5783.588641264339,5776.136018695908,4.532019606856135e-05,0.0001372981740635203,0.0005647175405903421,0
14.542000000001526,0.0,0.0,1.0,45.0,4.416935274041367e-05,3.0737637158608954e-06,0.9999999961268266,-5.776701420565943e-05,0.00012326092545489247,2.4080473607895015e-07,4.7068200200443263e-05,-0.00014953749146407404,-4.7362556113727374e-07,0.0008119601862100367,-0.00042318706084195295,44.99999999400285,0.00017131914262235147,-0.0005477157834100713,44.99999517685571,2.2844694018632992e-05,-1.4877711137926637e-06,1.37868711068261e-07,68.66999669338958,-3.917463103094713e-06,2.7760499971377345e-06,2.3371458811053384e-07,5403.489983672823,5411.4536117100615,5783.588677177757,5776.135993646294,4.4276175985393136e-05,0.00013612619755636434,0.0005738838840381053,0
14.562000000001532,0.0,0.0,1.0,45.0,4.3004211921906514e-05,5.519367418890691e-06,1.0000000009024759,-5.864905156717266e-05,0.00012146779979374127,2.371098651622984e-07,4.871547143573134e-05,-0.0001486183193773007,-4.7582597564627195e-07,0.0008149671569179847,-0.0004125879283269407,44.999999994131414,0.00019718977397796515,-0.0005491808135910489,44.99999533211522,2.2355524140094857e-05,-1.1080021478521449e-06,1.3357019480537053e-07,68.66999667794519,-3.9893993779981886e-06,2.7399686368586087e-06,2.4069977755452575e-07,5403.489979427995,5411.453600877327,5783.588711941377,5776.135970518264,4.335695631087843e-05,0.00013488585492018592,0.0005835097856120688,0
14.582000000001539,0.0,0.0,1.0,45.0,4.1822083267624546e-05,7.928387464451527e-06,1.000000005602924,-5.9471782933383165e-05,0.00011960948065746294,2.332971507844937e-07,5.030008926039641e-05,-0.00014760239647212956,-4.776398449364796e-07,0.0008173158054151729,-0.0004018479771949293,44.9999999942677,0.00022249434956843613,-0.0005502139025775322,44.999995482532555,2.18576895294934e-05,-7.334067844707872e-07,1.2940222144706943e-07,68.66999666519673,-4.0572788444166115e-06,2.7024346801463565e-06,2.4733642905689256e-07,5403.489974935081,5411.453589946623,5783.588745551918,5776.135949294465,4.2566959111772945e-05,0.00013357909737673785,0.0005934973588555778,0
14.602000000001546,0.0,0.0,1.0,45.0,4.0624149113412274e-05,1.0299546790642016e-05,1.0000000102258646,-6.023555802625613e-05,0.00011768840637543676,2.2937123892848166e-07,5.1821877244949836e-05,-0.00014649200674305367,-4.790718270230706e-07,0.0008190148357162767,-0.00039097736873151893,44.99999999441118,0.000247223256262304,-0.0005508211023281328,44.99999562825524,2.135169120137455e-05,-3.6417985175155953e-07,1.2536091673848585e-07,68.66999665511177,-4.121114856458385e-06,2.6634985313698835e-06,2.536269504065716e-07,5403.4899702058365,5411.453578923013,5783.58877800688,5776.135929956544,4.190945310845378e-05,0.00013220792736099322,0.0006037574296647344,0
14.622000000001552,0.0,0.0,1.0,45.0,3.94115843847928e-05,1.2631617188186929e-05,1.0000000147690853,-6.094076424551247e-05,0.00011570702280950687,2.2533678966169912e-07,5.328070794435985e-05,-0.00014528946787382903,-4.801267950373793e-07,0.0008200732932696486,-0.00037998620105484174,44.99999999456127,0.0002713674539462334,-0.000551008683644774,44.99999576942637,2.083802837018184e-05,-5.091700308172451e-10,1.2144251898602598e-07,68.66999664765653,-4.180923542234135e-06,2.623210840149717e-06,2.5957391205273753e-07,5403.489965251877,5411.453567811694,5783.588809304521,5776.135912485167,4.138636194006938e-05,0.00013077439600677057,0.0006142075144530344,0
14.642000000001559,0.0,0.0,1.0,45.0,3.81855558529803e-05,1.4923419429973484e-05,1.0000000192304668,-6.158782579672804e-05,0.00011366778143841199,2.2119847305388185e-07,5.467650222635917e-05,-0.00014399712900245258,-4.808098305154862e-07,0.0008205005529528945,-0.000368884502659175,44.99999999471741,0.00029491847324698524,-0.0005507831281242684,44.9999959061848,2.0317198109371564e-05,3.574244755280345e-07,1.1764337582896669e-07,68.66999664279565,-4.236723748814377e-06,2.581622460654218e-06,2.651800459900159e-07,5403.489960084665,5411.453556617962,5783.588839443871,5776.135896860042,4.0998115726150637e-05,0.0001292806008350178,0.0006247709971571026,0
14.662000000001566,0.0,0.0,1.0,45.0,3.69472214084806e-05,1.7173823362557797e-05,1.0000000236079831,-6.21772028059544e-05,0.00011157313746795371,2.1696096595128096e-07,5.6009228574626205e-05,-0.00014261736849785326,-4.811262159487706e-07,0.000820306307013057,-0.00035768222611069615,44.99999999487904,0.00031786841286719444,-0.0005501511200811861,44.99999603866532,1.9789695018103636e-05,7.094473588755208e-07,1.1395994112001968e-07,68.6699966404925,-4.2885369855025314e-06,2.5387844106800825e-06,2.7044824178448805e-07,5403.489954715524,5411.4535453472245,5783.588868424705,5776.135883059948,4.074356312391554e-05,0.00012772868364340262,0.000635379127664255,0
14.682000000001572,0.0,0.0,1.0,45.0,3.569772935254018e-05,1.9381747960167668e-05,1.000000027899702,-6.270939042164492e-05,0.00010942554796795021,2.1262894806554726e-07,5.727890236775101e-05,-0.00014115259174984158,-4.810814275145753e-07,0.0008195005529615454,-0.00034638924189799985,44.9999999950456,0.0003402099365439237,-0.0005491195384469021,44.99999616699847,1.925601089510968e-05,1.0553928309424954e-06,1.1038877193687642e-07,68.66999664070904,-4.336387366653943e-06,2.494747831325477e-06,2.753815439006515e-07,5403.489949155622,5411.453534004976,5783.58889624754,5776.135871062764,4.061995585069056e-05,0.00012612082859785699,0.0006459682100922973,0
14.70200000000158,0.0,0.0,1.0,45.0,3.4438217706688815e-05,2.1546161341747715e-05,1.0000000321037854,-6.318491790471418e-05,0.00010722747003690223,2.082070977630043e-07,5.848558513483061e-05,-0.00013960522897368664,-4.806811262810723e-07,0.0008180935814329608,-0.0003350153324395467,44.999999995216506,0.00036193626963708966,-0.0005476954486520257,44.99999629131112,1.8716634418564112e-05,1.3951013314251856e-06,1.0692652552935156e-07,68.66999664340598,-4.380301552666117e-06,2.4495639473903615e-06,2.799831479463877e-07,5403.4899434159715,5411.453522596796,5783.588922913635,5776.135860845493,4.062300995779309e-05,0.00012445926052863962,0.0006564814300209794,0
14.722000000001586,0.0,0.0,1.0,45.0,3.316981354060209e-05,2.366608075161163e-05,1.0000000362184869,-6.360434770768378e-05,0.00010498135899533201,2.0370009019915803e-07,5.962938378869131e-05,-0.00013797773303076555,-4.799311534706442e-07,0.0008160959640178945,-0.00032357018624988213,44.999999995391214,0.0003830411953567944,-0.0005458860944981214,44.999996411726336,1.8172050834853245e-05,1.728420395684807e-06,1.0356995657140597e-07,68.66999664854283,-4.42030869080369e-06,2.403284028251014e-06,2.8425639820344036e-07,5403.489937507442,5411.453511128339,5783.588948424972,5776.135852384293,4.0747039404586244e-05,0.00012274624343560768,0.0006668671775816207,0
14.742000000001592,0.0,0.0,1.0,45.0,3.189363231849454e-05,2.5740572504284618e-05,1.0000000402421552,-6.396827454369436e-05,0.00010268966660862487,1.991125918298355e-07,6.071044983760021e-05,-0.00013627257726658983,-4.788375217714244e-07,0.0008135185410786615,-0.0003120633922664633,44.99999999556914,0.00040351905063773903,-0.0005436988900256764,44.99999652836341,1.7622741653704506e-05,2.05520465647635e-06,1.0031591428483254e-07,68.6699966560778,-4.456440354542832e-06,2.3559593492748654e-06,2.882047827835272e-07,5403.489931440729,5411.453499605323,5783.588972784247,5776.135845654498,4.0985149441556326e-05,0.0001209840792092588,0.0006770791061715896,0
14.7620000000016,0.0,0.0,1.0,45.0,3.061077726423529e-05,2.776875189413569e-05,1.0000000441732317,-6.427732444623276e-05,0.00010035483934030477,1.9444925852888494e-07,6.172897857640227e-05,-0.00013449225336759993,-4.774064106120752e-07,0.0008103724095575653,-0.00030050443433896204,44.99999999574976,0.00042336472166995857,-0.0005411414113829818,44.999996641338,1.70691843516136e-05,2.3753158390850983e-06,9.716133982505229e-08,68.6699966659681,-4.488730482746256e-06,2.307641154238974e-06,2.918319318277462e-07,5403.489925226388,5411.453488033528,5783.588995994868,5776.135840630655,4.132947153972684e-05,0.00011917510657641048,0.0006870745739008292,0
14.782000000001606,0.0,0.0,1.0,45.0,2.9322338745363585e-05,2.974978307041656e-05,1.0000000480102509,-6.453215382045636e-05,9.797931663640934e-05,1.8971473127539744e-07,6.268520825801457e-05,-0.00013263926923787103,-4.7564415464206497e-07,0.0008066689107862808,-0.00028890268588192684,44.99999999593254,0.00044257363909315213,-0.0005382213887034963,44.999996750762435,1.651185208144858e-05,2.6886227536511894e-06,9.410326356009314e-08,68.66999667816972,-4.5172153169610315e-06,2.2583806173245366e-06,2.951416128465985e-07,5403.489918874793,5411.453476418771,5783.589018060935,5776.135837286543,4.177141902328534e-05,0.00011732170028142306,0.000696816869059369,0
14.802000000001613,0.0,0.0,1.0,45.0,2.8029393676162465e-05,3.168287887833953e-05,1.0000000517518395,-6.473344848690827e-05,9.556552924195244e-05,1.8491363319170998e-07,6.357941924615341e-05,-0.00013071614689720367,-4.735572391104618e-07,0.0008024196183060393,-0.0002772674046932628,44.99999999611692,0.00046114177286470955,-0.0005349466979959478,44.99999685674558,1.595121339176336e-05,2.9950012799490697e-06,9.113880256472766e-08,68.66999669263771,-4.54193333895015e-06,2.2082288071455803e-06,2.981377263886285e-07,5403.489912396165,5411.453464766929,5783.589038987229,5776.135835595214,4.23019432429022e-05,0.00011542627051652242,0.0007062715737356334,0
14.82200000000162,0.0,0.0,1.0,45.0,2.6733004939934295e-05,3.3567300666842754e-05,1.0000000553967172,-6.488192271847543e-05,9.311589755002503e-05,1.8005056623143422e-07,6.441193315029411e-05,-0.00012872542040162963,-4.711522940402572e-07,0.0007976363257070125,-0.00026560772793866644,44.99999999630238,0.0004790656268098623,-0.000531325353054807,44.99999695939311,1.5387731952661547e-05,3.2943343489294616e-06,8.82651581560715e-08,68.66999670932609,-4.56292520746609e-06,2.1572366503477697e-06,3.0082430378249614e-07,5403.489905800559,5411.453453083897,5783.58905877921,5776.135835529006,4.291177339580656e-05,0.00011349126261699345,0.0007154093348075638,0
14.842000000001626,0.0,0.0,1.0,45.0,2.543422083060356e-05,3.540235806370381e-05,1.0000000589436944,-6.49783182713798e-05,9.063282998434157e-05,1.7513010785927382e-07,6.518311194369412e-05,-0.00012666963378757688,-4.684360810125709e-07,0.0007923310344954619,-0.00025393266730371457,44.99999999648843,0.0004963422328630595,-0.0005273654973944109,44.99999705880742,1.4821866289698148e-05,3.5865119186632837e-06,8.54796134397866e-08,68.66999672818793,-4.580233693820494e-06,2.1054548961468766e-06,3.0320550233941363e-07,5403.4898990978645,5411.453441375605,5783.589077442994,5776.135837059583,4.359162786693918e-05,0.00011151915703995424,0.0007242028955326214,0
14.862000000001633,0.0,0.0,1.0,45.0,2.41340745137583e-05,3.718740871867866e-05,1.0000000623916732,-6.502340341101476e-05,8.811872141589027e-05,1.701568081712541e-07,6.58933570654282e-05,-0.0001245513390408824,-4.6541549309655657e-07,0.0007865159419974732,-0.0002422511043145996,44.999999996674546,0.0005129691450092059,-0.0005230753962146741,44.99999715508794,1.4254069525762395e-05,3.871430945087272e-06,8.27795309691538e-08,68.6699967491754,-4.593903617278743e-06,2.0529340819204666e-06,3.05285601282952e-07,5403.489892297785,5411.453429647993,5783.589094985348,5776.135840157962,4.4332390106631685e-05,0.00010951246964826522,0.0007326288321186192,0
14.88200000000164,0.0,0.0,1.0,45.0,2.283358350722316e-05,3.89218580153544e-05,1.0000000657396477,-6.501797193347927e-05,8.557595161430325e-05,1.6513518677531384e-07,6.654310850738665e-05,-0.00012237309409171681,-4.620975450301501e-07,0.0007802034293076084,-0.00023057178582798265,44.999999996860275,0.0005289444329348489,-0.0005184634284023629,44.999997248331,1.3684789131642818e-05,4.148995349032987e-06,8.01623505059058e-08,68.66999677223983,-4.6039817802333845e-06,1.9997244990905687e-06,3.0706899879136904e-07,5403.489885409876,5411.453417907017,5783.589111413674,5776.135844794536,4.512524669018469e-05,0.00010747375232430559,0.0007406662300854018,0
14.902000000001646,0.0,0.0,1.0,45.0,2.1533749181243042e-05,4.0605158752417e-05,1.0000000689867001,-6.496284218350778e-05,8.30068837345525e-05,1.600697296522629e-07,6.71328438870769e-05,-0.00012013746083648851,-4.5848936304166094e-07,0.0007734060492903431,-0.00021890331969089556,44.99999999704514,0.0005442666753976397,-0.0005135380785739645,44.999997338630095,1.311446668363429e-05,4.419115977701864e-06,7.76255867860202e-08,68.66999679733179,-4.610516902285976e-06,1.9458761598982394e-06,3.0856020663861743e-07,5403.489878443503,5411.453406158634,5783.589126735998,5776.135850939113,4.596178880629503e-05,0.00010540559394168416,0.0007482964376676004,0
14.922000000001653,0.0,0.0,1.0,45.0,2.0235556278339322e-05,4.223681079504704e-05,1.0000000721320028,-6.485885606964319e-05,8.041386283954943e-05,1.5496488633494229e-07,6.766307750718907e-05,-0.00011784700318780633,-4.545981799829139e-07,0.0007661365146427274,-0.00020725417057118882,44.99999999722869,0.0005589349533238007,-0.0005083079291650476,44.999997426075886,1.2543537629797078e-05,4.681710561723019e-06,7.516682732812844e-08,68.6699968244011,-4.6135595544775705e-06,1.891438764974211e-06,3.0976384705180625e-07,5403.489871407859,5411.453394408797,5783.589140960958,5776.135858560939,4.6834080828561915e-05,0.00010331062172669641,0.0007555033299237573,0
14.94200000000166,0.0,0.0,1.0,45.0,1.8939972452885855e-05,4.381636069716701e-05,1.0000000751748168,-6.470687807745165e-05,7.779921445914401e-05,1.4982506707972926e-07,6.813435940281715e-05,-0.00011550428515344578,-4.5043132963604995e-07,0.000758407686025839,-0.00019563265595873953,44.99999999741048,0.0005729488426429834,-0.0005027816525712865,44.99999751075628,1.1972431064884234e-05,4.936703669066625e-06,7.278373041354541e-08,68.66999685339684,-4.613162092915289e-06,1.8364616713052814e-06,3.10684648208229e-07,5403.48986431197,5411.453382663455,5783.589154097779,5776.135867628724,4.7734700926196235e-05,0.00010119150304517076,0.0007622726165679617,0
14.962000000001666,0.0,0.0,1.0,45.0,1.7647947830435932e-05,4.534340129527401e-05,1.0000000781144907,-6.45077942814255e-05,7.51652431860683e-05,1.446546406256403e-07,6.854727437721406e-05,-0.00011311186894533552,-4.459962368748971e-07,0.0007502325602728707,-0.0001840469423379968,44.99999999759009,0.0005863084068699731,-0.0004969680033456751,44.999997592756635,1.1401569512685412e-05,5.184026652748807e-06,7.047402304404627e-08,68.66999688426748,-4.609378592299468e-06,1.780993861247308e-06,3.113274404803827e-07,5403.489857164671,5411.45337092853,5783.589166156281,5776.135878110681,4.865675909391926e-05,9.90509476544296e-05,0.0007685926244857866,0
14.982000000001673,0.0,0.0,1.0,45.0,1.636041458681765e-05,4.681757127460189e-05,1.000000080950459,-6.426251135644311e-05,7.251423130923775e-05,1.3945793006097643e-07,6.890244102697912e-05,-0.00011067231311947792,-4.413004097547961e-07,0.0007416242586813237,-0.0001725050415319211,44.99999999776713,0.0005990141894426643,-0.0004908758104581686,44.99999767215942,1.0831368717310965e-05,5.423617595605316e-06,6.823549894250322e-08,68.66999691696093,-4.602264779255966e-06,1.725083912456543e-06,3.116971511938643e-07,5403.489849974625,5411.453359209929,5783.589177146844,5776.1358899745455,4.959389779480735e-05,9.689171046441936e-05,0.0007744527048861254,0
15.00200000000168,0.0,0.0,1.0,45.0,1.5078286546998921e-05,4.823855470836395e-05,1.000000083682245,-6.397195558943034e-05,6.984843748482872e-05,1.3423921146306123e-07,6.920051075754517e-05,-0.0001081881707476211,-4.363514387806661e-07,0.0007325960153962734,-0.00016101480721711922,44.999999997941224,0.0006110672058251083,-0.0004845139696210242,44.99999774904493,1.0262237441523709e-05,5.6554212505357465e-06,6.606601663672102e-08,68.66999695142442,-4.591877964776762e-06,1.6687799682306024e-06,3.117988019147068e-07,5403.489842750312,5411.453347513525,5783.589187080402,5776.135903187611,5.054027985936904e-05,9.471659485630788e-05,0.0007798440645006057,0
15.022000000001686,0.0,0.0,1.0,45.0,1.3802458803709191e-05,4.960608057083725e-05,1.0000000863094536,-6.36370718920387e-05,6.717009544558909e-05,1.2900271155923528e-07,6.944216678991969e-05,-0.00010566198762165894,-4.3115698106474525e-07,0.000723161165892675,-0.00014958393161025916,44.99999999811202,0.0006224689353860191,-0.0004778914356852299,44.99999782349099,9.694577275166887e-06,5.879388976759733e-06,6.396349761313259e-08,68.66999698760485,-4.578276977665053e-06,1.612129708744183e-06,3.1163750248380007e-07,5403.489835500031,5411.453335845157,5783.589195968429,5776.135917716756,5.149056756290675e-05,9.2528456611259e-05,0.0007847596443805638,0
15.042000000001693,0.0,0.0,1.0,45.0,1.2533807355790505e-05,5.091992222505625e-05,1.0000000888317757,-6.325882281499147e-05,6.448141274865063e-05,1.237526037601381e-07,6.962812315945864e-05,-0.00010309630049148145,-4.257247593026155e-07,0.000713333135562915,-0.00013821994232553778,44.99999999827916,0.0006332213130623174,-0.00047101721511228444,44.9999978955728,9.12878245081731e-06,6.095478672650489e-06,6.192592449448495e-08,68.66999702544854,-4.561522097409874e-06,1.5551803231893648e-06,3.1121844802311896e-07,5403.4898282319,5411.453324210625,5783.589203822926,5776.135933528468,5.2439896046066126e-05,9.033020850583301e-05,0.0007891935566753174,0
15.0620000000017,0.0,0.0,1.0,45.0,1.127318876623691e-05,5.217989688588954e-05,1.0000000912489844,-6.283818756477716e-05,6.178456956222005e-05,1.1849300740820128e-07,6.97591237075537e-05,-0.00010049363533705491,-4.2006255240645766e-07,0.0007031254284164602,-0.00012693019940278035,44.99999999844233,0.0006433267208162673,-0.00046390035852571975,44.99999796536364,8.565239667338269e-06,6.3036547037451205e-06,5.995133928327288e-08,68.66999706490144,-4.5416749865345275e-06,1.4979784826854012e-06,3.1054691413715694e-07,5403.489820953847,5411.453312615677,5783.589210656397,5776.135950588882,5.338384353302433e-05,8.812482563391388e-05,0.0007931410128477256,0
15.082000000001706,0.0,0.0,1.0,45.0,1.0021439839866778e-05,5.338586505928089e-05,1.0000000935609348,-6.237616102348465e-05,5.908171749142605e-05,1.1322798429193306e-07,6.983594106715134e-05,-9.785650567552608e-05,-4.1417819010184816e-07,0.0006925516158986769,-0.00011572189250565903,44.99999999860124,0.000652787978896443,-0.00045654995334710026,44.99999803293433,8.004327923176611e-06,6.503887828279249e-06,5.803784166704887e-08,68.66999710590918,-4.518798623812983e-06,1.4405703139229659e-06,3.096282526230503e-07,5403.489813673619,5411.453301066011,5783.589216481847,5776.135968863805,5.431840018115716e-05,8.59153515172975e-05,0.0007965991790671673,0
15.102000000001713,0.0,0.0,1.0,45.0,8.779377320558306e-06,5.453772995843994e-05,1.0000000957675625,-6.187375277234009e-05,5.637497844354125e-05,1.0796153740254989e-07,6.98593756428976e-05,-9.518741090398465e-05,-4.080795456715801e-07,0.0006816253258347213,-0.00010460203828937249,44.99999999875559,0.0006616083369125122,-0.00044897511651925085,44.99999809835356,7.446418356466831e-06,6.696155118802572e-06,5.618358733858542e-08,68.66999714841702,-4.492957237134004e-06,1.383001373382441e-06,3.0846788685786466e-07,5403.4898063987785,5411.453289567267,5783.589221312753,5776.13598831874,5.5239936880688844e-05,8.370490506736126e-05,0.000799564831560095,0
15.12200000000172,0.0,0.0,1.0,45.0,7.547797607967293e-06,5.563543689777343e-05,1.0000000978688823,-6.133198611966963e-05,5.3666443532869846e-05,1.0269760805464935e-07,6.983025458671633e-05,-9.248883467862294e-05,-4.0177452751451363e-07,0.0006703602315048895,-9.357747793750159e-05,44.999999998905146,0.0006697914647321708,-0.00044118498732261506,44.99999816168796,6.891874094542767e-06,6.880439879838107e-06,5.438678641243953e-08,68.66999719237,-4.464216236603637e-06,1.3253166231076114e-06,3.070713083296404e-07,5403.489799136695,5411.453278125024,5783.5892251630585,5776.136008918919,5.614517491160834e-05,8.149668845817452e-05,0.0008020379806714651,0
15.142000000001726,0.0,0.0,1.0,45.0,6.327476493630646e-06,5.667897266535109e-05,1.0000000998649878,-6.075189713392127e-05,5.09581720254099e-05,9.744007380733262e-08,6.974943076971567e-05,-8.976324333082457e-05,-3.952710760311825e-07,0.0006587700408573115,-8.265487486654067e-05,44.99999999904966,0.0006773414432104836,-0.00043318872028682415,44.99999822300208,6.341050110926302e-06,7.056731562933482e-06,5.2645701827932766e-08,68.6699972377129,-4.4326421474648875e-06,1.267560406523498e-06,3.054440706407963e-07,5403.48979189456,5411.453266744788,5783.589228047153,5776.136030629333,5.703115704764247e-05,7.929399596507798e-05,0.0008040172782492248,0
15.162000000001733,0.0,0.0,1.0,45.0,5.1191689163479895e-06,5.76683648747048e-05,1.000000101756049,-6.0134533682387546e-05,4.825219032351817e-05,9.21927469854917e-08,6.961778175122407e-05,-8.701308432087593e-05,-3.885771531629797e-07,0.0006468684858641732,-7.184071259766388e-05,44.99999999918893,0.0006842627547610368,-0.00042499547820247003,44.99999828235871,5.794293091366477e-06,7.225025677951363e-06,5.0958647845737996e-08,68.66999728439038,-4.398302544110294e-06,1.2097764254260025e-06,3.035917870308966e-07,5403.489784679369,5411.4532554319985,5783.589229979855,5776.136053414755,5.789522045911633e-05,7.710022381107477e-05,0.0008055041024549273,0
15.18200000000174,0.0,0.0,1.0,45.0,3.923608736720352e-06,5.8603681296761595e-05,1.0000001035423105,-5.948095447622513e-05,4.555049099063349e-05,8.695937275222462e-08,6.943620874568676e-05,-8.424078472976461e-05,-3.8170073769613054e-07,0.0006346693120263966,-6.114129279462129e-05,44.99999999932273,0.0006905602737783941,-0.00041661442523608917,44.99999833981848,5.2519413070670694e-06,7.3853237015635155e-06,4.932398853269721e-08,68.6699973323469,-4.361265983190431e-06,1.1520077180092938e-06,3.0152012467926414e-07,5403.4897774979345,5411.453244192017,5783.5892309763985,5776.136077239774,5.873497159326237e-05,7.491888104358647e-05,0.0008064993693531844,0
15.202000000001746,0.0,0.0,1.0,45.0,2.7415085307131803e-06,5.94850291727131e-05,1.0000001052240928,-5.879222812242474e-05,4.2855031816209087e-05,8.174362651126704e-08,6.920563558835078e-05,-8.14487497896365e-05,-3.7464982022225125e-07,0.0006221862680329708,-5.056273346629475e-05,44.99999999945093,0.0006962392569208059,-0.00040805472015194045,44.99999839544019,4.714324497173882e-06,7.537632982836675e-06,4.774013637785115e-08,68.66999738152687,-4.321601938115266e-06,1.0942966372373342e-06,2.9923480124363745e-07,5403.489770356877,5411.453233030116,5783.589231052422,5776.136102068814,5.954826308812207e-05,7.275360143379845e-05,0.0008070053492628342,0
15.222000000001753,0.0,0.0,1.0,45.0,1.5735594020985747e-06,6.03125545086262e-05,1.0000001068017874,-5.806943218327279e-05,4.0167734920875157e-05,7.654911350092752e-08,6.892700770038825e-05,-7.863936145336308e-05,-3.6743239453967556e-07,0.0006094330955794888,-4.011096733309572e-05,44.999999999573355,0.0007013053332628701,-0.0003993255096439728,44.99999844928109,4.181763758636179e-06,7.6819666458351e-06,4.6205550858305936e-08,68.66999743187465,-4.279380733081177e-06,1.0366848305321448e-06,2.9674157966112325e-07,5403.489763262628,5411.453221951491,5783.589230223937,5776.136127866166,6.033317269272132e-05,7.060815634562476e-05,0.0008070252205688169,0
15.24200000000176,0.0,0.0,1.0,45.0,4.204308136198063e-07,6.108644135260014e-05,1.0000001082758587,-5.731365224391857e-05,3.749048590189192e-05,7.137936613339645e-08,6.86012910543398e-05,-7.581497700368556e-05,-3.600564545857661e-07,0.0005964235193514504,-2.9791740355487257e-05,44.99999999968989,0.0007057644943278296,-0.0003904359217809019,44.999998501396426,3.6545714447731296e-06,7.818343489504405e-06,4.471873709991418e-08,68.66999748333461,-4.234673478247384e-06,9.792132199845368e-07,2.940462644222223e-07,5403.489756221434,5411.453210961245,5783.589228507326,5776.136154596023,6.108798411189617e-05,6.848646845699301e-05,0.0008065630860744815,0
15.262000000001766,0.0,0.0,1.0,45.0,-7.172295632895062e-07,6.180691105527542e-05,1.0000001096468398,-5.6525980988587974e-05,3.4825133018862356e-05,6.623784252750493e-08,6.822947114056478e-05,-7.297792770229582e-05,-3.525299841656255e-07,0.0005831712371766609,-1.9610610423285222e-05,44.9999999998004,0.000709623084008083,-0.0003813950595676103,44.999998551839745,3.133051071468546e-06,7.946787885160646e-06,4.327824455489888e-08,68.66999753585114,-4.187552004745786e-06,9.219219833129364e-07,2.911546971078322e-07,5403.489749239347,5411.453200064381,5783.589225919325,5776.136182222485,6.18111696610788e-05,6.639262612636623e-05,0.0008056221879114999,0
15.282000000001773,0.0,0.0,1.0,45.0,-1.8387959804105104e-06,6.247422151450003e-05,1.0000001109153325,-5.5707517285964335e-05,3.217348641970021e-05,6.112792512948813e-08,6.781255193542666e-05,-7.013051747929597e-05,-3.4486095294380074e-07,0.0005696899103515525,-9.572946204551252e-06,44.999999999904816,0.0007128877883831675,-0.0003722119946261575,44.99999860066323,2.6174972308787736e-06,8.067329670709137e-06,4.188266567386513e-08,68.66999758936873,-4.138088800161061e-06,8.648505364143191e-07,2.8807275226540426e-07,5403.489742322236,5411.453189265816,5783.589222476999,5776.136210709616,6.250137459857479e-05,6.433089807540293e-05,0.0008042080968363442,0
15.30200000000178,0.0,0.0,1.0,45.0,-2.943664726458856e-06,6.30886664049572e-05,1.000000112082006,-5.4859365284380764e-05,2.9537317406794297e-05,5.605291990314454e-08,6.735155487209643e-05,-6.727502166330762e-05,-3.3705731359364656e-07,0.0005559931541462029,3.1607384844681224e-07,45.00000000000306,0.0007155656254448885,-0.0003628957609986479,44.99999864791722,2.1081955148741647e-06,8.180004043902069e-06,4.053063475065478e-08,68.66999764383199,-4.086356945376623e-06,8.080375155279993e-07,2.8480633292137994e-07,5403.489735475773,5411.4531785703575,5783.58921819773,5776.136240021439,6.315740299564114e-05,6.230574789635918e-05,0.0008023264875556352,0
15.322000000001786,0.0,0.0,1.0,45.0,-4.031254222819081e-06,6.365057439355766e-05,1.0000001131475933,-5.398263351714933e-05,2.6918357743267656e-05,5.1016054358936236e-08,6.684751781445203e-05,-6.441368575257626e-05,-3.29126990838344e-07,0.0005420945284914387,1.0051462336755078e-05,45.0000000000951,0.0007176639347383548,-0.0003534553490749157,44.999998693650575,1.6054224440712238e-06,8.284851451341106e-06,3.9220826655325617e-08,68.66999769918569,-4.032430050810714e-06,7.515207616673886e-07,2.8136136642347466e-07,5403.489728705453,5411.453167982712,5783.589213099202,5776.136270121983,6.377820500466193e-05,6.032184768124393e-05,0.0007999827174154068,0
15.342000000001793,0.0,0.0,1.0,45.0,-5.101005101503784e-06,6.416030834139678e-05,1.0000001141128927,-5.3078434018731716e-05,2.4318298999194493e-05,4.602047641856554e-08,6.630149403503691e-05,-6.154872422727274e-05,-3.2107787973942085e-07,0.000528007528852846,1.962842359887825e-05,45.0000000001809,0.0007191903669271483,-0.0003438996996474656,44.999998737910666,1.1094454060025425e-06,8.381917477731819e-06,3.795195564682529e-08,68.66999775537478,-3.976382194065648e-06,6.953373043638117e-07,2.777438005058544e-07,5403.489722016568,5411.453157507475,5783.589207199387,5776.136300975297,6.436286539038605e-05,5.838408980175447e-05,0.0007971836826689317,0
15.3620000000018,0.0,0.0,1.0,45.0,-6.152380265558462e-06,6.461826449307547e-05,1.000000114978763,-5.2147881452067465e-05,2.173879193771949e-05,4.1069253010202816e-08,6.571455119753988e-05,-5.868231940333649e-05,-3.129178362088184e-07,0.0005137455772950183,2.9042354242032982e-05,45.00000000026041,0.0007201528732929714,-0.0003342376980961867,44.99999878074331,6.205226007888867e-07,8.47125273052312e-06,3.6722774255559116e-08,68.66999781234448,-3.918287857788582e-06,6.395233479152895e-07,2.739595982737338e-07,5403.489715414233,5411.45314714914,5783.589200516517,5776.13633254548,6.49105931966811e-05,5.649759553763224e-05,0.0007939365037895428,0
15.382000000001806,0.0,0.0,1.0,45.0,-7.184864932141257e-06,6.502487165417913e-05,1.0000001157461247,-5.119209224765861e-05,1.918144594079122e-05,3.616536972379583e-08,6.508777034469138e-05,-5.5816620327911185e-05,-3.046546764675219e-07,0.0004993220137399432,3.828884352399867e-05,45.00000000033368,0.0007205596951772378,-0.0003244781687048639,44.999998822193206,1.389029944643344e-07,8.55291272487607e-06,3.553207217277404e-08,68.66999787004028,-3.858221868643731e-06,5.841142567766403e-07,2.7001473537924555e-07,5403.489708903372,5411.453136912075,5783.589193069081,5776.136364796712,6.542071243039898e-05,5.466771885680115e-05,0.0007902481089291401,0
15.402000000001813,0.0,0.0,1.0,45.0,-8.197966658516782e-06,6.538059035770654e-05,1.0000001164159569,-5.021218375475407e-05,1.6647828474391353e-05,3.131172960518373e-08,6.442224489202784e-05,-5.295374171665852e-05,-2.962961701427062e-07,0.000484750087422577,4.736367358625049e-05,45.000000000400725,0.0007204193533740132,-0.0003146298691119965,44.99999886230345,-3.3517372072676507e-07,8.626957765419147e-06,3.4378675165201625e-08,68.66999792840798,-3.7962593363204125e-06,5.291445432030044e-07,2.6591519504846667e-07,5403.489702488722,5411.453126800543,5783.589184875804,5776.13639769326,6.589265365373743e-05,5.290004320185716e-05,0.0007861271236290023,0
15.42200000000182,0.0,0.0,1.0,45.0,-9.191215351212103e-06,6.568591202023519e-05,1.0000001169892951,-4.920927340517275e-05,1.4139464593031858e-05,2.6511152032049755e-08,6.371907962837195e-05,-5.009576293302783e-05,-2.8785003251855064e-07,0.0004700429485474286,5.6262819541554775e-05,45.00000000046157,0.0007197406374827983,-0.0003047014848970998,44.99999890111583,-8.014771572230997e-07,8.693452827015998e-06,3.326144402843576e-08,68.66999798739371,-3.732475594272373e-06,4.746478548060046e-07,2.6166696400950915e-07,5403.489696174834,5411.453116818682,5783.589175955623,5776.136431199516,6.632594638644527e-05,5.120036865964762e-05,0.0007815816274126411,0
15.442000000001826,0.0,0.0,1.0,45.0,-1.0164163258590628e-05,6.594135808860606e-05,1.000000117467231,-4.8184477890072964e-05,1.1657836483218694e-05,2.1766371797845605e-08,6.297938972347789e-05,-4.7244727009547646e-05,-2.793239221555355e-07,0.00045521364014828214,6.498244941760974e-05,45.00000000051629,0.0007185325952293591,-0.0002947016243056763,44.99999893867087,-1.259786257557177e-06,8.752467433472412e-06,3.217927356338221e-08,68.66999804694403,-3.666946140001395e-06,4.2065696347145e-07,2.5727602930699834e-07,5403.48968996607,5411.4531069705135,5783.589166327686,5776.1364652800185,6.672021222888479e-05,4.9574686431518014e-05,0.0007766196532080058,0
15.462000000001833,0.0,0.0,1.0,45.0,-1.1116384947109189e-05,6.614747917790424e-05,1.00000011785091,-4.7138912350182756e-05,9.204383045686094e-06,1.7080038224009718e-08,6.220429974362192e-05,-4.4402639711269084e-05,-2.707254352868084e-07,0.00044027509015481255,7.351892395941586e-05,45.00000000056494,0.0007168045217634592,-0.0002846388131133341,44.99999897500781,-1.7098893107045424e-06,8.80407553493871e-06,3.113109160251367e-08,68.6699981070059,-3.599746577155238e-06,3.6720375475071875e-07,2.527483734419252e-07,5403.489683866616,5411.45309725993,5783.589156011325,5776.136499899473,6.707515862613042e-05,4.802913716211891e-05,0.0007712511200275083,0
15.48200000000184,0.0,0.0,1.0,45.0,-1.2047477261530342e-05,6.630485420150717e-05,1.0000001181415292,-4.607368957981218e-05,6.7804995160159954e-06,1.2454715486300362e-08,6.139494267563513e-05,-4.1571468641345964e-05,-2.620621015938463e-07,0.00042524010366808954,8.186879629249236e-05,45.00000000060762,0.000714565948941148,-0.0002745214896313412,44.99999901016491,-2.1515839625045237e-06,8.848355384542628e-06,3.011585803251654e-08,68.66999816752669,-3.5309525580223894e-06,3.143192182674681e-07,2.480899706281342e-07,5403.489677880467,5411.453087690704,5783.589145026036,5776.136535022775,6.739057320182951e-05,4.656994954156086e-05,0.0007654846144457033,0
15.502000000001846,0.0,0.0,1.0,45.0,-1.2957059269370336e-05,6.64140894939656e-05,1.0000001183403366,-4.49899192450372e-05,4.38753712340362e-06,7.892880962587008e-09,6.055245896001423e-05,-3.875314238875673e-05,-2.533413789371247e-07,0.00041012135544761324,9.002881144954288e-05,45.00000000064442,0.0007118266346004187,-0.000264357999854755,44.99999904417891,-2.584677218265503e-06,8.885389413103582e-06,2.9132563868308618e-08,68.66999822845433,-3.4606397269689124e-06,2.620334387277602e-07,2.433067836838475e-07,5403.489672011437,5411.4530782664815,5783.589133391479,5776.136570615033,6.76663185983819e-05,4.520335582655101e-05,0.0007593302689572501,0
15.522000000001853,0.0,0.0,1.0,45.0,-1.3844772189869698e-05,6.647581792747559e-05,1.000000118448628,-4.388870711637531e-05,2.026802787196386e-06,3.3969252154072504e-09,5.967799553362051e-05,-3.5949549718184856e-05,-2.4457064803445205e-07,0.00039493138261205803,9.799590576261e-05,45.00000000067547,0.0007085965518377954,-0.00025415659275504786,44.99999907708576,-3.0089854389163556e-06,8.915264101900634e-06,2.8180230342695007e-08,68.66999828973722,-3.388883664625304e-06,2.1037558856057325e-07,2.3840475926139225e-07,5403.489666263159,5411.453068990776,5783.589121127443,5776.136606641585,6.790232776712264e-05,4.3935481713806904e-05,0.0007527979373816436,0
15.54200000000186,0.0,0.0,1.0,45.0,-1.4710279307781098e-05,6.649069802269263e-05,1.000000118467747,-4.277115431639857e-05,-3.004411492431569e-07,-1.0308482944969023e-09,5.8772704882668347e-05,-3.316253880186546e-05,-2.3575721130735645e-07,0.0003796825775558278,0.00010576720612440835,45.00000000070088,0.0007048858782936801,-0.0002439254157173613,44.999999108920086,-3.424334330350998e-06,8.938069857283093e-06,2.72579079931183e-08,68.6699983513243,-3.315759833124807e-06,1.593739196017825e-07,2.333898246714944e-07,5403.489660639085,5411.453059866973,5783.589108253846,5776.136643068025,6.809859965861928e-05,4.277220952328727e-05,0.000745897722596195,0
15.562000000001866,0.0,0.0,1.0,45.0,-1.5553265872274783e-05,6.645941305463215e-05,1.000000118399081,-4.163835658246393e-05,-2.592977147558278e-06,-5.388224385344416e-09,5.783774410633752e-05,-3.0393916493513424e-05,-2.2690828292479375e-07,0.00036438718108327775,0.00011334002911974018,45.00000000072083,0.0007007049854544559,-0.0002336725101250857,44.99999913971539,-3.830558925306058e-06,8.953900880926238e-06,2.6364675857222982e-08,68.66999841316512,-3.2413435224025985e-06,1.0905575765769488e-07,2.282678847766598e-07,5403.489655142494,5411.4530508983225,5783.589094790711,5776.136679860224,6.825519526894824e-05,4.171901602877444e-05,0.0007386410253935326,0
15.582000000001873,0.0,0.0,1.0,45.0,-1.6373438981270046e-05,6.638267015439163e-05,1.0000001182440614,-4.049140354499217e-05,-4.849632666901746e-06,-9.67307506635641e-09,5.6874273991740305e-05,-2.7645447644001725e-05,-2.1803099012822307e-07,0.00034905727576225575,0.00012071188003138201,45.000000000735405,0.00069606442797958,-0.0002234058070903679,44.999999169504434,-4.227503559164183e-06,8.96285504196251e-06,2.549964061630883e-08,68.66999847520981,-3.1657097974431396e-06,5.9447496032796866e-08,2.230448166757112e-07,5403.489649776475,5411.453042087951,5783.5890807581545,5776.136716984348,6.837223400297957e-05,4.078078949230466e-05,0.0007310376707760796,0
15.60200000000188,0.0,0.0,1.0,45.0,-1.7170527451503897e-05,6.626119940742202e-05,1.000000118004162,-3.9331378021476616e-05,-7.069280320236652e-06,-1.3883360926806148e-08,5.5883458100539375e-05,-2.4918854458793075e-05,-2.091323692089422e-07,0.00033370477949819645,0.00012788045172165054,45.00000000074481,0.0006909749330598747,-0.00021313312333428423,44.999999198318754,-4.615021839624413e-06,8.965033746711395e-06,2.4661935788270303e-08,68.66999853740916,-3.0889334462028036e-06,1.057459141051854e-08,2.1772646827886464e-07,5403.4896445439545,5411.453033438841,5783.589066176364,5776.136754406874,6.844989032025721e-05,3.9961634276667036e-05,0.0007230989009585262,0
15.622000000001886,0.0,0.0,1.0,45.0,-1.79442816746572e-05,6.609575294906624e-05,1.0000001176808957,-3.8159355326584886e-05,-9.250837994921831e-06,-1.801713083463361e-08,5.48664618679009e-05,-2.2215815896840266e-05,-2.002193582873718e-07,0.0003183414393304187,0.0001348436233936502,45.00000000074921,0.0006854473898152153,-0.0002028621572149989,44.99999922618884,-4.99297660936773e-06,8.96054180853535e-06,2.3850720951448068e-08,68.6699985997146,-3.011088928787075e-06,-3.753844070984722e-08,2.123186533837114e-07,5403.4896394476755,5411.453024953846,5783.589051065591,5776.136792094615,6.848839063313321e-05,3.926467530956872e-05,0.0007148364845475543,0
15.642000000001893,0.0,0.0,1.0,45.0,-1.8694473459861524e-05,6.58871040580748e-05,1.000000117275813,-3.697640259858388e-05,-1.1393268938073987e-05,-2.2072521880928173e-08,5.382445171415219e-05,-1.9537967110809102e-05,-1.9129879417967283e-07,0.0003029788254515526,0.00014159945923433213,45.00000000074876,0.0006794928387386459,-0.0001926004849057938,44.99999925314456,-5.3612399028280125e-06,8.94948731784451e-06,2.3065180951287013e-08,68.66999866207826,-2.932250327721309e-06,-8.486802950536414e-08,2.0682714865836105e-07,5403.489634490215,5411.453016635678,5783.589035446134,5776.136830014736,6.848801043042039e-05,3.8691877874097356e-05,0.0007062617688985199,0
15.6620000000019,0.0,0.0,1.0,45.0,-1.9420895862915935e-05,6.563604624879735e-05,1.0000001167905013,-3.5783578142272235e-05,-1.349558180712936e-05,-2.6047759333061778e-08,5.2758594169570606e-05,-1.68868989284057e-05,-1.823774109403132e-07,0.0002876283254509501,0.00014814620694202617,45.000000000743704,0.0006731224611939117,-0.00018235555672302717,44.99999927921452,-5.719692897004409e-06,8.93198150995006e-06,2.2304525176447515e-08,68.66999872445297,-2.852491299098482e-06,-1.3139155084445503e-07,2.0125769049367984e-07,5403.489629673969,5411.4530084869175,5783.589019338322,5776.13686813477,6.844907160300771e-05,3.824389979412129e-05,0.0006973862295491854,0
15.682000000001906,0.0,0.0,1.0,45.0,-2.0123363002547638e-05,6.53433923627405e-05,1.000000116226582,-3.458193078877216e-05,-1.555683068618279e-05,-2.9941157328504725e-08,5.1670055012870214e-05,-1.4264157374475296e-05,-1.7346183537161914e-07,0.00027230113878305137,0.00015448229614216196,45.00000000073419,0.000666347568973618,-0.00017213469360415686,44.99999930442658,-6.0682258553820534e-06,8.908138634717027e-06,2.1567986869129605e-08,68.66999878679228,-2.7718850251827324e-06,-1.7708732968943694e-07,1.9561597177678435e-07,5403.489625001174,5411.453000510007,5783.589002762496,5776.136906422637,6.837193995069688e-05,3.7919992280469794e-05,0.0006882220588854674,0
15.702000000001913,0.0,0.0,1.0,45.0,-2.0801709864053745e-05,6.500997366017084e-05,1.0000001155857101,-3.337249927224171e-05,-1.7576115068601117e-05,-3.375111760688502e-08,5.0559998423661064e-05,-1.1671243233639597e-05,-1.6455858466827944e-07,0.0002570082714608739,0.00016060633669327508,45.00000000072041,0.0006591795939243907,-0.00016194508373706132,44.999999328807846,-6.4067380675111e-06,8.878075824672498e-06,2.085482236434375e-08,68.66999884905054,-2.690504167474884e-06,-2.219346410123586e-07,1.8990763777529962e-07,5403.489620473894,5411.452992707246,5783.588985739004,5776.136944846663,6.825702285201692e-05,3.771796213634057e-05,0.0006787811920038396,0
15.72200000000192,0.0,0.0,1.0,45.0,-2.1455792090667054e-05,6.463663891243149e-05,1.0000001148695712,-3.215631162381484e-05,-1.9552579806427823e-05,-3.7476129837443875e-08,4.942958614938641e-05,-9.109611653152952e-06,-1.556740618822806e-07,0.0002417605309753957,0.0001665171168867069,45.00000000070261,0.0006516300776455882,-0.0001517937793391085,44.999999352384485,-6.735137781639025e-06,8.841912963436167e-06,2.016431045218231e-08,68.66999891118289,-2.6084208213938834e-06,-2.6591371025400685e-07,1.8413828487707927e-07,5403.489616094028,5411.452985080803,5783.5889682881825,5776.1369833755925,6.810476708096408e-05,3.763420198164066e-05,0.0006690764289932737,0
15.742000000001926,0.0,0.0,1.0,45.0,-2.208548576299107e-05,6.42242534956309e-05,1.00000011407988,-3.09343845828982e-05,-2.1485415027158374e-05,-4.111477093741828e-08,4.82799766870944e-05,-6.5806717856657696e-06,-1.468145545812838e-07,0.00022656852144101473,0.000172213601542756,45.00000000068099,0.0006437106612689909,-0.00014168769358782792,44.99999937518194,-7.053342131989299e-06,8.799772554050773e-06,1.9495751711462943e-08,68.66999897314521,-2.5257064722197237e-06,-3.0900571278983297e-07,1.78313455497627e-07,5403.489611863309,5411.452977632707,5783.588950430334,5776.137021978609,6.791565675657828e-05,3.76637876326357e-05,0.0006591198904229374,0
15.762000000001933,0.0,0.0,1.0,45.0,-2.269068716685329e-05,6.377369848634895e-05,1.0000001132183787,-2.9707723025992486e-05,-2.337385601850153e-05,-4.466570548130342e-08,4.711232448041715e-05,-4.085786471423924e-06,-1.3798623006544586e-07,0.0002114426389666797,0.0001776949300067683,45.00000000065576,0.0006354330753241371,-0.00013163359770180838,44.999999397224784,-7.361277061562067e-06,8.751779588227648e-06,1.8848467815570786e-08,68.66999903489425,-2.4424319514967137e-06,-3.5119277345929357e-07,1.7243863675728176e-07,5403.489607783312,5411.452970364845,5783.588932185723,5776.137060625341,6.769021141297327e-05,3.7800634222033504e-05,0.0006489241380425711,0
15.78200000000194,0.0,0.0,1.0,45.0,-2.327131254992937e-05,6.328586975999565e-05,1.000000112286835,-2.847731941318804e-05,-2.5217183081598655e-05,-4.8127685177671356e-08,4.592777913208571e-05,-1.6262719596885756e-06,-1.2919513283002396e-07,0.00019639306725315923,0.0001829604140474124,45.00000000062713,0.0006268091296965662,-0.00012163811817177215,44.9999994185367,-7.658877238255776e-06,8.698061414460444e-06,1.8221801015407776e-08,68.66999909638758,-2.358667395177672e-06,-3.924579643692037e-07,1.66519256926966e-07,5403.489603855454,5411.452963278966,5783.588913574569,5776.137099285892,6.74289841789785e-05,3.8037696562826755e-05,0.0006385028282467955,0
15.802000000001946,0.0,0.0,1.0,45.0,-2.382729786749267e-05,6.276167709244597e-05,1.0000001112870414,-2.724415325246509e-05,-2.7014721353422273e-05,-5.149954753586445e-08,4.47274846323766e-05,7.966023311672672e-07,-1.2044718520922153e-07,0.00018142977341583768,0.00018800953566102101,45.000000000595335,0.0006178507036848913,-0.00011170773414260237,44.99999943914103,-7.946085966974055e-06,8.638747607373641e-06,1.7615113423937997e-08,68.66999915758369,-2.274482202754196e-06,-4.3278530277219436e-07,1.6056068233248964e-07,5403.4896000809895,5411.452956376689,5783.588894617013,5776.137137930838,6.713256005790522e-05,3.836719573346806e-05,0.0006278679489855292,0
15.822000000001953,0.0,0.0,1.0,45.0,-2.4358598517647193e-05,6.220204326556025e-05,1.0000001102208114,-2.600919058193938e-05,-2.8765840598900708e-05,-5.4780216356647736e-08,4.3512578603775514e-05,3.181614015244779e-06,-1.1174817928213185e-07,0.0001665625040327318,0.00019284194478465908,45.0000000005606,0.0006085697361620881,-0.00010184877494415586,44.99999945905996,-8.222855095891288e-06,8.573969837577952e-06,1.7027786512594273e-08,68.66999921844187,-2.189944997853019e-06,-4.721597480706069e-07,1.5456821492265308e-07,5403.489596461018,5411.452949659485,5783.58887533312,5776.137176531254,6.680155429914646e-05,3.878085327788846e-05,0.0006170332657346356,0
15.84200000000196,0.0,0.0,1.0,45.0,-2.4865189066402884e-05,6.160790317718926e-05,1.0000001090899806,-2.477338347009421e-05,-3.04699549734082e-05,-5.796870045805864e-08,4.228419156211171e-05,5.527587902890544e-06,-1.0310378247548181e-07,0.00015180078141670234,0.00019745745692104498,45.00000000052316,0.0005989782158466541,-9.206741777190244e-05,44.99999947831538,-8.489144918610428e-06,8.50386174118598e-06,1.645922047075758e-08,68.66999927892233,-2.105123589143569e-06,-5.105671979780823e-07,1.48547090073837e-07,5403.4895929964905,5411.45294312869,5783.588855742861,5776.137215058716,6.643661085442089e-05,3.927011643741451e-05,0.0006060127199702335,0
15.862000000001967,0.0,0.0,1.0,45.0,-2.5347062962955324e-05,6.098020295624941e-05,1.0000001078964031,-2.353766953416293e-05,-3.212652275629148e-05,-6.106409361986879e-08,4.104344619458842e-05,7.833396127067987e-06,-9.451952749077045e-08,0.00013715390011189994,0.00020185605067879136,45.000000000483205,0.000589088171689429,-8.236968551576756e-05,44.99999949692818,-8.744924071386938e-06,8.428558791196057e-06,1.5908833674039895e-08,68.66999933898622,-2.0200849336217178e-06,-5.479944845959866e-07,1.4250247326506703e-07,5403.489589688206,5411.45293678551,5783.5888358660995,5776.137253485325,6.603840091240249e-05,3.982636162560554e-05,0.0005948192649113614,0
15.882000000001973,0.0,0.0,1.0,45.0,-2.580423224553272e-05,6.0319899083440405e-05,1.00000010664195,-2.2302971476672172e-05,-3.373504605600916e-05,-6.406557306441333e-08,3.9791456654818085e-05,1.0097958232849055e-05,-8.600081610676318e-08,0.00012263092361275028,0.00020603786523056683,45.000000000440984,0.0005789116633811111,-7.27614447365657e-05,44.99999951491891,-8.990169425336006e-06,8.348198168226126e-06,1.537606217953914e-08,68.66999939859559,-1.9348951003780307e-06,-5.844293692202579e-07,1.364394581838957e-07,5403.4895865368135,5411.452930631008,5783.588815722585,5776.137291783709,6.560762150637158e-05,4.0441067907363226e-05,0.0005834660614331475,0
15.90200000000198,0.0,0.0,1.0,45.0,-2.6236727238174128e-05,5.9627957518165495e-05,1.0000001053285064,-2.1070196640226258e-05,-3.529507048762488e-05,-6.697239981259051e-08,3.852932787520778e-05,1.2320241230547159e-05,-7.75529106826215e-08,0.00010824068130474982,0.00021000319769275315,45.00000000039673,0.0005684607719855726,-6.324840379013094e-05,44.99999953230718,-9.224865974941334e-06,8.262918632652289e-06,1.4860359148880317e-08,68.66999945771343,-1.8496192356478276e-06,-6.198605368070653e-07,1.303630643033615e-07,5403.489583542815,5411.452924666113,5783.58879533193,5776.137329927039,6.51449941902887e-05,4.1105956654559776e-05,0.0005719684482711387,0
15.922000000001987,0.0,0.0,1.0,45.0,-2.664459623880475e-05,5.890535283220017e-05,1.000000103957974,-1.984023658058089e-05,-3.680618482327273e-05,-6.978391679042626e-08,3.725815489692299e-05,1.4499259612998462e-05,-6.91809417138973e-08,9.399176562592255e-05,0.00021375250042963566,45.00000000035066,0.0005577475907040688,-5.3836111097040785e-05,44.99999954911232,-9.44900672181362e-06,8.172860397313101e-06,1.4361194379459164e-08,68.66999951630369,-1.7643215293153091e-06,-6.542775898339987e-07,1.24278233863752e-07,5403.489580706575,5411.4529188916185,5783.5887747136085,5776.13736788904,6.465126377941331e-05,4.1813097213832105e-05,0.0005603396509535752,0
15.942000000001993,0.0,0.0,1.0,45.0,-2.702790519897416e-05,5.815306735064214e-05,1.0000001025322647,-1.861396665805588e-05,-3.82680206163264e-05,-7.249954881736823e-08,3.597902221765272e-05,1.663407533757788e-05,-6.08898972853684e-08,7.989252944743633e-05,0.0002172863782854706,45.00000000030298,0.0005467842157751159,-4.452995355752343e-05,44.99999956535271,-9.66259255449369e-06,8.078165002259876e-06,1.3878053785705875e-08,68.66999957433129,-1.6790651826345863e-06,-6.876710419493501e-07,1.1818983072546893e-07,5403.489578028313,5411.4529133081915,5783.588753886937,5776.137405644003,6.412719715220956e-05,4.2554981057725515e-05,0.0005485945800077835,0
15.962000000002,0.0,0.0,1.0,45.0,-2.7386737395623778e-05,5.737209030066142e-05,1.0000001010533024,-1.739224564721092e-05,-3.968025179988266e-05,-7.511880116704718e-08,3.469300315730302e-05,1.8723797773457918e-05,-5.2684629006222995e-08,6.595108367180453e-05,0.0002206055857470509,45.00000000025393,0.0005355827375143797,-3.53351551103196e-05,44.99999958104652,-9.86563212464558e-06,7.978975188342662e-06,1.3410438937447882e-08,68.66999963176211,-1.593912376822892e-06,-7.20032310202826e-07,1.1210263761091198e-07,5403.489575508112,5411.452907916357,5783.588732871072,5776.137443166786,6.357358211092112e-05,4.3324568484744394e-05,0.0005367473315342786,0
15.982000000002007,0.0,0.0,1.0,45.0,-2.7721193095250145e-05,5.656341696855589e-05,1.0000000995230194,-1.617591536490651e-05,-4.1042594260347214e-05,-7.764125869577961e-08,3.3401159241915065e-05,2.076758361475501e-05,-4.456984587875314e-08,5.217529504723413e-05,0.0002237110240406562,45.000000000203705,0.0005241552314989901,-2.6256775434458863e-05,44.99999959621105,-1.0058141719264022e-05,7.875434773814634e-06,1.2957866551828971e-08,68.669999688563,-1.5089242431288257e-06,-7.513537074441631e-07,1.0602135423950359e-07,5403.489573145917,5411.4529027165145,5783.588711684988,5776.1374804328325,6.299122629870168e-05,4.4115312643991954e-05,0.0005248125144555359,0
16.00000000000201,0.0,0.0,1.0,45.0,-2.8001457610197458e-05,5.581275747637675e-05,1.000000098103488,-1.5086509000707813e-05,-4.2225846248572766e-05,-7.982843165234615e-08,3.2234386842071895e-05,2.2567056132782547e-05,-3.7347681711705146e-08,3.992502570854152e-05,0.00022632400663656594,45.000000000157705,0.0005136871840964229,-1.8189820318331852e-05,44.99999960942061,-1.022241673505548e-05,7.778648273790368e-06,1.2563025197970065e-08,68.66999973911864,-1.4326253741560112e-06,-7.786482371650442e-07,1.0055706785090759e-07,5403.48957115489,5411.4528982010315,5783.588692487509,5776.137513732944,6.244321540173033e-05,4.484006264285371e-05,0.000514009316730373,0
