time,target_x,target_y,target_z,target_yaw_deg,x,y,z,vx,vy,vz,desired_ax,desired_ay,desired_az,desired_roll_deg,desired_pitch_deg,desired_yaw_deg,roll_deg,pitch_deg,yaw_deg,wx,wy,wz,Fz,Tx,Ty,Tz,rpm1,rpm2,rpm3,rpm4,position_error_norm,speed_norm,tilt_deg,allocator_saturated
0.002,2.0,0.0,1.0,0.0,-8.783820901259476e-08,5.390619320280039e-22,1.000000240245212,-4.391910450629738e-05,2.695309660140019e-19,0.0001201226060069374,1.0,0.0,0.0,0.0,5.820443639707244,0.0,8.890707301208718e-19,0.00013969064735298408,7.57131940736e-20,7.758604956414895e-18,0.001219030865275937,6.607128039126664e-19,69.02585674948193,-0.0005289723223621601,0.08779474722858016,1.6226433905382697e-05,5434.223623197677,5442.305875880895,5782.933024540997,5775.178521587255,2.000000087838224,0.00012789968027533525,0.00013969051894435403,0
0.022000000000000006,2.0,0.0,1.0,0.0,-5.57750563335229e-06,-4.7892394802566405e-20,1.0000155881018646,-0.000453780977841067,-3.654684587188657e-18,0.0012879355203922534,1.0005013711605482,4.217705007066009e-18,-0.0023737305778826273,-2.4767547576275825e-17,5.82474152042062,-2.5135568100957013e-18,-7.696152371376828e-17,0.008978043885689091,2.0459394582410204e-19,-1.0309174304154456e-16,0.012884329372709046,1.8688799422947326e-18,69.00968240532117,-0.00048785330684535686,0.08097074116838611,1.5085228460529814e-05,5432.290802273628,5440.363915931848,5783.467908342284,5775.735912026156,2.0000055775663803,0.0013655383848645412,0.008978043881027518,0
0.04200000000000002,2.0,0.0,1.0,0.0,-1.8412422650297663e-05,-1.4327907892248967e-19,1.0000536377150775,-0.0007798007786110301,-5.206328667880026e-18,0.0023965745251142154,1.0009110213430155,7.000551204130794e-18,-0.004674315694426926,-4.111911968305625e-17,5.828467803733236,-4.175671194679179e-18,-2.358222170807038e-16,0.030598372336926426,6.153062620021805e-18,-1.5683483158002166e-16,0.02362755647089896,7.991301847684597e-18,68.9939526172365,-0.00044872172040192763,0.07447762659448866,1.4208141194343498e-05,5430.438274801807,5438.501647178774,5783.962981885875,5776.251459444567,2.0000184131418948,0.002520249731425201,0.030598372333607828,0
0.06200000000000004,2.0,0.0,1.0,0.0,-3.646096639795716e-05,-2.2847163343078097e-19,1.0001132284454683,-0.0009811640186809037,-3.874172846678876e-18,0.0034480737749466844,1.00117852362926,3.83395168369015e-18,-0.006903550430811879,-2.2524708084659764e-17,5.831331401335536,-2.2885175210552704e-18,-4.0052902421714124e-16,0.0639724948101515,2.0499577702499663e-17,-1.469931489896104e-16,0.03349352239890827,1.4637732215563863e-17,68.9786188854988,-0.0004114902775648764,0.06830066333405044,1.3542714759783415e-05,5428.661290992274,5436.714543494809,5784.418725199148,5776.725922859683,2.00003646417151,0.003584954056752909,0.06397249481110029,0
0.08200000000000006,2.0,0.0,1.0,0.0,-5.68133470252258e-05,-3.1283166238980336e-19,1.0001932372841906,-0.0010204952567006067,-4.91343719492524e-18,0.004444191421154997,1.00125720681782,6.415642429998229e-18,-0.009062752278715962,-3.77007243105033e-17,5.833062447934494,-3.831538742719133e-18,-6.07453622492127e-16,0.10812231425056042,3.648889891453924e-17,-2.2296001524222746e-16,0.04252504571763098,1.289099273019731e-17,68.96363867626751,-0.0003760757781187048,0.062425825677499686,1.3043778206542022e-05,5426.955479055565,5434.998423203662,5784.835757625777,5777.160165064007,2.000056822681922,0.004559851747240925,0.10812231425174576,0
0.10200000000000008,2.0,0.0,1.0,0.0,-7.584846741690932e-05,-3.6724055492960176e-19,1.0002925734612333,-0.0008636847450277712,5.744316720949581e-19,0.005386421960455324,1.0011039799579595,1.1687533974271512e-18,-0.011152774088917633,-6.869503062404528e-18,5.833411324583157,-6.981917831987743e-19,-8.327511662345178e-16,0.1621175966604322,5.402749713091886e-17,-1.3584848387500904e-16,0.050763049673108775,2.067538264007605e-17,68.94897526893503,-0.00034239890966869914,0.05683976549976543,1.2672632775599578e-05,5425.316831418103,5433.349439114981,5785.214836108596,5777.55515476048,2.000075869866413,0.00545522619832295,0.16211759666124614,0
0.1220000000000001,2.0,0.0,1.0,0.0,-8.929740921185514e-05,-3.362958254110237e-19,1.0004101733464548,-0.0004797234805910577,1.62908086505076e-18,0.006276012590567872,1.0006791653397067,-1.8060668304627693e-18,-0.013174025807643071,1.0617563485233332e-17,5.832147731750095,1.0788983268538492e-18,-1.009214770521787e-15,0.22507385728805543,7.958736517503326e-17,-1.9199275496488976e-16,0.05824665359345478,2.334735146032153e-17,68.93459755498101,-0.00031038405976522155,0.05152977738263431,1.239631958156613e-05,5423.741689487766,5431.764066726347,5785.5568512748605,5777.911966117997,2.0000893394678774,0.006294320348917495,0.22507385728885615,0
0.1420000000000001,2.0,0.0,1.0,0.0,-9.230370727885738e-05,-2.64440976633213e-19,1.0005449957128136,0.00015945387172556466,4.5340955541402106e-18,0.0071139826231621595,0.9999463393788183,-4.659794335440489e-18,-0.015126503217689229,2.7399457938972998e-17,5.829059809011777,2.782712979270088e-18,-1.2303183396907836e-15,0.2961503485644377,1.0678999623299951e-16,-2.1661102896410597e-16,0.0650132595880649,2.3623741699142397e-17,68.92047979723209,-0.0002799591371112826,0.046483765619185866,1.2186961242856164e-05,5422.2267272863,5430.239090944931,5785.862821701377,5778.231776161737,2.000092377958932,0.007115769410250829,0.29615034856443545,0
0.16200000000000012,2.0,0.0,1.0,0.0,-7.94805646370146e-05,-1.2878157539362398e-19,1.0006960174137167,0.0010791186739043676,8.153955228735455e-18,0.007901145132973568,0.9988721808794826,-9.467385970504341e-18,-0.017009822124742027,5.567815908124745e-17,5.823953298420253,5.649785966117685e-18,-1.4843401325561483e-15,0.37454814456534746,1.3495150218901454e-16,-2.4478369715549013e-16,0.07109863480182681,2.3194072378186386e-17,68.9066013573962,-0.00025105540139756024,0.0416902129885633,1.2021170286047074e-05,5420.768934228176,5428.7715916413445,5786.133886693667,5778.5158603657155,2.0000796016698805,0.007974496317930119,0.3745481445649137,0
0.18200000000000013,2.0,0.0,1.0,0.0,-4.4965150423349e-05,7.524617827502247e-20,1.0008622295112404,0.002301891079703983,1.3076734535324423e-17,0.008638130135511332,0.9974263261997138,-1.4301012125431483e-17,-0.018823256628551315,8.411943476350531e-17,5.816650748760434,8.525119074558605e-18,-1.793149234258143e-15,0.4595083170562926,1.6240628040434026e-16,-2.6023683071992604e-16,0.07653698946205457,3.065186544184518e-17,68.8929463988192,-0.00022360730133210116,0.03713815119621049,1.1879517842384536e-05,5419.365597291938,5427.358928311628,5786.371297874403,5778.765586772901,2.000045151006169,0.008939574642053714,0.4595083170564336,0
0.20200000000000015,2.0,0.0,1.0,0.0,1.752988512017725e-05,3.8614567809694845e-19,1.001042633878972,0.003847876284890613,1.714864552947392e-17,0.009325408686651654,0.9955812308842859,-2.0889021790840753e-17,-0.020565780296362336,1.2289027576350527e-16,5.80699075806624,1.2433753434078102e-17,-2.1247199490741833e-15,0.5503101984415083,1.9763549504450718e-16,-3.3075182213534177e-16,0.08136105094181394,3.360978580882014e-17,68.87950357058686,-0.0001975523204511991,0.03281713288120465,1.1746056778715255e-05,5418.014282799986,5425.998724090592,5786.576409841577,5778.98240893056,1.999982741888595,0.01008808203163028,0.5503101984418154,0
0.22200000000000017,2.0,0.0,1.0,0.0,0.00011466755259199218,8.201479726953481e-19,1.0012362402920825,0.005734794643778979,2.4276088967439955e-17,0.009963317386906976,0.9933120373674462,-2.968054813581037e-17,-0.022236109214522886,1.7463692451789449e-16,5.794827251914161,1.7632475103537276e-17,-2.493483047104466e-15,0.6462697271859339,2.312039194722836e-16,-3.5281555318585627e-16,0.08560213405011666,3.022376821403928e-17,68.86626567835528,-0.00017283083031720603,0.02871720509844737,1.1607893968976278e-05,5416.7128179958745,5424.688849330134,5786.750670125642,5779.16785789467,1.9998857145417932,0.011495893308419268,0.6462697271856895,0
0.2420000000000002,2.0,0.0,1.0,0.0,0.0002534402035269023,1.41508130954911e-18,1.0014420640077772,0.007978106001343757,3.406543169797451e-17,0.010552082852512216,0.9905964483823754,-3.940597226952595e-17,-0.02383274603557636,2.318919572480133e-16,5.7800287951566975,2.33537258900835e-17,-2.8798902924659404e-15,0.7467378715124865,2.624913847316527e-16,-3.356175046450222e-16,0.08929020774710338,3.068075942974192e-17,68.85322934662945,-0.0001493859507290231,0.024828884189273957,1.145480692154604e-05,5415.459272583775,5423.427404929761,5786.89560864701,5779.323533526961,1.9997470797494448,0.013228629101118513,0.7467378715125692,0
0.2620000000000002,2.0,0.0,1.0,0.0,0.0004411256365210751,2.181140346818425e-18,1.0016591238313162,0.010591128560980321,4.264073904586842e-17,0.011091845785765046,0.987414605746305,-5.08795071197532e-17,-0.025354024264268596,2.9944744089307814e-16,5.762477934897106,3.0065943800310144e-17,-3.310000908671414e-15,0.8510991273965925,2.926778141606729e-16,-3.9050545646753543e-16,0.0924539584707524,3.16438562195608e-17,68.84039467661415,-0.0001271634165896576,0.0211431319595227,1.127890043785186e-05,5414.251940373237,5422.2127055826095,5787.012826850157,5779.451095280984,1.9995595626881513,0.015336265749210494,0.8510991273965915,0
0.2820000000000002,2.0,0.0,1.0,0.0,0.00068524552336849,3.1645627021875756e-18,1.0018864406561288,0.013585152581326528,5.604107132197457e-17,0.011582684339265114,0.9837489742194407,-6.616156863838737e-17,-0.02679815213825993,3.8943234914215313e-16,5.742070572641366,3.896284764943008e-17,-3.754245549348605e-15,0.9587700870868072,3.277730960137289e-16,-3.4898658479350654e-16,0.0951208502508113,4.3531699359995377e-17,68.82776490322692,-0.00010611145109361228,0.017651333089280078,1.107429939315311e-05,5413.089321152701,5421.043263078972,5787.1039866681995,5779.552252649204,1.9993156444459443,0.01785258936851963,0.9587700870868281,0
0.3020000000000002,2.0,0.0,1.0,0.0,0.0009935260547891131,4.456748597466056e-18,1.0021230364610632,0.0169695491713287,7.153568917203519e-17,0.012024636523675828,0.9795842301623694,-8.753063975618598e-17,-0.028163255559487493,5.152632549364773e-16,5.718715363693089,5.134329063219555e-17,-4.113963022275968e-15,1.0691980745751952,3.701134654270532e-16,-2.9382714874700297e-16,0.09731718177550054,4.386682625151064e-17,68.81534605438382,-8.61806449150115e-05,0.014345273703407515,1.0836874106117025e-05,5411.970102897846,5419.917769790109,5787.170799451703,5779.628755421297,1.999007601325888,0.020798016314174324,1.0691980745750453,0
0.32200000000000023,2.0,0.0,1.0,0.0,0.0013738607104680774,6.0556794921541844e-18,1.0023679337433467,0.02075187443083553,8.669429921631537e-17,0.012417721457142187,0.9749071547405901,-1.0542417729234979e-16,-0.02944741962123808,6.206493845995598e-16,5.692333141982644,6.156010135853454e-17,-4.435411528515296e-15,1.181859844624856,4.1240420714094295e-16,-2.798340018280361e-16,0.09906814056705064,4.3241892119289995e-17,68.80314661523835,-6.732384109450075e-05,0.011217121036562385,1.056399510328053e-05,5410.8931444052105,5418.8350824378895,5787.215014977414,5779.682383884182,1.9986275420301785,0.02418346746395841,1.181859844624978,0
0.34200000000000025,2.0,0.0,1.0,0.0,0.0018342750628505958,7.957071188472442e-18,1.0026201553622702,0.0249379691643012,1.0410406533638152e-16,0.012761959297222155,0.9697065314463275,-1.2685695089852816e-16,-0.03064872835525726,7.468811696201897e-16,5.662856368642896,7.36982422040782e-17,-4.763865366635619e-15,1.296260342135123,4.484781823882214e-16,-2.3559334902019954e-16,0.10039785441326514,4.147041418966593e-17,68.79117719966796,-4.9496025340705976e-05,0.008259404130773673,1.0254314391456962e-05,5409.857458427441,5417.794206240459,5787.238410636464,5779.7149390768,1.998167442815473,0.02801374503959784,1.2962603421351946,0
0.36200000000000027,2.0,0.0,1.0,0.0,0.0023828935284915236,1.0188671726831358e-17,1.002878724765857,0.029532054377526755,1.1707429461066272e-16,0.013057389733726355,0.9639730477270079,-1.4430487678815135e-16,-0.031765302393615955,8.496565051449197e-16,5.6302286027607344,8.335806372757089e-17,-5.088332754820673e-15,1.4119315187883839,4.835525854319581e-16,-3.463012328526944e-16,0.10132944019401488,3.473903658157242e-17,68.77945023095677,-3.2654221475923446e-05,0.005464995507718915,9.907570628537945e-06,5408.862195374093,5416.794279510187,5787.242780887162,5779.728233196799,1.997619180705842,0.03228990031597527,1.411931518788464,0
0.3820000000000003,2.0,0.0,1.0,0.0,0.0030279079847807372,1.2662114781255654e-17,1.0031426665706988,0.03453682275161086,1.3034837154378298e-16,0.013304088953754964,0.9576992005268866,-1.6074720508147913e-16,-0.03279533430243947,9.465092780926527e-16,5.59440399284578,9.227111638700023e-17,-5.592482042595386e-15,1.5284312040767054,5.052528204454585e-16,-4.873542007695827e-16,0.10188505023383615,2.751825011281896e-17,68.76797963331315,-1.6757391774362605e-05,0.0028270937616919505,9.524415834208187e-06,5407.906627630646,5415.834558767899,5787.229927044467,5779.724080242269,1.9969745648457358,0.03701068641170561,1.5284312040766221,0
0.4020000000000003,2.0,0.0,1.0,0.0,0.003777548173591952,1.545417872490108e-17,1.0034110074637097,0.039953526274259334,1.499782313473934e-16,0.013502185018954088,0.9508792055634535,-1.8409935523771556e-16,-0.033737121399895494,1.0840433533856933e-15,5.555346787665688,1.049432495593934e-16,-6.2040668245396054e-15,1.6453420279521749,5.234603246920191e-16,-5.013421435181217e-16,0.10208591630457933,3.061386415569957e-17,68.75678053558283,-1.766341953097798e-06,0.00033920702285714755,9.106261508846259e-06,5406.990134538396,5414.9144044262375,5787.2016474666725,5779.704286958893,1.996225366071615,0.04217337148052073,1.6453420279520887,0
0.4220000000000003,2.0,0.0,1.0,0.0,0.004640053816866214,1.8710136186329727e-17,1.003682777393609,0.04578206019615851,1.7396384627391002e-16,0.013651871620014997,0.9435089101736248,-2.1544781696040482e-16,-0.03458909591955456,1.2686541744453391e-15,5.513030865200621,1.2188231447123975e-16,-6.7550330182394935e-15,1.7622703924825862,5.425523742753039e-16,-4.539954683265487e-16,0.1019523913953192,2.6382873597792136e-17,68.74586898827015,1.2356369408439307e-05,-0.0020048627562348014,8.655142234269065e-06,5406.112188069059,5414.033267085161,5787.159728189437,5779.670644151655,1.9953633447774088,0.04777416283446579,1.762270392482561,0
0.44200000000000034,2.0,0.0,1.0,0.0,0.0056236483723719685,2.2521718855060282e-17,1.0039570110195069,0.05202104346909594,2.0255246862876813e-16,0.013753420195100457,0.9355857095764814,-2.509733641997635e-16,-0.035349852423246134,1.4778466478158543e-15,5.4674392785683334,1.4080931961058235e-16,-7.15625056313188e-15,1.8788454900244458,5.680128249999364e-16,-3.186835677534058e-16,0.10150398936045282,3.7574225262622e-17,68.73526169475761,2.564651723126332e-05,-0.004211034734736512,8.173595015425367e-06,5405.272339219804,5413.190674473741,5787.105934048037,5779.624918410016,1.9943802771456944,0.05380841505449279,1.8788454900243807,0
0.46200000000000035,2.0,0.0,1.0,0.0,0.0067365143609080256,2.6873384747160266e-17,1.0042327493838952,0.058667895812764104,2.2943770095043437e-16,0.013807190417548531,0.9271084664096426,-2.8511397383723893e-16,-0.03601817240520758,1.6788605976889834e-15,5.418563817865346,1.5853626717499899e-16,-7.476512524151745e-15,1.994718365548607,6.007486011180927e-16,-2.669402359119697e-16,0.10075942255104536,4.2532932318701706e-17,68.72497575741619,3.8138292280667184e-05,-0.0062849633791142966,7.664552790268502e-06,5404.470205147559,5412.386219064533,5787.042000320355,5779.568844286437,1.9932679798134143,0.060270726777796435,1.9947183655486016,0
0.4820000000000004,2.0,0.0,1.0,0.0,0.007986770199057988,3.176059176025838e-17,1.0045090417776428,0.06571891154856656,2.5719186710323906e-16,0.013813639074187135,0.9180774334053952,-3.200758268301524e-16,-0.03659304606234211,1.8846783150606717e-15,5.3664045869591535,1.7626368913942373e-16,-7.761069119496522e-15,2.109561020870799,6.353752838474803e-16,-2.2051469888614036e-16,0.09973663752901821,4.766923169063454e-17,68.71502843912134,4.9864379677523134e-05,-0.008232051958445582,7.131250686580265e-06,5403.705457054995,5411.619546379818,5786.96962491583,5779.50411696002,1.9920183330380605,0.06715498462214271,2.109561020870879,0
0.5020000000000003,2.0,0.0,1.0,0.0,0.009382448474285678,3.721711832145862e-17,1.0047849477651711,0.0731693303311288,2.848280178495686e-16,0.013773327369180485,0.9084941790806087,-3.5688231012009985e-16,-0.03707369123411171,2.101316504577809e-15,5.310969594351161,1.9450042507219552e-16,-7.986390422963718e-15,2.2230655586501493,6.732448229906874e-16,-2.035170109067816e-16,0.0984528489586689,4.792727180768609e-17,68.7054369405333,6.0856033752838945e-05,-0.01005746537501391,6.577143742151311e-06,5402.977808835094,5410.890344002732,5786.890461128885,5779.432385409802,1.9906233024274946,0.07445438501474887,2.2230655586501453,0
0.5220000000000004,2.0,0.0,1.0,0.0,0.010931475601699738,4.318189403289032e-17,1.005059539338811,0.08101340490147275,3.0856250444788337e-16,0.013686926699765015,0.8983615163213786,-3.8894645754576457e-16,-0.03745956954050063,2.2899831690368048e-15,5.252274357310031,2.0962768611324218e-16,-8.276246832407541e-15,2.3349433641240678,7.123915500798588e-16,-3.1966889068776067e-16,0.09692457176525342,4.379429312617135e-17,68.69621819335957,7.114314941012001e-05,-0.011766142363437012,6.005834928744017e-06,5402.287006476229,5410.198331300802,5786.80611096955,5779.355246115762,1.9890749592939811,0.08216144920955758,2.3349433641241375,0
0.5420000000000004,2.0,0.0,1.0,0.0,0.012641652804227618,4.9702415623325706e-17,1.005331903172383,0.08924446597983034,3.412458331475675e-16,0.013555222959759453,0.8876834337493961,-4.297579033214926e-16,-0.03775039976792595,2.5300923195843555e-15,5.190341518550435,2.288840436380976e-16,-8.586975117717311e-15,2.4449243226478536,7.523519188523454e-16,-2.123320082499577e-16,0.09516765164591562,5.445221732213836e-17,68.6873886696944,8.075433015012197e-05,-0.013362807089366336,5.4210124327169105e-06,5401.63281822533,5409.543249864437,5786.718119078727,5779.274237299882,1.9873654996905203,0.09026803851593256,2.4449243226479034,0
0.5620000000000004,2.0,0.0,1.0,0.0,0.014520638360239254,5.686705391817909e-17,1.0056011429452396,0.097854984410743,3.7130880782668005e-16,0.013379119434546848,0.8764650297623506,-4.70937417574393e-16,-0.03794616857129836,2.772297450762301e-15,5.125200474802833,2.476559244906266e-16,-8.806725373743245e-15,2.5527560712024657,8.025896016139461e-16,-2.0469055133827982e-16,0.09319729401409393,6.01264978120585e-17,68.67896420742014,8.971695290545065e-05,-0.0148519801767623,4.82639524666157e-06,5401.015025502855,5408.92485465866,5786.6279672309465,5779.1908337145,1.985487262185211,0.09876537252939728,2.5527560712025372,0
0.5820000000000004,2.0,0.0,1.0,0.0,0.01657593106486019,6.467008964257041e-17,1.0058663817093678,0.10683663066832459,4.03156054021052e-16,0.013159638357521233,0.8647124491453578,-5.131970824988907e-16,-0.038047138576001616,3.0207804525603266e-15,5.056887016685801,2.662660502164514e-16,-8.969420232077734e-15,2.65820328212439,8.616453105559043e-16,-1.6546324937601629e-16,0.09102809145465939,6.725664497919216e-17,68.67095985155868,9.805722982034305e-05,-0.016237989190878356,4.225686218321584e-06,5400.433414559854,5408.342905882429,5786.5370694233125,5779.106441980626,1.983432744427092,0.10764405108625714,2.6582032821243504,0
0.6020000000000004,2.0,0.0,1.0,0.0,0.018814854853323546,7.304352120256048e-17,1.0061267642735887,0.11618033182526959,4.331432429683079e-16,0.012897921202932448,0.8524328221545483,-5.500002227056497e-16,-0.03805385397655527,3.237058644860328e-15,4.98544297935378,2.813089381986358e-16,-9.205046758272675e-15,2.7610469773977693,9.25023954329232e-16,-1.9773257547613688e-16,0.08867404976339609,7.035009061772781e-17,68.66338971137655,0.00010580026710697156,-0.01752497860235598,3.622531786040422e-06,5399.887768864504,5407.797161526576,5786.446767545749,5779.022396474926,1.981194618554755,0.11689407972342655,2.7610469773977186,0
0.6220000000000004,2.0,0.0,1.0,0.0,0.021244544536738484,8.211948573792097e-17,1.0063814595804552,0.12587632608528943,4.699138512279366e-16,0.012595227793803718,0.8396342059776618,-5.996537277276195e-16,-0.037967143739549264,3.5288685256182476e-15,4.910915903449817,3.02094943612464e-16,-9.326199849609013e-15,2.8610838719311107,9.935124552826053e-16,-5.870663194092761e-17,0.08614861264103793,7.825218973167115e-17,68.65626683297305,0.00011297012109914235,-0.018716919256253312,3.020487705007822e-06,5399.377862202791,5407.287370618431,5786.358327624449,5778.939955760495,1.9787657454969239,0.1265048980550078,2.8610838719311564,0
0.6420000000000005,2.0,0.0,1.0,0.0,0.023871932602606474,9.189530039037608e-17,1.0066296630530227,0.1359142149750888,5.040225805237874e-16,0.012252934306278867,0.8263255284798293,-6.476661019961602e-16,-0.03778812252714257,3.810904283956731e-15,4.833358705945274,3.2109919771925933e-16,-9.351811392083762e-15,2.9581257443193634,1.0677035944581083e-15,-4.886836098747166e-18,0.08346468510887835,7.890661416298339e-17,68.64960308701511,0.0001195898516211033,-0.019817617368373407,2.422990136325681e-06,5398.903452475839,5406.813267138531,5786.272936627574,5778.860299553462,1.9761391882121953,0.136465410384495,2.9581257443193336,0
0.6620000000000005,2.0,0.0,1.0,0.0,0.026703737034302483,1.0226811806710448e-16,1.0068705988903521,0.14628301328869314,5.338625890261283e-16,0.011872530253498898,0.8125165341457704,-6.866156262391367e-16,-0.037518189464436594,4.039497817929467e-15,4.752829360496279,3.347023651339058e-16,-9.452909535399243e-15,3.051998833667004,1.1439378706369265e-15,-7.189399980530328e-17,0.0806346557099637,8.532032053453865e-17,68.64340907122785,0.0001256815727781629,-0.02083072306993102,1.83333153228424e-06,5398.464276174352,5406.374564592625,5786.191699819901,5778.784526214667,1.973308223913208,0.1467640179043904,3.0519988336670316,0
0.6820000000000005,2.0,0.0,1.0,0.0,0.029746450105559912,1.1329394388184722e-16,1.007103522292246,0.15697119687385228,5.661416187356927e-16,0.011455614533030529,0.7982177321324458,-7.321660305351701e-16,-0.037159024879320365,4.306804800651391e-15,4.669390586990399,3.5060000290008675e-16,-9.548511057826261e-15,3.1425432611193242,1.2254941149830107e-15,-8.474656603881543e-17,0.07767041755705827,8.374085480966177e-17,68.63769402720003,0.0001312665012747903,-0.021759738520382977,1.2546408064111047e-06,5398.060043508972,5405.970951220187,5786.115638650857,5778.7136507533605,1.9702663553186406,0.1573886519172811,3.142543261119357,0
0.7020000000000005,2.0,0.0,1.0,0.0,0.03300632810776046,1.2501708625004786e-16,1.0073277215954208,0.16796674834733083,6.008152715735172e-16,0.01100389062206734,0.7834403463488377,-7.785217713686783e-16,-0.036712585147320065,4.578715033699049e-15,4.58310954999659,3.6586257481424024e-16,-9.579187690272371e-15,3.229612474817558,1.3105074808321644e-15,-3.5352049783851814e-17,0.07458338828589899,8.821383929246797e-17,68.632465771023,0.00013636500235947896,-0.022608025607144033,6.898673267263276e-07,5397.690434173889,5405.602085818958,5786.045689158621,5778.648603327694,1.9670073209746566,0.16832680760710098,3.229612474817548,0
0.7220000000000005,2.0,0.0,1.0,0.0,0.0364893819695355,1.374407346776575e-16,1.0075425203049941,0.17925720082311683,6.358135887518924e-16,0.010519161004195927,0.768196267482022,-8.28475818696534e-16,-0.03618109577658748,4.871643408062692e-15,4.49405756586686,3.8172102930972144e-16,-9.542554351104877e-15,3.313072717058929,1.4018227176340662e-15,2.2284137705477604e-17,0.0713845289697379,9.335078918570429e-17,68.62773063724667,0.00014099663348846349,-0.023378813249902385,1.417683159982135e-07,5397.355093719842,5405.267594163602,5785.982700871338,5778.590228225039,1.9635251046856843,0.1795655779796658,3.313072717058931,0
0.7420000000000005,2.0,0.0,1.0,0.0,0.04020136872983648,1.5051629598224683e-16,1.007747279006828,0.19082967973489626,6.669910690542113e-16,0.01000332091054436,0.7524980068911011,-8.72669853169252e-16,-0.035567042869669066,5.130553781085722e-15,4.402309818269889,3.9381732273600366e-16,-9.514201783055035e-15,3.3928025125053396,1.4986579041415544e-15,-2.3734606665235133e-17,0.06808436204877828,9.63570649695721e-17,68.62349343560646,0.00014518018579994687,-0.024075204326339215,-3.871007168894885e-07,5397.053630511616,5404.967065995359,5785.9274361851985,5778.539283303655,1.959813944092759,0.1910916876710298,3.3928025125053303,0
0.7620000000000006,2.0,0.0,1.0,0.0,0.04414778382723009,1.6423604609069864e-16,1.007941397147917,0.20267094283153753,7.021450776645556e-16,0.009458351456680487,0.7363586522928964,-9.204041676360467e-16,-0.0348731630991554,5.4101280551888144e-15,4.307945081964785,4.0639260866940416e-16,-9.504467030254524e-15,3.4686921763444105,1.6012228642142274e-15,4.203743392642551e-17,0.06469298832584677,1.0334626585428266e-16,68.61975741995144,0.0001489337234832456,-0.02470018223522735,-8.943928534535197e-07,5396.785613244257,5404.700052558526,5785.880570197905,5778.496439875844,1.9558683384360505,0.20289152638910882,3.4686921763444563,0
0.7820000000000006,2.0,0.0,1.0,0.0,0.04833385416972078,1.7859900206532333e-16,1.0081243146736112,0.21476741842177113,7.295426497228296e-16,0.008886312254778197,0.7197918251655967,-9.615729661767752e-16,-0.03410243233392314,5.650960453158999e-15,4.211045454647585,4.1495261196986194e-16,-9.518991206399997e-15,3.540643341364074,1.699947668862204e-15,-1.1539566041237364e-16,0.06122010307747699,8.79215383867659e-17,68.61652426878429,0.0001522746211271112,-0.025256617112136018,-1.3779742560000343e-06,5396.550568991652,5404.466064658809,5785.84269097526,5778.4622830117705,1.9516830555366649,0.2149511818088971,3.540643341364075,0
0.8020000000000006,2.0,0.0,1.0,0.0,0.052764531950898655,1.9356694209325342e-16,1.0082955135120368,0.22710524194173143,7.642116404913125e-16,0.008289333578371527,0.7028116397988374,-1.009604908614016e-15,-0.03325805305148449,5.9319731412958494e-15,4.111696096724346,4.2532873728085383e-16,-9.621690535113169e-15,3.608568502956938,1.7944766319442315e-15,-6.800648449563924e-17,0.05767501132752501,9.7712751366048e-17,68.6137940768087,0.00015521959912424496,-0.025747271712290312,-1.8359265480636162e-06,5396.347981760523,5404.264571217892,5785.814300227694,5778.437312242109,1.947253138031322,0.2272564717859227,3.60856850295697,0
0.8220000000000006,2.0,0.0,1.0,0.0,0.0574444891796573,2.0918830323180535e-16,1.008454518897593,0.23967029091652467,7.935824062934018e-16,0.007669608154532265,0.6854326639209627,-1.053089494690437e-15,-0.03234344067009959,6.186110073144734e-15,4.009984978882568,4.3259665032895074e-16,-9.74383664813333e-15,3.6723905811233575,1.8906718359117754e-15,-1.85376140156754e-16,0.05406664232845872,8.848445615472035e-17,68.6115653568687,0.0001577847572109868,-0.026174806974518884,-2.2665473340981963e-06,5396.177291522517,5404.094998298097,5785.795814373112,5778.4219426370855,1.9425739088920844,0.2397929757879818,3.6723905811233677,0
0.8420000000000006,2.0,0.0,1.0,0.0,0.0623781128921214,2.254656003963384e-16,1.0086009005268675,0.2524482183844997,8.316761748843318e-16,0.007029382655576046,0.6676698808365091,-1.1051588494592203e-15,-0.03136220893182452,6.4905119466667766e-15,3.9060026373478185,4.421324631250573e-16,-9.899214128083168e-15,3.7320424985927594,1.9817775779246956e-15,-7.094163661699197e-17,0.05040356329357706,9.28117238655445e-17,68.60983505165613,0.00015998560621310185,-0.026541787279669958,-2.6683490836066507e-06,5396.03789369688,5403.9567285705925,5785.787565961893,5778.416506238809,1.9376409762619518,0.25254606547326486,3.732042498592801,0
0.8620000000000007,2.0,0.0,1.0,0.0,0.06756950101577038,2.4244985809265365e-16,1.0087342735417313,0.26542448485041226,8.64000686875032e-16,0.006370948959478853,0.6495386530092556,-1.152195217613725e-15,-0.030318154464695542,6.765186225961322e-15,3.799841936724633,4.4833665587139135e-16,-1.0018291615524787e-14,3.787466774231089,2.078075037642412e-15,-1.3020152527983563e-16,0.046693992421590814,9.249340210770277e-17,68.60859855455911,0.0001618370980720701,-0.026850685416369157,-3.0400565828447e-06,5395.9291390559965,5403.849101200462,5785.789805439634,5778.421253823556,1.9324502376358208,0.26550093436511857,3.787466774231079,0
0.8820000000000007,2.0,0.0,1.0,0.0,0.07302245885704084,2.6018510197626823e-16,1.0088542993357221,0.2785843888311877,9.03544196400901e-16,0.005696635245097321,0.6310546870285203,-1.209318973399156e-15,-0.029215240648827297,7.0989131649526686e-15,3.691597840330587,4.570703949788368e-16,-1.0044532808631426e-14,3.838615130948687,2.178417674369149e-15,1.2228599836432418e-18,0.0429458112532486,9.387814512240125e-17,68.60784973902085,0.00016335365421803086,-0.02710388726653745,-3.380603137681699e-06,5395.850334026108,5403.771412121695,5785.802703223042,5778.436356970224,1.9269978834150525,0.2786426265910549,3.8386151309486767,0
0.9020000000000007,2.0,0.0,1.0,0.0,0.0787404961849375,2.7863401565154874e-16,1.008960686181101,0.29191309605550336,9.394639227955629e-16,0.005008796985078179,0.6122339998987351,-1.260840704752141e-15,-0.0280575809073636,7.399573976757684e-15,3.5813671879397337,4.6222144773342905e-16,-1.0044085638677417e-14,3.8854481173672566,2.2807606128402025e-15,3.181991265292216e-17,0.03916657639799945,9.855452593276574e-17,68.6075809957815,0.0001645491923599545,-0.02730369622266922,-3.6891256935961103e-06,5395.800741355606,5403.722914675322,5785.826352064336,5778.46191041119,1.9212803998626897,0.29195606466718116,3.8854481173672495,0
0.9220000000000007,2.0,0.0,1.0,0.0,0.08472682488437869,2.978132601617e-16,1.0090531896752024,0.30539566737592083,9.719376210051973e-16,0.004309807896034257,0.5930928865947178,-1.3105539479043522e-15,-0.026849421539106355,7.689452291825862e-15,3.4692484808569315,4.65310416218716e-16,-9.987101757331998e-15,3.927934742547125,2.390711288520053e-15,-3.2271180890516956e-17,0.03536353066704281,9.785413132934012e-17,68.60778327737663,0.00016543715175519548,-0.027452337348489095,-3.964959022510919e-06,5395.779581123406,5403.702820583866,5785.860769679535,5778.497934641698,1.9152945714852243,0.30542607631976154,3.927934742547126,0
0.9420000000000007,2.0,0.0,1.0,0.0,0.09098435715415068,3.1767021440480184e-16,1.0091316130058476,0.3190170854498177,1.0079351931158438e-15,0.00360205090219539,0.5736478888274674,-1.3639966820022338e-15,-0.025595124205227412,8.001044005261526e-15,3.355341674247757,4.682874458974703e-16,-9.959470602535159e-15,3.9660521231165964,2.495701543419455e-15,2.4180844585912614e-18,0.03154361364753642,9.509331891732302e-17,68.60844614927382,0.00016603051702485726,-0.02755196129425821,-4.207629112190094e-06,5395.786032060262,5403.710301235553,5785.9059016162355,5778.544378764034,1.9090374828657084,0.31903742034375576,3.9660521231166177,0
0.9620000000000007,2.0,0.0,1.0,0.0,0.09751570422544213,3.382134131119358e-16,1.009195807036676,0.3327622802428796,1.0442327097575086e-15,0.0028879091653223085,0.5539157649677351,-1.4168567417291237e-15,-0.024299148177833872,8.30904829732634e-15,3.239747976650412,4.695787426323437e-16,-9.944413860856918e-15,3.9997851421841153,2.5995268811116313e-15,4.805692438806509e-17,0.027713471751187428,9.664502906658426e-17,68.60955784703476,0.00016634184057609993,-0.027604647977671613,-4.4168458806518336e-06,5395.819233156148,5403.744489252,5785.961624336638,5778.601123542918,1.902506519971974,0.3327748115043984,3.9997851421841335,0
0.9820000000000008,2.0,0.0,1.0,0.0,0.10432317557797831,3.594559176666737e-16,1.009245670214265,0.34661615340644725,1.0775840696257698e-15,0.0021697572302404487,0.5339134610770658,-1.4684863569445425e-15,-0.02296603245332257,8.609674509321101e-15,3.122569656595858,4.689874569603571e-16,-9.919774278243506e-15,4.029126119451085,2.702606988814874e-15,1.1544464665705242e-17,0.023879467768959547,9.298216044705924e-17,68.61110533890091,0.00016638326369191892,-0.02761241004099242,-4.5924953264567395e-06,5395.878285527285,5403.804480313442,5786.02774849201,5778.667984648812,1.895699370962725,0.34662294449259984,4.029126119451098,0
1.0020000000000007,2.0,0.0,1.0,0.0,0.11140877863177286,3.813875824303462e-16,1.0092811482998663,0.36056360157755135,1.1119925266122044e-15,0.0014499523319056553,0.5136580829984572,-1.5194057157077847e-15,-0.02160037782851234,8.905982645373382e-15,3.003909856261239,4.667100271059819e-16,-9.902633028156621e-15,4.054074491978565,2.798700290659247e-15,4.423424796820448e-18,0.020047689962171437,8.534157089711939e-17,68.61307439321075,0.0001661665363483832,-0.027577196094778843,-4.734631215214032e-06,5395.962254516868,5403.88933521599,5786.1040223650625,5778.7447160662105,1.8886140265133309,0.36056651694845426,4.054074491978599,0
1.0220000000000007,2.0,0.0,1.0,0.0,0.1187742188934661,4.0401569194050976e-16,1.0093022339294637,0.3745895386480304,1.1463633617832537e-15,0.0007308259064912725,0.4931668694612303,-1.5730170326183065e-15,-0.02020682903245616,9.217919225158655e-15,2.8838724120790036,4.637702839930756e-16,-9.879403546301574e-15,4.07463650509494,2.889924691253574e-15,-3.3533405459835773e-18,0.016223960718843338,7.788746412084707e-17,68.61544965007073,0.00016570303581709252,-0.02750089375829605,-4.843466393099997e-06,5396.070172004112,5403.998082135949,5786.190135457325,5778.8310136444225,1.881248779682253,0.37459025156969833,4.0746365050949365,0
1.0420000000000007,2.0,0.0,1.0,0.0,0.12642090053711866,4.273668236786993e-16,1.0093089660066592,0.38867891704671836,1.1828275745089378e-15,1.4675345585391078e-05,0.47245716615715194,-1.629003732784806e-15,-0.018790057001642588,9.543624879829493e-15,2.7625616822207264,4.599752106440198e-16,-9.801578358506112e-15,4.090824912963815,2.984916913863644e-15,5.728218383330972e-17,0.012413844802769662,8.669552257011931e-17,68.61821469671472,0.00016500378410984,-0.027385332506444624,-4.919363809475372e-06,5396.201038896817,5404.129719076758,5786.285722199045,5778.926518768836,1.8736022253381999,0.3886789173237668,4.090824912963794,0
1.0620000000000007,2.0,0.0,1.0,0.0,0.13434992740018345,4.51374399933689e-16,1.0093014289336568,0.40281674807630863,1.2161467877827844e-15,-0.0006962439707666426,0.4515464007472765,-1.68069028368469e-15,-0.017354741381121738,9.843997809574847e-15,2.6400823808703056,4.53432517519338e-16,-9.76693850558065e-15,4.102658688362036,3.088394899913748e-15,3.6883570479298444e-17,0.008622657221448489,9.872452883341148e-17,68.62135214600302,0.0001640794643208131,-0.02723228633279116,-4.962827323018352e-06,5396.353827783366,5404.283216474786,5786.390365759805,5779.03082213126,1.8656732591672929,0.4028173497832971,4.1026586883620455,0
1.0820000000000007,2.0,0.0,1.0,0.0,0.14256210437618566,4.760527355351822e-16,1.0092797516862821,0.4169881213441695,1.2504769111622567e-15,-0.0013997263297458444,0.43045205876137416,-1.7340777534499646e-15,-0.0159055533288094,1.0154205587146283e-14,2.516539419196253,4.45848605884674e-16,-9.749128845715805e-15,4.110162741246811,3.201643930484235e-15,4.119088887014885e-17,0.004855470737683182,1.0022853408708337e-16,68.62484371752814,0.0001629404359203271,-0.02704347623804205,-4.974492358628495e-06,5396.527485720722,5404.45751994085,5786.503601938661,5779.1434675784985,1.8574610762787958,0.41699047060566985,4.110162741246815,0
1.1020000000000008,2.0,0.0,1.0,0.0,0.15105793918640023,5.014191637317307e-16,1.0092441067395845,0.4311782233240943,1.2842795159747062e-15,-0.002093623000980681,0.4091916603541864,-1.7851250956118255e-15,-0.014447138694976117,1.0450592824549867e-14,2.39203775292736,4.3617438407318374e-16,-9.724501597514505e-15,4.113367645718601,3.3130026333251543e-15,3.142439570039942e-17,0.0011171230483993288,9.730986183875238e-17,68.62867032081198,0.00016159674905409242,-0.026820572553066836,-4.955116475999437e-06,5396.720937135839,5404.651553115104,5786.624923113375,5779.263956019087,1.848965169427227,0.4311833061775383,4.113367645718581,0
1.1220000000000008,2.0,0.0,1.0,0.0,0.15983764451353097,5.274853914131323e-16,1.0091947088511293,0.44537235508373746,1.3206645277316904e-15,-0.002775849185289192,0.38778273788507445,-1.8416476193881992e-15,-0.012984101643679895,1.0778921191072412e-14,2.2666822364302814,4.263144126562209e-16,-9.670907965829523e-15,4.112309375012584,3.4252923350385375e-15,9.860329703107725e-17,-0.002587776347034134,1.0278248072459023e-16,68.63281214009783,0.00016005815789853353,-0.02656519710533852,-4.905569904805835e-06,5396.933086818594,5404.864220613696,5786.753782229003,5779.391749368743,1.8401853268680215,0.4453810054453762,4.112309375012561,0
1.1420000000000008,2.0,0.0,1.0,0.0,0.1689011404810679,5.542746905453385e-16,1.0091318137095597,0.4595559492103168,1.3549011928838946e-15,-0.0034443905740176935,0.366242814289902,-1.896200472373087e-15,-0.011520988777680236,1.109561492921441e-14,2.140577483181553,4.1443713429718854e-16,-9.540400827209753e-15,4.107029044176308,3.549167582064197e-15,1.1550817730447125e-16,-0.006254839567896894,1.1052802104482668e-16,68.63724872025962,0.00015833413312409884,-0.02627892523742591,-4.826826096231154e-06,5397.162822985333,5405.0944110464025,5786.889596806917,5779.526274515905,1.8311216298632815,0.4595688569529289,4.107029044176264,0
1.1620000000000008,2.0,0.0,1.0,0.0,0.17824805746262576,5.81773844703867e-16,1.009055716456448,0.47371458596505567,1.3927257540753963e-15,-0.004097309499059512,0.3445893822162146,-1.954449255204867e-15,-0.010062273823213978,1.1433837860066664e-14,2.0138277325205314,4.0179293033406887e-16,-9.342097351732287e-15,4.097572660114505,3.682225854817482e-15,2.4453170527719827e-16,-0.009879894042725773,1.1606786046535858e-16,68.64195905337114,0.0001564338735142721,-0.025963287685936042,-4.719952335655191e-06,5397.409020392839,5405.341000085349,5787.031752956195,5779.666927289546,1.8217744498535586,0.4737323051061382,4.097572660114517,0
1.1820000000000008,2.0,0.0,1.0,0.0,0.18787773920615514,6.10052138202247e-16,1.0089667500898036,0.4878340086948084,1.430661662830012e-15,-0.004732750656556051,0.322839883894925,-2.015540612194475e-15,-0.008612342925873975,1.1788595874905432e-14,1.8865367225637342,3.8808444455216216e-16,-8.94597571262918e-15,4.083990878704185,3.81999601758138e-15,4.0164214104946575e-16,-0.01345897645068839,1.1911663697438784e-16,68.64692166549814,0.00015436631678978849,-0.02561977232906657,-4.586100456908287e-06,5397.670543483592,5405.602853565735,5787.179609370106,5779.813076412219,1.8121444453110707,0.48785696568566445,4.083990878704211,0
1.2020000000000008,2.0,0.0,1.0,0.0,0.1977892462584645,6.390096595334592e-16,1.0088652837579415,0.5019001385273576,1.4628182319041942e-15,-0.0053489463901031705,0.30101169172379694,-2.068940431944066e-15,-0.0071754806038457405,1.2098291431488753e-14,1.7588075691551497,3.713227233493351e-16,-8.47199644921705e-15,4.066338768703857,3.959499022311023e-15,4.3873573313627784e-16,-0.01698832689608634,1.2075725170179293e-16,68.65211470329822,0.00015214014968378519,-0.025249825810689682,-4.42649769430812e-06,5397.946249543987,5405.878830600472,5787.332501291344,5779.964067422219,1.80223255828923,0.5019286406265984,4.066338768703851,0
1.2220000000000009,2.0,0.0,1.0,0.0,0.2079813596760004,6.685690555345666e-16,1.0087517209526309,0.5158990883750056,1.4890668749202853e-15,-0.005944221522011512,0.27912208954001194,-2.117059834531106e-15,-0.005755856399743169,1.2377062303522665e-14,1.6307426507214962,3.522262652296728e-16,-7.993859884986874e-15,4.044675582200261,4.098428900369061e-15,3.5417663729978837e-16,-0.02046438329943308,1.1470610253671687e-16,68.65751602003431,0.0001497638173130236,-0.02485485504864303,-4.242437704994905e-06,5398.234991858224,5406.167786691514,5787.489744430566,5780.1192265495865,1.7920400106828835,0.5159333320843543,4.044675582200269,0
1.2420000000000009,2.0,0.0,1.0,0.0,0.2184525850083051,6.986651697749708e-16,1.0086264976106818,0.5298171762692967,1.5150046771735249e-15,-0.006516997723787747,0.2571882545610197,-2.164333043668634e-15,-0.004357512267494404,1.2650858562651652e-14,1.5024434988960687,3.317002079054878e-16,-7.566056228016458e-15,4.019064531354312,4.234083040340838e-15,3.052557005537665e-16,-0.023883775989598746,1.1448579265526787e-16,68.66310326063004,0.00014724553188997795,-0.024436228634658826,-4.035271790674732e-06,5398.5356228414985,5406.468576821653,5787.65063882366,5780.277864531587,1.7815683002132188,0.5298572558050921,4.019064531354342,0
1.262000000000001,2.0,0.0,1.0,0.0,0.2292011565410111,7.292418922985805e-16,1.0084900801332481,0.5436409380480193,1.5395120915006046e-15,-0.007065797419521299,0.2352272399746842,-2.207827895784376e-15,-0.0029843507259382576,1.2902559525723376e-14,1.3740106947698625,3.093867603761372e-16,-7.23176925621425e-15,3.989572571225083,4.369667509248468e-15,2.50467929011991e-16,-0.027243322482529014,1.0998418523510806e-16,68.66885394541757,0.00014459328081777758,-0.023995278133108335,-3.806400344528757e-06,5398.846997137121,5406.780058511484,5787.8144726141745,5780.439280354215,1.7708191961508555,0.5436868538183576,3.9895725712250436,0
1.282000000000001,2.0,0.0,1.0,0.0,0.24022504178563367,7.602845882192111e-16,1.0083429633322414,0.5573571394140371,1.5630701241953474e-15,-0.007589247218265756,0.2132559581614717,-2.2515319641707275e-15,-0.0016401238062001156,1.3155488646324284e-14,1.24554377062426,2.859625353768221e-16,-6.983166190648403e-15,3.9562701884666285,4.496069446851696e-15,1.9557954350860883e-16,-0.030540022433016036,1.0265758063432004e-16,68.67474555225066,0.00014181483420872318,-0.023533299285487284,-3.5572645461864944e-06,5399.167974663174,5407.101094827256,5787.98052574818,5780.602764907192,1.7597947347902645,0.5574088064689491,3.9562701884666747,0
1.302000000000001,2.0,0.0,1.0,0.0,0.25152194620380136,7.917841268198466e-16,1.0081856683132937,0.5709527873840032,1.5834799048317354e-15,-0.008086080873802914,0.19129116453304051,-2.292941888136205e-15,-0.0003284228153855491,1.3395032439508255e-14,1.1171411169955472,2.611569911302349e-16,-6.805927061985869e-15,3.9192311957073613,4.617292576493094e-15,7.553320952406186e-17,-0.03377105274694982,9.926316047270241e-17,68.68075559667899,0.0001389177518667312,-0.023051553127305866,-3.289338324821893e-06,5399.4974235953205,5407.430557326281,5788.148073569886,5780.767604540844,1.7484972146882813,0.5710100438043629,3.9192311957073795,0
1.322000000000001,2.0,0.0,1.0,0.0,0.26308931815390535,8.23755559320306e-16,1.0080187403047207,0.584415141143607,1.6098112182634787e-15,-0.008555141772361517,0.16934944197311175,-2.33906503518607e-15,0.0009473310652183195,1.3662138224871104e-14,0.9888998949180925,2.3579077553714046e-16,-6.654025227715719e-15,3.8785325314355417,4.740176637735685e-15,1.3716966934899377e-16,-0.03693376284237704,1.0537806072552068e-16,68.68686170990188,0.00013590938977094163,-0.022551267023788558,-3.0041206078540223e-06,5399.834223273357,5407.767328927538,5788.3163903071845,5780.9330845142185,1.736929191679137,0.5844777563335044,3.878532531435571,0
1.342000000000001,2.0,0.0,1.0,0.0,0.2749243540484705,8.562184453783028e-16,1.0078427464419006,0.5977317223246987,1.632804381626356e-15,-0.008995384950934968,0.14744718586792416,-2.3823557928022638e-15,0.0021838953334751485,1.3912737894974123e-14,0.8609159531902696,2.0904240071445947e-16,-6.4790235179797906e-15,3.834254065227225,4.866103995759463e-15,1.1862374066732573e-16,-0.040025670048566546,1.0208251980203374e-16,68.69304171424234,0.00013279690609805642,-0.022033635630520194,-2.703127870409881e-06,5400.177267020113,5408.110306696163,5788.484752437291,5781.098492324618,1.725093473678119,0.5977994051717234,3.834254065227251,0
1.362000000000001,2.0,0.0,1.0,0.0,0.2870240037108428,8.891355856920378e-16,1.0076582735164072,0.6108903247184436,1.6550472770858737e-15,-0.009405878650802321,0.12560058971486665,-2.4266905718415905e-15,0.0033782138613991305,1.4169485024201018e-14,0.7332837505048422,1.8133917659906622e-16,-6.325458326896945e-15,3.78647840816486,4.9871055717580545e-15,9.559181707678164e-17,-0.043044455133111864,1.017186615529476e-16,68.69927369590518,0.00012958726681710846,-0.021499821784911444,-2.3878869983449873e-06,5400.525464862259,5408.458404531395,5788.652441923548,5781.263120909801,1.7129931152856637,0.6109627315866322,3.78647840816487,0
1.382000000000001,2.0,0.0,1.0,0.0,0.29938497592005875,9.224643366385036e-16,1.0074659256991276,0.6238790234375463,1.6768507454048831e-15,-0.009785805412698327,0.10382563129909506,-2.4693911407525858e-15,0.004527423725870124,1.4416751908742833e-14,0.606096282284008,1.5250297393860155e-16,-6.244846325074836e-15,3.735290728305798,5.1059060501302765e-15,7.055455314800837e-17,-0.04598795794789537,1.004024401155502e-16,68.70553607480483,0.000126287250891501,-0.020950957334082893,-2.059928475546632e-06,5400.877746143599,5408.810555748582,5788.818749315396,5781.426271714861,1.7006314122034099,0.6239557659585827,3.7352907283058068,0
1.402000000000001,2.0,0.0,1.0,0.0,0.3120037441330129,9.562727069673735e-16,1.0072663222464429,0.6366861835395903,1.7016385886238764e-15,-0.01013446272180931,0.0821380594290162,-2.516424737523708e-15,0.0056288611728863985,1.4689386384498295e-14,0.4794450120582154,1.2291779432126934e-16,-6.116012963182767e-15,3.6807785710696823,5.22969014058996e-15,1.3911602908903973e-16,-0.04885417318549656,1.0486241417228656e-16,68.71180767127109,0.00012290345511902973,-0.020388143904500996,-1.7207799043353379e-06,5401.233062022355,5409.1657155467965,5788.982976704449,5781.587257616819,1.6880118954734757,0.6367668361691495,3.680778571069691,0
1.422000000000001,2.0,0.0,1.0,0.0,0.32487655237326873,9.905510358951894e-16,1.0070600951983708,0.6493004681226278,1.724261822205502e-15,-0.010451263212387216,0.06055338122251286,-2.5589186352202725e-15,0.006680066716799007,1.493560207744006e-14,0.35341980722753064,9.212727671446936e-17,-5.944666561396166e-15,3.623031684423239,5.351294596523869e-15,1.5809043446927402e-16,-0.051641246238346546,1.0085476926191116e-16,68.71806776946197,0.0001194422986413015,-0.01981245361842445,-1.3719598658132738e-06,5401.5903878448735,5409.522863354504,5789.144440530437,5781.745405700701,1.6751383255519756,0.6493845754304595,3.623031684423241,0
1.442000000000001,2.0,0.0,1.0,0.0,0.3379994212760735,1.025253326795305e-15,1.0068478870773556,0.661710845903351,1.7439194917948367e-15,-0.010735734443272697,0.03908684993665168,-2.6008562864616907e-15,0.007678789379397335,1.51786662136943e-14,0.22810887904452445,6.042992028635674e-17,-5.786064103050204e-15,3.562141848749174,5.469995497634067e-15,1.0942623679769663e-16,-0.05434746915361026,9.239061974175133e-17,68.72429617733555,0.00011591002714990357,-0.019224929761950914,-1.0149721253708234e-06,5401.94872538922,5409.881005046723,5789.302474231745,5781.90005988194,1.6620146862275589,0.6617979295677532,3.56214184874915,0
1.462000000000001,2.0,0.0,1.0,0.0,0.3513681542793356,1.060389534053127e-15,1.006630348596151,0.6739065982874578,1.7683185401147765e-15,-0.010987518257004503,0.017753453334386382,-2.64690570445701e-15,0.008622990076991788,1.544582918587015e-14,0.10359872665848358,2.792818908332865e-17,-5.608028680123928e-15,3.4982027112935077,5.5835254468369686e-15,2.1115389087592852e-16,-0.05697127667742739,9.471514919956026e-17,68.73047328305192,0.00011231271681785111,-0.018626587409183725,-6.513001868548329e-07,5402.30710497287,5410.2391750279285,5789.456430736018,5782.0505833705565,1.6486451783955305,0.6739961637671398,3.498202711293484,0
1.482000000000001,2.0,0.0,1.0,0.0,0.36497834395050727,1.0959365119038366e-15,1.0064081363829684,0.6858773259412019,1.7850601937511032e-15,-0.011206369736468474,-0.0034320974175642283,-2.687721415321455e-15,0.009510844166756714,1.5682563567061474e-14,-0.02002591493785361,-5.481340515410534e-18,-5.428209994044112e-15,3.431309625092699,5.692334233534412e-15,1.1441356679112993e-16,-0.059511242382744904,8.654373426597151e-17,68.73658010769854,0.00010865627798131486,-0.0180184140067703,-2.82402197431326e-07,5402.664587419744,5410.596438175907,5789.605684787283,5782.196360973568,1.6350342136979057,0.6859688688001258,3.431309625092697,0
1.5020000000000011,2.0,0.0,1.0,0.0,0.37882537843949154,1.1318413630992196e-15,1.0061819107317849,0.6976129548725841,1.8046704294953922e-15,-0.011392155774198377,-0.024455378324920285,-2.7273649238225124e-15,0.010340743166489686,1.591258266442208e-14,-0.14268212321589027,-3.962663136847567e-17,-5.312123263027574e-15,3.361559492288039,5.79603676831198e-15,1.1351324530709796e-16,-0.06196607487554529,8.451150571386468e-17,68.74259835425057,0.00010494645859501695,-0.017401369922800485,9.029379629932466e-08,5403.020265882572,5410.951891642568,5789.749635106642,5782.336801232779,1.6211864080395424,0.6977059667361615,3.361559492288043,0
1.5220000000000011,2.0,0.0,1.0,0.0,0.39290444804785357,1.16814222260755e-15,1.005952333385371,0.7091037420301878,1.823515597976666e-15,-0.011544853270490514,-0.045302262620914635,-2.7680563270047536e-15,0.011111295664715488,1.614884787312277e-14,-0.26428883282747717,-7.448969290959902e-17,-5.181701978604496e-15,3.289050611740558,5.901476572479576e-15,1.0552484370022477e-16,-0.06433461407481406,8.672934967790104e-17,68.74851045269817,0.00010118884748502519,-0.016776388963788927,4.653942417010955e-07,5403.37326751747,5411.30466650853,5789.887706384576,5782.47133839591,1.6071065749903162,0.7091977161541428,3.289050611740579,0
1.5420000000000011,2.0,0.0,1.0,0.0,0.4072105519047749,1.2048214507847423e-15,1.0057200653582803,0.7203402804272896,1.8426126266226085e-15,-0.011664546977439615,-0.0659589303046435,-2.809731274433475e-15,0.011821327440634383,1.6390989847963663e-14,-0.3847668768813217,-1.1007202666492704e-16,-5.052126908284898e-15,3.2138825308644985,6.005925789389294e-15,1.1425570695481605e-16,-0.0666158275620768,8.317533495649355e-17,68.75429960129095,9.738887741910235e-05,-0.016144378863212353,8.415441250345879e-07,5403.722755008379,5411.653929289168,5790.019351103476,5782.599434219734,1.5927997190830978,0.7204347168635442,3.2138825308645496,0
1.5620000000000012,2.0,0.0,1.0,0.0,0.4217385047403365,1.2418537637108727e-15,1.0054857648066893,0.7313135037985856,1.858912088402887e-15,-0.011751427006832946,-0.08641187716682164,-2.8469978904149206e-15,0.012469880815765912,1.660756179718995e-14,-0.5040390249275164,-1.4609717079591612e-16,-4.951830852489095e-15,3.136155901602086,6.105684804216028e-15,5.630900396328679e-17,-0.06880880699680927,7.866288551460888e-17,68.75994980386746,9.355182801434013e-05,-0.01550622174481822,1.21743067107087e-06,5404.067927939773,5411.998883290445,5790.144051189844,5782.720579604632,1.5782710290171276,0.7314079141456297,3.1361559016021068,0
1.5820000000000012,2.0,0.0,1.0,0.0,0.4364829437468617,1.279225411750831e-15,1.0052500849515988,0.7420146907966464,1.875412127585075e-15,-0.011805786020570704,-0.10664792330685768,-2.886049738189489e-15,0.013056213261404628,1.6834701051544016e-14,-0.6220300177943117,-1.8276186799041276e-16,-4.8910943047092144e-15,3.0559723404661976,6.201274367477198e-15,1.1520178537041617e-17,-0.07091276459444446,7.233548163598346e-17,68.7654459032552,8.968282849982437e-05,-0.014862774563676637,1.5917867017452773e-06,5404.408024016788,5412.338769813699,5790.261319496208,5782.8342960606105,1.5635258707762012,0.7421086025249986,3.055972340466239,0
1.6020000000000012,2.0,0.0,1.0,0.0,0.4514383355191906,1.3169265026439952e-15,1.005013672061543,0.7524354687350593,1.8935045344979923e-15,-0.011828016122903623,-0.12665422114504377,-2.9265133906649814e-15,0.013579795287977266,1.7070233564847136e-14,-0.7386665994170564,-2.2006615839600931e-16,-4.8810167403623344e-15,2.9734342925810435,6.2885054739987605e-15,1.6068623491052805e-17,-0.07292702966409963,7.043335734457488e-17,68.77077361074309,8.578686035175901e-05,-0.014214869527706281,1.9633936590182833e-06,5404.742320132637,5412.672869209172,5790.370701113532,5782.940137005509,1.5485697806708987,0.7525284290815544,2.973434292581006,0
1.6220000000000012,2.0,0.0,1.0,0.0,0.46659898306489517,1.3549794031559227e-15,1.0047771635005462,0.762567816885125,1.9095244347480953e-15,-0.011818605474303913,-0.14641826293360738,-2.9654626242333556e-15,0.014040307644278386,1.7297095423145275e-14,-0.8538775457946959,-2.57768631525455e-16,-4.884259052730177e-15,2.8886448996540515,6.367177932444677e-15,-4.002019065770531e-17,-0.07485104520350423,5.82256745632571e-17,68.77591953164318,8.186875981548424e-05,-0.01356331450217696,2.3310842982069895e-06,5405.070133283752,5413.000501778724,5790.471774515386,5783.037688896707,1.533408458313937,0.7626593963128644,2.8886448996540253,0
1.6420000000000012,2.0,0.0,1.0,0.0,0.48195903287558106,1.393318570663202e-15,1.0045411858466762,0.7724040693329339,1.924801331249393e-15,-0.011778134647209674,-0.16592788777038237,-3.0023088987730246e-15,0.014437637856214242,1.751185843477761e-14,-0.9675936912043119,-2.9572088018228016e-16,-5.007152377851603e-15,2.8017078718147825,6.435255454737044e-15,-1.1989379838558138e-16,-0.07668436454894235,4.9741142042254535e-17,68.7808711869748,7.793322032864408e-05,-0.012908893399462436,2.6937450588061013e-06,5405.390821333855,5413.32102852886,5790.564152535917,5783.126572198228,1.5180477595375366,0.7724938645567637,2.801707871814734,0
1.6620000000000013,2.0,0.0,1.0,0.0,0.497512482050559,1.4319905137527452e-15,1.0043063530861303,0.7819369174036696,1.9396147855320625e-15,-0.011707272744214061,-0.18517128811894568,-3.0413614088324905e-15,0.014771876136181101,1.7739660759296648e-14,-1.079747951799127,-3.342869022266066e-16,-5.187376473077778e-15,2.712727363259141,6.492827599428084e-15,-2.2809544047615874e-16,-0.07842664807832041,3.623068193047817e-17,68.78561703131655,7.398479485821224e-05,-0.012252366556105211,3.050318120626008e-06,5405.703783628594,5413.633851775681,5790.647483183957,5783.20644218566,1.502493689261547,0.7820245539839913,2.7127273632591025,0
1.6820000000000013,2.0,0.0,1.0,0.0,0.5132531854643066,1.470981133459501e-15,1.0040732648873756,0.7911594116600426,1.9568673152320642e-15,-0.011606773299503947,-0.2041370158391992,-3.080466474508065e-15,0.01504331069552288,1.7967943204606306e-14,-1.1902753467100495,-3.732432254415297e-16,-5.4665631681923785e-15,2.6218078516389265,6.540073606700093e-15,-2.8510972959935043e-16,-0.08007765996574291,3.196326217957523e-17,68.79014646688617,7.002789816298149e-05,-0.011594471099045595,3.3998031537293e-06,5406.008461463053,5413.938415604032,5790.721450296361,5783.276989591844,1.4867523943208814,0.7912445461705824,2.621807851638897,0
1.7020000000000013,2.0,0.0,1.0,0.0,0.5291748629692793,1.5103039254984319e-15,1.0038425049594497,0.8000649634818692,1.9729093332064854e-15,-0.011477469984504093,-0.22281398773256877,-3.1195239046227793e-15,0.015252422493664108,1.8196123627250315e-14,-1.2991130167653604,-4.125399087702724e-16,-5.850911960039842e-15,2.529054021138687,6.580695294647765e-15,-4.075569208746493e-16,-0.08163726498622109,2.3177755135490683e-17,68.79444985391989,6.606680899128793e-05,-0.01093592130266995,3.741258771378294e-06,5406.304338404861,5414.234206183507,5790.785774033939,5783.3379410967345,1.470830156260675,0.8001472852597138,2.5290540211387222,0
1.7220000000000013,2.0,0.0,1.0,0.0,0.5452711066257723,1.5500182683699185e-15,1.003614639498106,0.8086473462339431,1.996238545032725e-15,-0.011320272138739545,-0.2411914906062269,-3.1658324676997944e-15,0.015399879458487285,1.8466778430221026e-14,-1.4062002409375087,-4.531813967194439e-16,-6.285547523921605e-15,2.4345706491831254,6.617495013974775e-15,-3.6491308102644952e-16,-0.0831054253693516,2.028857318625131e-17,68.79851851743453,6.21056722234457e-05,-0.01027740893814636,4.073803695641353e-06,5406.590940476179,5414.520751944537,5790.840211223941,5783.389059665255,1.4547333841073788,0.8087265787226816,2.434570649183134,0
1.7420000000000013,2.0,0.0,1.0,0.0,0.56153538795068,1.590208669887034e-15,1.0033902157230663,0.81690069602953,2.019788337790957e-15,-0.011136160146909024,-0.25925918586102525,-3.2135268795150937e-15,0.015486530213337686,1.874569899343555e-14,-1.5114784506203138,-4.944593493059277e-16,-6.681398835852176e-15,2.3384624967196026,6.64945116050251e-15,-3.5333293446256635e-16,-0.08448219770099728,1.7739830719172384e-17,68.80234475046613,5.814850096731755e-05,-0.00961960361633497,4.396617645886568e-06,5406.867836198197,5414.797623618172,5790.8845555533135,5783.430144737397,1.438468607123857,0.8169765977286915,2.3384624967195395,0
1.7620000000000013,2.0,0.0,1.0,0.0,0.5779610651771473,1.6308617018806122e-15,1.0031697605092291,0.8248195120970068,2.0429760612336876e-15,-0.010926180683058078,-0.27700711360813035,-3.2618795805087697e-15,0.015513397346684825,1.9028643500773314e-14,-1.6148912418340873,-5.362545303003734e-16,-7.1016276261592885e-15,2.2408342020212277,6.678948120630516e-15,-3.9150812663665e-16,-0.08576772987216234,1.2021097940180341e-17,68.80592181388901,5.419917861316357e-05,-0.008963153125395225,4.708941960814519e-06,5407.134636502246,5415.064434143585,5790.918637617438,5783.461032275167,1.4220424675563663,0.8248918771331568,2.2408342020212206,0
1.7820000000000014,2.0,0.0,1.0,0.0,0.5945413905172587,1.6720192080492977e-15,1.0029537791142642,0.832398656757393,2.0702780608704577e-15,-0.010691441842565296,-0.2944256963196934,-3.3142516714665353e-15,0.01548167026096673,1.9335221992617453e-14,-1.7163843854504124,-5.791300864975284e-16,-7.525734982219034e-15,2.1417901779568917,6.70315861734708e-15,-3.5484908278057007e-16,-0.08696225807440523,6.712627263256814e-18,68.80924393292729,5.026146085473686e-05,-0.00830868376404943,5.010079965022638e-06,5407.390994511929,5415.320838447659,5790.942324829306,5783.481594671292,1.4054617133811282,0.8324673150942234,2.1417901779568207,0
1.8020000000000014,2.0,0.0,1.0,0.0,0.6112695174200754,1.7137314188292205e-15,1.0027427540046068,0.8396333550207623,2.098477075174633e-15,-0.010433108182402425,-0.3115057420192624,-3.3690133711175127e-15,0.015392697637478147,1.965593044015395e-14,-1.8159058355226665,-6.228616462431188e-16,-7.916484451398639e-15,2.0414345126752975,6.727475809164253e-15,-3.289271098790486e-16,-0.08806610384124476,8.222053527791136e-18,68.81230629048008,4.633897768174386e-05,-0.007656800671320995,5.299397091388598e-06,5407.6366052010535,5415.566533101391,5790.955521194427,5783.491740524944,1.3887331910580234,0.8396981723272757,2.041434512675361,0
1.8220000000000014,2.0,0.0,1.0,0.0,0.6281385078174826,1.756055000643236e-15,1.0025371437814696,0.8465191938097716,2.1295664911554914e-15,-0.010152395689815456,-0.3282384470180082,-3.4277936435694017e-15,0.0152479795543604,2.0000276409327397e-14,-1.9134057358025816,-6.677896904769468e-16,-8.225031820407063e-15,1.9398708736504844,6.7507219984044e-15,-2.5685195153742617e-16,-0.08907967113512748,6.35852683372305e-18,68.81510501738738,4.2435235347727895e-05,-0.007008088153421605,5.5763207709088105e-06,5407.871204932376,5415.801255858069,5790.958166957004,5783.4914142899215,1.3718638382987618,0.8465800710072192,1.9398708736504466,0
1.8420000000000014,2.0,0.0,1.0,0.0,0.6451413393504862,1.798937661986886e-15,1.0023373822080823,0.8530521208188023,2.1565291084072197e-15,-0.009850566699188691,-0.3446153982032427,-3.4814999541814143e-15,0.015049159294790507,2.0315208285932218e-14,-2.008836424517621,-7.121217344799162e-16,-8.569637943979924e-15,1.8372024150369697,6.770430161032212e-15,-3.2924022746646243e-16,-0.09000344347960068,1.7651959097709606e-18,68.81763717977147,3.8553618317646854e-05,-0.006363110008340149,5.840340101665908e-06,5408.094570882499,5416.024785078511,5790.950238123182,5783.480595801043,1.3548606768566949,0.853108993328374,1.8372024150370492,0
1.8620000000000014,2.0,0.0,1.0,0.0,0.6622709125687657,1.8424304778355808e-15,1.002143877338983,0.859228443017485,2.189266457480148e-15,-0.009528924776412736,-0.3606285748861122,-3.5438059589381556e-15,0.01479801488238527,2.0680512983476926e-14,-2.1021524374784835,-7.585870786903688e-16,-8.902742148866223e-15,1.7335316882828231,6.790621902283938e-15,-2.700566666365617e-16,-0.0908379811364091,5.861962238724688e-18,68.8199007635931,3.469739119707535e-05,-0.005722409848565076,6.091005308918925e-06,5408.30652035841,5416.236939048792,5790.931745867311,5783.459299684665,1.3377308053452486,0.8592812797318734,1.7335316882827714,0
1.8820000000000014,2.0,0.0,1.0,0.0,0.6795200580964688,1.886590447299615e-15,1.0019570107518019,0.86504482480763,2.2220903258864408e-15,-0.009188809589580876,-0.37627035021574984,-3.603286587585609e-15,0.014496450380614392,2.1029522996798093e-14,-2.1933105095807,-8.048238450355157e-16,-9.167981460474636e-15,1.6289605559493625,6.8121370580100795e-15,-2.3820887834110345e-16,-0.09158391832728109,4.207903404380803e-18,68.82189465656728,3.0869700647306116e-05,-0.005086511422268702,6.327927008250627e-06,5408.506910011396,5416.437575196166,5790.9027358274,5783.427574659387,1.3204813920917766,0.8650936268104955,1.6289605559493372,0
1.9020000000000015,2.0,0.0,1.0,0.0,0.6968815437574204,1.9313650773755534e-15,1.0017771368816126,0.870498285842857,2.2530534594192603e-15,-0.008831591784287832,-0.39153349216758104,-3.663631789836745e-15,0.014146486992660846,2.1383769055030867e-14,-2.2822695747591593,-8.515569739783615e-16,-9.480649820474526e-15,1.523590108686388,6.8289961091002965e-15,-2.861254101945348e-16,-0.09224196050020804,-2.5930799831862694e-18,68.8236186275873,2.707357728557381e-05,-0.004455918933183999,6.550775283837327e-06,5408.695634954177,5416.626589208949,5790.863287296045,5783.385502733206,1.3031196680334236,0.8705430849009121,1.5235901086863235,0
1.9220000000000015,2.0,0.0,1.0,0.0,0.7143480816531024,1.9768278469925015e-15,1.0016045824575592,0.8755861985204756,2.2901743734008195e-15,-0.008458667881207835,-0.40641116411388434,-3.729841895702725e-15,0.013750253997725365,2.177243846976104e-14,-2.3689907644494816,-8.999617650276748e-16,-9.754795147101555e-15,1.4175205853120834,6.8432578821665216e-15,-1.8632590125985113e-16,-0.09281288164004928,1.8384879766309806e-18,68.82507330380842,2.3311937573784263e-05,-0.0038311173593184923,6.759278593926818e-06,5408.872627787289,5416.803914066341,5790.813512313221,5783.333198303407,1.2856529196614153,0.8756270553733834,1.4175205853121993,0
1.9420000000000015,2.0,0.0,1.0,0.0,0.7319123351869565,2.023025494913493e-15,1.0014396460411283,0.8803062851554049,2.327253193233032e-15,-0.008071455212988948,-0.42089692498509046,-3.797015067594286e-15,0.013309979559161446,2.2166921704454752e-14,-2.4534374046053573,-9.489099674226266e-16,-9.941609493712891e-15,1.310851295946882,6.86098450163194e-15,-1.1074183100719665e-16,-0.09329752162330664,2.050124240700151e-18,68.82626014554663,1.9587585695637857e-05,-0.003212572770570735,6.9532225154734815e-06,5409.037857540776,5416.969518984251,5790.753554667422,5783.270807165667,1.2680884820199738,0.8803432876289592,1.3108512959468184,0
1.9620000000000015,2.0,0.0,1.0,0.0,0.7495669260287623,2.069932576160371e-15,1.0012825976650943,0.8846566148461673,2.3614274625502093e-15,-0.007671386916820087,-0.43498472903069985,-3.862842015301202e-15,0.01282798143918339,2.255373360194599e-14,-2.535575011316554,-9.97770161153313e-16,-1.0104210135386724e-14,1.2036805481507804,6.875336611375557e-15,-1.340768975251677e-16,-0.09369678361691647,-6.248033926852155e-18,68.82718141914785,1.5903215422222043e-05,-0.002600732645248942,7.132448339901381e-06,5409.1913285373685,5417.123408283164,5790.683588811722,5783.198505438807,1.2504337317658738,0.884689875814292,1.2036805481508106,0
1.9820000000000015,2.0,0.0,1.0,0.0,0.7673044410130434,2.1175594304439943e-15,1.001133678571858,0.8886356000432024,2.3971463947025274e-15,-0.007259906998312267,-0.44866892518905455,-3.929030427365912e-15,0.012306657654067948,2.2942838508562503e-14,-2.615371285067999,-1.0469044311879315e-15,-1.0242367058724296e-14,1.0961055760137568,6.8857747841731955e-15,-1.2630403531018458e-16,-0.09401163152090236,-1.113702678324104e-17,68.82784016798625,1.2261411966584932e-05,-0.0019960261854318788,7.296851531808408e-06,5409.333079183403,5417.2656201843165,5790.603818701286,5783.116498411726,1.2326960802944373,0.8886652552641893,1.0961055760138199,0
2.002000000000001,2.0,0.0,1.0,0.0,0.7851174389656629,2.1658946941600786e-15,1.0009931010495805,0.8922419928299546,2.4335875003694108e-15,-0.006838465481589156,-0.46194425607555745,-3.995795060467653e-15,0.011748477102929462,2.3335485840083856e-14,-2.692796103676392,-1.0963211514148733e-15,-1.0390045776691883e-14,0.9882224721491432,6.889060656647553e-15,-1.1176445049628497e-16,-0.09424308745472158,-1.7150337292497392e-17,68.82824018174917,8.664653826902306e-06,-0.0013988646310606032,7.4463800622478625e-06,5409.463180693621,5417.396225540273,5790.514476558948,5783.025019319044,1.2148829669375747,0.8922681986820508,0.9882224721490195,0
2.021999999999999,2.0,0.0,1.0,0.0,0.8029984574529803,2.2149736738373747e-15,1.000861048364235,0.8954748809273686,2.4710765551986365e-15,-0.006408513659708443,-0.4748058565992499,-4.066353010019733e-15,0.011155970202161466,2.3750460772641574e-14,-2.7678215139370503,-1.1468815372710066e-15,-1.0502686887626624e-14,0.8801261225399951,6.8911518625038394e-15,-7.692079475781479e-17,-0.09439222928711409,-1.6519223207893587e-17,68.82838596416764,5.115314617426164e-06,-0.000809641572608518,7.581032628094886e-06,5409.58173575617,5417.515326506152,5790.415821575425,5782.9243280519595,1.1970018522392647,0.8954978120683554,0.8801261225401229,0
2.0419999999999967,2.0,0.0,1.0,0.0,0.820940019448157,2.264801011324853e-15,1.0007376747854226,0.8983336834325943,2.508607961675225e-15,-0.005971499458738937,-0.487249252217981,-4.1346444675240595e-15,0.01053171955662465,2.4152366589847385e-14,-2.8404217220103574,-1.1968562150710444e-15,-1.0583955032299983e-14,0.7719101441887296,6.891510816600009e-15,-4.814606910004951e-17,-0.09446018820924879,-1.4864188591594466e-17,68.82828269934994,1.615664886830904e-06,-0.00022873326214006433,7.700856768791793e-06,5409.688877143966,5417.623055157617,5790.308138550702,5782.8147098108,1.1790602113136552,0.8983535304073549,0.7719101441885691,0
2.0619999999999945,2.0,0.0,1.0,0.0,0.8389346399094141,2.315430900251265e-15,1.000623105703535,0.9008181463028422,2.5491703908502685e-15,-0.005528862928003305,-0.49927035684266285,-4.209504087817217e-15,0.009878350697527996,2.4592804651379633e-14,-2.910573082573921,-1.2487546947153732e-15,-1.0551365554934644e-14,0.6636668255205864,6.895422085143218e-15,6.141668039786617e-17,-0.09444814635092047,-1.5903179533487327e-17,68.82793621687541,-1.8321260778154037e-06,0.0003435010774546298,7.80594689146141e-06,5409.784766278552,5417.719572061771,5790.191736483096,5782.696473705724,1.1610655272907726,0.9008351131221326,0.6636668255204462,0
2.0819999999999923,2.0,0.0,1.0,0.0,0.856974832265268,2.3668282873303824e-15,1.0005174378356192,0.902928337595445,2.58791939702414e-15,-0.005082031868162154,-0.5108654704013795,-4.281229494992926e-15,0.009198522915790082,2.5015091006812114e-14,-2.9782540867638714,-1.2997074534849761e-15,-1.045920671725033e-14,0.5554870694917253,6.897266651429928e-15,1.285483105138236e-16,-0.09435733443953073,-1.4819736302522563e-17,68.82735295580328,-5.225988461110344e-06,0.0009067189452860487,7.896442215210942e-06,5409.869591752605,5417.80506480698,5790.066947112386,5782.5699513118825,1.143025284854594,0.9029426393081583,0.5554870694915166,0
2.10199999999999,2.0,0.0,1.0,0.0,0.8750531148019883,2.418974383528291e-15,1.0004207395170597,0.9046646424752812,2.6243670079040583e-15,-0.004632417607975479,-0.5220312760743269,-4.351437833688248e-15,0.008494920218422143,2.5428659903723376e-14,-3.043445348925998,-1.3500880698978788e-15,-1.0327028417265269e-14,0.44746033935313506,6.89490173598113e-15,1.4194254415270953e-16,-0.0941890295015464,-1.8018512182115175e-17,68.82653992775013,-8.56395014641924e-06,0.0014605942576030547,7.97252464515832e-06,5409.943567817049,5417.87974649762,5789.934123423357,5782.435495185368,1.1249469638780532,0.9046765027554452,0.4474603393531433,0
2.121999999999988,2.0,0.0,1.0,0.0,0.8931620169487507,2.4718618776089566e-15,1.000333051075996,0.9060277580007818,2.66177757327226e-15,-0.004181410939721625,-0.5327648372107742,-4.422449822342922e-15,0.007770242434213455,2.5847061860178097e-14,-3.1061295921953658,-1.4005395293432835e-15,-1.0146518609834469e-14,0.3396746070218903,6.897724514087306e-15,2.0140073339290083e-16,-0.09394455260609383,-1.1841270304379012e-17,68.82550467918672,-1.1844134959712185e-05,0.0020048170454976103,8.0344165863062e-06,5410.0069328386835,5417.94385421959,5789.79363811599,5782.293477346094,1.1068380331593133,0.9060374067693729,0.33967460702230545,0
2.1419999999999857,2.0,0.0,1.0,0.0,0.9112940854561808,2.5254313515325002e-15,1.0002543852872021,0.9070186876997873,2.6942018250865652e-15,-0.0037303782224001212,-0.5430635939393968,-4.488276571285086e-15,0.007027196493633545,2.623528191685476e-14,-3.1662916329209576,-1.4490819411513761e-15,-9.996843626518218e-15,0.2322163040116934,6.894172222928151e-15,1.340960646102147e-16,-0.09362526665031631,-2.1786954988185978e-17,68.82425525310204,-1.5064760932004163e-05,0.0025390931554394366,8.08237870729077e-06,5410.059947734155,5417.997647482358,5789.645882048392,5782.144287733663,1.088705944263449,0.9070263588001876,0.2322163040115654,0
2.1619999999999835,2.0,0.0,1.0,0.0,0.9294418904642077,2.5797149942449834e-15,1.0001847279019749,0.9076387359465395,2.729470891264333e-15,-0.003280657660985452,-0.5529253594834709,-4.558076731013573e-15,0.006268487906541399,2.6646839491559112e-14,-3.2239183639503146,-1.4985730442487962e-15,-9.80620153002065e-15,0.1251702748751153,6.88719059666599e-15,1.659603869888033e-16,-0.09323257418607725,-2.3466560336219056e-17,68.82280015017929,-1.8224138582172573e-05,0.0030631439528958845,8.116707663412356e-06,5410.102894385887,5418.041406643152,5789.491262658425,5781.988332642132,1.0705581254734593,0.9076446648911239,0.1251702748759353,0
2.1819999999999813,2.0,0.0,1.0,0.0,0.947598031455375,2.6346594050184197e-15,1.000124038250435,0.9078895021510855,2.7611284097018167e-15,-0.002833555769140553,-0.5623483161925267,-4.623882254547594e-15,0.005496812459848433,2.7035144843393835e-14,-3.2789987367877216,-1.546358639891635e-15,-9.638489922845017e-15,0.018619733110429488,6.876525978766829e-15,1.1516630125443247e-16,-0.0927679152875642,-2.830747221439e-17,68.82114828962509,-2.132066921998488e-05,0.0035767060292880635,8.13773378836523e-06,5410.136074045522,5418.075431318787,5789.330202369901,5781.826033139488,1.0524019758543262,0.9078939239550196,0.018619733103348333,0
2.201999999999979,2.0,0.0,1.0,0.0,0.9657551430899833,2.690260019336783e-15,1.0000722499124926,0.9077728747723466,2.7948732116624567e-15,-0.0023903440219488273,-0.5713310113021433,-4.691014568202253e-15,0.004714848155896709,2.7431294886762617e-14,-3.3315237426384408,-1.5941230417037437e-15,-9.4806637983196e-15,-0.08735378051353376,6.86277269036894e-15,1.3939038814285317e-16,-0.09223276545931253,-3.146646528579067e-17,68.819308969789,-2.435284327235465e-05,0.004079530912524489,8.1458187634142e-06,5410.159805730212,5418.1000387904705,5789.163136988976,5781.6578234774215,1.034244859433621,0.9077760218892068,0.08735378051252023,0
2.221999999999977,2.0,0.0,1.0,0.0,0.9839059009196575,2.7464818437918734e-15,1.0000292714536094,0.9072910251660367,2.82562001975681e-15,-0.0019522557043771208,-0.5798723524336035,-4.757189299778856e-15,0.0039252474108516,2.782192094717618e-14,-3.3814863923506433,-1.6410430611411664e-15,-9.372169736434915e-15,-0.19267043726050054,6.8418605153775175e-15,9.609445489801191e-17,-0.09162863358413337,-3.160989168068335e-17,68.81729182870659,-2.7319238632164844e-05,0.0045713847813345105,8.14135327261764e-06,5410.174424616973,5418.115562406699,5788.99051409626,5781.4841494968705,1.0160940995019658,0.9072931255383637,0.19267043725967264,0
2.2419999999999747,2.0,0.0,1.0,0.0,1.0020430269761609,2.8033613545953794e-15,0.9999949872213996,0.9064464012785471,2.8597676278649396e-15,-0.0015204829603458253,-0.5879716028451555,-4.824891708249274e-15,0.0031306295309345045,2.8221545331617837e-14,-3.4288816952661216,-1.6879181926353653e-15,-9.23960884422311e-15,-0.29725215740322714,6.8160520470015725e-15,1.5546287219832141e-16,-0.09095705991040162,-4.09456855374129e-17,68.81510680469468,-3.0218519031925733e-05,0.005052048183608573,8.124754652283725e-06,5410.180280440123,5418.12234998931,5788.812791439969,5781.305467034619,0.9979569730364288,0.9064476765149004,0.2972521574037359,0
2.2619999999999725,2.0,0.0,1.0,0.0,1.0201592952324947,2.8608849401988895e-15,0.999969258198998,0.9052417211978033,2.892568958418572e-15,-0.001096174046462004,-0.595628376446613,-4.894046581763411e-15,0.0023335734828820323,2.862971907769131e-14,-3.4737066369906344,-1.7346885161900729e-15,-9.089462886338904e-15,-0.4010226449180782,6.785082845584877e-15,1.976373609260523e-16,-0.09021961407813595,-3.5806079348854e-17,68.81276409712271,-3.304943244239166e-05,0.005521315758931746,8.096464542359974e-06,5410.177735896609,5418.120762247427,5788.630435335258,5781.122240336041,0.9798407052497563,0.9052423848863361,0.40102264491782375,0
2.2819999999999703,2.0,0.0,1.0,0.0,1.038247536933544,2.9190610159628264e-15,0.9999519229110739,0.903679966571976,2.923232486233551e-15,-0.0006804307936635235,-0.6028426325889881,-4.960203462527227e-15,0.001536610973534103,2.9020394648677713e-14,-3.515960156094555,-1.779721405187014e-15,-8.886749404653295e-15,-0.5039074199417903,6.756860187947315e-15,1.9522175848575455e-16,-0.08941789318327369,-3.911999749916456e-17,68.8102741274797,-3.5810809497196696e-05,0.0059789959654732135,8.056946547389353e-06,5410.16716506393,5418.1111712039765,5788.443919074683,5780.934940478914,0.96175246426812,0.9036802227389912,0.5039074199417546,0
2.301999999999968,2.0,0.0,1.0,0.0,1.0563006457937443,2.9778425490072117e-15,0.9999427983783027,0.9017643759067826,2.95219919699101e-15,-0.0002743062792299606,-0.6096146706407825,-5.025653606565695e-15,0.0007422198519732015,2.940695956608075e-14,-3.555643119754774,-1.823756549610434e-15,-8.685101364973992e-15,-0.6058338490338006,6.7269348064836e-15,1.6699130231857697e-16,-0.08855351987952316,-4.081465970486803e-17,68.80764750085036,-3.8501561944290426e-05,0.00642491081136597,8.006683913892623e-06,5410.148951835037,5418.093958639126,5788.253721354534,5780.744043812971,0.9436993559398722,0.9017644176271783,0.6058338490337488,0
2.321999999999966,2.0,0.0,1.0,0.0,1.0743115830594576,3.037190602704686e-15,0.9999416811160625,0.8994984377519468,2.9807698622473856e-15,0.00012119728915220977,-0.6159451243624791,-5.0884874236628244e-15,-4.718215379435927e-05,2.9778224304799923e-14,-3.5927582983491297,-1.866033871120324e-15,-8.524670291039966e-15,-0.7067311732868041,6.6927470559311614e-15,1.4755155736591186e-16,-0.08762814051716647,-4.000264648778501e-17,68.80489496791007,-4.1120681124094056e-05,0.00685889559069276,7.946177231007063e-06,5410.123488374511,5418.069514554944,5788.060324721582,5780.550030419761,0.9256884187776033,0.899498445916932,0.7067311732868677,0
2.3419999999999637,2.0,0.0,1.0,0.0,1.0922733824339563,3.0971145191103727e-15,0.9999483481731131,0.8968858837871995,3.0095908155752807e-15,0.0005051304763349329,-0.6218349560906481,-5.1543822567731e-15,-0.000829243355115307,3.0167398627589773e-14,-3.627310339015199,-1.9085774939020496e-15,-8.370728876701365e-15,-0.8065305343274805,6.655969981275807e-15,1.478239089516402e-16,-0.08664342331816359,-4.586644551745561e-17,68.8020273875417,-4.366723647536119e-05,0.0072807986241584036,7.875942160669797e-06,5410.091173599999,5418.038235665228,5787.864214044578,5780.353382597047,0.9077266190356003,0.8968860260331544,0.8065305343272623,0
2.3619999999999615,2.0,0.0,1.0,0.0,1.110179154863117,3.1576190825645146e-15,0.9999625582059827,0.8939306818179946,3.037289470576854e-15,0.0008765983094552872,-0.6272854507429518,-5.217300446781448e-15,-0.001601683666815899,3.0539134766999954e-14,-3.659305738186129,-1.949115188836457e-15,-8.198778651902996e-15,-0.9051649982485689,6.613012524644353e-15,1.3264507853684315e-16,-0.08560105658689952,-5.4562614302527346e-17,68.79905569017289,-4.614037406806849e-05,0.007690481004501616,7.796507203281131e-06,5410.052411692791,5418.000523914327,5787.665875014611,5780.154583371877,0.8898208459246191,0.893931111618888,0.9051649982484175,0
2.3819999999999593,2.0,0.0,1.0,0.0,1.1280220931801275,3.2187117643584927e-15,0.9999840525848138,0.890637028690904,3.067822582423011e-15,0.0012347617549768734,-0.6322982096551628,-5.284333023992587e-15,-0.002362299809525098,3.093492540515745e-14,-3.688752813117011,-1.990242221542887e-15,-7.974099267813308e-15,-1.0025695775127248,6.569548635530928e-15,2.209802336996651e-16,-0.08450274695592085,-4.9289922297295846e-17,68.79599084192627,-4.8539315164475135e-05,0.008087816346678014,7.708411504492284e-06,5410.007610641091,5417.95678502853,5787.465792678214,5779.954115046148,0.8719779069657019,0.8906378846152648,1.0025695775125791,0
2.401999999999957,2.0,0.0,1.0,0.0,1.1457954766077127,3.280348609120195e-15,1.0000125565264166,0.8870093431384078,3.0938561874907167e-15,0.0015788389841972842,-0.6368751442611378,-5.345604872870021e-15,-0.0031089701438984673,3.1296949587908116e-14,-3.7156616724165277,-2.0282014415940645e-15,-7.744113738503022e-15,-1.09868125086783,6.519376550744268e-15,2.0228381775645612e-16,-0.08335021766599146,-5.753820716491382e-17,68.79284380966988,-5.086335480664439e-05,0.008472690542803682,7.612202708302883e-06,5409.957180819391,5417.9074271034315,5787.264450006891,5779.752457778349,0.8542045234845757,0.8870107482704862,1.098681250867984,0
2.421999999999955,2.0,0.0,1.0,0.0,1.163492675116564,3.3425082199571166e-15,1.0000477802503238,0.8830522585625578,3.119668086766676e-15,0.001908106429041832,-0.6410184696264766,-5.407902623970329e-15,-0.003839659131835917,3.166492184103533e-14,-3.7400441855996647,-2.0654945725763104e-15,-7.514914970032422e-15,-1.1934389813126767,6.4659742413643725e-15,2.031824045170121e-16,-0.08214520687981552,-5.853816682859722e-17,68.78962552704934,-5.311186043192084e-05,0.008845001521834397,7.508434861347215e-06,5409.901533607129,5417.852859230342,5787.06232650656,5779.550088204898,0.83650732624801,0.8830543200860177,1.1934389813127784,0
2.4419999999999527,2.0,0.0,1.0,0.0,1.1811071536388589,3.4051882587330637e-15,1.0000894201536767,0.878770615766727,3.145123500368323e-15,0.002221899630585707,-0.6447306978463918,-5.471399127349719e-15,-0.004552421421103593,3.203984379718049e-14,-3.761913951678809,-2.1021540254595155e-15,-7.263221086073099e-15,-1.2867837321511828,6.411571843200368e-15,2.1770767786223489e-16,-0.08088946602877073,-5.864051551367986e-17,68.78634686157719,-5.528427051401323e-05,0.009204659013918067,7.397666372933324e-06,5409.84108004955,5417.793490164746,5786.859896870042,5779.347478104227,0.8188928512433207,0.8787734247079853,1.2867837321513143,0
2.4619999999999505,2.0,0.0,1.0,0.0,1.1986324761359284,3.468371873314197e-15,1.0001371600008293,0.8741694556443869,3.171691766184863e-15,0.002519613883339584,-0.6480146313180682,-5.53305146455192e-15,-0.005245405551077612,3.2403884621832566e-14,-3.781286266811848,-2.136971340511641e-15,-6.988343378967859e-15,-1.3786584811725613,6.35431363755145e-15,2.879062990837194e-16,-0.07958475819200746,-6.090779909678154e-17,68.78301858285015,-5.738009323030161e-05,0.009551584319330937,7.280458034921326e-06,5409.776229563522,5417.72972703949,5786.657629675679,5779.145093106656,0.8013675356020478,0.8741730867715642,1.37865848117244,0
2.4819999999999482,2.0,0.0,1.0,0.0,1.2160623095193077,3.532079566614121e-15,1.0001906721236258,0.8692540118335782,3.197009486110604e-15,0.002800704678895794,-0.6508733558975591,-5.597267237410356e-15,-0.005916857278590455,3.27828444903181e-14,-3.798178091027534,-2.1716068222574284e-15,-6.623473059266098e-15,-1.469008232994145,6.300085838196051e-15,3.5678522942085446e-16,-0.07823285650729174,-5.647124380697086e-17,68.77965133195836,-5.939890515427804e-05,0.009885710081888282,7.157371105339295e-06,5409.70738869077,5417.66197412517,5786.455986134815,5778.943391452755,0.7839377136686693,0.8692585237059622,1.469008232994023,0
2.501999999999946,2.0,0.0,1.0,0.0,1.2333904274245764,3.596219858369801e-15,1.0002496186283802,0.8640297033454487,3.217719509433607e-15,0.0030646879530649824,-0.6533102339509906,-5.652977238959067e-15,-0.006565122524076209,3.311187854827295e-14,-3.812608014049946,-2.2017235824015454e-15,-6.2761797260637476e-15,-1.5577800296028408,6.2456093306883145e-15,3.3204373584473527e-16,-0.07683554261297605,-5.5307027514155916e-17,68.77625559214552,-6.134034997154204e-05,0.010206980066689422,7.028965459230495e-06,5409.634959900873,5417.590631640006,5786.255418890655,5778.742822802737,0.766609613215053,0.8640351385073837,1.5577800296027515,0
2.521999999999944,2.0,0.0,1.0,0.0,1.2506107138375608,3.6608255283497195e-15,1.0003136526056815,0.8585021271749449,3.239716643365677e-15,0.0033111401411324514,-0.6553288973096002,-5.712319079992964e-15,-0.00718864993940494,3.346206437733785e-14,-3.8245962202455357,-2.2319944987569116e-15,-5.853789410185328e-15,-1.6449229591305154,6.190737878205024e-15,3.806489529181294e-16,-0.07539460512050658,-5.184408577523721e-17,68.7728416607731,-6.320413721973458e-05,0.010515348942031766,6.895797809824382e-06,5409.559340445999,5417.51609461126,5786.056370870859,5778.543827099154,0.7493893518011896,0.8585085124871736,1.6449229591304335,0
2.5419999999999416,2.0,0.0,1.0,0.0,1.26771716657263,3.72585279142861e-15,1.00038241933924,0.8526770509014411,3.2601998244891416e-15,0.003539698046333692,-0.656933240137833,-5.770173647045589e-15,-0.007785993099924692,3.38034070023683e-14,-3.8341644527179866,-2.260395284435105e-15,-5.3772624405340664e-15,-1.7303881628979527,6.1410210805258945e-15,4.2854813753680097e-16,-0.07391183811691124,-5.312734746659105e-17,68.76941962263632,-6.499004104909002e-05,0.010810782065316266,6.7584200029460866e-06,5409.4809212693035,5417.438751789985,5785.859274195915,5778.346833485003,0.7322829332825997,0.8526843980021201,1.730388162898003,0
2.5619999999999394,2.0,0.0,1.0,0.0,1.284703900602958,3.791267850856352e-15,1.0004555575101006,0.8465604052867942,3.2776133853168115e-15,0.0037500585270861964,-0.6581274117234583,-5.8254453092067255e-15,-0.008355812324327201,3.4129475519373545e-14,-3.841335976577835,-2.286461409030891e-15,-4.849795542902722e-15,-1.8141288407613894,6.091219683826092e-15,4.4099217639172044e-16,-0.07238903969671653,-5.04829783678989e-17,68.76599932467387,-6.669789900439475e-05,0.011093255272733247,6.617377387152096e-06,5409.4000859685675,5417.358984620769,5785.664549145192,5778.152259279031,0.715296244464675,0.846568711173699,1.8141288407614773,0
2.5819999999999372,2.0,0.0,1.0,0.0,1.3015651512427917,3.856975709434905e-15,1.0005327003926614,0.8401582768780099,3.2938663348238902e-15,0.0039419780089184715,-0.6589158091983671,-5.8756947411775474e-15,-0.008896876127002382,3.442596544189975e-14,-3.846135541415493,-2.3092016941625116e-15,-4.366737866972183e-15,-1.8961002547950225,6.038503055016826e-15,4.693887323317228e-16,-0.07082801052279775,-5.0088111936679683e-17,68.76259035210806,-6.83276108256427e-05,0.011362754672511546,6.473207261811492e-06,5409.317209816498,5417.277166267873,5785.4726031822565,5777.960509009946,0.6984350519040498,0.8401675246028316,1.8961002547950956,0
2.601999999999935,2.0,0.0,1.0,0.0,1.3182952771818839,3.9230183014480046e-15,1.0006134770390616,0.8334769006213989,3.307552137532012e-15,0.004115271827410878,-0.6593030701984237,-5.926676645309637e-15,-0.00940806230853237,3.4726581970985965e-14,-3.8485893430081206,-2.330850127706322e-15,-3.801928204724273e-15,-1.9762597313423576,5.992464855523867e-15,4.797112043755229e-16,-0.0692305524156778,-4.337256368030446e-17,68.75920200604635,-6.987913726650417e-05,0.01161927644148885,6.326437405047919e-06,5409.232658838889,5417.193660698895,5785.283830040916,5777.771973510837,0.681704998856985,0.833487060086518,1.9762597313424388,0
2.621999999999933,2.0,0.0,1.0,0.0,1.3348887633723987,3.9892878171384364e-15,1.0006975134486311,0.8265226524948115,3.3183170724824037e-15,0.004269813408804297,-0.6592940654704517,-5.972889744841385e-15,-0.009888358690934868,3.499908231633727e-14,-3.8487249842924154,-2.3492230356726118e-15,-3.2684637333018988e-15,-2.054566661468694,5.94704266342727e-15,4.599154074294134e-16,-0.06759846697083148,-4.1903036055717607e-17,68.75584328257065,-7.135249892834434e-05,0.011862826624750087,6.177584683179492e-06,5409.146788951661,5417.108821827028,5785.098608873151,5777.587029075083,0.6651116023746,0.8265336813425118,2.0545666614686895,0
2.6419999999999306,2.0,0.0,1.0,0.0,1.3513402237687204,4.055783311678217e-15,1.0007844337192338,0.8193020421642282,3.3277908310655813e-15,0.004405533295240083,-0.6588938914341391,-6.01655815167222e-15,-0.010336863505158883,3.525648858333729e-14,-3.846571435637139,-2.3651785851369914e-15,-2.7054005267671037e-15,-2.1309824998466045,5.908009488286105e-15,4.595901467776677e-16,-0.06593355420359975,-3.5310002644833254e-17,68.75252285333471,-7.274777510923377e-05,0.01209342093807355,6.0271537429411466e-06,5409.059945157532,5417.022992712657,5784.917303459939,5777.406036674653,0.6486602505446696,0.8193138867479851,2.1309824998466187,0
2.6619999999999284,2.0,0.0,1.0,0.0,1.3676444039207176,4.122452417560313e-15,1.0008738611774692,0.8118217056706986,3.3375020841346428e-15,0.004522418021873212,-0.6581078627063549,-6.062380288225831e-15,-0.010752785439166437,3.552632615781342e-14,-3.8421589944507484,-2.38055083233236e-15,-2.134391318460878e-15,-2.2054707621057856,5.875836476599382e-15,5.197243360724035e-16,-0.06423761122133137,-2.7652716381437127e-17,68.74924904768542,-7.406510266524203e-05,0.012311084572904404,5.875635787631119e-06,5408.972460802945,5416.936504824857,5784.740261485722,5777.2293412416175,0.6323561998795789,0.8118343020979385,2.2054707621057417,0
2.681999999999926,2.0,0.0,1.0,0.0,1.3837961834211314,4.189242722716984e-15,1.000965419484862,0.8040883981533227,3.3401652641410276e-15,0.004620508853345294,-0.6569415045950754,-6.098610806914902e-15,-0.011135443355750804,3.5739759369673196e-14,-3.8355192441611234,-2.390720154321198e-15,-1.5765234223745922e-15,-2.2779970206782876,5.848680476557806e-15,4.3750798429022097e-16,-0.06251243092243268,-2.705683886743909e-17,68.74602983631861,-7.530467488251325e-05,0.012515852003578113,5.723507437874322e-06,5408.884656895612,5416.849677363239,5784.567813877092,5777.057271013375,0.6162045728499146,0.8041016733889069,2.27799702067821,0
2.701999999999924,2.0,0.0,1.0,0.0,1.399790578207875,4.256093243161272e-15,1.0010587337173023,0.796108986613689,3.343453595120068e-15,0.004699900387318471,-0.6554005455698366,-6.137619976177493e-15,-0.01148426568995666,3.596927432203243e-14,-3.8266850126057985,-2.4005393917917392e-15,-1.0701690421220553e-15,-2.348528899169765,5.819509967264275e-15,4.2262145478112594e-16,-0.060759800722030355,-2.78038541642816e-17,68.74287281647518,-7.646674035944938e-05,0.012707766796506311,5.57122967759538e-06,5408.79684148292,5416.762816640292,5784.400274206017,5776.890136941989,0.6002103555630486,0.7961228596333142,2.3485288991697093,0
2.721999999999922,2.0,0.0,1.0,0.0,1.4156227427221237,4.322950190213938e-15,1.001153431415169,0.7878904427269013,3.3433521680068315e-15,0.0047607390329552374,-0.6534909097153435,-6.17001649908295e-15,-0.011798789536665006,3.6159830094802684e-14,-3.8156903298726146,-2.406333411845075e-15,-6.481353552617053e-16,-2.4170360652870753,5.782189304402412e-15,3.5616246369297847e-16,-0.058981501303997444,-3.583692490066119e-17,68.73978519867867,-7.755160189504694e-05,0.012886881421032878,5.419246885443694e-06,5408.709309091179,5416.676215524282,5784.237938157814,5776.728232167755,0.5843783955859787,0.7879048257096364,2.417036065287025,0
2.7419999999999196,2.0,0.0,1.0,0.0,1.4312879719231815,4.389792729737615e-15,1.001249143601724,0.7794398357040552,3.3415574881507162e-15,0.00480322137238302,-0.6512187091745834,-6.2016920030949455e-15,-0.012078659439533632,3.634595073673388e-14,-3.8025703856318844,-2.410414872708473e-15,-2.9499585413104715e-16,-2.483490222352313,5.740294689567894e-15,2.8310198241700137e-16,-0.057179305399133525,-3.824602212792398e-17,68.73677379501072,-7.855961538421253e-05,0.01305325706167365,5.267985951686804e-06,5408.622340225586,5416.590152942515,5784.081083063788,5776.571831556995,0.5687133999115774,0.7794546352533396,2.4834902223523625,0
2.7619999999999174,2.0,0.0,1.0,0.0,1.44678170316121,4.4565722857886875e-15,1.0013455057675207,0.7707643252107587,3.340111433503164e-15,0.004827592413306435,-0.6485902365875341,-6.231633122389933e-15,-0.012323625893062568,3.65216952472467e-14,-3.7873614860024927,-2.412396756000142e-15,-5.065600738832525e-17,-2.5478650994331287,5.691464442864815e-15,2.4831817463845237e-16,-0.05535497658932887,-4.1135637758032345e-17,68.73384500891659,-7.949118871613732e-05,0.013206963431448924,5.117855480421905e-06,5408.536200930559,5416.504893444634,5783.929967498334,5776.421191303808,0.5532199330672946,0.7707794435933701,2.547865099433119,0
2.781999999999915,2.0,0.0,1.0,0.0,1.462099517908984,4.523362184694803e-15,1.0014421588187485,0.7618711543460438,3.3389807190574788e-15,0.004834143741025316,-0.6456119575312821,-6.2644491327111134e-15,-0.01253354357007764,3.671407596720433e-14,-3.770101009995396,-2.414068084669287e-15,2.334893730583437e-16,-2.610136440119023,5.64284104550866e-15,2.492557926772179e-16,-0.053510268137581335,-4.035197642775982e-17,68.73100482652838,-8.034678067550069e-05,0.013348078586023361,4.969245076534843e-06,5408.451142409909,5416.420686825483,5783.784830940055,5776.276548595419,0.5379024153652835,0.761886490738799,2.610136440119043,0
2.801999999999913,2.0,0.0,1.0,0.0,1.477237143353927,4.590093944452041e-15,1.0015387499875859,0.7527676426857567,3.3348155395714407e-15,0.0048232115781840015,-0.6422905029671159,-6.294873096889967e-15,-0.012708369287401282,3.689222441672591e-14,-3.7508273655789632,-2.41339851331225e-15,4.770951841507399e-16,-2.6702819899731933,5.590928647570589e-15,1.8775290655993617e-16,-0.0516469218437781,-4.799299965856866e-17,68.7282588094898,-8.112689984383498e-05,0.013476688738377252,4.822524716892863e-06,5408.367400706255,5416.337767806819,5783.645893496359,5776.138121340486,0.5227651212928105,0.7527830944200322,2.6702819899731494,0
2.821999999999911,2.0,0.0,1.0,0.0,1.4921904538517607,4.656802847601181e-15,1.0016349337028159,0.7434611793942892,3.3333375009597995e-15,0.004795174760617392,-0.6386326616999145,-6.327772165391705e-15,-0.012848159722898376,3.708466538321136e-14,-3.729579945411474,-2.412264436702188e-15,7.640221678587227e-16,-2.7282814826893964,5.535096402370827e-15,2.2877217787288377e-16,-0.04976666692618545,-4.837203673806959e-17,68.72561208926197,-8.183210350043613e-05,0.013592888073733676,4.6780442047833765e-06,5408.285196438786,5416.256355777102,5783.513355690714,5776.006107959646,0.5078121780417375,0.743476643188831,2.728281482689387,0
2.8419999999999086,2.0,0.0,1.0,0.0,1.506955472243174,4.7234198524731395e-15,1.0017303724191073,0.7339592164082791,3.3277158042752442e-15,0.004750452637671965,-0.6346453728549146,-6.352947292235738e-15,-0.01295306889742974,3.7231627056216065e-14,-3.7063990822868305,-2.4067923679633566e-15,1.0158994691054725e-15,-2.7841166249832945,5.47708559146922e-15,1.8081054320907702e-16,-0.04787121892863486,-5.197939420636335e-17,68.7230693628865,-8.246299652005671e-05,0.013696778564484396,4.53613270656391e-06,5408.204734598456,5416.1766545883675,5783.387398311683,5775.880687237372,0.4930475641757704,0.7339745895812183,2.784116624983326,0
2.8619999999999064,2.0,0.0,1.0,0.0,1.5215283710349932,4.789913729600119e-15,1.0018247374035565,0.7242692616956939,3.3224837156413723e-15,0.004689502905368788,-0.6303357183767139,-6.378758995374918e-15,-0.01302334543561019,3.738210930480852e-14,-3.6813260043401326,-2.400195390004445e-15,1.209985986200346e-15,-2.837771080247734,5.414086368529869e-15,1.6620070209440035e-16,-0.04596227865342257,-5.322796142819765e-17,68.72063489017776,-8.302023026745872e-05,0.013788469784860933,4.397098369262976e-06,5408.126204399474,5416.098852409107,5783.268182322608,5775.762018234034,0.47847510843409513,0.7242844433471736,2.8377710802477565,0
2.881999999999904,2.0,0.0,1.0,0.0,1.5359054734473887,4.856287362851476e-15,1.001917709478228,0.7143988725935067,3.3148060463771337e-15,0.004612819380736854,-0.6257109155551491,-6.403900491297551e-15,-0.013059329619477417,3.752845602979955e-14,-3.6544027900601845,-2.3919934310206675e-15,1.3733244549068943e-15,-2.889230451001438,5.348822563656114e-15,9.860720185296405e-17,-0.04404153111997805,-5.945084821739545e-17,68.71831249231344,-8.350450148566812e-05,0.0138680787251173,4.261228017614733e-06,5408.049779185854,5416.023121631867,5783.15584883074,5775.650240256977,0.46409848866995385,0.7144137647508708,2.889230451001385,0
2.901999999999902,2.0,0.0,1.0,0.0,1.5500832543287315,4.922561071585392e-15,1.0020089797176122,0.7043556492269714,3.3103023247627372e-15,0.004520929725585038,-0.6207783095824893,-6.432770006090357e-15,-0.013061450249430399,3.76964442269157e-14,-3.625672323156449,-2.3838362659788793e-15,1.5592476351581904e-15,-2.938482260160738,5.288758102213308e-15,1.4173936635965137e-16,-0.042110644549381786,-4.939986039758584e-17,68.716105551789,-8.391655117817798e-05,0.01393572960499711,4.128786928931329e-06,5407.975616391651,5415.949618834246,5783.050519114414,5775.545472889198,0.4499212309226257,0.7043701579450481,2.9384822601607707,0
2.9219999999999,2.0,0.0,1.0,0.0,1.5640583409397564,4.9886856099297245e-15,1.0020982501000808,0.6941472280133298,3.301351043206479e-15,0.004414393127898442,-0.6155453661461818,-6.454470439419702e-15,-0.013030221326950546,3.782221942966729e-14,-3.595178247327992,-2.3717001338836283e-15,1.710417297996814e-15,-2.985515931163947,5.237053288502824e-15,7.650682476901953e-17,-0.04017126937485682,-4.571790981982507e-17,68.71401701369845,-8.42571634827497e-05,0.01399155368628672,4.000018684002131e-06,5407.903857553391,5415.878484791788,5782.9522947067335,5775.447816074149,0.43594670862122603,0.6941612644229562,2.9855159311639596,0
2.9419999999998976,2.0,0.0,1.0,0.0,1.5778275136087563,5.0546155955667785e-15,1.0021852341125765,0.6837812752525966,3.2922036836873274e-15,0.004293797948934159,-0.6100196640612147,-6.475750223177015e-15,-0.012966238573724548,3.7945333496769863e-14,-3.5629649209821617,-2.3581278478694294e-15,1.7659818064043272e-15,-3.0303227669783346,5.1811159950812156e-15,1.1454694419889263e-17,-0.03822503727836267,-5.226649094163752e-17,68.71204938830098,-8.452716453704992e-05,0.014035689084255962,3.875145092023124e-06,5407.834628373073,5415.80984454114,5782.861257534153,5775.357350254987,0.4221781419186593,0.6837947565511844,3.030322766978286,0
2.9619999999998954,2.0,0.0,1.0,0.0,1.5913877062595707,5.120395990143807e-15,1.0022696573079457,0.6732654808079129,3.2862141714157575e-15,0.00415975934397157,-0.6042088879459777,-6.501033294110913e-15,-0.012870175801888529,3.8091712630218206e-14,-3.529077371950554,-2.3447384543924826e-15,1.8036740429018837e-15,-3.0728959280196357,5.119036497009565e-15,4.0769786440421325e-17,-0.0362735602534727,-5.200237929242006e-17,68.71020475483091,-8.472742133361599e-05,0.014068280577824456,3.7543661874284977e-06,5407.768038830069,5415.7438074918355,5782.777470108154,5775.274136566569,0.4086185971540091,0.6732783311865235,3.072895928019666,0
2.981999999999893,2.0,0.0,1.0,0.0,1.6047360068141903,5.186035787876774e-15,1.0023512578144664,0.6626075518778037,3.2787942170079182e-15,0.004012916864520604,-0.5981208209453516,-6.525382824148315e-15,-0.012742781150107295,3.8232433210059253e-14,-3.4935612522496795,-2.3297457499224144e-15,1.844138364291382e-15,-3.1132304090143617,5.056969451475493e-15,3.471560150926227e-17,-0.034318429694714415,-5.053003274218474e-17,68.70848476650448,-8.485884056423514e-05,0.014089479418297314,3.6378602964117913e-06,5407.704183340051,5415.680467584836,5782.700975768131,5775.198217078238,0.3952709864415828,0.6626197033798934,3.1132304090143834,0
3.001999999999891,2.0,0.0,1.0,0.0,1.6178696574718368,5.2515423579794224e-15,1.0024297867972887,0.6518152068625296,3.2713109994033144e-15,0.0038539320496280187,-0.5917633375045988,-6.549614412450777e-15,-0.012584873200204159,3.837227961266987e-14,-3.4564627929332894,-2.3134674883344584e-15,1.9036531223197862e-15,-3.1513230148353717,4.9939542894110544e-15,2.923561004865154e-17,-0.03236121551358502,-5.526756255507741e-17,68.70689065667682,-8.492236745318685e-05,0.01409944313654138,3.5257841707123413e-06,5407.643140959128,5415.619903495976,5782.631798973516,5775.129615085516,0.38213806738477607,0.6518266001702334,3.1513230148353664,0
3.0219999999998888,2.0,0.0,1.0,0.0,1.6307860548664248,5.316888809744212e-15,1.002505008871653,0.6408961693265904,3.2632111960232187e-15,0.003683486013738556,-0.5851443961974908,-6.5717701733418024e-15,-0.012397336988999625,3.849978754694517e-14,-3.4178287590829517,-2.2952415852292835e-15,1.9457855665772158e-15,-3.187172335341398,4.930784520008211e-15,1.372891689689487e-17,-0.03040346528146695,-5.4897632773825364e-17,68.7054232460978,-8.491898457808095e-05,0.014098335348491158,3.418273186111089e-06,5407.584975631144,5415.562178882344,5782.56994564303,5775.068335448533,0.36922244291286754,0.6409067544711251,3.1871723353414234,0
3.0419999999998866,2.0,0.0,1.0,0.0,1.6434827501043512,5.3821013858510454e-15,1.0025767024678918,0.6298581620593171,3.256097203468455e-15,0.003502277038367419,-0.5782720326119819,-6.596949352879346e-15,-0.012181119929888452,3.864483661368016e-14,-3.3777064049827388,-2.276874834948741e-15,2.0186853524237046e-15,-3.2207787192515043,4.870323030904557e-15,3.170932572539448e-17,-0.028446703399681365,-5.234021668936655e-17,68.70408295121635,-8.484971067844283e-05,0.014086325558894795,3.3154416030862223e-06,5407.529736476095,5415.5073426695335,5782.51540353892,5775.014364975133,0.35652656123880105,0.6298678990528049,3.220778719251451,0
3.0619999999998844,2.0,0.0,1.0,0.0,1.6559574486845898,5.447112941117282e-15,1.0026446601483778,0.6187089012353723,3.2479659040152473e-15,0.0033110181746255356,-0.5711543522966127,-6.618327182773839e-15,-0.011937227658584532,3.8767452987478795e-14,-3.3361434295232653,-2.2560250681621925e-15,2.0207596013473955e-15,-3.2521442470857362,4.809613358127881e-15,2.6604034535594745e-17,-0.026492430296934166,-4.697905378686023e-17,68.70286979347817,-8.471559945105076e-05,0.014063588963236654,3.2173828868157934e-06,5407.477458117603,5415.455429377667,5782.468142693858,5774.967672846311,0.3440527159359697,0.6187177606221065,3.2521442470857664,0
3.081999999999882,2.0,0.0,1.0,0.0,1.668208010303112,5.511955879852192e-15,1.0027086888767025,0.6074560906768737,3.2376788853824875e-15,0.0031104348634090986,-0.5637995237707225,-6.639009093272006e-15,-0.01166671981724453,3.888583704751762e-14,-3.293187931879341,-2.2338097680351115e-15,2.004459939078429e-15,-3.281272703203508,4.74794727340327e-15,-4.3936760891526144e-17,-0.024542121654402303,-5.447999809698394e-17,68.70178340956305,-8.451773833284638e-05,0.014030306247784808,3.1241700837564213e-06,5407.428161047171,5415.406459484042,5782.428115878255,5774.928211081754,0.33180304613196454,0.6074640540027613,3.281272703203479,0
3.10199999999988,2.0,0.0,1.0,0.0,1.6802324485436844,5.576631835189505e-15,1.0027686102395141,0.5961074162187593,3.2323798472644646e-15,0.002901262579821838,-0.556215771601448,-6.663698986843206e-15,-0.01137070579098861,3.9027546353576386e-14,-3.2488883675046507,-2.2118244132695667e-15,1.9704863567843415e-15,-3.3081695469715777,4.685744933014222e-15,2.6612708152974618e-17,-0.022597227658730828,-4.7365463441134063e-17,68.70082306250451,-8.425724727033224e-05,0.01398666338774525,3.035856251838243e-06,5407.381852023083,5415.36043982013,5782.395259105558,5774.895915043067,0.31977953681720445,0.5961144764183824,3.3081695469716013,0
3.1219999999998778,2.0,0.0,1.0,0.0,1.692028930457121,5.6411871965623155e-15,1.0028242606215718,0.5846705401789268,3.2236400393419504e-15,0.0026842445081422116,-0.5484113695503933,-6.686851502767343e-15,-0.01105034041057925,3.9160107656046996e-14,-3.2032935044857522,-2.1882236523488125e-15,1.9926193989122564e-15,-3.3328418830937396,4.63070891377541e-15,-1.7673679140059435e-18,-0.020659172283203256,-4.8261448116476085e-17,68.69998765363476,-8.393527747592306e-05,0.013932851443520926,2.9524749413593437e-06,5407.33852450164,5415.317364000751,5782.369492173061,5774.870703972268,0.3079840192663304,0.5846767018803619,3.3328418830937037,0
3.1419999999998756,2.0,0.0,1.0,0.0,1.7035957760311078,5.705572155072299e-15,1.0028754913346916,0.5731530959345899,3.2168729372722736e-15,0.002460129253381194,-0.5403946337927719,-6.70973931729049e-15,-0.010706819634736367,3.9290983136982707e-14,-3.1564523802964852,-2.1634646583226184e-15,1.9894588207574765e-15,-3.3552984311347007,4.574344966736094e-15,2.6978734806405722e-17,-0.01872935259734091,-4.35703221565658e-17,68.69927573529633,-8.355301017193281e-05,0.013869066355090071,2.874040723452898e-06,5407.298159098407,5415.277212883056,5782.350719235798,5774.852481563066,0.29641817157019423,0.5731583756828025,3.355298431134666,0
3.1619999999998734,2.0,0.0,1.0,0.0,1.714931457552732,5.769757595554316e-15,1.0029221687013785,0.5615626826062308,3.2056564321170423e-15,0.002229668595199621,-0.532173916211748,-6.728863922885135e-15,-0.010341376225248054,3.9399696036356926e-14,-3.108414258992715,-2.13646640602331e-15,1.9153985269168434e-15,-3.3755494942708655,4.521639356679959e-15,-7.110079580184698e-17,-0.016809138105196873,-4.132472261691382e-17,68.69868552426118,-8.311165532171467e-05,0.013795508734551789,2.800549763077898e-06,5407.260724077203,5415.239955053047,5782.338829410948,5774.841136562455,0.2850835192762451,0.5615671090065288,3.3755494942708233,0
3.181999999999871,2.0,0.0,1.0,0.0,1.7260345988658905,5.833742676342219e-15,1.0029641740940567,0.5499068598504536,3.1952837615126568e-15,0.00199361528966804,-0.5237575977706341,-6.7482305246815024e-15,-0.009955275427694149,3.950970975766227e-14,-3.059228588885904,-2.1085638815588252e-15,1.761292819596052e-15,-3.393606927301102,4.472787583071273e-15,-1.5874943414905113e-16,-0.01489987011258788,-4.4637610775160525e-17,68.6982149157979,-8.261245034915805e-05,0.01371238365689361,2.731980433397902e-06,5407.226175864414,5415.205547337276,5782.333697410203,5774.836543400013,0.27398143613506626,0.5499104736341267,3.393606927301085,0
3.201999999999869,2.0,0.0,1.0,0.0,1.7369039745257606,5.8975753064868655e-15,1.0030014039309076,0.5381931427629788,3.1884610398715312e-15,0.0017527209240571586,-0.515154081965535,-6.7715966401972125e-15,-0.009549810670231125,3.964302988636269e-14,-3.0089449607326175,-2.08093640113633e-15,1.5843586596258147e-15,-3.409484103950737,4.420031138005279e-15,-1.620211226247434e-16,-0.013002861123513088,-4.313100343627467e-17,68.69786149832674,-8.205665884654706e-05,0.013619900449069664,2.6682939683002216e-06,5407.194459586334,5415.173935337392,5782.335184197551,5774.838562842432,0.2631131449507951,0.5381959967778743,3.409484103950789,0
3.2219999999998667,2.0,0.0,1.0,0.0,1.7475385088525548,5.961248418941657e-15,1.0030337696294358,0.5264289968929705,3.1799190446353873e-15,0.0015077338295471294,-0.5063717883609821,-6.794358314302805e-15,-0.00912629929248464,3.9772707947877633e-14,-2.9576130664756146,-2.0521589465472114e-15,1.3554795679702865e-15,-3.4231958835024607,4.368710277765927e-15,-2.3325407271877904e-16,-0.011119394265978851,-4.5381373465485595e-17,68.69762256860233,-8.144556927171099e-05,0.013518272477484414,2.609435149918145e-06,5407.16550962713,5415.145053985187,5782.34313766985,5774.847042670659,0.25247971853310525,0.5264311560223615,3.4231958835024443,0
3.2419999999998645,2.0,0.0,1.0,0.0,1.7579372748868003,6.024751127015738e-15,1.0030611975189658,0.5146218333698276,3.1728107983521384e-15,0.001259397056436892,-0.49741914621104,-6.816771452592303e-15,-0.008686078316166315,3.9900251170327664e-14,-2.905282658570597,-2.0223450912909104e-15,1.0286057300069327e-15,-3.434758576787893,4.310225434391884e-15,-2.926856990057445e-16,-0.009250722747446996,-5.196117960986563e-17,68.69749514736417,-8.07804936356243e-05,0.013407716934003546,2.5553330279581666e-06,5407.139250205101,5415.118828115771,5782.357393357638,5774.861818377064,0.24208208074840776,0.5146233743835081,3.4347585767878646,0
3.2619999999998623,2.0,0.0,1.0,0.0,1.7680994932483969,6.088208891115064e-15,1.003083628713374,0.5027790041435244,3.1726727794155813e-15,0.0010084464161239665,-0.4883045881683207,-6.8488189678910925e-15,-0.00823050026860756,4.008409562621931e-14,-2.852003509931031,-1.9944362243702946e-15,7.725307704266522e-16,-3.4441899115739227,4.254153960093852e-15,-1.841353774964958e-16,-0.0073980693400973714,-4.716336815618277e-17,68.69747599539484,-8.00627661809822e-05,0.01328845462062882,2.505901667508996e-06,5407.1155959648595,5415.095173056584,5782.377775143578,5774.882713880151,0.231921007667896,0.502780015485628,3.4441899115738934,0
3.28199999999986,2.0,0.0,1.0,0.0,1.778024530901744,6.1516408593341996e-15,1.0031010189454308,0.49090779733954576,3.1721086690252373e-15,0.0007556085938074876,-0.47903654408330865,-6.878639571772026e-15,-0.007760929069919514,4.025481986487593e-14,-2.7978253745219894,-1.9649126596738073e-15,5.880648442375571e-16,-3.451508997378093,4.19797057608174e-15,-1.1127352205851793e-16,-0.00556262589608302,-4.9350854459389527e-17,68.69756162992643,-7.929374205228984e-05,0.013160709732989377,2.4610409222268213e-06,5407.094452583122,5415.073995229882,5782.404095995962,5774.909542254144,0.2219971288100158,0.49090837885812416,3.451508997378105,0
3.301999999999858,2.0,0.0,1.0,0.0,1.7877118998292347,6.215067503036466e-15,1.0031133383642081,0.47901543272941055,3.1696202624090573e-15,0.0005015993355528562,-0.46962343489634184,-6.9077387251386115e-15,-0.007278735994004469,4.0421245387778786e-14,-2.7427979486320497,-1.9342606114590975e-15,4.87040127188531e-16,-3.456736289747481,4.138782412500142e-15,-1.0709977737531772e-16,-0.0037455528929244784,-5.5394197368823735e-17,68.69774834133618,-7.847479596015835e-05,0.013024709642819024,2.4206372296527507e-06,5407.075717385808,5415.055192766451,5782.436158714758,5774.942106471027,0.21231092847492078,0.47901569535333377,3.4567362897475085,0
3.3219999999998557,2.0,0.0,1.0,0.0,1.7971612556154424,6.278477854215847e-15,1.0031205712970783,0.46710905731774843,3.169705155439163e-15,0.00024712171303354095,-0.4600736666245734,-6.93982359017225e-15,-0.00678529571316456,4.060507263751163e-14,-2.686970832850773,-1.9035373846429425e-15,4.3906112315593787e-16,-3.4598935540357223,4.073575001704162e-15,-3.776114531704876e-17,-0.001947979009175105,-5.646365439176343e-17,68.69803221007342,-7.760732083931153e-05,0.012880684679601337,2.384564425468439e-06,5407.059279974168,5415.038656128247,5782.473756687632,5774.980200152452,0.2028627471684342,0.46710912268699767,3.459893554035693,0
3.3419999999998535,2.0,0.0,1.0,0.0,1.8063723959443363,6.341836881649627e-15,1.0031227159778902,0.45519574104684885,3.168573790472175e-15,-7.1355310539594965e-06,-0.4503956244461883,-6.968761507334328e-15,-0.006281982435515593,4.0770426238023864e-14,-2.6303934947774437,-1.8710731839411334e-15,3.834585628456738e-16,-3.461003828712889,4.007653002558074e-15,-5.150078692160742e-18,-0.00017100073045512324,-5.2580909571658345e-17,68.69840912375993,-7.66927265022582e-05,0.012728867911578378,2.352684573562287e-06,5407.045022857677,5415.024268737781,5782.516674653494,5775.0236083291,0.19365278311301246,0.4551957411027762,3.461003828712931,0
3.3619999999998513,2.0,0.0,1.0,0.0,1.8153452590118921,6.4051844474401405e-15,1.0031197842429667,0.4432824726195686,3.167429360869008e-15,-0.0002604995542257675,-0.4405976668841256,-7.0004441108105694e-15,-0.005770166143904555,4.0951785506947576e-14,-2.5731152324850677,-1.838499224647893e-15,3.817225883234695e-16,-3.460091388243133,3.951557827456584e-15,2.380939501579608e-17,0.0015843180140718662,-4.754413995915969e-17,68.698874794408,-7.573243829049313e-05,0.012569494926331368,2.3248488088530454e-06,5407.032822091575,5415.0119076120245,5782.564689471127,5775.072108205026,0.18468109384316486,0.44328254916219784,3.4600913882431352,0
3.381999999999849,2.0,0.0,1.0,0.0,1.8240799218564687,6.4684995936341325e-15,1.0031118011966171,0.43137615544144897,3.1651654925227497e-15,-0.0005123148997404495,-0.4306881200915149,-7.029581876682276e-15,-0.00525120894447915,4.1118214215439786e-14,-2.5151851387618347,-1.804438466239132e-15,3.961612342670017e-16,-3.4571817055649365,3.89589134060707e-15,2.156986700831002e-17,0.00331694618474124,-4.491733493566181e-17,68.69942477570056,-7.472789572344593e-05,0.012402803611147241,2.3008981897207365e-06,5407.022547916819,5415.001443998732,5782.617570890467,5775.125469924661,0.17594759788276004,0.43137645966139787,3.4571817055649303,0
3.401999999999847,2.0,0.0,1.0,0.0,1.8325765986093476,6.531845189862979e-15,1.003098804847899,0.4194836036828553,3.1680880136887934e-15,-0.0007619448943851428,-0.4206752722410063,-7.064167714018433e-15,-0.004726461532518763,4.13164736887137e-14,-2.4566520661505797,-1.7709699452158312e-15,5.319520926677055e-16,-3.452301414208967,3.847390418717854e-15,1.6938391967281776e-16,0.005025885933925161,-4.015638635584345e-17,68.70005448027999,-7.368055114805836e-05,0.012229033933405416,2.280664557136509e-06,5407.014065400423,5414.992744013111,5782.675082324248,5775.183457340104,0.16745207650160945,0.4194842956759846,3.4523014142089496,0
3.4219999999998447,2.0,0.0,1.0,0.0,1.84083563866784,6.595153305873245e-15,1.0030808457204088,0.40761153846191933,3.1651142639701e-15,-0.001008772956793015,-0.4105673680201344,-7.0923954576698e-15,-0.004197259782580948,4.147751861024526e-14,-2.39756459280494,-1.7351367135971882e-15,6.902538235066647e-16,-3.4454782700884587,3.7959764514727e-15,1.6441046746719227e-16,0.006710172878096511,-4.4274186206943393e-17,68.70075919699275,-7.259186838887724e-05,0.012048427721212333,2.2639713975121235e-06,5407.007235074132,5414.985669272792,5782.736981617678,5775.245828776453,0.15919417554869075,0.40761278673536616,3.445478270088433,0
3.4419999999998425,2.0,0.0,1.0,0.0,1.848857524793393,6.6584789000898926e-15,1.0030579864369016,0.39576658414902544,3.1659936061420944e-15,-0.0012522038148786406,-0.40037260323482665,-7.125328103750192e-15,-0.0036649214694549925,4.166606020402838e-14,-2.3379709891793055,-1.6997239501135924e-15,9.80442352399715e-16,-3.436741112997004,3.751291560627261e-15,2.901276124947074e-16,0.008368876339471882,-3.7679201232148563e-17,68.70153410803972,-7.146332140220382e-05,0.011861228444525605,2.2506347064783775e-06,5407.001913569451,5414.980077529147,5782.803021814007,5775.312337793005,0.15117340735932397,0.3957685651278808,3.4367411129970207,0
3.4619999999998403,2.0,0.0,1.0,0.0,1.856642871137123,6.721818553156111e-15,1.0030303012805712,0.3839552647935474,3.1651685824989417e-15,-0.001491664631284846,-0.3900991195231201,-7.157841830916268e-15,-0.0031307431258504764,4.1852139595422744e-14,-2.277919185567845,-1.6634851531525608e-15,1.430321510161303e-15,-3.426119827848593,3.718934535941927e-15,4.052455970840043e-16,0.010001099557311826,-2.4921177428077136e-17,68.70237430598252,-7.029639293354755e-05,0.01166768099701803,2.2404638507431494e-06,5406.9979542471665,5414.975823293118,5782.872951913767,5775.382733938169,0.14338915273359612,0.3839581623381059,3.4261198278486265,0
3.481999999999838,2.0,0.0,1.0,0.0,1.8641924211952425,6.785123978393426e-15,1.0029978757348461,0.3721840006735032,3.1650164147240333e-15,-0.001726606036034684,-0.37975499918112626,-7.18693795182359e-15,-0.0025959970421997837,4.201823394237354e-14,-2.2174567405063503,-1.6257804461670707e-15,2.0117648817427394e-15,-3.4136453056945433,3.699927359819822e-15,5.880039194485889e-16,0.011605979869010605,-1.0060235090252824e-17,68.70327481055872,-6.909257318198668e-05,0.011468031478923573,2.2332624254120856e-06,5406.995207819492,5414.9727584536595,5782.946517625693,5775.45676349607,0.13584066298326133,0.3721880056177763,3.4136453056945286,0
3.501999999999836,2.0,0.0,1.0,0.0,1.87150704569683,6.84832399727869e-15,1.0029608060035518,0.3604591049687518,3.1563576509139122e-15,-0.001956503065879552,-0.3693482601032219,-7.2096773475261e-15,-0.002061928413354867,4.214717515286373e-14,-2.156630810048873,-1.5860580891245584e-15,2.6702626077499632e-15,-3.399349404551915,3.6825068075863804e-15,5.854209161928593e-16,0.013182688861119483,-1.7267577452067465e-17,68.70423058526077,-6.785335847194969e-05,0.01126252698112555,2.2288291041142803e-06,5406.993522963099,5414.970732887128,5783.023462107296,5775.534170222853,0.12852706204433068,0.3604644146918256,3.3993494045519212,0
3.5219999999998337,2.0,0.0,1.0,0.0,1.8785877404264337,6.911356943753362e-15,1.00291919851332,0.3487867805583181,3.1470414811165045e-15,-0.002180856010119748,-0.3588868508384179,-7.23000057461794e-15,-0.0015297526364383557,4.226201553716981e-14,-2.0954881179296265,-1.5453112017255272e-15,3.3787210464116492e-15,-3.3832649100776857,3.665246491807944e-15,6.319219136898936e-16,0.014730432490507817,-1.6423634481004752e-17,68.70523655363488,-6.658024993437668e-05,0.011051415370730592,2.2269584794960414e-06,5406.992746921414,5414.969595055918,5783.1035266932395,5775.614696070844,0.12144734865248892,0.3487935986011974,3.383264910077692,0
3.5419999999998315,2.0,0.0,1.0,0.0,1.8854356239839918,6.9741610206788514e-15,1.0028731694001063,0.3371731169423863,3.136344579852436e-15,-0.0023991911629590175,-0.3483786457648011,-7.249074352001586e-15,-0.0010006527635075483,4.2369585802699614e-14,-2.034074926619056,-1.5038596328114447e-15,4.1155594570362246e-15,-3.365425496122803,3.650217437402027e-15,7.102412091832942e-16,0.01624845117587599,-9.627855263865608e-18,68.70628761525857,-6.527475219853877e-05,0.010834945078388463,2.227441891672611e-06,5406.992726094491,5414.969192594781,5783.186451609661,5775.698081898735,0.11460039857844748,0.3371816526842475,3.365425496122752,0
3.5619999999998293,2.0,0.0,1.0,0.0,1.8920519354845653,7.036783846756677e-15,1.002822843981689,0.32562408728945186,3.1242436909851084e-15,-0.0026110614827243544,-0.33783144038389296,-7.267031604706532e-15,-0.00047577711216593554,4.247067202950369e-14,-1.9724370092814278,-1.4617862025506227e-15,5.04146231630349e-15,-3.345865685199905,3.644600990436261e-15,8.258154260467731e-16,0.017736019859890748,-7.294218507807808e-18,68.70737866135788,-6.393837209647342e-05,0.010613364887603064,2.230068242372379e-06,5406.993306615069,5414.969372883322,5783.271976672789,5775.784068166121,0.10798496692027744,0.3256345556988004,3.3458656851999486,0
3.581999999999827,2.0,0.0,1.0,0.0,1.898438032200398,7.099067716540915e-15,1.0027683562179988,0.31414554560907637,3.1049881519815487e-15,-0.0028160471585487595,-0.3272529467367173,-7.274328356066945e-15,4.376296331345692e-05,4.250951010476423e-14,-1.9106196226398784,-1.4172850610543354e-15,6.00100964959215e-15,-3.3246208088982145,3.638236704199735e-15,8.32631154583886e-16,0.019192448042233277,-7.447307854562759e-18,68.70850459002699,-6.257261738128247e-05,0.010386923726283389,2.2346247925435045e-06,5406.994334909296,5414.969983603286,5783.359841970185,5775.872395610794,0.10159969044971118,0.3141581670872547,3.3246208088981963,0
3.601999999999825,2.0,0.0,1.0,0.0,1.9045953871478167,7.160954427673703e-15,1.0027098481611292,0.30274322405063586,3.084079421505383e-15,-0.003013756085370872,-0.31665078894331167,-7.281131283370193e-15,0.0005568951383127406,4.254552960807672e-14,-1.8486674807534567,-1.372507565519367e-15,7.007519090293743e-15,-3.3017269682786985,3.6338299343912764e-15,8.861629863290541e-16,0.02061707978389081,-6.972860983883103e-18,68.7096603210155,-6.117899546154887e-05,0.010155870460780888,2.2408979414882027e-06,5406.995658240886,5414.970873279299,5783.4497885231285,5775.962805907236,0.09544309000934195,0.30275822438757233,3.3017269682786874,0
3.6219999999998227,2.0,0.0,1.0,0.0,1.9105255866214934,7.222403855675775e-15,1.002647469396843,0.2914227303283957,3.0613787216785334e-15,-0.003203824248350022,-0.306032498867348,-7.286056124824708e-15,0.0010625880201528028,4.257064940151291e-14,-1.7866247297093134,-1.3272434804773226e-15,8.108216399157614e-15,-3.2772209942822625,3.635057634725305e-15,9.915942750284966e-16,0.022009293683056555,-4.459639055203666e-19,68.71084081005102,-5.9759012151913436e-05,0.009920453692649704,2.248673985487707e-06,5406.997125237396,5414.971891801833,5783.5415589287195,5776.055042304968,0.08951357295759733,0.2914403407935682,3.2772209942822137,0
3.6419999999998205,2.0,0.0,1.0,0.0,1.9162303276786021,7.283315759767916e-15,1.0025813764793745,0.2801895452731906,3.0325459912045404e-15,-0.003385916018031513,-0.2954055119074696,-7.280331918066972e-15,0.0015598528853565706,4.2533635636995265e-14,-1.7245349232319445,-1.280018632836299e-15,9.263926490877552e-15,-3.2511404081832325,3.64453644622689e-15,1.036305037898323e-15,0.02336850282302968,1.0017888101571733e-17,68.71204106266701,-5.8314170442690267e-05,0.009680921558364603,2.2577398541771073e-06,5406.998586397526,5414.972890931294,5783.634897980369,5776.148850245411,0.08380943565829947,0.2802100028687029,3.2511404081832476,0
3.6619999999998183,2.0,0.0,1.0,0.0,1.9217114155754054,7.343567511046566e-15,1.0025117323612962,0.269049020510921,2.9950817103949553e-15,-0.003559724357822695,-0.28477716291687427,-7.268035342195446e-15,0.002047745251421174,4.245832395863759e-14,-1.6624409992101503,-1.231758353764092e-15,1.0403635542802288e-14,-3.223523382119958,3.658191756938856e-15,9.462191130673714e-16,0.024694154692553236,7.889816077417183e-18,68.71325614750775,-5.684596928962836e-05,0.009437521532218076,2.2678838229813833e-06,5406.999894578373,5414.973724782125,5783.729553265483,5776.243977956067,0.07832886601159028,0.26907256841861393,3.223523382119975,0
3.681999999999816,2.0,0.0,1.0,0.0,1.9269707611588063,7.403042009497144e-15,1.0024387058201845,0.2580063762680197,2.9552715413447634e-15,-0.0037249709455549683,-0.2741546822526027,-7.249797294074832e-15,0.002525366283137499,4.2348413327770614e-14,-1.6003852571412123,-1.1827217373750893e-15,1.1464566994683174e-14,-3.194408699733834,3.6759285083278595e-15,8.989409594530993e-16,0.025985731079033292,1.3401899922333488e-17,68.71448120908578,-5.535590242445377e-05,0.009190500232622766,2.2788962000183197e-06,5407.000905461693,5414.9742502860445,5783.8252757392365,5776.340177020915,0.07306994602298211,0.25803326452901415,3.1944086997337866,0
3.701999999999814,2.0,0.0,1.0,0.0,1.932010378215406,7.461711350683078e-15,1.0023624708837808,0.24706669930396669,2.9149384073766733e-15,-0.0038814062111095864,-0.26354519195590487,-7.230473687553235e-15,0.002991864033965585,4.2232278445650983e-14,-1.5384093364906637,-1.1338134442597285e-15,1.2518547057109574e-14,-3.1638357169475073,3.698520337650105e-15,9.33739512381194e-16,0.027242747935145598,1.2260885556009748e-17,68.71571147996792,-5.384545718832577e-05,0.0089401032320181,2.290569986134906e-06,5407.001477998289,5414.974327633515,5783.9218202734055,5776.437202926032,0.06803065440732461,0.2470971857774433,3.1638357169474647,0
3.7219999999998117,2.0,0.0,1.0,0.0,1.9368323807806116,7.519499701276037e-15,1.002283206255303,0.2362349409708674,2.8683454153253036e-15,-0.004028809292277596,-0.2529557020649818,-7.202977699531813e-15,0.0034464345234561933,4.2068533845842584e-14,-1.4765541959650466,-1.084016926710775e-15,1.3557856235855726e-14,-3.13184432291245,3.720542462549002e-15,8.961896880202e-16,0.028464755219325823,1.2415275945371683e-17,68.71694229237028,-5.231611338883316e-05,0.008686574870593173,2.302701506658225e-06,5407.0014748297735,5414.97382069269,5784.018946179395,5776.534815579546,0.06320886922457879,0.23626929262987761,3.1318443229124693,0
3.7419999999998095,2.0,0.0,1.0,0.0,1.9414389804103305,7.57637086648753e-15,1.0022010947405176,0.22551591540003002,2.8225196047311846e-15,-0.004166987911202304,-0.24239310706130612,-7.179175604900342e-15,0.0038883226521491086,4.192649189943658e-14,-1.4148600936940157,-1.0352261915696876e-15,1.4640139720502805e-14,-3.0984749011554795,3.745957688598435e-15,9.8100725765461e-16,0.029651336710709877,1.828080969851826e-17,68.71816908914347,-5.0769342182652826e-05,0.008430158074002941,2.315091013848979e-06,5407.0007626870265,5414.972597405188,5784.116417704652,5776.632779805144,0.05860237054452995,0.22555441003661536,3.0984749011554857,0
3.7619999999998073,2.0,0.0,1.0,0.0,1.9458324834177938,7.632230979020813e-15,1.002116322678131,0.21491429781540347,2.7680070579108943e-15,-0.004295778173923687,-0.23186418245063167,-7.142783414581957e-15,0.004316822955821345,4.171105803062763e-14,-1.3533665683172695,-9.851528820865277e-16,1.5737055827329667e-14,-3.063768290953139,3.785174164413995e-15,9.307089504686625e-16,0.030802109799071498,2.6592303552792144e-17,68.71938743413246,-4.9206604983227316e-05,0.008171094175268588,2.327543258877529e-06,5406.999212764758,5414.970530158068,5784.214004501765,5776.730865808417,0.05420884313801168,0.21495722624654306,3.063768290953175,0
3.781999999999805,2.0,0.0,1.0,0.0,1.950015288078041,7.686951073569567e-15,1.0020290793750153,0.20443462297365986,2.7124154046683286e-15,-0.0044150442956967404,-0.22137558147971267,-7.1017934858409485e-15,0.0047312802013737415,4.1468917935286337e-14,-1.2921124209709551,-9.351118481811218e-16,1.6755819116357654e-14,-3.0277657489622376,3.821413012040711e-15,9.444878590383463e-16,0.031916725250365666,1.982731567735159e-17,68.72059302189776,-4.762935239706898e-05,0.007909622741022075,2.3398680325589193e-06,5406.996701071676,5414.9674961315795,5784.311482069681,5776.82884961551,0.050025879192987094,0.2044822918653726,3.0277657489622745,0
3.801999999999803,2.0,0.0,1.0,0.0,1.9539898818025974,7.740465397717264e-15,1.0019395565477147,0.19408128373062075,2.6451900452745594e-15,-0.004524678254900603,-0.2109338319896449,-7.049069916510842e-15,0.005131089827034608,4.1158412204755027e-14,-1.2311356981673547,-8.843180392453808e-16,1.7700442900225367e-14,-2.990508911134102,3.845690758707951e-15,7.278816122105024e-16,0.03299486694849053,4.546570258340888e-18,68.72178168678681,-4.6039023186856085e-05,0.007645981402252563,2.351880673909541e-06,5406.993108755902,5414.9633776222445,5784.408632166567,5776.926513483555,0.04605098105513871,0.19413401919250547,2.990508911134095,0
3.8219999999998007,2.0,0.0,1.0,0.0,1.9577588382868645,7.792653984710354e-15,1.001847947771633,0.18385852973364558,2.5784152803036754e-15,-0.0046245993784859545,-0.20054533340664285,-6.9952117253246305e-15,0.0055156982299615735,4.0841435880610344e-14,-1.1704736755610026,-8.342761205606045e-16,1.8484503405431617e-14,-2.952039754939399,3.863252582300409e-15,6.10787777582068e-16,0.034036251613895695,4.404797907037846e-19,68.72294941134693,-4.443704326464197e-05,0.007380405689704651,2.3634025460452568e-06,5406.988322405246,5414.958062340962,5784.505243193887,5777.023646282529,0.04228156399474776,0.18391668188402413,2.9520397549393853,0
3.8419999999997985,2.0,0.0,1.0,0.0,1.9613248146327429,7.843451959468707e-15,1.0017544479392357,0.17377046623951284,2.505837540044998e-15,-0.004714753862027068,-0.1902163538709598,-6.9364055884394235e-15,0.005884602904658646,4.049572664898688e-14,-1.1101628425936758,-7.845959759143118e-16,1.9089093413317597e-14,-2.91240056192964,3.872155579705986e-15,3.963586087165748e-16,0.03504062849970213,-1.1799295374919574e-17,68.72409233407318,-4.2824824713925016e-05,0.007113128874053773,2.3742614788130632e-06,5406.982234322202,5414.951443685956,5784.601110551457,5777.1200438482465,0.03871495900505627,0.1738344150077227,2.912400561929644,0
3.8619999999997963,2.0,0.0,1.0,0.0,1.9646905484489843,7.892842026257164e-15,1.0016592527285406,0.16382105305723763,2.437651306475864e-15,-0.004795114227550028,-0.17995302750454287,-6.879308898591264e-15,0.006237352435971344,4.016015279599372e-14,-1.0502388880100986,-7.360994597519143e-16,1.9552337793811476e-14,-2.871633880660738,3.871956314000505e-15,3.57894585083741e-16,0.03600777906600502,-1.3705322794149089e-17,68.72520675648704,-4.1203764843176753e-05,0.006844381810981939,2.3842921777219263e-06,5406.974742773453,5414.943420990369,5784.696036963269,5777.215509306306,0.03534841564272289,0.16389121558289058,2.871633880660783,0
3.881999999999794,2.0,0.0,1.0,0.0,1.9678588549317713,7.940797415798825e-15,1.0015625580831091,0.15401410361518073,2.3641590958948033e-15,-0.004865678722402174,-0.16976135181790955,-6.814015993552183e-15,0.006573546350743352,3.977688654247511e-14,-0.9907366862356726,-6.877724201150315e-16,1.9884425208470272e-14,-2.829782490003147,3.869287936888071e-15,2.1075880929834006e-16,0.03693751663304454,-1.779753547397838e-17,68.726289149544,-3.957524526980416e-05,0.0065743927912585536,2.393336598965844e-06,5406.965752213866,5414.933899744499,5784.78983277399,5777.309853366887,0.03217910492944162,0.15409094373718807,2.829782490003108,0
3.901999999999792,2.0,0.0,1.0,0.0,1.9708326239279974,7.98724900250736e-15,1.001464559704673,0.14435328415171117,2.2882149621006664e-15,-0.004926470662510141,-0.15964718525660865,-6.744926206921416e-15,0.006892834832520234,3.9371612857377716e-14,-0.9316902846070136,-6.401960655047807e-16,2.0006507590011464e-14,-2.7868893628624014,3.8525273436366196e-15,1.1446020802508823e-17,0.037829686013949315,-3.7794994024170026e-17,68.72733615936949,-3.794063103679719e-05,0.006303387395926196,2.4012442903794114e-06,5406.955173484992,5414.922791792651,5784.882316216141,5777.402894590404,0.029204122346925293,0.1444373246725833,2.786889362862365,0
3.9219999999997897,2.0,0.0,1.0,0.0,1.9736148169837122,8.032186658958696e-15,1.0013654525594784,0.13484211302859578,2.2136714548830554e-15,-0.004977537723440546,-0.14961624488751787,-6.6793962149480475e-15,0.007194918303949763,3.898727257156022e-14,-0.8731328914456631,-5.941057575918648e-16,1.9912272613686912e-14,-2.7429976303329817,3.8143523281138696e-15,-1.4499047489934162e-16,0.038684163127766846,-5.062023836293555e-17,68.72834461232607,-3.630126976107114e-05,0.006031588356666963,2.4078726981466868e-06,5406.942923988193,5414.910015504788,5784.973313648018,5777.4944596241,0.02642049097755731,0.13493395172381512,2.742997630332917,0
3.9419999999997875,2.0,0.0,1.0,0.0,1.9762084643801785,8.07572977998973e-15,1.0012654303993505,0.12548396016619418,2.147368263647094e-15,-0.005018951182736124,-0.13967410422510695,-6.619687069925824e-15,0.007479546881783575,3.8637056698691926e-14,-0.815096864964929,-5.496370202882052e-16,1.979074741852585e-14,-2.6981505463076503,3.77601965471614e-15,-7.721743077814173e-17,0.03950085459350718,-4.587013180484206e-17,68.72931151941528,-3.4658490814550934e-05,0.005759215421421254,2.4130874395320054e-06,5406.9289278325095,5414.895495923044,5785.062659762582,5777.584383409762,0.023825164873402988,0.12558429093626997,2.6981505463077187,0
3.9619999999997852,2.0,0.0,1.0,0.0,1.9786166621599588,8.117912444676833e-15,1.001164685298412,0.11628204659944551,2.0776101537682906e-15,-0.00505080511704359,-0.12982619119767222,-6.558847152832571e-15,0.007746519709631479,3.8280384875148975e-14,-0.7576137029994536,-5.061611738576044e-16,1.9684637563464563e-14,-2.6523914525635566,3.743020876187644e-15,-1.168315760755481e-16,0.04027969730593201,-4.223892188875361e-17,68.7302340800203,-3.3013604538403106e-05,0.005486485225318856,2.416762541640871e-06,5406.913115957613,5414.879164883459,5785.150197767499,5777.672509362784,0.02141503278133552,0.11639168782041942,2.652391452563567,0
3.981999999999783,2.0,0.0,1.0,0.0,1.9808425691454457,8.158689674892874e-15,1.0010634072063274,0.10723944415354092,2.0091849078302325e-15,-0.00507321555758265,-0.12007778625343346,-6.49638874784353e-15,0.007995684173799146,3.7914408058822115e-14,-0.7007140335468259,-4.636728179385876e-16,1.9505472306632147e-14,-2.6057637443455617,3.7060004561289094e-15,-1.3750601046223965e-16,0.04102065799383069,-4.8645689366404946e-17,68.73110968499736,-3.1367901490854066e-05,0.005213611166960713,2.4187806465381945e-06,5406.895426232075,5414.860961113187,5785.235779536713,5777.758689522937,0.019186922416935443,0.10735937731960875,2.6057637443455666,0
4.001999999999781,2.0,0.0,1.0,0.0,1.9828894039522047,8.198138212527611e-15,1.000961783518859,0.09835907523808034,1.9422494098872778e-15,-0.005086319607526835,-0.11043402060624993,-6.436175914909614e-15,0.008226935007764311,3.756167431255908e-14,-0.6444276061102532,-4.224616492606182e-16,1.9356838039253448e-14,-2.558310836466367,3.665711563580959e-15,-1.3123932190527344e-16,0.04172373276153116,-4.9722085283248555e-17,68.73193591912526,-2.972265172828103e-05,0.004940803290089969,2.4190331830782877e-06,5406.875803527396,5414.840830303572,5785.319265733957,5777.842784677235,0.017137605569272997,0.09849049867291901,2.5583108364664273,0
4.021999999999779,2.0,0.0,1.0,0.0,1.984760441999499,8.236255485745066e-15,1.0008599986664628,0.08964371275842205,1.8766620089255912e-15,-0.005090274524877132,-0.10089987462059945,-6.374548067223193e-15,0.00844021329097929,3.720081580571425e-14,-0.588783283831117,-3.8227655127916986e-16,1.9218929989623626e-14,-2.5100761299422176,3.624816676852742e-15,-9.88338200122887e-17,0.042388946614389376,-4.5732438128936395e-17,68.7327105629243,-2.8079104119762837e-05,0.0046682681706705495,2.4174205059422455e-06,5406.854199768219,5414.818725159573,5785.400525908663,5777.924664455388,0.015263804432609497,0.08978811798814526,2.510076129942254,0
4.041999999999777,2.0,0.0,1.0,0.0,1.98645901252031,8.273081855055315e-15,1.0007582337215721,0.08109598014283939,1.8115566442497925e-15,-0.005085256774408029,-0.09148017633533184,-6.317404751911127e-15,0.0086355053478535,3.68662569733473e-14,-0.5338090364000158,-3.434678186986973e-16,1.9142070365388956e-14,-2.4611029791820336,3.584802137485306e-15,-6.807717278321988e-17,0.04301635296902006,-5.1073218030599995e-17,68.73343159385725,-2.6438485695716125e-05,0.004396208809382115,2.413852002425184e-06,5406.8305739592215,5414.794605425991,5785.479438564825,5778.004207398374,0.013562199685215074,0.08125526340975989,2.461102979181965,0
4.061999999999775,2.0,0.0,1.0,0.0,1.987988495573167,8.308524263927996e-15,1.0006566660251512,0.07271835148400926,1.7419676156997883e-15,-0.00507146105225448,-0.08217960012559065,-6.250788389631981e-15,0.008812841552871672,3.647654181393739e-14,-0.4795319337347604,-3.052836103247365e-16,1.896322362790833e-14,-2.411434659746999,3.5362311989505106e-15,-1.7408785912363852e-16,0.043606033149003964,-5.834669672493626e-17,68.73409718692682,-2.4802001029499847e-05,0.0041248245295345,2.4082461675388997e-06,5406.804892189299,5414.768437891106,5785.555891203442,5778.081301000742,0.01202944092069186,0.07289498171860972,2.4114346597469765,0
4.0819999999997725,2.0,0.0,1.0,0.0,1.9893523190580455,8.342638065003979e-15,1.0005554688330192,0.06451315179326549,1.6751558252247145e-15,-0.005049099286685846,-0.07300266550216848,-6.187896225223498e-15,0.008972295047935779,3.610868082366354e-14,-0.42597814041362864,-2.684554977489196e-16,1.875434547324467e-14,-2.3611143366967715,3.485993623250996e-15,-2.1971542335051853e-16,0.044158095866845756,-6.016837321514642e-17,68.7347057146852,-2.3170831653670155e-05,0.003854310880382309,2.400530648289994e-06,5406.777127613595,5414.740196368304,5785.629780339197,5778.155841727321,0.010662159962508333,0.06471043314572794,2.361114336696734,0
4.10199999999977,2.0,0.0,1.0,0.0,1.990553955738579,8.375477800916692e-15,1.0004548109823954,0.05648255736596419,1.613210096730081e-15,-0.005018399618581801,-0.06395373604744412,-6.129985008110258e-15,0.009113980378051351,3.577000122156443e-14,-0.37317291085211757,-2.329718037974998e-16,1.858088073431483e-14,-2.3101850335375893,3.4378366659266935e-15,-1.4609289166832485e-16,0.0446726766929072,-5.2362551254119794e-17,68.73525574667266,-2.15461355083728e-05,0.0035848595458271497,2.390642257776524e-06,5406.747260414092,5414.709861656384,5785.701011492111,5778.227735005065,0.009456987111042967,0.056705058163546734,2.31018503353756,0
4.121999999999768,2.0,0.0,1.0,0.0,1.9915969202727808,8.406975650700287e-15,1.00035485657902,0.048628596256219465,1.5448600944227928e-15,-0.004979605365082766,-0.055037018486925014,-6.062554551379537e-15,0.009238052051586912,3.537588592224404e-14,-0.3211405852113197,-1.9827940767355226e-16,1.831054710077203e-14,-2.258689601786755,3.3832710602866914e-15,-2.7634807330899534e-16,0.04514993751208097,-6.098174168494504e-17,68.7357460483032,-1.9929046423391354e-05,0.0033166582584666254,2.3785269600581723e-06,5406.71527773944,5414.67742147923,5785.769499154943,5778.296895190768,0.008410569070739279,0.0488828890660358,2.2586896017867044,0
4.141999999999766,2.0,0.0,1.0,0.0,1.9924847662544514,8.437133606250987e-15,1.0002557647051578,0.0409531488591846,1.4788032339204203e-15,-0.004932973969836895,-0.04625656189530077,-5.999910118439639e-15,0.009344703031334516,3.500980482477769e-14,-0.2699045860260038,-1.6492090709459944e-16,1.7916261488672044e-14,-2.2066706911670457,3.3212287027918686e-15,-3.765144762588482e-16,0.04559006596893413,-7.281277263154135e-17,68.73617557921686,-1.8320673633832385e-05,0.0030498907189545907,2.364139826675664e-06,5406.681173624804,5414.642870405615,5785.835166737169,5778.3632455155475,0.007519584684983431,0.041249177369610916,2.2066706911669964,0
4.161999999999764,2.0,0.0,1.0,0.0,1.9932210832673896,8.46602465746851e-15,1.0001576891487116,0.03345794859897184,1.4168044879395524e-15,-0.004878775943208247,-0.037616257035794846,-5.939957152937116e-15,0.00943416316264947,3.465952995788372e-14,-0.2194874155404359,-1.327726424682421e-16,1.7472336457075547e-14,-2.154170720443816,3.255523289909706e-15,-3.997415562404397e-16,0.04599327490205003,-7.210305388943234e-17,68.7365434911189,-1.6722101327063405e-05,0.0027847365206279595,2.3474449658345537e-06,5406.644948892499,5414.606209749907,5785.897946486431,5778.426718006885,0.00678075054365571,0.033811784619500185,2.1541707204437976,0
4.1819999999997615,2.0,0.0,1.0,0.0,1.9938094939545128,8.493660992736837e-15,1.0000607781536117,0.02614458272022316,1.3548298112469136e-15,-0.0048172937957400444,-0.02911983583148913,-5.87795541634258e-15,0.009506697544918492,3.429739688197563e-14,-0.16991065373995676,-1.0170879310786279e-16,1.6949294282658386e-14,-2.1012318489167163,3.1885569499836572e-15,-4.691877411542191e-16,0.04635980176831554,-7.338891766600015e-17,68.73684912512682,-1.513438822268143e-05,0.0025213710793305253,2.3284154252782075e-06,5406.606611034263,5414.567447454518,5785.9577793883145,5778.487253389182,0.0061908043971014085,0.02658468591368096,2.1012318489166915,0
4.201999999999759,2.0,0.0,1.0,0.0,1.9942536511039257,8.520058978629865e-15,0.9999651741915782,0.01901449318126907,1.2924171168765908e-15,-0.004748820968094163,-0.02077087096717922,-5.817167689272463e-15,0.009562604852614731,3.394243882002417e-14,-0.1211949570663055,-7.179672539352969e-17,1.6312632493305286e-14,-2.047895948577085,3.112256677863702e-15,-6.081043971104419e-16,0.04668990805784677,-8.253915032090882e-17,68.73709200864792,-1.3558567184231142e-05,0.0022599655683810853,2.307033069931606e-06,5406.566174075977,5414.526597954936,5786.0146150454875,5778.544800963755,0.005746454426195893,0.019598526769314544,2.047895948577088,0
4.221999999999757,2.0,0.0,1.0,0.0,1.9945572347539486,8.545259882430153e-15,0.9998710137552972,0.012068977646737731,1.235703178860232e-15,-0.004673660760603104,-0.01257277562021123,-5.761238735254212e-15,0.009602215612130332,3.361591718497009e-14,-0.0733600578046875,-4.304095301626011e-17,1.5557448513558525e-14,-1.9942045769413086,3.0254585589196435e-15,-6.551683123754307e-16,0.046983878700278384,-8.93774302632094e-17,68.73727185180927,-1.1995644861955172e-05,0.002000686858609429,2.283288435433504e-06,5406.523658425792,5414.483682028219,5786.068411537082,5778.5993184692325,0.005444293432112847,0.012942307612734918,1.9942045769412262,0
4.241999999999755,2.0,0.0,1.0,0.0,1.9947239493190767,8.569378357866918e-15,0.9997784271729796,0.005309190577406385,1.1842064488029275e-15,-0.004592125265483004,-0.004528803318644933,-5.709832959942543e-15,0.009625890440557254,3.331586852417396e-14,-0.02642476413059425,-1.536524930508344e-17,1.478878524739219e-14,-1.9401989505695802,2.940681258888705e-15,-6.244133998698379e-16,0.04724202146310645,-8.045357902191568e-17,68.73738854346468,-1.0446601366390546e-05,0.0017436974633810282,2.2571805587481175e-06,5406.479090706483,5414.438726625859,5786.119135259403,5778.650771923386,0.005280701213413326,0.00701962385324941,1.9401989505695714,0
4.261999999999753,2.0,0.0,1.0,0.0,1.9947575207387782,8.592467291671615e-15,0.9996875384442185,-0.0012638555849803033,1.1302014441246323e-15,-0.004504534304658347,0.003357952075020095,-5.658031170246395e-15,0.009634018252485726,3.3013585308849566e-14,0.019593039195625203,1.1289425919932007e-17,1.4006878234231941e-14,-1.8859199192787597,2.858473720058824e-15,-7.427935319557092e-16,0.04746466634277813,-8.723938357906796e-17,68.73744214680174,-8.912389972260488e-06,0.0014891554885292436,2.2287167870919395e-06,5406.432503573038,5414.391764691939,5786.166760748963,5778.699135447375,0.0052517826524126,0.00467847841092911,1.8859199192788325,0
4.2819999999997505,2.0,0.0,1.0,0.0,1.9946616936510158,8.614528553984572e-15,0.9995984650970027,-0.007649289140263624,1.0806030978612412e-15,-0.0044112143760481,0.011084556256412765,-5.6094686142470586e-15,0.009627014440823525,3.273027388944853e-14,0.06467638949839746,3.694644720588927e-17,1.3125264154242069e-14,-1.8314079410571968,2.7712383812430444e-15,-8.1651234079081955e-16,0.04765216494919217,-9.030117051416703e-17,68.73743289457389,-7.393936852290963e-06,0.0012372145871070443,2.1979125662744296e-06,5406.383935516367,5414.342834967521,5786.211270488877,5778.744391073488,0.0053533863071826395,0.008830087011055351,1.8314079410572326,0
4.301999999999748,2.0,0.0,1.0,0.0,1.9944402285923122,8.635663949384011e-15,0.9995113180656839,-0.013846377762195407,1.0357022472455238e-15,-0.004312497611054466,0.018648234250110408,-5.564480929305535e-15,0.009605319037526544,3.246788816735513e-14,0.10880924423271641,6.165906598762808e-17,1.2211685066042624e-14,-1.7767030576886664,2.683992894516122e-15,-8.43792602174031e-16,0.04780488988428309,-8.737165624411119e-17,68.73736118398223,-5.892140839708807e-06,0.0009880239188622465,2.164791209886004e-06,5406.3334306541365,5414.291981782229,5786.252654699725,5778.786528537409,0.005581206691986051,0.014502407137395156,1.7767030576886234,0
4.321999999999746,2.0,0.0,1.0,0.0,1.9940968992261408,8.655917975912332e-15,0.9994262015896496,-0.01985452704298877,9.959167980048645e-16,-0.004208720745884364,0.026046370060759036,-5.525852157570118e-15,0.00956939486001642,3.224266848105861e-14,0.15197647841802386,8.552325330456699e-17,1.1234702162182433e-14,-1.721844871091768,2.594007677347838e-15,-8.202203122207203e-16,0.04792323411532894,-8.525659464602646e-17,68.73722757123231,-4.407873219500027e-06,0.0007417281143431859,2.129383650452717e-06,5406.281038509642,5414.239254833967,5786.290911115915,5778.825545056115,0.005930922640033197,0.020295703348679733,1.7218448710917824,0
4.341999999999744,2.0,0.0,1.0,0.0,1.9936354896013633,8.6754006916368e-15,0.9993432131323892,-0.025673278952603063,9.574047984258981e-16,-0.00410022410921551,0.033276506206630904,-5.489971123988247e-15,0.009519725648938271,3.203354033622894e-14,0.19416388147209154,1.0855502232918248e-16,1.0267363161689571e-14,-1.6668725203804509,2.5110357572081773e-15,-8.515554897290273e-16,0.04800761034362872,-7.8671801171653e-17,68.73703276579096,-2.9419775472141493e-06,0.0004984672435254593,2.0917281739363346e-06,5406.226813779773,5414.184708957767,5786.326044748661,5778.861445092426,0.006398309276974742,0.025998636308929044,1.666872520380526,0
4.361999999999742,2.0,0.0,1.0,0.0,1.9930597914423989,8.6942089940366e-15,0.9992624433206088,-0.03130231021531864,9.239468614840818e-16,-0.00398735062859868,0.04033634313783952,-5.45940190064283e-15,0.009456814202758432,3.185546131317616e-14,0.2353581534567946,1.3085469001107653e-16,9.359691224495112e-15,-1.6118246596505656,2.436986912894497e-15,-8.334562523424234e-16,0.04805845036915659,-7.409603432289518e-17,68.73677762436907,-1.4952694952835969e-06,0.0002583767888695166,2.051870138853069e-06,5406.170816092972,5414.12840388475,5786.358067636663,5778.894240107375,0.006979289697262513,0.031555246629545265,1.6118246596504797,0
4.381999999999739,2.0,0.0,1.0,0.0,1.9923736014727473,8.712348065706538e-15,0.999183975902988,-0.03674143060620193,8.934299313553494e-16,-0.0038704448578636827,0.04722373854151065,-5.432054871076569e-15,0.009381180514552456,3.169623540231854e-14,0.27554690074764926,1.524329686803151e-16,8.414838381599329e-15,-1.5567394364966816,2.3628275465491298e-15,-8.2190646343937e-16,0.048076204451807915,-6.661764141795916e-17,68.73646314465515,-6.853672541733222e-08,2.15876226879369e-05,2.0098616812775666e-06,5406.113109758217,5414.070403992115,5786.386998585564,5778.923948301375,0.007669931539680509,0.03694472988652259,1.5567394364967613,0
4.401999999999737,2.0,0.0,1.0,0.0,1.991580718773439,8.729862983490353e-15,0.9991078877281384,-0.04199058117010118,8.63578945306012e-16,-0.0037498520276689914,0.05393670653628589,-5.402613515929295e-15,0.00929335991617323,3.152483700128935e-14,0.3147186311389923,1.7316116023109143e-16,7.402858156905745e-15,-1.5016544712626863,2.294202928677061e-15,-8.849723354085069e-16,0.04806134066982377,-6.209716887999812e-17,68.73609045882583,1.3374612130066466e-06,-0.00021177401127149998,1.965761407089291e-06,5406.053763505984,5414.010778045226,5786.412862897292,5778.950594345386,0.008466413684526069,0.04215768372707719,1.501654471262726,0
4.421999999999735,2.0,0.0,1.0,0.0,1.990684942177929,8.746893613317209e-15,0.9990342487412768,-0.047049832365849704,8.411919322727166e-16,-0.0036259171212043406,0.06047341675860445,-5.38437315891884e-15,0.00919390123480143,3.141884263013837e-14,0.3528627483966717,1.9349538785434405e-16,6.438845950044075e-15,-1.44660683702905,2.234013091085993e-15,-8.357764449915426e-16,0.048014344275978504,-5.666618335758372e-17,68.73566082685814,2.7219929592083404e-06,-0.00044158651215026225,1.919634072751472e-06,5405.99285022218,5413.949598932674,5786.435692090382,5778.974209103056,0.00936498679776183,0.047189342023643444,1.446606837029015,0
4.441999999999733,2.0,0.0,1.0,0.0,1.989690067704912,8.763500398645071e-15,0.9989631219990915,-0.051919382138384096,8.230220320095208e-16,-0.0034989839769252757,0.06683219334326879,-5.371328219165602e-15,0.009083364966704272,3.1343207345290375e-14,0.3899695462700857,2.1332813830421167e-16,5.511678229639495e-15,-1.391633040338956,2.1809149393623165e-15,-7.603012286370059e-16,0.047935717052076644,-4.893560502732758e-17,68.73517562966879,4.084355393760855e-06,-0.0006677329323091097,1.871550255858319e-06,5405.930446676002,5413.886943395338,5786.45552361231,5778.994829344972,0.010361940933920864,0.05203715144492767,1.3916330403390127,0
4.461999999999731,2.0,0.0,1.0,0.0,1.9885998860304543,8.779761740843537e-15,0.9988945637022386,-0.05659955392151408,8.048180877981092e-16,-0.0033693944200644975,0.07301151380087274,-5.357966761631412e-15,0.00896232147283492,3.1265765042010435e-14,0.42603020197548763,2.324785100605663e-16,4.64250102325425e-15,-1.3367690026648884,2.129415626354587e-15,-7.749431621359881e-16,0.047825976662317415,-5.088868682084297e-17,68.73463636210556,5.423873666859359e-06,-0.0008901009837846086,1.8215860168352358e-06,5405.866633242681,5413.822891750358,5786.472400544953,5779.012497456049,0.011453584064695137,0.05669975593309323,1.3367690026649597,0
4.481999999999728,2.0,0.0,1.0,0.0,1.9874181800008106,8.795676268559485e-15,0.9988286232448769,-0.06109079457410281,7.885274080554283e-16,-0.0032374874245293785,0.07901000779471451,-5.34404803000815e-15,0.008831349200694838,3.118510743704762e-14,0.4610367691624139,2.50931676808136e-16,3.730274253254462e-15,-1.2820500426166443,2.072101169989293e-15,-8.222035348346312e-16,0.047685656006050146,-5.67045641144897e-17,68.73404462581499,6.739901203844909e-06,-0.001108583040976521,1.7698225529684941e-06,5405.801493622047,5413.757527610997,5786.486371304216,5779.027261137122,0.01263623037121613,0.06117651924161112,1.2820500426165977,0
4.501999999999726,2.0,0.0,1.0,0.0,1.9861487221872263,8.811373277130378e-15,0.9987653432806172,-0.0653936722524365,7.807606715827197e-16,-0.003103598306661214,0.08482645581987265,-5.342577321737001e-15,0.008691032936681511,3.117712478277584e-14,0.4949821703751458,2.693379698123398e-16,2.886439075577403e-15,-1.2275108588911423,2.0191211733559434e-15,-7.115771830055073e-16,0.04751530257043725,-4.616069798706816e-17,68.73340212201073,8.031819688450621e-06,-0.0013230761396824903,1.7163458460753595e-06,5405.735114553847,5413.690937603252,5786.497489334824,5779.039173101737,0.013906195535133075,0.06546727956092413,1.2275108588911854,0
4.521999999999724,2.0,0.0,1.0,0.0,1.9847952724839637,8.82687739702749e-15,0.9987047598042326,-0.06950887422157696,7.710225574048351e-16,-0.0029680579521953756,0.09045978778717642,-5.3400136553579384e-15,0.008541962092928339,3.1162797002275306e-14,0.5278601890211855,2.8709561780449777e-16,2.053953411877747e-15,-1.173185513963807,1.963836245511453e-15,-7.409686028589822e-16,0.04731547778352381,-5.0164873450491635e-17,68.73271064416653,9.29903902522825e-06,-0.0015334819725857528,1.6612463050426015e-06,5405.667585530761,5413.623211080203,5786.50581280136,5779.048290769196,0.015259796394501566,0.0695722140193813,1.173185513963817,0
4.541999999999722,2.0,0.0,1.0,0.0,1.9833615757507492,8.842205452086976e-15,0.9986469022484534,-0.07343720460850192,7.648378616371631e-16,-0.002831192077627069,0.09590908151483045,-5.33891900374873e-15,0.008384729032417298,3.115707201755156e-14,0.5596654608586797,3.0433759557721083e-16,1.1674272410802583e-15,-1.1191074185207721,1.905903638871154e-15,-7.527499773460786e-16,0.04708675636819641,-5.1319331923754197e-17,68.73197207065637,1.0540997279910279e-05,-0.001739706881311874,1.6046184043837082e-06,5405.59899850993,5413.554439834919,5786.511404276478,5779.054675954799,0.0166933530191899,0.0734917591930646,1.119107418520784,0
4.56199999999972,2.0,0.0,1.0,0.0,1.9818513595007705,8.857468139675913e-15,0.9985917935951459,-0.07717958209984539,7.621666314296476e-16,-0.002693320527051545,0.10117356113050346,-5.342975346760595e-15,0.00821992743593258,3.118143539750051e-14,0.5903934650148562,3.2129748590204013e-16,3.090606121753413e-16,-1.065309316630581,1.849784598272901e-15,-7.48833405418192e-16,0.046829725697500185,-4.9482801863781e-17,68.73118835736527,1.1757160600476924e-05,-0.0019416618451546914,1.5465603201070419e-06,5405.5294476239615,5413.484717812825,5786.514330427313,5779.058394558294,0.0182031919522084,0.077226561936734,1.0653093166307432,0
4.581999999999717,2.0,0.0,1.0,0.0,1.980268331635302,8.872710347661594e-15,0.9985394505001555,-0.0807370375870529,7.635910969014406e-16,-0.002554756605414447,0.10625259538671414,-5.351457454906067e-15,0.008048150714182623,3.1231653839070497e-14,0.6200405145475322,3.3797450548993185e-16,-5.452288347022177e-16,-1.011823271653533,1.7926207402123513e-15,-7.135213743412081e-16,0.04654498515176764,-4.7949306311017507e-17,68.73036153029214,1.2947023118620589e-05,-0.002139262466584452,1.487173563943654e-06,5405.459028892169,5413.414140824346,5786.514661701008,5779.059516251417,0.019785649883082408,0.0807774474692417,1.011823271653451,0
4.601999999999715,2.0,0.0,1.0,0.0,1.9786161782259792,8.888011006016382e-15,0.9984898834310766,-0.08411071176176681,7.657823101496151e-16,-0.0024158064489756817,0.11114569589238192,-5.362562967230976e-15,0.00786999046819848,3.129720740915537e-14,0.64860374656185,3.5428529988700913e-16,-1.3622758246040424e-15,-0.958680652886332,1.735009352040741e-15,-7.390009927563553e-16,0.04623314547800239,-5.3739921694045336e-17,68.72949367816645,1.411010683230244e-05,-0.0023324289536452384,1.4265626171158955e-06,5405.387839932947,5413.3428062586745,5786.512472010271,5779.058114165502,0.021437077359444816,0.0841453976986854,0.9586806528864588,0
4.621999999999713,2.0,0.0,1.0,0.0,1.9768985613456889,8.903398998157209e-15,0.9984430968171972,-0.08730185266425118,7.720665085716667e-16,-0.002276768433658815,0.11585251526342696,-5.378187819631125e-15,0.007686035000880355,3.138915995982129e-14,0.6760811118944359,3.703785144570698e-16,-2.190484467310349e-15,-0.9059121229391804,1.666103652525635e-15,-7.300641310889918e-16,0.045894828151932444,-5.991900671547473e-17,68.72858694509924,1.5245961470124703e-05,-0.002521086099336827,1.3648345647211525e-06,5405.315979678019,5413.270812799434,5786.507838419871,5779.054264579972,0.023153842346779554,0.08733153584536989,0.9059121229390846,0
4.641999999999711,2.0,0.0,1.0,0.0,1.975119116948977,8.918940604561272e-15,0.9983990892108559,-0.09031181318765977,7.816678099879108e-16,-0.002137932621829996,0.12037284519533137,-5.395803541075874e-15,0.007496867882326727,3.149275335338309e-14,0.702471364377284,3.8610528324427206e-16,-3.011693780148328e-15,-0.853547625841999,1.5947750789182096e-15,-7.058742795782332e-16,0.04553066474315311,-6.074549403156042e-17,68.7276435232887,1.635416433841881e-05,-0.0027051632580906678,1.302098731791517e-06,5405.243548089359,5413.198260143001,5786.500840834918,5779.04804661263,0.02493233356012792,0.09033711505875225,0.8535476258421976,0
4.661999999999709,2.0,0.0,1.0,0.0,1.9732814528028346,8.934713125563757e-15,0.9983578534594331,-0.0931420485409369,7.94824400063115e-16,-0.0019995802479233107,0.12470661446057806,-5.41898968878877e-15,0.0073030665713592615,3.162887863910964e-14,0.7277740496937086,4.017409015908315e-16,-3.791328153095882e-15,-0.8016163758759799,1.5233163120311722e-15,-6.579178490848545e-16,0.04514129628375228,-5.7785622100675e-17,68.72666564579923,1.7434320151185835e-05,-0.002884594319434613,1.2384663220601225e-06,5405.170645879499,5413.125248720228,5786.491561691747,5779.0395419125125,0.026768963550870807,0.09316350963531876,0.801616375875903,0
4.681999999999706,2.0,0.0,1.0,0.0,1.971389146468651,8.950768441349925e-15,0.9983193768872055,-0.09579411367312872,8.084901314785184e-16,-0.0018619832432062364,0.12885388683390503,-5.443805702963729e-15,0.007105201095400086,3.1774535464810613e-14,0.7519894938388324,4.1701903804691e-16,-4.5316169984714374e-15,-0.7501468471262436,1.4528964845364595e-15,-6.705566106499526e-16,0.044727372640798777,-6.036873377662173e-17,68.72565557943265,1.8486060844150728e-05,-0.0030593176789451455,1.1740500603682116e-06,5405.097374235973,5413.051879422273,5786.4800856522115,5779.028834356139,0.028660171559841754,0.09581220796964386,0.7501468471260991,0
4.701999999999704,2.0,0.0,1.0,0.0,1.9694457433360844,8.967129993156797e-15,0.9982836414862665,-0.09826966066186223,8.267127781774055e-16,-0.0017254037998572884,0.1328148589483079,-5.472648230880258e-15,0.006903832790657474,3.194371130456684e-14,0.775118791197123,4.321333238676994e-16,-5.277832585483313e-15,-0.6991667637509369,1.3810932575302794e-15,-6.26616932365198e-16,0.044289551893067276,-6.003176374141324e-17,68.72461561770899,1.9509045372748445e-05,-0.0032292762065801723,1.1089638396888285e-06,5405.023834550506,5412.978253331189,5786.466499302132,5779.016009747862,0.030602426159245924,0.09828480668379073,0.6991667637509478,0
4.721999999999702,2.0,0.0,1.0,0.0,1.9674547547095271,8.983875669201078e-15,0.9982506241157364,-0.10057043606872995,8.446269558056933e-16,-0.0015900939744116233,0.13658985808473756,-5.5021556030072895e-15,0.006699513104310543,3.2116783104816893e-14,0.7971637922496285,4.46830653910984e-16,-5.98627435380603e-15,-0.6487030909616888,1.308585537462308e-15,-6.599225389017802e-16,0.0438284997123508,-6.031875205647016e-17,68.7235480739738,2.050295949542268e-05,-0.003394417212483691,1.0433223736628371e-06,5404.950128153679,5412.9044714559495,5786.450890854608,5779.001155525074,0.0325922277084812,0.10058300557202474,0.6487030909615246,0
4.7419999999997,2.0,0.0,1.0,0.0,1.9654196559478034,9.001027126610898e-15,0.9982202967084696,-0.10269827826429359,8.692860771217579e-16,-0.001456295330514383,0.14017933989843123,-5.540266425673659e-15,0.006492782460182643,3.2340088683164766e-14,0.8181270909236351,4.617688041007217e-16,-6.701138485732825e-15,-0.5987820267099533,1.234728786538777e-15,-5.734899417112356e-16,0.04334488874971211,-5.582999243205428e-17,68.72245527464756,2.1467515541986596e-05,-0.003554692410353102,9.772408554919214e-07,5404.876356055579,5412.830634474465,5786.433349858912,5778.98436046893,0.034626110647518166,0.10270860311843383,0.5987820267101862,0
4.761999999999698,2.0,0.0,1.0,0.0,1.9633438846576763,9.018698332544453e-15,0.9981926264844756,-0.10465511472539298,8.974674189305218e-16,-0.0013242386208125825,0.14358388608481143,-5.580497864332947e-15,0.006284169189146381,3.257578655301518e-14,0.8380120115975533,4.76438707277856e-16,-7.313905244224558e-15,-0.5494289940733686,1.1704800259096584e-15,-4.502306830087451e-16,0.04283939802700081,-4.437030072953424e-17,68.72133955263254,2.2402452168645882e-05,-0.0037100578784543927,9.108346239706261e-07,5404.802618693104,5412.756842482217,5786.413966915574,5778.965714421215,0.03670064564846726,0.10466349242266865,0.5494289940732479,0
4.781999999999695,2.0,0.0,1.0,0.0,1.9612308389416875,9.03695049040411e-15,0.9981675761702751,-0.10644295930741796,9.251628077730505e-16,-0.0011941435077090262,0.1468042019878819,-5.623972135427107e-15,0.006074188525297573,3.2830426431054894e-14,0.8568225957739677,4.909402225378637e-16,-7.793818294860905e-15,-0.5006686343358924,1.1150981193209912e-15,-3.9581088968431113e-16,0.042312712333956594,-4.067192448886032e-17,68.72020324089081,2.3307534098890507e-05,-0.00386047401836968,8.442188374939762e-07,5404.729015684396,5412.683194748,5786.392833398273,5778.945308007993,0.038812441642559925,0.1064496574200107,0.5006686343362245,0
4.801999999999693,2.0,0.0,1.0,0.0,1.9590838757008042,9.055856138302546e-15,0.9981451042234158,-0.10806390949416868,9.605095943059262e-16,-0.001066218322599408,0.1498411141540359,-5.676101865595075e-15,0.005863341668701524,3.3135605038479954e-14,0.8745635884338673,5.05762703566482e-16,-8.074970122775743e-15,-0.4525248007551203,1.0741202616970975e-15,-1.6137276972559805e-16,0.04176552163120869,-2.1602163527555915e-17,68.7190486662069,2.418255185181881e-05,-0.0040059055115560654,7.775081566546334e-07,5404.655645590942,5412.609789477309,5786.37004118313,5778.923232370556,0.04095814773655211,0.1080691693161159,0.4525248007553098,0
4.821999999999691,2.0,0.0,1.0,0.0,1.9569063089922887,9.075379832491666e-15,0.9981251650613856,-0.10952014362789546,9.909060153631867e-16,-0.0009406598631146069,0.15269556783417848,-5.72170869608388e-15,0.00565211491531165,3.340271445819383e-14,0.8912404240851699,5.195609370447122e-16,-8.24719269971891e-15,-0.405020553009838,1.0452127452319472e-15,-9.093237141964932e-17,0.04119852045947262,-1.5846188403938992e-17,68.71787814314703,2.5027321458389925e-05,-0.004146321273799216,7.108164362024276e-07,5404.582605687799,5412.536723583815,5786.345682385871,5778.899578904252,0.04313445502976882,0.10952418318003072,0.405020553009678,0
4.841999999999689,2.0,0.0,1.0,0.0,1.9547014084431633,9.095500459597837e-15,0.9981077092941676,-0.11081391812207336,1.0194493316197623e-15,-0.0008176532277981177,0.15536862443704608,-5.7659645872537775e-15,0.005440978854443755,3.366194361741804e-14,0.9068592125187529,5.32768196719962e-16,-8.366050753862037e-15,-0.35817815232053224,1.0205140473678614e-15,-8.707131064299393e-17,0.040612407355219975,-1.4956275260762893e-17,68.71669396822648,2.5841684164702826e-05,-0.004281694407630155,6.442564269306382e-07,5404.509991742378,5412.464092469371,5786.31984910743,5778.874439005614,0.04533809834067256,0.11081693465516229,0.3581781523200244,0
4.861999999999687,2.0,0.0,1.0,0.0,1.9524723977195853,9.116250408155189e-15,0.9980926839596955,-0.11194756465942862,1.0514068479513397e-15,-0.0006973716875572094,0.15786145893658815,-5.8160931779400306e-15,0.005230387633991676,3.395546270421401e-14,0.9214267242853034,5.460458417001459e-16,-8.392333474322411e-15,-0.31201905723525436,1.0008452650647433e-15,4.07583127438645e-18,0.04000788427311223,-1.0810042207689516e-17,68.71549841429527,2.662550612468996e-05,-0.004412002152786969,5.779394880705296e-07,5404.4378978021805,5412.391989812942,5786.292633188358,5778.847903828303,0.04756585784996301,0.11194973675917044,0.31201905723505136,0
4.881999999999684,2.0,0.0,1.0,0.0,1.9502224530523993,9.137614632012546e-15,0.9980800327614836,-0.11292348737769312,1.0831494550835395e-15,-0.0005799765931423823,0.1601753572362504,-5.863705736755589e-15,0.005020778293363221,3.423429591699222e-14,0.9349503759063746,5.586091621807678e-16,-8.352597320689469e-15,-0.26656392007292923,9.892496692465707e-16,9.249414474383806e-17,0.03938565601545547,-3.7784890403399297e-19,68.71429372515166,2.7378678081743744e-05,-0.004537225834786303,5.119753107457341e-07,5404.36641599187,5412.320507368813,5786.26412597252,5778.8200640482155,0.04981456066570868,0.11292497675177361,0.2665639200730953,0
4.901999999999682,2.0,0.0,1.0,0.0,1.9479547018190888,9.159650118794433e-15,0.9980696963077174,-0.1137441600455223,1.1162421852998182e-15,-0.00046561731783083894,0.16231171349297557,-5.915300806090021e-15,0.004812570163931575,3.453638165701706e-14,0.947438214833134,5.710646908421853e-16,-8.147919110549646e-15,-0.22183258401589553,9.909563227973817e-16,2.2836278313255233e-16,0.038746429668933886,8.168103670039874e-18,68.71308211039192,2.8101115039001702e-05,-0.004657350811674595,4.4647165298104866e-07,5404.295636319964,5412.249734774402,5786.234418080376,5778.791009638158,0.052081082314832876,0.11374511305523441,0.22183258401655095,0
4.92199999999968,2.0,0.0,1.0,0.0,1.9456722211822937,9.18226074268223e-15,0.9980616123511116,-0.11441212323096787,1.1424138906192444e-15,-0.00035443123441298706,0.16427202740370883,-5.956329627237445e-15,0.004606164336609508,3.477677481015537e-14,0.9588989041663538,5.819949538760964e-16,-7.916171122554539e-15,-0.17784408084317826,9.917312169484884e-16,1.9029395119158952e-16,0.03809091404887458,6.226053633629526e-18,68.71186574050404,2.879275592043105e-05,-0.004772366419028275,3.8153408663202724e-07,5404.225646495459,5412.179759367951,5786.203599192276,5778.760829652401,0.05436234816435898,0.11441267221649054,0.177844080842531,0
4.941999999999678,2.0,0.0,1.0,0.0,1.9433780367850195,9.205459333290965e-15,0.9980557160288613,-0.11492998146485225,1.1707889895206268e-15,-0.00024654372551129807,0.16605790145716562,-6.003210002184483e-15,0.0044019431959687735,3.505132858861739e-14,0.9693417071512865,5.929772518928847e-16,-7.607285879236829e-15,-0.13461662929571486,9.98709376524947e-16,2.4082801813994406e-16,0.03741981915127754,1.0896579752262582e-17,68.71064674221174,2.945356322078628e-05,-0.004882265913264598,3.172657567152419e-07,5404.156531754658,5412.110666016383,5786.1717578419375,5778.729612021408,0.056655334775103296,0.11493024590298183,0.13461662929697552,0
4.961999999999676,2.0,0.0,1.0,0.0,1.9410751215026119,9.229182874499996e-15,0.9980519401020288,-0.11530040040134579,1.1970661860173703e-15,-0.00014206822619611983,0.16767103815359036,-6.0473735644439545e-15,0.0042002700201640465,3.5310013652207566e-14,0.978776471461121,6.031671084511021e-16,-7.290906343219033e-15,-0.0921676340644931,1.0089840696793359e-15,2.615517295153751e-16,0.03673385561283945,1.431203343602642e-17,68.70942719407482,3.008352264775771e-05,-0.0049870464133236194,2.5376715342765674e-07,5404.088374698372,5412.0425369534805,5786.13898122047,5778.6974433569785,0.058957071189960235,0.1153004879265112,0.09216763406623071,0
4.981999999999673,2.0,0.0,1.0,0.0,1.9387663942515307,9.253486979795688e-15,0.9980502151937323,-0.11552610397800063,1.2292442197534686e-15,-4.110629780242832e-05,0.1691132371951937,-6.097111140573693e-15,0.00400148864575557,3.560123745330154e-14,0.9872136132827543,6.133835262993157e-16,-6.8390191595335534e-15,-0.05051368539229123,1.0323573663690791e-15,4.863275210280604e-16,0.036033734179202026,3.179038211976587e-17,68.70820912235052,3.0682642753621197e-05,-0.0050867088407895765,1.9113589714690584e-07,5404.0212551397135,5411.975451628626,5786.1053549910885,5778.664408768051,0.061264640158493706,0.11552611129118616,0.05051368539442751,0
5.001999999999671,2.0,0.0,1.0,0.0,1.9364547188549082,9.278336770556567e-15,0.9980504700255284,-0.11560987157744708,1.2537488391894593e-15,5.625226820378528e-05,0.170386392649932,-6.138731627424347e-15,0.0038059231963585294,3.584505579128531e-14,0.9946641012187143,6.222447738720518e-16,-6.258562962972214e-15,-0.009670559279474952,1.0676822670558183e-15,5.43086206100957e-16,0.03532016518162081,3.748528743843517e-17,68.70699449711977,3.12509545593934e-05,-0.005181257858497781,1.2946653671124207e-07,5403.955249962619,5411.909486566206,5786.070963114727,5778.630591687289,0.06357517929923696,0.11560988526277276,0.009670559293282279,0
5.021999999999669,2.0,0.0,1.0,0.0,1.9341429029648347,9.303676818013828e-15,0.9980526316513946,-0.1155545351929096,1.2776385663335171e-15,0.00014992931751116152,0.1714924900912436,-6.182283024884191e-15,0.003613877873917129,3.6100137012089993e-14,1.0011394400190372,6.307520768102329e-16,-5.576961030712631e-15,0.030346781715941133,1.1093849687008845e-15,6.416997460897074e-16,0.034593858022276956,4.385248071622764e-17,68.70578522868148,3.17885111694053e-05,-0.0052707018076964315,6.885036112355704e-08,5403.890432991197,5411.844715235823,5786.035887686691,5778.596073708643,0.06588588220085034,0.11555463245776706,0.0303467817149244,0
5.041999999999667,2.0,0.0,1.0,0.0,1.931833697041273,9.32944743050207e-15,0.9980566256887541,-0.11536297659965022,1.296816989763493e-15,0.00023985817264749205,0.1724336037163301,-6.217810493282364e-15,0.0034256368112381298,3.630834982770579e-14,1.006651654156999,6.378825868973008e-16,-4.816678447746899e-15,0.06952418709399082,1.1542397675282152e-15,6.759151066692219e-16,0.033855520668420507,4.3908147721521185e-17,68.70458316421706,3.229538737922416e-05,-0.005355052643812823,9.375224888677516e-09,5403.826874870034,5411.78120793337,5786.000208784412,5778.560934435962,0.06819399946310933,0.1153632259512295,0.06952418709456454,0
5.0619999999996645,2.0,0.0,1.0,0.0,1.929529793387458,9.355557210217127e-15,0.9980623765460018,-0.11503812453439641,1.3107619388136955e-15,0.0003259834463493086,0.17321189344552204,-6.2475995197908e-15,0.0032414639843090414,3.648303603626545e-14,1.0112132712625623,6.438557136529595e-16,-4.040491169365723e-15,0.10784831645444974,1.2017974614431082e-15,6.370977144433208e-16,0.03310585915553091,3.9690167589683573e-17,68.70339008472655,3.277167927475863e-05,-0.005434325870877257,-4.887461291222599e-08,5403.764642955416,5411.719031673023,5785.9640043264635,5778.525251342714,0.07049683967855468,0.11503858640299171,0.10784831645295018,0
5.081999999999662,2.0,0.0,1.0,0.0,1.9272338252416017,9.381889286133e-15,0.9980698076460213,-0.11458295188476056,1.321063665326551e-15,0.00040826082993991483,0.17382960200523548,-6.273930843352367e-15,0.003061603182784179,3.6637511035339355e-14,1.0148373054274513,6.488989105760103e-16,-3.356349250389081e-15,0.14530663697498047,1.2397179186394847e-15,5.66320996623467e-16,0.032345577099687335,3.4681966704429913e-17,68.7022077022368,3.321750382471369e-05,-0.0055085404746622055,-1.0581863573285317e-07,5403.703801217569,5411.658250090162,5785.927349942757,5778.489099642883,0.07279177035553622,0.11458367920227827,0.14530663697547616,0
5.10199999999966,2.0,0.0,1.0,0.0,1.9249483659246824,9.408413207831975e-15,0.998078841645206,-0.11400047289060718,1.3306075209683128e-15,0.00048665685806830876,0.17428905199697842,-6.297845235392548e-15,0.0028862780369181803,3.677785035912546e-14,1.0175372403957113,6.531173071778952e-16,-2.734658878562203e-15,0.18188742033638805,1.2753440205139113e-15,5.384051759267447e-16,0.031575375219314514,3.3112733137555866e-17,68.70103765728166,3.3632998465826734e-05,-0.005577718854584,-1.6138020283739247e-07,5403.644410153852,5411.598923355233,5785.890318856011,5778.452552173013,0.07507621878331089,0.1140015116311164,0.18188742033552527,0
5.121999999999658,2.0,0.0,1.0,0.0,1.9226759280440573,9.435133440068761e-15,0.9980894006475284,-0.11329374035927206,1.3387565776202257e-15,0.0005611486511866133,0.1745926429548296,-6.322405534080393e-15,0.0027156920991158687,3.692193874579813e-14,1.0193270126536442,6.568292562422882e-16,-2.0971579774880613e-15,0.2175797391058365,1.314368136789812e-15,5.310797639483465e-16,0.030795950866474058,3.161515178175596e-17,68.69988151665305,3.4018320681342305e-05,-0.005641886754422592,-2.1548666870689539e-07,5403.58652671287,5411.541108098438,5785.8529817744175,5778.4156792853855,0.07734767283980476,0.11329513004715992,0.21757973910647174,0
5.141999999999656,2.0,0.0,1.0,0.0,1.9204189627525983,9.461956442399688e-15,0.9981014064132279,-0.11246584289648733,1.3441411728421848e-15,0.000631723637166825,0.1747428483937664,-6.341228102442926e-15,0.0025500289781647317,3.703249532313889e-14,1.0202209944329375,6.593737454661309e-16,-1.5295186567263116e-15,0.2523734625890717,1.3455255946761955e-15,5.04013198813332e-16,0.030007997567865374,2.8627632695472155e-17,68.6987407714213,3.437364757329576e-05,-0.005701073191907703,-2.6806948866762733e-07,5403.530204229441,5411.48485734526,5785.815406795462,5778.378548752258,0.07960368174261838,0.11246761708674691,0.2523734625895325,0
5.1619999999996535,2.0,0.0,1.0,0.0,1.918179859063023,9.488879478196825e-15,0.998114780561713,-0.11151990215481411,1.346998621549088e-15,0.0006983792534718668,0.17474221285117328,-6.3591185734428416e-15,0.002389452524135826,3.7137582776815965e-14,1.0202339766407669,6.612532698115428e-16,-9.700883198464907e-16,0.2862592521628647,1.3760028895919043e-15,4.61205752857304e-16,0.029212204575685297,2.6802757808853172e-17,68.6976168352221,3.469917542819069e-05,-0.0057553103872202286,-3.1906431078326954e-07,5403.4754923702785,5411.430220462654,5785.77765932078,5778.341225681076,0.08184185674382805,0.11152208888915681,0.28625925216332904,0
5.181999999999651,2.0,0.0,1.0,0.0,1.9159609432170468,9.515780490839178e-15,0.9981294447683083,-0.11045907010133352,1.3445879251236208e-15,0.0007611226313073612,0.17459334892382433,-6.367520997558946e-15,0.002234107061847958,3.7187232249170246e-14,1.019381151730616,6.615838740458616e-16,-5.571611796774088e-16,0.31922855609907697,1.3974270810266629e-15,3.1695428011136637e-16,0.028409256428494095,1.7299508926583233e-17,68.69651104280724,3.499511927755971e-05,-0.005804633690462015,-3.6841105414422484e-07,5403.422437090322,5411.37724311581,5785.739801981968,5778.303772440544,0.08405987176913395,0.1104616923431431,0.3192285560988495,0
5.201999999999649,2.0,0.0,1.0,0.0,1.9137644781089536,9.542668794179062e-15,0.9981453209544986,-0.10928652630629507,1.3453290925049953e-15,0.0008199702631906279,0.17429893430258145,-6.383331167193934e-15,0.002084117670724892,3.728011606030419e-14,1.017678096527445,6.621283983964886e-16,-2.270513778974541e-16,0.35127360389189394,1.4165971850933937e-15,2.996474860926321e-16,0.027599832522230194,2.0099027356158054e-17,68.69542464885497,3.5261712452017724e-05,-0.005849081508138067,-4.160539737061712e-07,5403.37108059948,5411.325967235321,5785.701894577151,5778.26624859738,0.08625546400189944,0.10928960235689872,0.3512736038920948,0
5.221999999999647,2.0,0.0,1.0,0.0,1.911592662763145,9.569552936798241e-15,0.998162331471355,-0.10800547525437074,1.3425199992149846e-15,0.0008749476553731867,0.1738617088070141,-6.393760360938088e-15,0.001939590508806997,3.734154562480654e-14,1.0151407550208054,6.615660339329273e-16,7.331660895984228e-17,0.38238740009994465,1.4411334372941304e-15,2.1380079175609891e-16,0.026784606691501976,2.1496835007034995e-17,68.69435882703606,3.549920613150712e-05,-0.005888695228704899,-4.619417118554372e-07,5403.321461339692,5411.276430994564,5785.663994018174,5778.228710863628,0.08842643441263581,0.10800901915267139,0.38238740009970656,0
5.241999999999645,2.0,0.0,1.0,0.0,1.9094476318652074,9.596400023176099e-15,0.9981803992758572,-0.10661914368011187,1.341093934544987e-15,0.0009260889665535862,0.1732844714220897,-6.407757813333308e-15,0.0018006131786240623,3.7423786397996085e-14,1.0117854211393125,6.608318077333538e-16,3.207685240664961e-16,0.41256371771516653,1.464219465723471e-15,1.8887281540631226e-16,0.025964246801289476,1.67299775253766e-17,68.6933146693302,3.5707868888990944e-05,-0.0059235191472312015,-5.060273369212265e-07,5403.273613972023,5411.228668797133,5785.6261542882,5778.19121305429,0.09057064823448216,0.10662316558728835,0.41256371771540845,0
5.2619999999996425,2.0,0.0,1.0,0.0,1.9073314553459797,9.623205754708521e-15,0.9981994480998524,-0.10513077792915519,1.3403374189266077e-15,0.0009734366343116312,0.17257007733905388,-6.418638957945686e-15,0.0016672551325866015,3.748779808196825e-14,1.0076287215198976,6.592428844613717e-16,5.350055671314747e-16,0.4417970910704126,1.4858223069727381e-15,2.0752065909219393e-16,0.025139414349167197,1.9429478304539634e-17,68.69229318558712,3.5887986230796916e-05,-0.005953600389217895,-5.482683689114561e-07,5403.227569373612,5411.182711274015,5785.588426409479,5778.153806055044,0.09268603538526869,0.10513528449987837,0.4417970910708144,0
5.28199999999964,2.0,0.0,1.0,0.0,1.9052461380181087,9.649959507772755e-15,0.9982194026114213,-0.10354364134667446,1.335170368870558e-15,0.001017040990686076,0.17172143500255777,-6.426874898257782e-15,0.001539568115517441,3.7536331449855846e-14,1.0026875982849779,6.568597769173372e-16,7.248122495556893e-16,0.47008280829793936,1.5101978767830928e-15,1.2313807136938507e-16,0.024310764078167582,1.9969410986437407e-17,68.69129530332684,3.603986013170158e-05,-0.005978988833630762,-5.886267926788043e-07,5403.183354644218,5411.138585290382,5785.550858421057,5778.116537799863,0.0947705908367333,0.10354863608809865,0.47008280829801835,0
5.301999999999638,2.0,0.0,1.0,0.0,1.9031936192645167,9.67663489127517e-15,0.9982401885684483,-0.10186101169452327,1.3332872994323309e-15,0.0010569598683047364,0.1707415031660593,-6.4368775264739734e-15,0.0014175866419108476,3.7595154094926006e-14,0.996979291840691,6.541441447892364e-16,8.674840868784349e-16,0.4974169033510272,1.535047044317168e-15,1.4656616243375534e-16,0.023478943600389407,2.4618957793032866e-17,68.69032186777196,3.616380856630587e-05,-0.005999737035190928,-6.270690588822198e-07,5403.140993122095,5411.096313961603,5785.513495366159,5778.07945325821,0.0968223749315104,0.10186649531418568,0.4974169033509706,0
5.321999999999636,2.0,0.0,1.0,0.0,1.9011757727781997,9.703278088243871e-15,0.998261732964225,-0.10008617859846654,1.3298214100187557e-15,0.0010932581984591295,0.16963328795746993,-6.447048644017472e-15,0.0013013285054835604,3.765493197371754e-14,0.9905213237090638,6.509407068200147e-16,1.053123873677077e-15,0.5237961476011143,1.560731140192987e-15,1.367890440827156e-16,0.022644593031448185,1.782155227263499e-17,68.6893736421051,3.626016503669096e-05,-0.006015900145973531,-6.635660730623671e-07,5403.100504408905,5411.055916678291,5785.476379288946,5778.042594431537,0.09883951364850839,0.1000921493421569,0.5237961476008761,0
5.341999999999634,2.0,0.0,1.0,0.0,1.899194406352736,9.729805783555939e-15,0.9982839641649386,-0.0982224410268473,1.3244929900218584e-15,0.0011260076024964345,0.168399839956979,-6.454767051915072e-15,0.001190795318563395,3.7700355697007745e-14,0.9833314794068956,6.469957644064851e-16,1.1640837464558238e-15,0.5492180410229264,1.5796881823696681e-15,9.251066103927658e-17,0.021808344635863723,1.8546287214832925e-17,68.6884513079442,3.632927809634756e-05,-0.006027535836365541,-6.98093173188478e-07,5403.061904403362,5411.017409140025,5785.439549240346,5778.006000358816,0.10082019881732299,0.09822889500749449,0.5492180410230911,0
5.3619999999996315,2.0,0.0,1.0,0.0,1.8972512617228636,9.756228288434823e-15,0.9983068120389268,-0.0962731048019881,1.3185986571485053e-15,0.0011552859778772707,0.16704425128893813,-6.459633912079383e-15,0.0010859730788623872,3.7729095689794774e-14,0.9754277913838982,6.422851925629115e-16,1.2324944629690973e-15,0.5736808029801854,1.5995699689158987e-15,3.9345506468842886e-17,0.0209708224834644,1.4100407786338865e-17,68.68755546602776,3.637151087088542e-05,-0.006034704215426519,-7.306300959792241e-07,5403.025205343307,5410.9808033974705,5785.4030412926495,5777.9697071307455,0.10276268828234786,0.09628003632064783,0.5736808029799068,0
5.381999999999629,2.0,0.0,1.0,0.0,1.8953480144544623,9.782538987133072e-15,0.9983302080776087,-0.09424148014557779,1.3139998916611634e-15,0.0011811770802229015,0.16556965272964513,-6.466855462633846e-15,0.0009868327611634148,3.777156053387422e-14,0.9668285220324584,6.373399455973464e-16,1.2524253972101105e-15,0.5971833626245788,1.6141839678966675e-15,2.7483901020982474e-17,0.020132642116898213,1.326600579439402e-17,68.68668663710152,3.6387240575813505e-05,-0.006037467750713369,-7.611609325286034e-07,5402.99041585586,5410.946107902515,5785.366888562518,5777.933747912319,0.10466530601726395,0.09424888200569902,0.5971833626248298,0
5.401999999999627,2.0,0.0,1.0,0.0,1.893486273883234,9.808753635629029e-15,0.9983540855080242,-0.09213087925924618,1.3090404663211446e-15,0.00120377010264288,0.1639792108328269,-6.474718250807413e-15,0.0008933309314754592,3.781774303110061e-14,0.9575521467812164,6.319972541331535e-16,1.253822241368819e-15,0.6197253489207559,1.6290500782550317e-15,6.966892789735782e-18,0.019294410230306334,1.2642969015975225e-17,68.68584526299834,3.6376858031888824e-05,-0.006035891187607521,-7.896740735453494e-07,5402.957541015312,5410.913327566141,5785.331121242047,5777.898152973398,0.10652644219062381,0.09213874307554784,0.6197253489209121,0
5.421999999999625,2.0,0.0,1.0,0.0,1.8916675831013825,9.83487707355724e-15,0.9983783793969413,-0.08994461394148351,1.3037457785643387e-15,0.0012231592536069628,0.16227612507456385,-6.481766332361755e-15,0.0008054103812045084,3.785913981814558e-14,0.9476173372843419,6.261253797086846e-16,1.2436665285798196e-15,0.6413070803101886,1.6423832019191397e-15,-2.4381728825510088e-17,0.018456724359240576,9.960544421028838e-18,68.68503170790257,3.63407671778445e-05,-0.006030041468204697,-8.161621446484952e-07,5402.926582408413,5410.8824638236065,5785.295766637561,5777.8629497269285,0.10834455318324097,0.08995293044499549,0.641307080310078,0
5.441999999999623,2.0,0.0,1.0,0.0,1.8898934189915388,9.860918363844981e-15,0.9984030267465163,-0.0876859932420129,1.2994664596945927e-15,0.001239443334585838,0.16046362501936673,-6.489098609949773e-15,0.0007230007789271026,3.790216999832801e-14,0.937042944718253,6.19842823887088e-16,1.2375224365350164e-15,0.6619295540268137,1.6583253803433526e-15,-2.436503211205381e-17,0.017620172581866395,1.5687300296097272e-17,68.68424625978935,3.627938458110441e-05,-0.006019987649814278,-8.406219322503577e-07,5402.897538206652,5410.853514706634,5785.260849215715,5777.828162774455,0.11011816155814245,0.0876947525831391,0.6619295540267259,0
5.4619999999996205,2.0,0.0,1.0,0.0,1.8881651923071792,9.88684507423767e-15,0.9984279665815168,-0.0853583211546802,1.2943681887138598e-15,0.0012527253186495524,0.15854496750906522,-6.496358088457659e-15,0.0006460193373562383,3.794474908177618e-14,0.9258479831972197,6.131261472639796e-16,1.1803653383323346e-15,0.6815944350774267,1.6723643443656054e-15,-5.4329994914773675e-17,0.01678533323151268,1.1312327689683765e-17,68.6834891320298,3.619313894686767e-05,-0.006005800823122086,-8.630543003649007e-07,5402.87040324516,5410.826474922172,5785.226390656544,5777.7938139585,0.11184585598384524,0.08536751320654427,0.6815944350775008,0
5.481999999999618,2.0,0.0,1.0,0.0,1.8864842477987536,9.912691514936471e-15,0.9984531400281373,-0.08296489434987815,1.2899831601322968e-15,0.0012631119311739005,0.15652343387612194,-6.504010828005053e-15,0.0005743714931438827,3.7989600017121955e-14,0.9140516133190445,6.060303668915659e-16,1.1222876121048408e-15,0.7003040448998488,1.6871560503702468e-15,-6.819889226477375e-17,0.015952774620604317,1.1285764736457872e-17,68.68276046515292,3.608247062560739e-05,-0.005987554030066526,-8.834640989275498e-07,5402.845169107919,5410.801335937391,5785.192409913096,5777.759922421475,0.1135262911117391,0.08297450901473968,0.7003040448996015,0
5.501999999999616,2.0,0.0,1.0,0.0,1.8848518643847185,9.938493084952582e-15,0.9984784903844608,-0.08050899994747855,1.2887670512130012e-15,0.0012707132337632435,0.15440232718295077,-6.515119260573139e-15,0.0005079515971884922,3.805461116972672e-14,0.9016731258517858,5.98846969291015e-16,1.1146990330262897e-15,0.7180613497119472,1.7045845629029637e-15,3.475111273028986e-18,0.015123054776021078,1.48550667084974e-17,68.68206032875375,3.5947831119469165e-05,-0.005965322181488244,-9.018600640361829e-07,5402.821824218764,5410.778086070505,5785.158923277183,5777.726504670691,0.11515818740838808,0.0805190274696954,0.718061349712105,0
5.521999999999614,2.0,0.0,1.0,0.0,1.8832692553666592,9.964221629480043e-15,0.9985039631826468,-0.07799391333120016,1.2834262171012292e-15,0.0012756422124530333,0.15218496948876103,-6.5214858724085006e-15,0.00044664361315519766,3.8091901961791304e-14,0.8887319255721513,5.908311599247151e-16,1.1105283847263369e-15,0.7348699485646006,1.7226832961458526e-15,-4.2365823941396125e-17,0.014296721185897622,1.0323535308376982e-17,68.68138872353869,3.57896825880113e-05,-0.0059391819745934675,-9.182547106548151e-07,5402.8003539378715,5410.756710587013,5785.125944450924,5777.693574649094,0.11674033094356505,0.0780043446211104,0.7348699485645016,0
5.541999999999612,2.0,0.0,1.0,0.0,1.8817375686876594,9.989881228561362e-15,0.9985295062429386,-0.07542289600529735,1.2818385114398412e-15,0.0012780143712134504,0.14987469914541784,-6.53256917880808e-15,0.0003903218219776846,3.815672020097564e-14,0.87524751526597,5.828575153543199e-16,1.1159889146450751e-15,0.7507340611117587,1.741929692858072e-15,2.0107639960694618e-17,0.013474310557897315,1.8447462186810863e-17,68.68074558349792,3.560849735281181e-05,-0.00590921181029973,-9.326642182456304e-07,5402.780740663314,5410.737191800976,5785.093484623609,5777.661143811296,0.11827157313486464,0.07543372297957278,0.7507340611118948,0
5.5619999999996095,2.0,0.0,1.0,0.0,1.8802578872330646,1.0015470315226247e-14,0.9985550697196082,-0.07279919349441082,1.2763538985674704e-15,0.0012779473317262996,0.1474748681237582,-6.538552345225012e-15,0.00033885153015381173,3.8191726728315614e-14,0.8612394799008105,5.740559692011556e-16,1.1285936406738519e-15,0.7656585151107322,1.761150530504037e-15,-2.9704944651979403e-17,0.012656348588972695,1.1949838567105235e-17,68.68013077819475,3.5404757402827896e-05,-0.005875491710509243,-9.451083098516881e-07,5402.762963937255,5410.719509180939,5785.0615525535095,5777.629221204508,0.11975083044974952,0.07281040943999238,0.7656585151106157,0
5.581999999999607,2.0,0.0,1.0,0.0,1.878831229172765,1.0040963816459202e-14,0.9985806061389755,-0.07012603328737835,1.2741717655124906e-15,0.001275560440360647,0.14498883937176188,-6.5472646957081854e-15,0.0002920897797033706,3.824265352949318e-14,0.8467274709805445,5.651363320507942e-16,1.1076755322288485e-15,0.7796487336658924,1.7768045375055354e-15,1.5685829820429726e-17,0.011843349746609092,1.7261561850546222e-17,68.67954411516207,3.5178953898730344e-05,-0.005838103235366176,-9.556101251598163e-07,5402.747000556398,5410.703639460035,5785.030154654227,5777.597813553974,0.12117708406590634,0.07013763325818394,0.7796487336656798,0
5.601999999999605,2.0,0.0,1.0,0.0,1.8774585483441122,1.0066411620061363e-14,0.9986060704296524,-0.06740662282576158,1.271031319709778e-15,0.0012709743832232392,0.1424199842059306,-6.5576906001591315e-15,0.0002498860577301609,3.8303569292021015e-14,0.831731191091321,5.560122349627973e-16,1.1348270599935586e-15,0.7927107222289278,1.7979729505039328e-15,3.353700174996907e-17,0.011035817061552409,2.0538020815797414e-17,68.67898534239603,3.493158667858972e-05,-0.005797129400551567,-9.64196088010989e-07,5402.732824686273,5410.6895567499705,5784.999295085133,5777.566925352478,0.12254937949079701,0.06741860408416428,0.7927107222289399,0
5.621999999999603,2.0,0.0,1.0,0.0,1.876140734674567,1.0091828311831664e-14,0.9986314199451864,-0.06464414753780381,1.2699720948448411e-15,0.0012643108101095888,0.13977167973719173,-6.5704415247913424e-15,0.000212083003580818,3.837804657596112e-14,0.8162703786481368,5.467384015685163e-16,1.2357361566432317e-15,0.8048510553688281,1.8231535729353418e-15,1.137306659591629e-16,0.010234241932023618,2.2140037945862002e-17,68.67845415093686,3.46631637637535e-05,-0.0057526545946768445,-9.708957689186854e-07,5402.720407978972,5410.677232658375,5784.96897584553,5777.536558953543,0.12386682614131363,0.0646565100567136,0.8048510553688278,0
5.641999999999601,2.0,0.0,1.0,0.0,1.874878614643163,1.0117142190769932e-14,0.9986566144792879,-0.06184176891849045,1.2631630748086709e-15,0.0012556919681317624,0.13704730633259116,-6.574057936832784e-15,0.00017851711167083664,3.8399151080127424e-14,0.8003647928508341,5.363803295192394e-16,1.3023545775676473e-15,0.816076863324733,1.844574946334663e-15,4.0713119089216123e-17,0.009439103939381884,1.7114544035957192e-17,68.67795017752675,3.437420086610917e-05,-0.005704764496822861,-9.757417430848225e-07,5402.709719693912,5410.666636409201,5784.939196872099,5777.506714667875,0.12512859688445063,0.06185451596518076,0.8160768633245821,0
5.6619999999995985,2.0,0.0,1.0,0.0,1.8736729517798512,1.0142318621441458e-14,0.9986816162738418,-0.05900262265634505,1.2567279825492634e-15,0.0012452403457456152,0.13425024511400807,-6.578353643046679e-15,0.00014901942812423205,3.842420645314443e-14,0.7840341988580686,5.257795949869096e-16,1.286420793745411e-15,0.8263958183547567,1.8613420286077643e-15,-1.7232716540575148e-17,0.008650870675230954,1.590045444320793e-17,68.67747300733544,3.4065220896011836e-05,-0.005653545994286503,-9.787694444172276e-07,5402.700726821234,5410.657734965723,5784.909956139242,5777.477390862697,0.12633392753993367,0.059015761486620806,0.8263958183546664,0
5.681999999999596,2.0,0.0,1.0,0.0,1.8725244472017957,1.016742380731798e-14,0.9987063900199236,-0.056129816807551434,1.2522621538007955e-15,0.0012330783278493927,0.13138387549507066,-6.5872242463759e-15,0.0001234162394379559,3.8475967964697835e-14,0.7672983531874262,5.152502448536035e-16,1.294976645198317e-15,0.8358161208938805,1.878318201734322e-15,-2.3619968379121756e-17,0.007869997579919515,1.0568131318489721e-17,68.67702217674325,3.373675347277788e-05,-0.005599087100585168,-9.800170160736944e-07,5402.693394207436,5410.65049315578,5784.881249761915,5777.448584063551,0.12748211634573822,0.05614335950949048,0.8358161208936737,0
5.701999999999594,2.0,0.0,1.0,0.0,1.871433740185656,1.0192434285966331e-14,0.9987309028520418,-0.053226430017953984,1.2485510923947034e-15,0.0012193278625735524,0.12845157275741903,-6.594476431686165e-15,0.00010152975147417753,3.8518261471794073e-14,0.7501769893495704,5.043074392968125e-16,1.2899588360330137e-15,0.8443464855339459,1.893542282841595e-15,-4.865872880336494e-18,0.007096927792409119,1.4074874825176837e-17,68.67659717617222,3.338933443683286e-05,-0.005541476873778619,-9.795251580566348e-07,5402.687684682865,5410.644873798833,5784.853072100536,5777.420289058165,0.12857252338746547,0.053240394559888465,0.8443464855339438,0
5.721999999999592,2.0,0.0,1.0,0.0,1.8704014087749017,1.0217354581301393e-14,0.9987551243358516,-0.05029550979344751,1.2421742082394311e-15,0.0012041101403283618,0.12545670566741224,-6.59950419634333e-15,8.317875715458528e-05,3.8547548441899164e-14,0.7326898037239346,4.929268120402093e-16,1.2799351750109856e-15,0.8519961268387434,1.9106213725798757e-15,-6.206447637285076e-17,0.0063320920114531614,1.3575166043878269e-17,68.67619745295615,3.3023505363890904e-05,-0.005480805335161065,-9.773369722748529e-07,5402.683559190675,5410.640837834502,5784.825415867634,5777.392499002024,0.12960456999253275,0.050309921353673535,0.8519961268388324,0
5.74199999999959,2.0,0.0,1.0,0.0,1.8694279704211787,1.0242159876233588e-14,0.9987790264495895,-0.04734007081922918,1.237243853070162e-15,0.0011875452856237615,0.1224026341343408,-6.605437525943731e-15,6.81792913153124e-05,3.858211216674961e-14,0.714856441683182,4.813610373435137e-16,1.222922264057417e-15,0.858774745007126,1.9270886618739795e-15,-8.252163664417625e-17,0.00557590836803158,1.1789268225360145e-17,68.67582241423953,3.263981308200573e-05,-0.005417163388378593,-9.734978056655776e-07,5402.680976916844,5410.638344452144,5784.7982722357765,5777.365205525252,0.1305777380901637,0.04735496350938349,0.8587747450073029,0
5.7619999999995875,2.0,0.0,1.0,0.0,1.8685138826587508,1.0266844917423924e-14,0.998802583559488,-0.044363093328346585,1.2323799052839577e-15,0.0011697520621238501,0.11929270691115727,-6.612128237440046e-15,5.634527127547752e-05,3.862108815630095e-14,0.6966964839732613,4.696072466434793e-16,1.1013871403020476e-15,0.8646925113970054,1.9376988072197044e-15,-1.1206224271658532e-16,0.0048287823089859195,5.176177074284811e-18,68.67547142989739,3.223880919165433e-05,-0.005350642739027811,-9.68055091792737e-07,5402.679895420948,5410.637351221181,5784.77163094648,5777.3383988404275,0.13149156953815994,0.044378512475593775,0.8646925113971666,0
5.781999999999585,2.0,0.0,1.0,0.0,1.8676595438110264,1.0291496360733925e-14,0.9988257723894427,-0.04136752151993657,1.2333791060061202e-15,0.0011508475913459136,0.1161302593386985,-6.625384164877239e-15,4.748912174226509e-05,3.869840059297699e-14,0.6782294333555857,4.580752994614155e-16,1.0429879611275587e-15,0.8697600539230199,1.9471900419755033e-15,1.563161971180544e-17,0.004091106491770454,1.0226282373505041e-17,68.67514383546595,3.182104958881952e-05,-0.005281335814788026,-9.610581914025743e-07,5402.680270767259,5410.637814221742,5784.745480419696,5777.312067850989,0.1323456654174478,0.0413835267574058,0.8697600539229187,0
5.801999999999583,2.0,0.0,1.0,0.0,1.8668652937281667,1.031614465373188e-14,0.9988485719852044,-0.038356262027512716,1.2313013816203505e-15,0.0011309470853629606,0.11291861113433413,-6.634618201136587e-15,4.142238278179427e-05,3.875221182576865e-14,0.6594747015175215,4.460282985621976e-16,1.0915786217029538e-15,0.8739884423405655,1.95822905453958e-15,5.597695095433605e-17,0.0033632606902542577,9.605251369105341e-18,68.67483893507665,3.138709399211724e-05,-0.005209335686142415,-9.5255823242491e-07,5402.682057655858,5410.639688175326,5784.719807863516,5777.286200259868,0.13313968529540915,0.038372931579866355,0.873988442340395,0
5.821999999999581,2.0,0.0,1.0,0.0,1.8661314145547772,1.0340815688493821e-14,0.9988709636733839,-0.03533218243762045,1.2313964119407691e-15,0.0011101635938163498,0.10966106422592839,-6.648485812576383e-15,3.795629965975579e-05,3.8833078758143013e-14,0.6404515962570171,4.340666899194474e-16,1.2977590192879929e-15,0.8773891734288004,1.9778379834077215e-15,1.695818229917122e-16,0.0026456117114803026,1.4971293181387856e-17,68.67455600438427,3.093750547293997e-05,-0.0051347359877412235,-9.42607949824898e-07,5402.685209553405,5410.642926575122,5784.694599383767,5777.260782678003,0.13387334645900112,0.035349619220160354,0.8773891734289531,0
5.841999999999579,2.0,0.0,1.0,0.0,1.8654581315266667,1.0365374256416535e-14,0.9988929310155573,-0.03229810985914191,1.2229308800628395e-15,0.0010886077654970487,0.10636090063196521,-6.6506695676055955e-15,3.6902393448918526e-05,3.884569414197205e-14,0.6211793089468763,4.211421668011692e-16,1.46015647744939e-15,0.8799741560851233,1.9924823959549334e-15,6.039355692417307e-17,0.0019385133232909127,8.996797109906485e-18,68.67429429348161,3.047284999096504e-05,-0.005057630840457566,-9.31261525790891e-07,5402.689678823251,5410.647481815646,5784.669840093179,5777.23580073242,0.13454642311868428,0.03231645041368715,0.8799741560851817,0
5.861999999999576,2.0,0.0,1.0,0.0,1.864845613795666,1.0389773510099931e-14,0.9989144597577634,-0.02925682954349585,1.2160283340367646e-15,0.0010663876247022086,0.10302138038863921,-6.654587561120048e-15,3.807301139742165e-05,3.8868432803731893e-14,0.6016769022838249,4.081593552476734e-16,1.5238610658422146e-15,0.8817556963435036,2.006890966431081e-15,8.614663251479346e-18,0.001242306192721486,1.0750819384553532e-17,68.67405302979262,2.9993695932664157e-05,-0.004978114774191364,-9.18574430639952e-07,5402.695416854547,5410.653305321404,5784.645514219758,5777.2112391735345,0.1351587455841752,0.02927625757338683,0.8817556963434722,0
5.881999999999574,2.0,0.0,1.0,0.0,1.8642939752814731,1.0414012419579048e-14,0.9989355377756937,-0.0262110835559406,1.2099277588051504e-15,0.0010436083625265204,0.09964573952468259,-6.656566333932079e-15,4.128185612893359e-05,3.887983961499815e-14,0.5819632983272253,3.9490257112689465e-16,1.4904686548298707e-15,0.8827464823289547,2.0131981009839016e-15,-2.2599083613509337e-17,0.0005573178350493531,4.3087069160791616e-18,68.67383142093658,2.950061365609252e-05,-0.00489628265146838,-9.046032648734669e-07,5402.702374190059,5410.660347674253,5784.621605214093,5777.18708198141,0.13571019941305962,0.026231851242160455,0.8827464823291609,0
5.901999999999572,2.0,0.0,1.0,0.0,1.8638032755495162,1.0438164978291136e-14,0.9989561550158738,-0.02316356949815212,1.2058659037861509e-15,0.0010203721432001476,0.09623718808464443,-6.664905901176513e-15,4.634449284743368e-05,3.892839445048265e-14,0.5620572668319062,3.8187168848641837e-16,1.4794991096936412e-15,0.8829595691602673,2.0204035143968677e-15,3.0440324892488185e-18,-0.00011613742661072507,5.4640327510797165e-18,68.67362865755624,2.899417503958317e-05,-0.004812229591886208,-8.894056028023528e-07,5402.710500652402,5410.668558739181,5784.598095855295,5777.163312470636,0.1362007245332854,0.02318603267500376,0.8829595691603707,0
5.92199999999957,2.0,0.0,1.0,0.0,1.8633735207137947,1.0462264743919733e-14,0.9989763034331357,-0.020116939282213125,1.2024807806581625e-15,0.0009967779255377054,0.09279890820130705,-6.6738391713642e-15,5.307883380426719e-05,3.8980413530000695e-14,0.5419774138792828,3.6872155048276603e-16,1.5441335980293332e-15,0.8824083638130317,2.0298563020573655e-15,5.000429802654797e-17,-0.0007777584912894526,7.686105103588757e-18,68.67344391610267,2.847495303665169e-05,-0.004726050897457307,-8.730398380276964e-07,5402.719745468398,5410.677887788218,5784.57496835528,5777.139913393567,0.13663031434057707,0.020141618910035228,0.8824083638130376,0
5.941999999999568,2.0,0.0,1.0,0.0,1.8630046643636757,1.048621898568302e-14,0.998995976924688,-0.017073797956113308,1.194340157066272e-15,0.0009729212995189898,0.089334052217877,-6.676005269158146e-15,6.130559937041874e-05,3.89929046889906e-14,0.5217421708106056,3.550691124289495e-16,1.537557300786077e-15,0.8811066099547986,2.0304880977284245e-15,-3.68871335233923e-17,-0.0014272574998503967,-5.45952097714624e-18,68.67327636157081,2.7943521235921656e-05,-0.004637841978894111,-8.555650312479055e-07,5402.730057391283,5410.688283622201,5784.552204461126,5777.116867041677,0.13699901477180373,0.017101495621764686,0.8811066099546371,0
5.961999999999565,2.0,0.0,1.0,0.0,1.8626966085136138,1.0510058717888872e-14,0.9990151712610825,-0.014036702580825452,1.1892882628334672e-15,0.0009488943379777213,0.08584574086054869,-6.6826262267594195e-15,7.084875514747719e-05,3.903141419134748e-14,0.5013697834658489,3.415421189198198e-16,1.5120809072507556e-15,0.8790683727641011,2.0292322069030134e-15,-3.338342578278814e-17,-0.002064359844517811,-7.49096218565718e-19,68.67312515017903,2.7400453426834848e-05,-0.004547698282886861,-8.370407606849422e-07,5402.7413848205315,5410.6996946901745,5784.529785555263,5777.0941553447165,0.13730692335533856,0.014068739097985934,0.8790683727641418,0
5.981999999999563,2.0,0.0,1.0,0.0,1.862449204574761,1.0533783587006062e-14,0.9990338840143805,-0.011008161158986984,1.1841286937724076e-15,0.000924785463332156,0.08233706146199488,-6.687364074874745e-15,8.153592464169458e-05,3.9058924387615424e-14,0.4808783017314251,3.2781417543928403e-16,1.4654777067173333e-15,0.8763080237448746,2.029432024612272e-15,-3.8083225360078314e-17,-0.0026888041683858373,-1.827010018450807e-18,68.67298943198708,2.6846323172360085e-05,-0.0044557152204149795,-8.175269754208247e-07,5402.753675919032,5410.712069206142,5784.507692753235,5777.071759967516,0.13755418823944854,0.011046938048863138,0.8763080237449413,0
6.001999999999561,2.0,0.0,1.0,0.0,1.862262254347434,1.0557404130910506e-14,0.9990521144838189,-0.00799063161518208,1.177734597907647e-15,0.000900679329248799,0.07881106623630053,-6.6919358201137194e-15,9.319877710640642e-05,3.9085464758147953e-14,0.46028556939962073,3.139896523986481e-16,1.4087867968853146e-15,0.8728402255476916,2.0282920686885547e-15,-8.176920033647124e-17,-0.0033003423550554967,-3.2881892863095212e-18,68.67286835344693,2.6281703387176976e-05,-0.004361988096138783,-7.970838520450894e-07,5402.766878727416,5410.725355262966,5784.4859069988315,5777.049662404137,0.13774100719975416,0.00804123229758247,0.8728402255475644,0
6.021999999999559,2.0,0.0,1.0,0.0,1.8621355110334123,1.0580936341448722e-14,0.999069863619271,-0.004986520827784594,1.1749339004082097e-15,0.0008766567170966736,0.07527077060581042,-6.699874619275695e-15,0.00010567339023952052,3.913167209480875e-14,0.43960921434230105,3.002398254777062e-16,1.3623380738265888e-15,0.8686799168090036,2.0276477250461655e-15,-2.825254742171774e-17,-0.003898739508552177,2.4683821485022652e-18,68.67276105988135,2.5707165923028893e-05,-0.004266612038916967,-7.757716548164748e-07,5402.780941275299,5410.739500943233,5784.464409156376,5777.027844069217,0.13786762662679417,0.0050629948613009935,0.868679916809114,0
6.041999999999557,2.0,0.0,1.0,0.0,1.8620686802670292,1.0604345493359847e-14,0.9990871339427984,-0.0019981837122883804,1.1662266185508699e-15,0.0008527944470046174,0.07171915158032242,-6.701701214690524e-15,0.00011880058751085362,3.914218207327486e-14,0.4188666390011648,2.861503647664458e-16,1.2647539669364606e-15,0.8638422970194319,2.026967161541441e-15,-1.4926598974412181e-16,-0.004483773923683348,-4.213555840525899e-18,68.67266669788536,2.5123281161091e-05,-0.004169681933485598,-7.536505996582372e-07,5402.795811689254,5410.754454426813,5784.443180099945,5777.006286386286,0.13793434049473471,0.002172555296625723,0.8638422970192509,0
6.061999999999554,2.0,0.0,1.0,0.0,1.8620614211640327,1.0627639069129648e-14,0.9991039294685834,0.0009720776439825244,1.1638866121070485e-15,0.0008291653033023533,0.06815914618901596,-6.709237242747186e-15,0.00013242624997360426,3.918604144767725e-14,0.39807501119649524,2.722514384998636e-16,1.1166521590083035e-15,0.8583428114319672,2.024637090684227e-15,-1.0151729238699123e-16,-0.00505523704700511,6.269731787528839e-19,68.67258441764623,2.453061761073025e-05,-0.004071292353340197,-7.307807222205225e-07,5402.811438297343,5410.770164095028,5784.422200799392,5776.9849708728825,0.13794148931225744,0.0012776736853090068,0.8583428114319943,0
6.081999999999552,2.0,0.0,1.0,0.0,1.8621133473871874,1.0650894817085652e-14,0.9991202556215242,0.003922014795924268,1.163249616225659e-15,0.0008058379740932049,0.06459364996546543,-6.719332426219642e-15,0.00014640160248728727,3.9244851067650246e-14,0.37725125525609743,2.583970840375309e-16,1.0300784025564864e-15,0.8521971360207367,2.0292074042639247e-15,-1.728822769180635e-17,-0.005612933428560363,8.542624819852303e-18,68.6725133751781,2.392974151669069e-05,-0.003971537494862449,-7.072217502631638e-07,5402.827769730013,5410.786578631177,5784.401452402981,5776.963879222336,0.13788945905665861,0.0040039449171959795,0.8521971360205599,0
6.10199999999955,2.0,0.0,1.0,0.0,1.8622240282275964,1.0674130798030279e-14,0.9991361191547758,0.006849433703637851,1.1593941933003005e-15,0.0007828770046691365,0.06102551548604221,-6.729643959579324e-15,0.0001605834743603656,3.930492813458473e-14,0.3564120434657727,2.444972304805565e-16,1.0263997061854044e-15,0.8454211625007741,2.0448355636210253e-15,-2.80920855001899e-17,-0.006156680664567771,1.2671700373546097e-17,68.67245273446714,2.3321216473070246e-05,-0.0038705111127243434,-6.830329805511533e-07,5402.844755017227,5410.803647117324,5784.380916316455,5776.942993381994,0.1377786800921859,0.0068940291894486385,0.8454211625007297,0
6.121999999999548,2.0,0.0,1.0,0.0,1.8623929897007219,1.0697302895695813e-14,0.9991515280665081,0.00975219544455444,1.157906708577232e-15,0.000760342764451702,0.05745755096197595,-6.738485369003223e-15,0.00017483453449546374,3.935642335724333e-14,0.335573787842456,2.3050403830763447e-16,1.0291112139697286e-15,0.8380309834190938,2.060158161517951e-15,2.6353945516818168e-17,-0.006686309331243803,1.6370456084980396e-17,68.67240166952462,2.270560304532431e-05,-0.0037683064566058568,-6.582731604622615e-07,5402.862343681699,5410.821319127187,5784.360574278477,5776.9222956278545,0.13760962607364197,0.009781791099192541,0.8380309834191405,0
6.141999999999546,2.0,0.0,1.0,0.0,1.862619715656093,1.072045312779535e-14,0.9991664915161481,0.012628216874939497,1.1558152283763992e-15,0.0007382914271135962,0.05389251888529659,-6.747641970499869e-15,0.000189023501184532,3.9409764617406605e-14,0.3147526322308134,2.164952613328596e-16,1.108655319179176e-15,0.8300428773270756,2.080608599398546e-15,6.757184266776512e-17,-0.0072016629099357805,1.9942034881582143e-17,68.67235936634427,2.2083458400184607e-05,-0.003665016209261207,-6.330003745198564e-07,5402.880485828073,5410.839544815017,5784.340408432256,5776.901768635427,0.13738281283626919,0.012649780064169343,0.8300428773272381,0
6.161999999999543,2.0,0.0,1.0,0.0,1.8629036488996862,1.0743589078214663e-14,0.999181019740367,0.015475471241046477,1.155458498756597e-15,0.0007167749635071444,0.05033313472884407,-6.7589289519753856e-15,0.00020302532677773824,3.947555407729972e-14,0.29396444472386424,2.0253426206356574e-16,1.2881473049203538e-15,0.8214732940440168,2.1102804867668953e-15,1.6946516283795285e-16,-0.007702597703769915,2.5334205966221548e-17,68.67232502476185,2.1455335943817626e-05,-0.0035607324259589296,-6.072719359459287e-07,5402.899132227985,5410.858275000344,5784.320401393292,5776.881395546733,0.13709879727293814,0.015492061724662965,0.8214732940441919,0
6.181999999999541,2.0,0.0,1.0,0.0,1.86324419232798,1.0766694730441637e-14,0.9991951239690615,0.018291988740220772,1.1535694255488398e-15,0.0006958411470023208,0.04678206570048905,-6.7664980532398495e-15,0.00021672135750899942,3.951963546671679e-14,0.27322481040790697,1.8845548617561353e-16,1.557776137924074e-15,0.8123388400214502,2.1409674901273906e-15,2.470606449610024e-16,-0.008188982745985776,2.4191023195552828e-17,68.67229786021443,2.0821784968412942e-05,-0.0034555464753352238,-5.811442834119073e-07,5402.918234400889,5410.877461248513,5784.3005363131515,5776.861160033357,0.13675817619963962,0.018305219118443378,0.8123388400215165,0
6.201999999999539,2.0,0.0,1.0,0.0,1.8636407100726857,1.0789713327793581e-14,0.9992088163415759,0.021075857032287086,1.1481785961643886e-15,0.000675533570812931,0.043241929551667016,-6.773111975453224e-15,0.00022999946882865867,3.9558144945643827e-14,0.2525490244317702,1.7436430133460627e-16,1.8532293059525733e-15,0.8026562638176291,2.167149086530207e-15,2.537722900895567e-16,-0.008660699700175318,2.1982069689330862e-17,68.67227710539768,2.0183350306879732e-05,-0.0033495489816808954,-5.546728831336766e-07,5402.9377446905555,5410.897055946944,5784.280796939164,5776.841046355486,0.1363615852102883,0.021086680517585034,0.8026562638175397,0
6.221999999999537,2.0,0.0,1.0,0.0,1.864092528655157,1.0812590205013805e-14,0.9992221098233975,0.023825221701582706,1.1402114991302045e-15,0.0006558916768694472,0.03971529344029376,-6.7764576995765135e-15,0.00024275417664959683,3.957757392894937e-14,0.23195208540018594,1.6022254711528543e-16,2.1199825439840845e-15,0.7924424416913269,2.190762677520937e-15,2.1618777125904323e-16,-0.009117642752617595,1.932414806348265e-17,68.67226201181971,1.9540571996661237e-05,-0.0032428297686893184,-5.279121363213091e-07,5402.957616337242,5410.91701237701,5784.261167670051,5776.8210394168855,0.13590969752183307,0.023834248111097484,0.7924424416912194,0
6.241999999999535,2.0,0.0,1.0,0.0,1.8645989381495074,1.083533200744847e-14,0.9992350181235531,0.026538286670029422,1.1329265143403126e-15,0.0006369507957769397,0.036204672848079975,-6.777264052656175e-15,0.0002548867249743338,3.95821796342689e-14,0.21144868909078388,1.4607674540274847e-16,2.398608536717849e-15,0.7817143633238838,2.211869961677667e-15,2.240425991582662e-16,-0.009559718496917401,1.8082086054683256e-17,68.67225185125005,1.889398495199868e-05,-0.0031354778046915853,-5.009152921700508e-07,5402.977803545379,5410.937284781523,5784.241633607356,5776.801124815721,0.13540322281065625,0.0265459293620868,0.781714363323914,0
6.261999999999532,2.0,0.0,1.0,0.0,1.8651591933534502,1.0857915382304353e-14,0.9992475556129211,0.029213314561666124,1.1243443765187322e-15,0.0006187421973801911,0.032712530552236385,-6.77756337272163e-15,0.00026630515041856074,3.95838322280251e-14,0.19105322249403517,1.3199235188673028e-16,2.683973999082555e-15,0.7704891176781918,2.233808746809834e-15,2.24137575268576e-16,-0.009986845811151697,1.9634663565682495e-17,68.67224591706328,1.82441186452785e-05,-0.003027581149400839,-4.7373436640419253e-07,5402.998261546841,5410.957828427788,5784.222180602723,5776.7812888912695,0.1348429060412445,0.02921986635126302,0.7704891176779739,0
6.28199999999953,2.0,0.0,1.0,0.0,1.865772514965902,1.0880293022208592e-14,0.999259737243668,0.03184862701909322,1.1146467979495713e-15,0.0006012931514415062,0.02924127565150926,-6.776940389442819e-15,0.0002769243242041429,3.958010667673913e-14,0.17077975817517488,1.1797502530333236e-16,2.9290343250414256e-15,0.758783879003058,2.2511125186412064e-15,2.1546005476087099e-16,-0.010398955727741993,1.3216620385437302e-17,68.67224352547656,1.7591496797466648e-05,-0.0029192269021836624,-4.46420065389207e-07,5403.018946659723,5410.978599666165,5784.202795300955,5776.7615187664305,0.13422952628809892,0.03185430263646161,0.7587838790030246,0
6.301999999999528,2.0,0.0,1.0,0.0,1.8664380907703864,1.0902504311374311e-14,0.9992715784700037,0.03444260497230791,1.1059180624417436e-15,0.0005846269979250012,0.02579326264645889,-6.778776588828912e-15,0.00028666597223492144,3.95907524885491e-14,0.1506420489569729,1.0409187647079502e-16,3.2252926548998414e-15,0.7466158929911668,2.2664172929288823e-15,2.609848366217993e-16,-0.01079599129625919,1.334759200787355e-17,68.672244016681,1.6936637077532566e-05,-0.0028105011518809305,-4.1902171594709414e-07,5403.039816342622,5410.9995559841855,5784.183465178865,5776.741802386077,0.13356389555184783,0.03444756632920753,0.7466158929911119,0
6.321999999999526,2.0,0.0,1.0,0.0,1.867155076823301,1.0924497643783866e-14,0.9992830951704449,0.03699368886043737,1.095385485569443e-15,0.0005687632263675789,0.02237079057384455,-6.777422646853752e-15,0.00029545867391592975,3.958277555353591e-14,0.13065352292193774,9.026187679155762e-17,3.523974090786919e-15,0.7340024630985816,2.284790562150473e-15,2.877689670908812e-16,-0.011177907439380906,2.055862065707464e-17,68.6722467558671,1.628005081144897e-05,-0.0027014889281932347,-3.9158720075864483e-07,5403.060829244424,5411.020656056182,5784.164178579937,5776.722128551257,0.13284685757050374,0.03699806085608428,0.7340024630986782,0
6.341999999999524,2.0,0.0,1.0,0.0,1.867922598646102,1.094623949514715e-14,0.9992943035717593,0.039500378806903935,1.0804385795518678e-15,0.0005537175638095225,0.018976102194950127,-6.770983380721918e-15,0.0003032378404197347,3.954510754900663e-14,0.11082727873238066,7.649209001261246e-17,3.803227720944393e-15,0.7209609370335169,2.303859003295181e-15,2.1462131596023614e-16,-0.01154467080222059,1.4022941541114774e-17,68.67225113414443,1.5622242700145487e-05,-0.002592274154644679,-3.641628994356553e-07,5403.081945249613,5411.041859788459,5784.14492474481,5776.702486949231,0.13207928662681162,0.03950425963145464,0.7209609370333644,0
6.361999999999521,2.0,0.0,1.0,0.0,1.8687397524204872,1.0967692460435002e-14,0.9993052201747593,0.04196123474858272,1.0673538178705905e-15,0.000539502070746953,0.015611383237643307,-6.764725314358274e-15,0.00030994567313290624,3.950850716989413e-14,0.09117608126653308,6.287076239695536e-17,4.029722263662594e-15,0.7075086934218169,2.31452783116683e-15,2.197231377030839e-16,-0.011896259595245401,1.407791059125979e-17,68.6722565693565,1.4963710547039532e-05,-0.002482939603141266,-3.367936352360993e-07,5403.103125519147,5411.063128360034,5784.125693837605,5776.68286817941,0.13126208635261197,0.04196470283595496,0.707508693421675,0
6.381999999999519,2.0,0.0,1.0,0.0,1.8696056061856599,1.09888872134616e-14,0.9993158616820961,0.04437487651953815,1.0547249360977893e-15,0.0005261252445650211,0.012278761691925398,-6.7609009188132105e-15,0.0003155311030630353,3.948612973183173e-14,0.0717123575687204,4.942148861717808e-17,4.283947738438947e-15,0.693663128656367,2.3314632255698073e-15,2.61900336936246e-16,-0.012232663431008355,1.9953527424610482e-17,68.67226250679195,1.4304944995260807e-05,-0.0023735668501307476,-3.095226273495258e-07,5403.124332526913,5411.084424259003,5784.106476968173,5776.663263775251,0.13039618853113483,0.04437799537943582,0.6936631286562156,0
6.401999999999517,2.0,0.0,1.0,0.0,1.8705192010367733,1.1009793918880513e-14,0.9993262449282005,0.04673998388995086,1.039046329139058e-15,0.0005135921299052444,0.008980307158692184,-6.752464060905682e-15,0.00031994971200076773,3.9436823272057305e-14,0.0524481931113985,3.610021281470324e-17,4.5432761023940144e-15,0.6794416439373715,2.3487462461498697e-15,2.4029175395774093e-16,-0.012553883154915083,1.546135256335129e-17,68.67226841979274,1.3646429274403369e-05,-0.0022642362343790073,-2.8239144872047144e-07,5403.145530091807,5411.105711314523,5784.087266210278,5776.643666222089,0.12948255189813146,0.04674280555239241,0.6794416439371556,0
6.421999999999515,2.0,0.0,1.0,0.0,1.8714795523236696,1.103034688794498e-14,0.9993363868115035,0.04905529656087105,1.0166719064034903e-15,0.0005019044354167272,0.005718030251390033,-6.737473351244318e-15,0.0003231636362711213,3.9349249432543706e-14,0.03339532836666874,2.2935040635542262e-17,4.727038797738119e-15,0.6648616325101914,2.356324715311624e-15,5.1259370461417257e-17,-0.012859930670253168,-3.675654740680806e-19,68.6722738102618,1.298863895655999e-05,-0.00215502681636624,-2.554399893818857e-07,5403.166683405537,5411.126954724557,5784.068054615822,5776.62406897109,0.12852216094272742,0.04905786408657941,0.6648616325100475,0
6.441999999999513,2.0,0.0,1.0,0.0,1.8724856508490315,1.1050502595494314e-14,0.9993463042290543,0.05131961411545793,9.996970815374437e-16,0.0004910606563417673,0.002493882050218256,-6.7269905972372284e-15,0.0003251414539329454,3.9288013082353564e-14,0.014565155684718414,9.987402663643609e-18,4.785056635778064e-15,0.6499404671071929,2.353141773947122e-15,2.8411110718892233e-17,-0.013150828757704968,-2.673988755596494e-18,68.67227820907102,1.2332041722116982e-05,-0.0020460163393119656,-2.2870642517081692e-07,5403.187759056179,5411.148121079365,5784.048836225153,5776.604466449293,0.1275160247088814,0.05132196346134582,0.6499404671071297,0
6.46199999999951,2.0,0.0,1.0,0.0,1.8735364640650858,1.1070318823893562e-14,0.9993560140136508,0.053531795927388375,9.84149934092126e-16,0.00048105620238708273,-0.0006902463915062496,-6.716914761734022e-15,0.0003258580562958616,3.9229162590254235e-14,-0.004031283523544284,-2.7601313396206295e-18,4.8199927778424204e-15,0.6346954875997667,2.3472810508138508e-15,5.068539383130344e-17,-0.013426610889577993,-2.473736614338421e-18,68.67228117637214,1.167709713575615e-05,-0.0019372811918308452,-2.0222719174958324e-07,5403.208725047565,5411.169178380881,5784.029606073562,5776.584854065882,0.12646517559831225,0.053533957356816146,0.6346954875997248,0
6.481999999999508,2.0,0.0,1.0,0.0,1.874630937268013,1.10897560993474e-14,0.9993655328735807,0.05569076102713942,9.644443156617134e-16,0.0004718835303337908,-0.0038325244892433302,-6.702968502623013e-15,0.0003252945046467165,3.9147716633920435e-14,-0.022383301302582526,-1.5293536834358123e-17,4.770901295306858e-15,0.6191439888664265,2.3360765027250117e-15,-4.499804997575631e-17,-0.013687321038968941,-9.165378212810332e-18,68.67228230181257,1.102425643151821e-05,-0.0018288963722248263,-1.7603696386487617e-07,5403.2295508146335,5411.190096058022,5784.010360194064,5776.565228214774,0.12537066817573955,0.05569276019239979,0.6191439888666391,0
6.501999999999506,2.0,0.0,1.0,0.0,1.8757679947892238,1.1108867382096182e-14,0.9993748773350611,0.05779548792687174,9.48726799397517e-16,0.0004635322808399602,-0.006931182517830814,-6.6936059022954774e-15,0.000323437873102129,3.909304989521378e-14,-0.0404805653700962,-2.7619986037220593e-17,4.7213082822870794e-15,0.6033032088826669,2.3271509871416925e-15,-3.0893663913892375e-17,-0.013933013484101765,-5.353269164242674e-18,68.67228120465853,1.0373962307598086e-05,-0.0017209354544091802,-1.5016863968510813e-07,5403.250207234787,5411.210844978061,5783.991095616543,5776.545586273606,0.12423357797727848,0.05779734671142402,0.6033032088827064,0
6.521999999999504,2.0,0.0,1.0,0.0,1.8769465411826873,1.1127637552262991e-14,0.9993840636874551,0.05984501440466082,9.28811455609364e-16,0.00045598941890188596,-0.00998451195127853,-6.6805464180231405e-15,0.00032028107849894785,3.9016800865560396e-14,-0.058313101039897695,-3.970956111738964e-17,4.638646861633111e-15,0.5871903170379579,2.313677423226167e-15,-1.446342780632637e-16,-0.014163752608052204,-1.7001449414449313e-17,68.67227753382825,9.726648731505604e-06,-0.0016134705554768617,-1.2465333011786535e-07,5403.27066663538,5411.231397454127,5783.971810363411,5776.525926599261,0.12305500032280353,0.0598467515863995,0.5871903170382103,0
6.5419999999995015,2.0,0.0,1.0,0.0,1.8781654624075008,1.1146027509966723e-14,0.9993931079313344,0.06183843724884371,9.118609439770358e-16,0.00044923937743948406,-0.01299086575227014,-6.667335772522086e-15,0.00031582269824952146,3.893967760028388e-14,-0.07587129285317241,-5.1564056628507095e-17,4.449691628067123e-15,0.5708224026850135,2.2923824829954424e-15,-1.8402334298966206e-16,-0.014379612694096985,-1.7381082805145105e-17,68.67227096783793,9.082740754037855e-06,-0.0015065723048943347,-9.952035299982804e-08,5403.290902797467,5411.251727248984,5783.952503441846,5776.5062485200215,0.12183604913309158,0.061840069028077774,0.570822402685234,0
6.561999999999499,2.0,0.0,1.0,0.0,1.8794236270049172,1.1164100332761629e-14,0.9994020257294407,0.06377491196326729,8.954678748916907e-16,0.0004432642034836285,-0.015948658611916952,-6.659031969301074e-15,0.00031006677710284,3.889122046779363e-14,-0.09314588592163567,-6.322552237095059e-17,4.23877058973425e-15,0.5542164639262133,2.27107278021682e-15,-2.2786110627020294e-16,-0.014580677716913529,-2.0017754068412605e-17,68.67226121466342,8.442654333531468e-06,-0.0014003098153266657,-7.479723191217838e-08,5403.310890955903,5411.27180957517,5783.933174832793,5776.4865523244835,0.12057785575252859,0.06377645238704159,0.5542164639259285,0
6.581999999999497,2.0,0.0,1.0,0.0,1.8807198872690543,1.118184376222426e-14,0.9994108323605964,0.06565365243424272,8.800828834337956e-16,0.000438043706451019,-0.018856367140343264,-6.648101035091182e-15,0.00030302262373824835,3.8827428045139845e-14,-0.11012798698626937,-7.462999707656464e-17,3.961758375122051e-15,0.537389396641792,2.2478821557071236e-15,-2.634238048894655e-16,-0.014767041129845617,-1.491468549306646e-17,68.67224801152084,7.806796169826442e-06,-0.0012947506550903072,-5.05096996364616e-08,5403.330607795925,5411.291621091646,5783.913825476805,5776.466839247374,0.11928156777815441,0.06565511374024956,0.5373893966417492,0
6.601999999999495,2.0,0.0,1.0,0.0,1.882053080410529,1.1199308291140572e-14,0.9994195426765988,0.06747393056002825,8.661407482270441e-16,0.0004335556080037257,-0.021712530008704253,-6.6416139517946234e-15,0.00029470459812969813,3.878959726141455e-14,-0.12680906519541452,-8.585045170956785e-17,3.672367819740548e-15,0.5203579837641537,2.2294192463910067e-15,-2.8965065544188987e-16,-0.014938805648473701,-1.839307711294308e-17,68.67223112456918,7.175563547246791e-06,-0.0011899608222224465,-2.668170590736749e-08,5403.350031446346,5411.311139897073,5783.894457256892,5776.4471114523885,0.11794834789580312,0.06747532345742957,0.5203579837638416,0
6.621999999999493,2.0,0.0,1.0,0.0,1.883422029712278,1.1216445971482638e-14,0.9994281710621239,0.06923507584367891,8.496748614132893e-16,0.00042977569299933063,-0.024515748043273347,-6.628443255904572e-15,0.00028513189061663143,3.871273913566973e-14,-0.14318095260616845,-9.674222334313895e-17,3.2551320880998602e-15,0.5031388848024098,2.2007668223209083e-15,-4.2011140181446363e-16,-0.01509608303070627,-2.827330309058623e-17,68.67221034853848,6.549344188054012e-06,-0.0010860047201613876,-3.3354294621825392e-09,5403.369141469526,5411.330345519846,5783.875072978507,5776.427372012181,0.11657937272407674,0.0692364097439076,0.5031388848026702,0
6.6419999999994905,2.0,0.0,1.0,0.0,1.884825545676839,1.1233312127729175e-14,0.9994367313976569,0.07093647495011732,8.387235182281299e-16,0.0004266779610541047,-0.02726468427225799,-6.625000927587568e-15,0.00027432829360277675,3.8692705795892214e-14,-0.15923584441313274,-1.0753423377612664e-16,2.7554060797792557e-15,0.4857486256209898,2.1662184537147273e-15,-4.377782593746803e-16,-0.01523899385361469,-2.839121007684403e-17,68.67218550628678,5.9285161142747545e-06,-0.000982945135030832,1.9508705911848393e-08,5403.387918848178,5411.349218905021,5783.855676346815,5776.407624885692,0.1151758316668748,0.07093775815763471,0.4857486256206414,0
6.661999999999488,2.0,0.0,1.0,0.0,1.8862624271643902,1.125000704795773e-14,0.9994452370254561,0.07257757122829467,8.319487996381913e-16,0.0004242347782520739,-0.029958063926031744,-6.622607566573286e-15,0.00026232196680419024,3.867880589971373e-14,-0.17496629890869023,-1.1811475563886102e-16,2.2833335885082566e-15,0.4682035884759059,2.1360164650007973e-15,-3.846024796229563e-16,-0.01536766728723905,-2.3935898089449342e-17,68.6721564482898,5.313447520467255e-06,-0.00088084321451298,4.183201145388386e-08,5403.40634596927,5411.367742398317,5783.836271941399,5776.3878748929155,0.11373892577518734,0.07257881109900648,0.4682035884757753,0
6.681999999999486,2.0,0.0,1.0,0.0,1.887731462520854,1.1266633326533593e-14,0.9994537007185483,0.07415786419932514,8.292759363511533e-16,0.0004224170285495467,-0.032594674391494396,-6.6282731386710496e-15,0.00024914519695588464,3.8711980383774056e-14,-0.19036523717909729,-1.2862032477016057e-16,1.957637023184283e-15,0.45052000231201583,2.1227295892589036e-15,-2.5137484930619954e-16,-0.015482240865579007,-6.8797174028850045e-18,68.6721230520666,4.704496654505783e-06,-0.0007797584483040521,6.361750980835708e-08,5403.424406605048,5411.385899727266,5783.816865188548,5776.368127687278,0.11226986661883634,0.07415906727266436,0.4505200023122711,0
6.701999999999484,2.0,0.0,1.0,0.0,1.8892314306954003,1.1283150503782848e-14,0.9994621346527469,0.07567690901148946,8.232352361845145e-16,0.00042119426443836054,-0.03517336512129983,-6.6289009162328925e-15,0.0002348341528651261,3.871573850398894e-14,-0.20542594254080707,-1.3880952666048214e-16,1.671137171914991e-15,0.43271393332436514,2.1119447653097384e-15,-2.4681079184090456e-16,-0.015582860254991926,-7.579407274898522e-18,68.67208522154525,4.1020117088847915e-06,-0.0006797486501362168,8.484990794119967e-08,5403.44208589143,5411.40367597974,5783.797462331285,5776.3483897257765,0.11076987516883674,0.07567808112090085,0.43271393332433017,0
6.721999999999482,2.0,0.0,1.0,0.0,1.890761102346693,1.1299564878581306e-14,0.9994705503816667,0.07713431586301601,8.191356170485943e-16,0.00042053485644923274,-0.03769304749871133,-6.631975215410945e-15,0.0002194286367022838,3.8733791555203336e-14,-0.220142059721526,-1.4882275355021375e-16,1.4017462576325387e-15,0.4148012757864421,2.101524004746852e-15,-2.15698743139695e-16,-0.01566967902021296,-8.877468325906794e-18,68.67204288637195,3.506330720114095e-06,-0.0005808699413534902,1.0551556670046901e-07,5403.4593703038445,5411.421057579926,5783.778070397279,5776.328668237055,0.10924018069102609,0.07713546222860801,0.414801275786278,0
6.7419999999994795,2.0,0.0,1.0,0.0,1.892319240937245,1.1315887903085464e-14,0.9994789588147168,0.07852974939355854,8.137955689833971e-16,0.00042040614109107476,-0.04015269465886677,-6.6325350748759686e-15,0.0002029718323825839,3.8737164909467293e-14,-0.2345075937906049,-1.5854804747097905e-16,1.1370893005879602e-15,0.3967977431479393,2.088118713838425e-15,-2.4455391659865876e-16,-0.01574285838821212,-1.334129130035549e-17,68.67199600116795,2.9177814784246585e-06,-0.0004831767360269273,1.2560246732502908e-07,5403.476247630733,5411.43803226199,5783.758697164847,5776.308971187524,0.10768201965160142,0.07853087469994573,0.3967977431481926,0
6.761999999999477,2.0,0.0,1.0,0.0,1.8939046038152687,1.133212551327511e-14,0.9994873701980295,0.07986292804530072,8.107463791222895e-16,0.00042077456684291734,-0.04255134126726322,-6.6388683940203515e-15,0.0001855100518846814,3.877426349026781e-14,-0.2485169088434991,-1.681804484159352e-16,8.582681295969881e-16,0.37871885940436445,2.0731943335946755e-15,-2.336958486816509e-16,-0.015802567010101753,-1.1267104124173474e-17,68.67194454473753,2.3366814456868107e-06,-0.00038672172759345415,1.4510017502086954e-07,5403.492706944811,5411.4545890414975,5783.739351127132,5776.289307245741,0.10609663463517098,0.07986403650708486,0.3787188594044817,0
6.781999999999475,2.0,0.0,1.0,0.0,1.8955159432834239,1.134831956917969e-14,0.9994957940982827,0.08113362339462606,8.090120961034452e-16,0.00042160583782901805,-0.04488808325628306,-6.643654474095826e-15,0.0001670924803333345,3.880233059459096e-14,-0.2621647264450748,-1.7754478559971918e-16,6.023847069199085e-16,0.36057995074059884,2.0576954702984153e-15,-2.117381526036055e-16,-0.015848980721304928,-1.0092425280394056e-17,68.67188851923123,1.763337683137062e-06,-0.0002915558769986122,1.6399979984369214e-07,5403.508738572313,5411.470718184806,5783.720041454678,5776.269685745185,0.10448527327592162,0.08113471881151436,0.36057995074014787,0
6.801999999999473,2.0,0.0,1.0,0.0,1.897152007653881,1.1364451778600931e-14,0.9995042393893707,0.0823416594553011,8.05830287987852e-16,0.00042286505483084616,-0.04716207752061065,-6.648641533758006e-15,0.00014777092063705507,3.8831576277334013e-14,-0.2754461238366686,-1.8667982282260656e-16,3.1149209079048096e-16,0.34239613745027186,2.0406243953946364e-15,-2.591099812855802e-16,-0.015882282300188528,-1.7777412909297186e-17,68.67182794926829,1.1980467872188507e-06,-0.00019772840233223896,1.8229395504210574e-07,5403.524334060282,5411.486411176571,5783.700777956538,5776.250116645558,0.10284918720247815,0.08234274525850699,0.34239613745070974,0
6.821999999999471,2.0,0.0,1.0,0.0,1.898811542289147,1.1380571356809366e-14,0.9995127142418595,0.083486911954127,8.069071921244639e-16,0.00042451685330511217,-0.0493725415724022,-6.65745977836901e-15,0.00012759953846584,3.888320253939576e-14,-0.28835653191186605,-1.9568942419890863e-16,3.2165859345561073e-17,0.3241823261325749,2.021230676005088e-15,-2.1240504535990136e-16,-0.015902661225371918,-1.555414793439841e-17,68.67176288102189,6.410948346909246e-07,-0.00010528676993113622,1.9997671313120843e-07,5403.539486142188,5411.50166068549,5783.681571040072,5776.2306104928275,0.10118963099701067,0.0834879912454174,0.3241823261325734,0
6.8419999999994685,2.0,0.0,1.0,0.0,1.9004932906281085,1.1396677050507937e-14,0.9995212261151682,0.08456930758002149,8.040204089725312e-16,0.0004265255380984785,-0.05151875315709385,-6.6622933173549295e-15,0.0001066346083090033,3.891155998066051e-14,-0.3008917329660686,-2.0434511928076083e-16,-2.673144835138306e-16,0.30595320216790534,2.001709779578597e-15,-3.040372593292518e-16,-0.015910313431911238,-1.9206093217035646e-17,68.67169338127123,9.275733650988202e-08,-1.4276686934129015e-05,2.170435598318366e-07,5403.554188701882,5411.516460528498,5783.662431669607,5776.211178378128,0.09950786116913017,0.08457038316455075,0.30595320216747357,0
6.861999999999466,2.0,0.0,1.0,0.0,1.9021959951967742,1.1412821590492725e-14,0.9995297817524049,0.08558882320749882,8.097627705826199e-16,0.00042885521456767424,-0.05360004983074455,-6.676604930814392e-15,8.493426134496926e-05,3.8995278480677766e-14,-0.3130478582249652,-2.1305806076608036e-16,-5.360772715652171e-16,0.28772322247350607,1.97904632666044e-15,-1.827539590861161e-16,-0.01590544106655964,-1.7820672575979358e-17,68.67161953642423,-4.4670080040011405e-07,7.525790473319292e-05,2.3349134613981898e-07,5403.5684367361855,5411.530805633507,5783.643371324103,5776.19183189568,0.0978051351450924,0.08558989762138725,0.2877232224735904,0
6.881999999999464,2.0,0.0,1.0,0.0,1.903918398603213,1.1429063915023811e-14,0.9995383871777835,0.08654548509552008,8.127619041846764e-16,0.0004314699158358996,-0.055615828499829656,-6.689324743411455e-15,6.255823580759512e-05,3.9069703431570694e-14,-0.3248213851571209,-2.2149287983968192e-16,-7.062550033317096e-16,0.26950660854003244,1.959680220274646e-15,-1.5876761232313307e-16,-0.0158882522422982,-1.7705747145695895e-17,68.67154145151476,-9.770253017599276e-07,0.00016327483296156632,2.4931823862489763e-07,5403.582226316158,5411.544692000895,5783.624401953998,5776.17258309991,0.09608271027280962,0.08654656062898837,0.2695066085403159,0
6.901999999999462,2.0,0.0,1.0,0.0,1.9056592445162095,1.1445347975768452e-14,0.9995470476965416,0.087439368062691,8.151103741817066e-16,0.00043433372593379833,-0.057565544924416304,-6.699129568760082e-15,3.956763051651661e-05,3.912710610125891e-14,-0.33620913457596086,-2.2959483402021505e-16,-8.874201412564928e-16,0.25131733974976156,1.9419277342188305e-15,-1.68083294229563e-16,-0.015858960792335768,-1.548047639677802e-17,68.6714592491779,-1.4979725473911426e-06,0.00024973369867318607,2.645236682983378e-07,5403.595554547264,5411.558116663854,5783.605535937372,5776.153444461895,0.0943418428431497,0.08744044677944085,0.25131733974919646,0
6.92199999999946,2.0,0.0,1.0,0.0,1.907417278627171,1.1461700168855037e-14,0.9995557678972705,0.08827059463978658,8.210444329002859e-16,0.0004374108985956122,-0.059448713185661764,-6.713538844474619e-15,1.6024662211230954e-05,3.921140427910362e-14,-0.34720826753647893,-2.3761681115457e-16,-1.055817440415267e-15,0.23316914697692617,1.928270159609255e-15,-9.364500883279119e-17,-0.01581778602376722,-9.70075724558367e-18,68.67137306860705,-2.009309583978095e-06,0.00033459587767245113,2.7910827811838674e-07,5403.608419528543,5411.571077647769,5783.586786035576,5776.134428825283,0.09258378712798465,0.08827167839321812,0.23316914697695731,0
6.9419999999994575,2.0,0.0,1.0,0.0,1.9091912495948447,1.1478189106927073e-14,0.9995645516565762,0.08903933420058481,8.249923992573294e-16,0.0004406659714994639,-0.0612649051185916,-6.7285273775242044e-15,-8.007572722978939e-06,3.929908803546253e-14,-0.35781628203206617,-2.4542404839515633e-16,-1.1193542224183347e-15,0.21507550647045467,1.918468878019205e-15,-8.956060240860379e-17,-0.015764952471076454,-1.4164905480684106e-17,68.67128306449675,-2.5108141294494845e-06,0.0004178245211495158,2.9307386937770244e-07,5403.620820310969,5411.583573928786,5783.568165348514,5776.1155493618735,0.09080979443543297,0.08904042464735817,0.21507550647082369,0
6.961999999999455,2.0,0.0,1.0,0.0,1.9109799099724223,1.1494763093619003e-14,0.9995734021459683,0.08974580207199298,8.300798688739189e-16,0.0004440638757633799,-0.06301374971112494,-6.742670630778061e-15,-3.2465331551851046e-05,3.938183672630129e-14,-0.36803100949691814,-2.529616942521972e-16,-1.1717786127863988e-15,0.19704963401917142,1.9049062751258607e-15,-5.800554869971668e-17,-0.01570068964967212,-1.4470786018596578e-17,68.67118940597418,-3.002274569943506e-06,0.0004993845548650814,3.064233471589679e-07,5403.632756855123,5411.595605391667,5783.549687269666,5776.096819526954,0.08902111218271262,0.08974690068337234,0.1970496340195562,0
6.981999999999453,2.0,0.0,1.0,0.0,1.9127820171166297,1.1511408730495905e-14,0.9995823218408897,0.09039025862445056,8.339214004589425e-16,0.0004475700405253558,-0.06469493247032618,-6.755921949654677e-15,-5.728445299098034e-05,3.9459377399151774e-14,-0.3778506111195262,-2.602223395751055e-16,-1.2407350425695563e-15,0.17910447939930668,1.8869896137009366e-15,-6.794226161054633e-17,-0.015625231809634293,-1.8641332305387947e-17,68.67109227552346,-3.4834899487462756e-06,0.0005792426770381023,3.1916066504497405e-07,5403.644229988298,5411.607172787136,5783.531365441035,5776.078253014565,0.0872189829870108,0.09039136669580915,0.17910447940023883,0
7.001999999999451,2.0,0.0,1.0,0.0,1.914596334078415,1.1528185277283808e-14,0.9995913125317782,0.09097300834359257,8.416800121916211e-16,0.0004511504924588783,-0.06630819475686896,-6.772744417628079e-15,-8.24005789872331e-05,3.9557777265193516e-14,-0.3872735739727997,-2.673768514755693e-16,-1.2365399468783896e-15,0.16125272110396485,1.8689794721091628e-15,2.952930262948512e-17,-0.015538817689851702,-1.5443694838076443e-17,68.67099186790577,-3.954269947626859e-06,0.0006573673549593542,3.31290769278381e-07,5403.655241361241,5411.618277688786,5783.51321370816,5776.059863712827,0.08540464377475267,0.09097412700240771,0.16125272110368843,0
7.021999999999449,2.0,0.0,1.0,0.0,1.916421630474874,1.1545073997424188e-14,0.9996003753370645,0.0914943988841563,8.472974567707803e-16,0.0004547719500934335,-0.06785333308871104,-6.787691695013009e-15,-0.00010774937002729318,3.964522543501041e-14,-0.3962987069664238,-2.74212628516488e-16,-1.1886237579645224e-15,0.14350676135398724,1.851836994645918e-15,7.018336044063095e-17,-0.015441690272727931,-1.3196956886143363e-17,68.67088838907854,-4.414434860417419e-06,0.0007337288203587942,3.4281954248604326e-07,5403.665793404593,5411.628922449754,5783.4952460752875,5776.041665659444,0.08357932490963141,0.09149552909677987,0.14350676135353788,0
7.0419999999994465,2.0,0.0,1.0,0.0,1.9182566833420687,1.1562115445448487e-14,0.9996095107179966,0.09195482010711238,8.544242107239273e-16,0.00045840191282878846,-0.06933019841498328,-6.804610584521179e-15,-0.0001332667135307044,3.97441896984446e-14,-0.40492513662709056,-2.808808539266375e-16,-1.0222534777697823e-15,0.1258787213894556,1.8447012420430783e-15,1.644713818415932e-16,-0.015334096539620581,-4.321284878889496e-18,68.67078205511706,-4.863815559704594e-06,0.0008082990635486241,3.5375374722748196e-07,5403.675889285194,5411.6391101592135,5783.477476660881,5776.023672997544,0.08174424933974372,0.09195596268456487,0.12587872138819337,0
7.061999999999444,2.0,0.0,1.0,0.0,1.9201002779684107,1.1579219596059097e-14,0.999618718495187,0.0923547031009982,8.543401155988581e-16,0.00046200874455197706,-0.0707386953611042,-6.8134285997810716e-15,-0.00015888892492830283,3.9795838466570416e-14,-0.413152302712277,-2.869600510734919e-16,-8.687620662586059e-16,0.10838043704088547,1.8354932806523154e-15,6.911037976063063e-17,-0.015216287227187123,-1.2571304469983445e-17,68.6706730911416,-5.30225345566151e-06,0.0008810518263675674,3.6410096946787237e-07,5403.685532862385,5411.648844598884,5783.45991965356,5776.005899931953,0.07990063176415538,0.09235585870400193,0.10838043704236333,0
7.081999999999442,2.0,0.0,1.0,0.0,1.921951208708308,1.1596327173155146e-14,0.9996279978667704,0.09269451918842918,8.56175542821934e-16,0.00046556175178376395,-0.07207878144613529,-6.823713740876524e-15,-0.00018455294105934464,3.985605577099262e-14,-0.42097995366327084,-2.9283918794124697e-16,-8.078681398698792e-16,0.09102345457896734,1.819780234448623e-15,3.981366496692219e-17,-0.01508851658480145,-1.438873901919374e-17,68.67056173025279,-5.729600448678489e-06,0.0009519625939559777,3.738695621490989e-07,5403.694728644415,5411.65813019963,5783.442589268614,5775.988360686033,0.07804967781920201,0.09269568833186789,0.09102345458046604,0
7.10199999999944,2.0,0.0,1.0,0.0,1.9238082797757883,1.1613521431903177e-14,0.9996373474280641,0.09297477891875802,8.616927342755222e-16,0.00046903125630176076,-0.07335046627340218,-6.8400960185513666e-15,-0.00021019650555583272,3.995188446965276e-14,-0.42840814190320137,-2.987227550485587e-16,-6.956007781226544e-16,0.07381902684152997,1.806228264785454e-15,1.2177059427428354e-16,-0.014951042133197225,-1.0142149502529673e-17,68.67044821247826,-6.145718874186284e-06,0.0010210085853813427,3.8306858904924646e-07,5403.703481745058,5411.666971998278,5783.42549970517,5775.971069459204,0.07619258328480853,0.09297596197572423,0.07381902683953852,0
7.121999999999438,2.0,0.0,1.0,0.0,1.9256703060178308,1.1630792473698294e-14,0.999646765192621,0.09319603104784863,8.640862706605111e-16,0.0004723886622023791,-0.07455381069540294,-6.852197231513141e-15,-0.00023575834591825278,4.002270698315248e-14,-0.4354372189858102,-3.0416216716696043e-16,-5.350739014575386e-16,0.05677810963621533,1.796720006775076e-15,1.3044930740437823e-16,-0.014804124424502749,-5.9574476011237916e-18,68.67033278373341,-6.550481440952636e-06,0.001088168743147783,3.9170776902848165e-07,5403.71179784059,5411.675375594783,5783.4086651041725,5775.954040385245,0.07433053331109671,0.09319722825341827,0.05677810963826945,0
7.1419999999994355,2.0,0.0,1.0,0.0,1.9275361136671643,1.1648054976523775e-14,0.9996562486145603,0.09335886150592412,8.63301254077523e-16,0.00047560651738374565,-0.07568892595403653,-6.859408161464528e-15,-0.0002611783420142722,4.006496432280313e-14,-0.44206783060077404,-3.091197342411471e-16,-4.458593231059195e-16,0.039911358417180486,1.7911179713582443e-15,6.308704038127876e-17,-0.014648026803810965,-3.4284884355609383e-18,68.6702156947984,-6.943771163257789e-06,0.0011534237216083941,3.9979742083571874e-07,5403.719683127186,5411.683347109826,5783.39209950724,5775.937287491495,0.07246470166552216,0.0933600729607775,0.03991135841622459,0
7.161999999999433,2.0,0.0,1.0,0.0,1.9294045410742926,1.1665394016882991e-14,0.9996657946120682,0.09346389235444413,8.678009213687173e-16,0.0004786585694475865,-0.07675597279717727,-6.873740537803014e-15,-0.0002863976857751955,4.014881513428399e-14,-0.4483009114413485,-3.141342507944373e-16,-2.7953415750749e-16,0.02322912523396299,1.792472897694777e-15,1.5370235402800068e-16,-0.014483015172448044,9.175529135061508e-19,68.67009720031457,-7.325481286326546e-06,0.0012167558743164469,4.073484086276087e-07,5403.727144278892,5411.690893142951,5783.3758168165305,5775.920824659045,0.07059625000077953,0.09346511802843468,0.023229125226845865,0
7.181999999999431,2.0,0.0,1.0,0.0,1.9312744394185546,1.1682702620394599e-14,0.9996753995919556,0.09351178073295706,8.643454634835249e-16,0.0004815198160354955,-0.07775516057263168,-6.878504140832206e-15,-0.0003113590318932739,4.017677331688688e-14,-0.45413767994017745,-3.1844571676766094e-16,-1.9661622936102493e-16,0.006741455950485737,1.7863752867751888e-15,3.0862471502091124e-17,-0.01430935775306692,-1.0259052754744973e-17,68.66997755780167,-7.695515204768633e-06,0.0012781492403302467,4.143720882500139e-07,5403.7341884062125,5411.698020731339,5783.359830755656,5775.904665583994,0.06872632714367054,0.09351302046871267,0.006741455968224974,0
7.201999999999429,2.0,0.0,1.0,0.0,1.933144673398015,1.169997779098852e-14,0.9996850594751596,0.09350321779686836,8.625744844463805e-16,0.00048416654963062596,-0.07868674630050854,-6.88448634665159e-15,-0.0003360066393520519,4.0211846375929136e-14,-0.45957963287907727,-3.225429094718034e-16,-1.9227387062263809e-16,-0.009541912267998947,1.7718706449736615e-15,-3.748745070764385e-17,-0.014127324856731476,-1.41254403098474e-17,68.66985702669919,-8.053786376381337e-06,0.0013375895295133318,4.208802545188695e-07,5403.74082301546,5411.704737309334,5783.344154831821,5775.8888237399005,0.06685606840513623,0.09350447131349592,0.009541912285376647,0
7.221999999999427,2.0,0.0,1.0,0.0,1.9350141218980181,1.171724294273528e-14,0.9996947697230827,0.09343892764705491,8.651138028248884e-16,0.0004865763968701056,-0.0795510337250316,-6.895517178833344e-15,-0.0003602865036658559,4.027640507764242e-14,-0.4646285398786153,-3.2660978416867223e-16,-2.2548006061531117e-16,-0.02561155320237904,1.7568955721884238e-15,1.4220420946488507e-17,-0.013937188652109866,-1.0420106540544725e-17,68.6697358674328,-8.400218228601313e-06,0.0013950641068447617,4.2688508953002124e-07,5403.747055968888,5411.711050668749,5783.328802299167,5775.873312341471,0.0649865949116246,0.09344019454400528,0.02561155319788673,0
7.2419999999994245,2.0,0.0,1.0,0.0,1.9368816786382557,1.1734551770564517e-14,0.9997045253646565,0.09331966625224836,8.637778840598189e-16,0.0004887283524301239,-0.08034837234682918,-6.903471073609095e-15,-0.00038414647972083134,4.03229882128476e-14,-0.46928643777333456,-3.3026551139461093e-16,-2.1089385625099562e-16,-0.04145835356407341,1.7468100809253242e-15,-4.266862927325399e-17,-0.01373922293692101,-9.733355943833462e-18,68.66961434050859,-8.734744059595432e-06,0.0014505619757729563,4.3239911213768864e-07,5403.752895445778,5411.716968920098,5783.313786123484,5775.858144309573,0.06311901295793973,0.09332094601338699,0.04145835356471577,0
7.261999999999422,2.0,0.0,1.0,0.0,1.9387462527982111,1.1751855150286312e-14,0.999714321024026,0.09314622036510067,8.661287731829466e-16,0.0004906028075578753,-0.08107915643672861,-6.91373264933285e-15,-0.00040753639515584577,4.038304684653498e-14,-0.47355562487845004,-3.3376631609734326e-16,-2.2750677899307325e-16,-0.057073514719013466,1.739071516535164e-15,3.364562091407117e-18,-0.01353370291176707,-4.521325050152521e-18,68.66949270563642,-9.057306934163086e-06,0.0015040737606420752,4.3743512870554053e-07,5403.758349904463,5411.722500454792,5783.299118948301,5775.843332237652,0.06125441338171457,0.09314751236301848,0.0570735147203438,0
7.28199999999942,2.0,0.0,1.0,0.0,1.940606769620862,1.1769216919587352e-14,0.9997241509487456,0.09291940643283438,8.685849603598792e-16,0.0004921815733393552,-0.08174382403207761,-6.9258601427637435e-15,-0.00043040815424101966,4.045400049529868e-14,-0.47743865515381934,-3.3709428925321244e-16,-1.7318908746766395e-16,-0.07244855415402031,1.7363057763763368e-15,5.243059219316193e-17,-0.013320904956469799,-3.370912006246042e-18,68.6693712208841,-9.367859573476003e-06,0.0015555916882124877,4.4200618520888113e-07,5403.763428045402,5411.7276539083505,5783.2848130624425,5775.828888359597,0.059393870959623785,0.09292070993342333,0.07244855415406283,0
7.301999999999418,2.0,0.0,1.0,0.0,1.942462170994546,1.1786555079677972e-14,0.9997340090383824,0.09264006950337045,8.646562928015059e-16,0.0004934478988041229,-0.08234285591662056,-6.9301711560925764e-15,-0.0004527158322454915,4.04792938880915e-14,-0.48093833227103827,-3.3977747829535504e-16,-1.7806348838300484e-16,-0.08757530668853546,1.72795905211767e-15,-7.506280125353627e-17,-0.013101106409046182,-1.0857090838033218e-17,68.66925014186431,-9.666364239755448e-06,0.001605109568311517,4.461255207861048e-07,5403.768138775393,5411.7324381247645,5783.270880369133,5775.814824519133,0.05753844382543316,0.09264138367068003,0.08757530669043148,0
7.321999999999416,2.0,0.0,1.0,0.0,1.9443114160129085,1.1803850588525673e-14,0.9997438888734282,0.09230908212781472,8.662270933793324e-16,0.00049438648397888,-0.08287677458494243,-6.938940961125183e-15,-0.0004744157603149197,4.053062676851925e-14,-0.48405770358943245,-3.424149020806916e-16,-2.728013605994602e-16,-0.10244592543479422,1.7144124541322368e-15,-5.203982233091523e-17,-0.012874585347429872,-1.090939004032849e-17,68.66912972095473,-9.952792616296192e-06,0.0016526227736340126,4.4980652283256675e-07,5403.772491172924,5411.736862121969,5783.257332356634,5775.801152140781,0.055689172909969685,0.09231040602919685,0.10244592543557196,0
7.341999999999413,2.0,0.0,1.0,0.0,1.946153481512866,1.1821184394023296e-14,0.9997537837444161,0.09192734326017298,8.695003014321321e-16,0.0004949834880167469,-0.08334614319249516,-6.951935983088405e-15,-0.0004954666009029563,4.0606634809344603e-14,-0.48680005404674065,-3.4500052825042695e-16,-3.3492498485597275e-16,-0.11705288250967093,1.7029266349695199e-15,1.1116363679189649e-17,-0.012641620374063741,-7.56413844723309e-18,68.66901020655361,-1.0227125681541018e-05,0.0016981282187256278,4.5306268367303184e-07,5403.776494454762,5411.74093505858,5783.244180070542,5775.7878822024195,0.05384708140307859,0.09192867587171633,0.11705288251002471,0
7.361999999999411,2.0,0.0,1.0,0.0,1.9479873625905424,1.1838631154891484e-14,0.9997636866811478,0.0914957771551524,8.731455060265751e-16,0.0004952265325354121,-0.08375156449221355,-6.966908921432725e-15,-0.0005158294138359418,4.0694191357403314e-14,-0.4891688999702571,-3.474268289964671e-16,-2.474811227088289e-16,-0.13138896950155005,1.701352826538785e-15,8.71598103923262e-17,-0.012402490403469683,-4.48492484156413e-19,68.66889184237093,-1.0489353579015051e-05,0.0017416243381774272,4.5590755891729586e-07,5403.780157943808,5411.74466620185,5783.2314340877265,5775.775025209512,0.05201317423761384,0.09149711736740036,0.13138896950096873,0
7.381999999999409,2.0,0.0,1.0,0.0,1.949812073095148,1.1856120379018869e-14,0.9997735904819361,0.09101533226489435,8.740808777339642e-16,0.0004951047003094468,-0.08409367975872062,-6.976146026664924e-15,-0.000535467713102835,4.0748239660654055e-14,-0.4911679828141664,-3.493099442042714e-16,-1.151954898727233e-16,-0.1454472976957073,1.7067162219878286e-15,9.73806926925643e-17,-0.012157474452905694,2.3863031736056554e-18,68.66877486675678,-1.0739475482369948e-05,0.0017831110640550215,4.583547275286964e-07,5403.783491038265,5411.748064896951,5783.219104491962,5775.762591171018,0.05018843759549239,0.09101667888883545,0.14544729769567044,0
7.401999999999407,2.0,0.0,1.0,0.0,1.9516266461007905,1.1873639080150316e-14,0.9997834877427714,0.09048698013547103,8.76205717480392e-16,0.0004946085294705182,-0.08437316770111573,-6.9873280014317765e-15,-0.0005543475144943397,4.0813643032488876e-14,-0.4928012628287815,-3.5103400310704397e-16,5.379503828856351e-17,-0.15922129806179985,1.7147304582503567e-15,1.5460672650004246e-16,-0.011906851436212144,6.600407282676627e-18,68.66865951206736,-1.0977499456332715e-05,0.0018225898025955622,4.6041775366809156e-07,5403.786503182157,5411.751140537604,5783.207200851292,5775.750589577018,0.0483738384358291,0.09048833190878564,0.15922129806226976,0
7.421999999999405,2.0,0.0,1.0,0.0,1.953430134356218,1.1891184570311472e-14,0.9997933708863237,0.08991171430396468,8.76947925018226e-16,0.0004937300033778375,-0.08459074336533122,-6.99824933075731e-15,-0.0005724373742421144,4.087751874581905e-14,-0.4940729126673652,-3.524906131264126e-16,2.730890649812142e-16,-0.17270472100718892,1.7247403517210622e-15,1.9078124040523858e-16,-0.011650899960950548,9.335632523423058e-18,68.66854600406934,-1.1203442312642056e-05,0.001860063410197329,4.621101503551598e-07,5403.789203837212,5411.753902538056,5783.195732197146,5775.739029378078,0.046570324045152746,0.08991306989750712,0.17270472100689677,0
7.441999999999402,2.0,0.0,1.0,0.0,1.9552216107125215,1.190870711833453e-14,0.9998032321906984,0.08929054919693419,8.753556792602409e-16,0.0004924625363298869,-0.08474715702703521,-7.003321997013557e-15,-0.0005897084188245785,4.090722638761364e-14,-0.49498731093618226,-3.5339960962395706e-16,4.854266108310695e-16,-0.18589163589992327,1.733889616752238e-15,1.8094590039753628e-16,-0.011389898128922094,6.503804869108169e-18,68.66843456138301,-1.1417329462302098e-05,0.0018955361687298762,4.63445344988665e-07,5403.791602456171,5411.756360306461,5783.184707005191,5775.727918966368,0.04477882160968222,0.08929190722142637,0.18589163589935986,0
7.4619999999994,2.0,0.0,1.0,0.0,1.957000168528826,1.192622347851086e-14,0.9998130638178596,0.0886245190310608,8.736423247314575e-16,0.0004908009552929883,-0.08484319307604758,-7.010225558798849e-15,-0.0006061343661247322,4.094762294028003e-14,-0.49554903569337183,-3.541500308040825e-16,7.427122429992109e-16,-0.19877643036532014,1.7436086388421948e-15,1.9164979476561666e-16,-0.011124123340173668,6.661746020584994e-18,68.66832539496501,-1.1619194764033343e-05,0.0019290137601969705,4.644366467526699e-07,5403.793708457512,5411.758523219706,5783.174133177997,5775.71726615854,0.04300023780963952,0.08862587804396961,0.19877643036544207,0
7.481999999999398,2.0,0.0,1.0,0.0,1.958764922056027,1.1943654777063644e-14,0.999822857841646,0.08791467671674844,8.713850530777921e-16,0.0004887414778292784,-0.08487966889322905,-7.015680767617718e-15,-0.0006216915381502975,4.097955382620094e-14,-0.49576285790221686,-3.545791223271647e-16,9.445369257271723e-16,-0.21135380936019021,1.7512468885205724e-15,2.0977180039784287e-16,-0.01085385210056321,1.001556281084303e-17,68.66821870763033,-1.1809080368269255e-05,0.001960503240773565,4.6509721592013555e-07,5403.795531201613,5411.7604005996245,5783.164018029459,5775.707078180404,0.04123545843554782,0.08791603522931718,0.21135380935945958,0
7.501999999999396,2.0,0.0,1.0,0.0,1.9605150067986388,1.1961048642980773e-14,0.9998326062753071,0.08716209276544037,8.670963524711224e-16,0.0004862816864137043,-0.08485743372079188,-7.0211017681300984e-15,-0.000636358865547318,4.101127915576241e-14,-0.4956337348443175,-3.547612079936786e-16,1.1924458073870476e-15,-0.2236187940288409,1.7618786882917026e-15,1.9168275451166023e-16,-0.010579359832973412,8.973563207921524e-18,68.66811469361413,-1.1987036558113288e-05,0.001990013014248096,4.6544003510600346e-07,5403.797079968369,5411.762001690692,5783.154368271004,5775.697361653333,0.03948534802645925,0.08716344924984196,0.22361879402837476,0
7.521999999999394,2.0,0.0,1.0,0.0,1.9622495798548376,1.197837875303289e-14,0.9998423010984869,0.08636785420139924,8.651153999055105e-16,0.00048342049933227944,-0.08477736752696997,-7.025996219650354e-15,-0.0006501178841461896,4.103992303314691e-14,-0.4951668034981342,-3.546745451472614e-16,1.4729217803190305e-15,-0.23556672034509488,1.7789535606111092e-15,2.661571438407758e-16,-0.010300920692265092,1.7802248603525302e-17,68.66801353817327,-1.2153121586508753e-05,0.0020175528049019035,4.654778824195428e-07,5403.798363936284,5411.763335639155,5783.145189999587,5775.688122582479,0.03775074953004007,0.08636920709797752,0.23556672034533935,0
7.541999999999391,2.0,0.0,1.0,0.0,1.9639678202347952,1.1995620247521284e-14,0.999851934283589,0.08553306347868052,8.583760330826586e-16,0.0004801581383587626,-0.08464037986597422,-7.027526148856292e-15,-0.0006629527238015765,4.1048908348282185e-14,-0.49436737388830454,-3.541794770090484e-16,1.7766241550225844e-15,-0.24719323754465164,1.8016648359155327e-15,2.352839448781648e-16,-0.010018807384033216,2.238419540466629e-17,68.66791541722735,-1.230740151016262e-05,0.0020431336298468213,4.652233066044197e-07,5403.799392162984,5411.764411473603,5783.136488687442,5775.679366346725,0.036032483984432845,0.08553441120324512,0.24719323754530956,0
7.561999999999389,2.0,0.0,1.0,0.0,1.965668929157415,1.2012667600621597e-14,0.9998614978214628,0.08465883740401493,8.47419279051032e-16,0.00047649609340966843,-0.08444740873415048,-7.024429070941273e-15,-0.0006748500898020339,4.103086063123001e-14,-0.49324092241110007,-3.5321710858904913e-16,1.9649568456620173e-15,-0.2584943063521945,1.824488372863366e-15,1.0785625408311922e-16,-0.009733290987239655,1.7328452254149133e-17,68.66782049703944,-1.2449950020395579e-05,0.0020667677708512675,4.646886040803934e-07,5403.800173567245,5411.765238087023,5783.128269173607,5775.671097690397,0.03433135022180239,0.08466017835515392,0.2584943063527343,0
7.581999999999387,2.0,0.0,1.0,0.0,1.9673521303255999,1.202954464491362e-14,0.9998709837463512,0.08374630606629897,8.417685325245184e-16,0.00047243708438104136,-0.08419941942324169,-7.024349764060268e-15,-0.0006857992371366173,4.1030434271847514e-14,-0.4917930851413125,-3.521766568671238e-16,2.0959537249139303e-15,-0.269466197007735,1.845638288532178e-15,1.4499397319835143e-16,-0.009444640780800238,2.0565581785593418e-17,68.66772893393548,-1.2580848271077033e-05,0.00208846874568353,4.638857979365073e-07,5403.80071691241,5411.765824220247,5783.120535657174,5775.663320716685,0.03264812459346359,0.08374763863267383,0.26946619700756413,0
7.601999999999385,2.0,0.0,1.0,0.0,1.9690166701801868,1.2046324890876745e-14,0.9998803841600452,0.08279661177337645,8.347215910978592e-16,0.000467985020370473,-0.08389740337164527,-7.0259901480972505e-15,-0.0006957919379167906,4.104004702155515e-14,-0.4900296511257952,-3.5099609290079434e-16,2.307255927148946e-15,-0.28010548709676575,1.8765719764939054e-15,1.613157695433827e-16,-0.009153124074185524,2.7698710508701423e-17,68.66764087406276,-1.2700184703395167e-05,0.0021082512790008595,4.628266188285465e-07,5403.8010307912855,5411.766178446883,5783.113291692253,5775.656038882795,0.03098356071649118,0.08279793434096355,0.2801054870969797,0
7.621999999999383,2.0,0.0,1.0,0.0,1.9706618181327045,1.2062887611867225e-14,0.9998896912551974,0.08181090799677715,8.222265405307242e-16,0.00046314495649163765,-0.0835423770145431,-7.018651781563771e-15,-0.0007048224422663519,4.099720741105493e-14,-0.48795655566883017,-3.491463850601595e-16,2.4211889634924048e-15,-0.2904090591888565,1.9010765450103415e-15,3.5329200276004886e-17,-0.008859006042092934,1.4617106566251694e-17,68.66755645318624,-1.2808054868188496e-05,0.002126131272806193,4.615224878109964e-07,5403.801123612451,5411.766309159614,5783.106540184628,5775.64925499676,0.029338389241703237,0.08181221895602062,0.2904090591887516,0
7.64199999999938,2.0,0.0,1.0,0.0,1.9722868667771196,1.207919978209755e-14,0.999898897337746,0.08079035832506272,8.116521134545658e-16,0.0004579230484866235,-0.08313538063376931,-7.015244536836135e-15,-0.0007128874329992036,4.097732433130416e-14,-0.4855798736144182,-3.472773378202773e-16,2.392735154063045e-15,-0.30037409828939926,1.908469689297402e-15,-3.244113333976378e-17,-0.008562549563257067,4.1501645829680105e-18,68.66747579652262,-1.290456124635673e-05,0.0021421257765080848,4.599845010052867e-07,5403.801003587962,5411.766224557929,5783.100283390084,5775.642971215899,0.027713317642920905,0.08079165607790427,0.3003740982896511,0
7.661999999999378,2.0,0.0,1.0,0.0,1.9738911320807493,1.2095359180625254e-14,0.9999079948484098,0.07973613542641231,8.0295742867121765e-16,0.0004523265053430892,-0.08267747720826424,-7.012125058589337e-15,-0.0007199859744130106,4.095911637292204e-14,-0.482905812630504,-3.452114862589382e-16,2.381906581151342e-15,-0.3099980891092759,1.9118620875466638e-15,-4.732603654560001e-17,-0.008264015063440676,-2.2236856855740453e-19,68.6673990186112,-1.2989813065835828e-05,0.002156252956602652,4.58223416145215e-07,5403.800678722458,5411.765932637207,5783.094522914326,5775.637189046912,0.02610903002742151,0.0797374183931647,0.30999808910978904,0
7.681999999999376,2.0,0.0,1.0,0.0,1.9754739535545338,1.2111367284797767e-14,0.9999169763832142,0.07864942002106404,7.985840891443266e-16,0.0004463635401219378,-0.08216975126595258,-7.01223656196655e-15,-0.0007261194555327506,4.0959775484722815e-14,-0.4799407065000937,-3.4309741241178e-16,2.3924426356852908e-15,-0.31927881315727424,1.918060767629209e-15,6.343725001790885e-17,-0.007963660362666958,1.1679758935499652e-17,68.66732622322058,-1.306392611738723e-05,0.002168532066011798,4.562496409418008e-07,5403.800156803599,5411.765441179153,5783.089259714517,5775.631909347516,0.024526186967527355,0.07865068664709608,0.3192788131576018,0
7.701999999999374,2.0,0.0,1.0,0.0,1.977034694402872,1.2127265549803438e-14,0.9999258347130173,0.07753139986421065,7.908547237652509e-16,0.0004400433191995269,-0.08161330773786699,-7.012584243621762e-15,-0.0007312915281487091,4.096180855995373e-14,-0.4766910084241308,-3.40791254280109e-16,2.4928864955928448e-15,-0.3282143456601384,1.9282967051467786e-15,7.884582287305557e-17,-0.007661740526730718,5.048507398035185e-18,68.66725750329077,-1.3127022567852548e-05,0.0021789834130997486,4.5407322323674675e-07,5403.799445393838,5411.764757743568,5783.084494102325,5775.6271323296405,0.022965425353327764,0.07753264862641347,0.32821434566057983,0
7.721999999999372,2.0,0.0,1.0,0.0,1.9785727416532348,1.2142975321233436e-14,0.9999345628020053,0.07638326873993069,7.81901165384431e-16,0.00043337591012757465,-0.08100927081532287,-7.0104168898964965e-15,-0.0007355080399943045,4.0949145346537723e-14,-0.47316328434091304,-3.3816473108516593e-16,2.564128462581618e-15,-0.3368030523151846,1.933808884002692e-15,7.156811579024663e-17,-0.007358507723035783,4.739563988985441e-18,68.66719294090946,-1.3179230771882713e-05,0.002187628330396832,4.517038428424532e-07,5403.7985518235155,5411.763889661379,5783.0802257485075,5775.622857564106,0.021427358266615588,0.07638449815293645,0.3368030523154326,0
7.741999999999369,2.0,0.0,1.0,0.0,1.9800875062657846,1.215849209543391e-14,0.99994315382513,0.07520622546671885,7.712388772747198e-16,0.0004263722283110085,-0.08035878281093765,-7.005614541911227e-15,-0.0007387769634090061,4.0921085260180076e-14,-0.4693642062667631,-3.3521976738577865e-16,2.605172796671254e-15,-0.34504358588046663,1.9309947284843404e-15,1.6643843194955204e-17,-0.007054211080793707,-9.009583231063612e-18,68.66713260732143,-1.3220685081920432e-05,0.0021944891430554364,4.49150805165029e-07,5403.797483185161,5411.762844028949,5783.0764536889055,5775.61908398674,0.01991257487626265,0.0752074340888454,0.34504358588030926,0
7.761999999999367,2.0,0.0,1.0,0.0,1.9815784232232374,1.2173794093507263e-14,0.9999516011844708,0.07400147291516207,7.61071080223352e-16,0.00041904398270065535,-0.07966300302426914,-7.000261330758211e-15,-0.0007411083198443077,4.0889802230803454e-14,-0.46530054566256585,-3.320635188321985e-16,2.5844435940258487e-15,-0.35293488260751044,1.9171560877745525e-15,-1.7778708419721575e-17,-0.006749096555626972,-1.0208114522637714e-17,68.6670765629701,-1.3251525656698722e-05,0.0021995891370699713,4.4642303638805724e-07,5403.796246329059,5411.76162770358,5783.073176331875,5775.615809905885,0.018421640355503185,0.07400265935405904,0.3529348826075264,0
7.781999999999365,2.0,0.0,1.0,0.0,1.9830449516012167,1.2188947490586912e-14,0.9999598985245006,0.07277021703828943,7.537456885737445e-16,0.0004114036206958479,-0.07892310661283249,-6.999989204063811e-15,-0.0007425141005611519,4.0888193620408425e-14,-0.46097916683069207,-3.2896667500917816e-16,2.613396714707842e-15,-0.3604761585216831,1.9097833223330548e-15,2.80125703352037e-17,-0.006443406798592491,-5.74797783557547e-18,68.66702485757008,-1.3271898268366711e-05,0.0022029525272768136,4.435290803185842e-07,5403.794847859982,5411.760247300212,5783.070391467028,5775.613033011254,0.01695509582200643,0.07277137995626351,0.3604761585216697,0
7.801999999999363,2.0,0.0,1.0,0.0,1.9844865746193594,1.2203927868434158e-14,0.9999680397462429,0.07151366591510674,7.439433625221943e-16,0.0004034642724465983,-0.07814028346924308,-6.996639792882341e-15,-0.0007430081838749585,4.0868605057542196e-14,-0.45640702034676955,-3.255479051701021e-16,2.6513623687923973e-15,-0.3676669055552796,1.8987189221876703e-15,3.3636676246147484e-18,-0.0061373810296697015,-1.4527250717168216e-17,68.66697753020964,-1.3281954108190302e-05,0.0022046044251713337,4.4047709674820865e-07,5403.793294135058,5411.758709189232,5783.068096275313,5775.6107503840585,0.015513458302342652,0.0715148040341064,0.36766690555544473,0
7.821999999999361,2.0,0.0,1.0,0.0,1.9859027996734413,1.2218690679133297e-14,0.99997601902031,0.07023302880780916,7.33952012598135e-16,0.0003952396947412712,-0.0773157371052087,-6.9903169889083105e-15,-0.0007426062492983661,4.083164357790682e-14,-0.45159113653061855,-3.2182156475716444e-16,2.6292356989337698e-15,-0.3745068875384646,1.879530147905366e-15,-2.1263984723393492e-17,-0.005831254915729082,-1.4172825026982704e-17,68.66693460948137,-1.3281849591814439e-05,0.002204570806560489,4.3727486126201974e-07,5403.791591262742,5411.757019495393,5783.066287340284,5775.608958508373,0.014097220723763732,0.07023414091405154,0.37450688753808276,0
7.841999999999358,2.0,0.0,1.0,0.0,1.9872931583488032,1.2233307051388382e-14,0.999983830798816,0.06892951523314607,7.28511323466277e-16,0.0003867442146616532,-0.07645068354308672,-6.991142153613637e-15,-0.0007413256889337277,4.083642995116056e-14,-0.4465386189606292,-3.182583183374446e-16,2.665715676752076e-15,-0.3809961360532062,1.868204899193066e-15,8.232481080412706e-17,-0.005525260453000243,-6.775855705200349e-18,68.66689611364049,-1.3271746163340009e-05,0.0022028784790788466,4.339297665431044e-07,5403.789745102831,5411.7551840977685,5783.064960660574,5775.607653283662,0.012706851938684807,0.06893060018137148,0.38099613605331983,0
7.861999999999356,2.0,0.0,1.0,0.0,1.9886572064153623,1.2247769940148567e-14,0.9999914698261629,0.06760433404839628,7.191446434001588e-16,0.00037799267318111215,-0.07554635021569624,-6.9873171094104304e-15,-0.0007391855164612988,4.0814049172848185e-14,-0.44125663803570386,-3.1432144302392077e-16,2.7512433888773005e-15,-0.3871349461553778,1.860049846038587e-15,7.99131114916503e-17,-0.005219625854059872,-7.921315300431285e-18,68.66686205078885,-1.3251810098200022e-05,0.0021995550495940664,4.3044882497742024e-07,5403.7877612674865,5411.753208630693,5783.064111663474,5775.606830038421,0.01134279679213045,0.06760539076573799,0.38713494615516664,0
7.881999999999354,2.0,0.0,1.0,0.0,1.9899945238045091,1.2262038978696717e-14,0.9999989311486984,0.06625869255239207,7.08593235291375e-16,0.0003690003688770373,-0.07460397487506548,-6.982157228113392e-15,-0.0007362062740685957,4.078386709881975e-14,-0.4357524245888386,-3.10171147031377e-16,2.8272895997539613e-15,-0.3929238719702142,1.8466873173056453e-15,5.095081885804503e-17,-0.004914575439354968,-1.3632241823781433e-17,68.6668324190836,-1.3222212306508536e-05,0.0021946288915274084,4.2683867257648367e-07,5403.785645123206,5411.751098485677,5783.063735219575,5775.606483544857,0.01000547625258175,0.06625972004185234,0.3929238719705377,0
7.901999999999352,2.0,0.0,1.0,0.0,1.9913047145681944,1.2276098213919436e-14,1.000006210123251,0.06489379560201375,6.967366713836168e-16,0.00035978300192322804,-0.07362480451077348,-6.975350234018095e-15,-0.0007324099376584083,4.074405988983354e-14,-0.4300332635562856,-3.058015213559918e-16,2.878284485582499e-15,-0.3983637221663251,1.8310159261227513e-15,-5.4860241880809325e-18,-0.0046103295332656,-1.4394978052124988e-17,68.66680720696898,-1.318312813514483e-05,0.0021881291121087993,4.231055741227495e-07,5403.783401793702,5411.748858814192,5783.063825658385,5775.606608034562,0.00869528764942266,0.06489479294553926,0.39836372216670735,0
7.92199999999935,2.0,0.0,1.0,0.0,1.992587406820518,1.2289927072795904e-14,1.0000133024245508,0.06351084474455754,6.855441406489243e-16,0.0003503566185200672,-0.0726100942785283,-6.968480836173096e-15,-0.000727819820672145,4.0703884282199446e-14,-0.42410648770614395,-3.012896221485204e-16,2.878793810769587e-15,-0.40345555531346544,1.818090372869813e-15,-4.03580860234702e-17,-0.004307104364717569,-1.3435079658714944e-17,68.66678639342992,-1.3134737169971888e-05,0.0021800855196006247,4.192554294999595e-07,5403.781036163619,5411.746494531326,5783.06437678489,5775.607197215097,0.007412605115544823,0.06351181110571034,0.4034555553132926,0
7.941999999999347,2.0,0.0,1.0,0.0,1.9938422526621484,1.2303502264440833e-14,1.000020204051543,0.06211103736636273,6.727445919016466e-16,0.0003407375559154138,-0.07156110643960849,-6.959887848361598e-15,-0.0007224604768444891,4.065363726353168e-14,-0.4179794714301346,-2.9657044970882693e-16,2.7878279687318565e-15,-0.408200675129298,1.800019365785204e-15,-1.2609939590883785e-16,-0.004005111972351401,-1.8549152886111818e-17,68.66676994826588,-1.3077223037775332e-05,0.002170528590505856,4.1529378108771885e-07,5403.778552883076,5411.744010320207,5783.065381896954,5775.608244287438,0.006157780483300526,0.062111971992585446,0.4082006751296609,0
7.961999999999345,2.0,0.0,1.0,0.0,1.9950689280878906,1.2316811385947298e-14,1.000026911332612,0.06069556585806478,6.605494181028937e-16,0.000330942388164585,-0.07047910931177181,-6.95159809495031e-15,-0.0007163576022323336,4.06051580135118e-14,-0.4116596246021757,-2.9173807274682347e-16,2.575021530090839e-15,-0.4126006256203418,1.7762372484247055e-15,-2.087912787638728e-16,-0.003704560114236194,-2.3075642746130176e-17,68.6667578323837,-1.3010773208420877e-05,0.0021594894367878235,4.112258221840397e-07,5403.775956372927,5411.741410637205,5783.066833803548,5775.609741964209,0.004931145345882351,0.06069646808254137,0.41260062561990585,0
7.981999999999343,2.0,0.0,1.0,0.0,1.9962671328777486,1.2329929836718808e-14,1.000033420929728,0.05926561679682454,6.519112338052592e-16,0.0003209878727652156,-0.06936537623222405,-6.948657182917519e-15,-0.0007095379367995507,4.058791871049627e-14,-0.40515438650731006,-2.8700606572174366e-16,2.3386467575705818e-15,-0.41665718612234115,1.7473668851245256e-15,-2.139486116579518e-16,-0.0034056521821410005,-2.6039200964402054e-17,68.6667499981079,-1.293557879707612e-05,0.002146999773124934,4.070564064045896e-07,5403.773250830746,5411.738699717797,5783.068724843676,5775.611682488649,0.00373301673059864,0.05926648603994093,0.4166571861227747,0
8.001999999999342,2.0,0.0,1.0,0.0,1.9974365904718239,1.2342873404243331e-14,1.000039729841539,0.0578223701458647,6.44638893523204e-16,0.00031089089830193926,-0.06822118453321763,-6.94460921055238e-15,-0.0007020291658892473,4.0564209797230504e-14,-0.39847121984440137,-2.821069893753891e-16,2.078668650441864e-15,-0.4203723662452527,1.715497491216397e-15,-2.0320134920297202e-16,-0.0031085871203427582,-2.5590124424558562e-17,68.66674638950674,-1.2851834366569413e-05,0.0021330918842258307,4.0279005792382757e-07,5403.7704402374275,5411.7358815830885,5783.071046905988,5775.614057654218,0.0025637173926649744,0.057823205916275794,0.4203723662452432,0
8.021999999999348,2.0,0.0,1.0,0.0,1.9985770478293938,1.2355673957762811e-14,1.000045835405427,0.05636699847162754,6.367041531476054e-16,0.00030066843322463653,-0.06704781453083251,-6.9420101333225135e-15,-0.0006938598218572379,4.054896109439536e-14,-0.3916176048059029,-2.7715066473145045e-16,1.8188188388829655e-15,-0.4237484007280516,1.682814090860152e-15,-2.364742128339452e-16,-0.0028135593489685804,-2.795092044503713e-17,68.666746942733,-1.275973773071185e-05,0.0021177985922232307,3.98430982567763e-07,5403.767528364386,5411.732960046903,5783.0737914489755,5775.616858824821,0.001423690192500977,0.05636780036693998,0.4237484007284454,0
8.041999999999355,2.0,0.0,1.0,0.0,1.9996882752725331,1.2368337545092488e-14,1.0000517352985518,0.05490066617884998,6.306475219852947e-16,0.0002903374758791723,-0.06584654852747662,-6.940671937947029e-15,-0.0006850591861659866,4.05410745610974e-14,-0.3846010332379195,-2.721321222046932e-16,1.5394882529020093e-15,-0.4267877442085499,1.6477207460926007e-15,-2.4357530338285626e-16,-0.0025207586918575718,-3.0839289242647134e-17,68.66675158637766,-1.2659489757751256e-05,0.0021011532241732053,3.939830796252794e-07,5403.764518781299,5411.729938723416,5783.076949521718,5775.620076955541,0.0003159886814912014,0.054901433885932535,0.4267877442084891,0
8.061999999999362,2.0,0.0,1.0,0.0,2.000770066314636,1.2380890615479889e-14,1.000057427537915,0.05342452876383454,6.255542654396097e-16,0.00027991500590061853,-0.06461866982862045,-6.940896635724114e-15,-0.0006756571922028401,4.054231443321375e-14,-0.3774290028836386,-2.670656508119756e-16,1.2527560422660325e-15,-0.42949306591338443,1.6110923193661833e-15,-2.5047668389159544e-16,-0.00223037030892786,-3.287102990377635e-17,68.66676024183543,-1.255129417480268e-05,0.0020831895796810333,3.8944995431593675e-07,5403.761414864323,5411.726821035274,5783.080511785084,5775.623702613856,0.0007722046691443323,0.053425262058770594,0.4294930659129885,0
8.081999999999368,2.0,0.0,1.0,0.0,2.001822237474205,1.2393343979653951e-14,1.0000629104794618,0.0519397320861768,6.202539737128248e-16,0.0002694179370713252,-0.06336546177426415,-6.9428708423302925e-15,-0.0006656843290950618,4.05537708977039e-14,-0.3701090117131155,-2.6196016206461094e-16,9.430037933017427e-16,-0.43186724427333184,1.569483148892271e-15,-2.9248669914976034e-16,-0.001942574633024359,-3.789825853715714e-17,68.66677282368008,-1.2435357373078396e-05,0.0020639418986737428,3.8483493087457965e-07,5403.7582198047285,5411.723610222123,5783.084468533335,5775.627726001237,0.0018233231037923531,0.05194043083387583,0.43186724427372436,0
8.101999999999375,2.0,0.0,1.0,0.0,2.00284462807428,1.2405692883550783e-14,1.0000681828162616,0.05044741165919274,6.145061978681372e-16,0.00025886307173967796,-0.062088206785619326,-6.9396480656102054e-15,-0.0006551715467644798,4.053486925162858e-14,-0.36264855234228904,-2.565601450691855e-16,5.661332084065168e-16,-0.4339133614690756,1.5167251638517952e-15,-3.822345697433309e-16,-0.0016575473112309515,-5.248581929718923e-17,68.6667892400488,-1.2311888214031635e-05,0.002043444829343233,3.801410661646136e-07,5403.754936617942,5411.720309349526,5783.088809716083,5775.632136975087,0.0028454450930243754,0.050448075812680564,0.4339133614693509,0
8.121999999999382,2.0,0.0,1.0,0.0,2.0038371000278863,1.2418024435198416e-14,1.0000732435757929,0.048948691959272136,6.167590344572905e-16,0.00024826705688714803,-0.06078818542746299,-6.948759694224242e-15,-0.0006441501624733075,4.058801148575343e-14,-0.3550551065439629,-2.5151745262315855e-16,2.2508047794798037e-16,-0.4356346979125116,1.4631554501439027e-15,-2.7833374083056906e-16,-0.001375459150616165,-4.776433567644937e-17,68.66680939303379,-1.2181097837237275e-05,0.002021733396279706,3.753711637077269e-07,5403.751568152876,5411.716921318208,5783.093524960496,5775.636925070964,0.003837799010552776,0.04894932155868198,0.4356346979124388,0
8.141999999999388,2.0,0.0,1.0,0.0,2.004799537609876,1.2430341288669563e-14,1.0000780921163688,0.047444685754366715,6.163803429672321e-16,0.0002376463419229682,-0.059466675486610596,-6.953787234973018e-15,-0.0006326517690802222,4.0617296420382925e-14,-0.3473361398534163,-2.46227011132527e-16,-1.1296132675248546e-16,-0.4370347266686782,1.4119858264323585e-15,-2.7853496875378244e-16,-0.0010964760683963098,-4.226900275509796e-17,68.66683317907987,-1.2043199468151328e-05,0.001998842968816922,3.70527788173236e-07,5403.74811710158,5411.713448873561,5783.098603593766,5775.642079524999,0.004800172876808988,0.04744528092565622,0.4370347266687148,0
8.161999999999395,2.0,0.0,1.0,0.0,2.005731847215552,1.2442703070530064e-14,1.000082728122738,0.04593649345180418,6.189162308623035e-16,0.00022701713828059364,-0.05812495106692698,-6.964023859035687e-15,-0.0006207081452296729,4.067700599665756e-14,-0.3394990962711407,-2.4102518687732647e-16,-3.884213745223132e-16,-0.4381171078233235,1.364626159328319e-15,-2.3043542357363554e-16,-0.0008207590464626634,-4.271553141983612e-17,68.6668604893866,-1.189840822904341e-05,0.0019748092296070665,3.656132801330499e-07,5403.744586009074,5411.709894615393,5783.104034665663,5775.647589296479,0.005732444194645198,0.04593705440522631,0.4381171078236643,0
8.181999999999402,2.0,0.0,1.0,0.0,2.006633957106466,1.2455127383303626e-14,1.0000871516008978,0.0444252024656033,6.22009710382157e-16,0.00021639538087836975,-0.05676428170128762,-6.973040010814192e-15,-0.0006083511676762886,4.0729585130913644e-14,-0.3315513930651551,-2.3568708619800585e-16,-6.052354519031747e-16,-0.4388856828011198,1.3166690965728663e-15,-1.90121967874976e-16,-0.0005484640902667748,-4.320591606245132e-17,68.66689121031374,-1.1746940949935469e-05,0.0019496681434502225,3.60629771070753e-07,5403.740977283381,5411.7062610078365,5783.109806971254,5775.653443090518,0.006634529545639947,0.04442572949396229,0.43888568280120466,0
8.201999999999408,2.0,0.0,1.0,0.0,2.007505817143776,1.2467565171138098e-14,1.0000913628721582,0.04291188660344733,6.232657111651366e-16,0.00020579669150304515,-0.055385931480871495,-6.9794597413050915e-15,-0.000595612725936059,4.076699714425051e-14,-0.3235004156751651,-2.301752513612013e-16,-8.679242454520392e-16,-0.43934446863947346,1.2636615181655417e-15,-2.228323474188637e-16,-0.00027974219200511616,-4.4212326729060987e-17,68.66692522378881,-1.1589015982066106e-05,0.001923455926390984,3.555791986143504e-07,5403.737293205703,5411.702550389404,5783.1159090736,5775.659629380753,0.007506373170194008,0.042912380080174485,0.439344468639463,0
8.221999999999415,2.0,0.0,1.0,0.0,2.0083473985095597,1.2480096490424146e-14,1.0000953625664966,0.04139760547345671,6.292848086034885e-16,0.00019523634416552908,-0.053991158202155554,-6.9925165732411456e-15,-0.0005825246394485213,4.0843175176631197e-14,-0.3153535127207629,-2.2479794920045215e-16,-1.0724121112480853e-15,-0.43949765222284565,1.2149950858688294e-15,-1.4573321305037802e-16,-1.4739298074172165e-05,-4.240864799491409e-17,68.66696240771525,-1.1424853012890479e-05,0.0018962090151062303,3.504633218853376e-07,5403.733535940657,5411.698764983117,5783.122329326479,5775.66613643204,0.008347943213539965,0.04139806585054495,0.4394976522228469,0
8.241999999999422,2.0,0.0,1.0,0.0,2.0091586934164862,1.2492760515825712e-14,1.0000991516152353,0.03988340391088563,6.361110132440929e-16,0.0001847292324705739,-0.05258121253196205,-7.0085734933853875e-15,-0.0005691185773958378,4.093687547509773e-14,-0.3071179911157465,-2.1942961349344221e-16,-1.1779119093185239e-15,-0.43934958448244854,1.1726579473618442e-15,-6.022674135557073e-17,0.0002464037192449641,-3.681503214662688e-17,68.66700263638003,-1.125467288250474e-05,0.0018679640366009273,3.4528373689691533e-07,5403.729707546558,5411.694906906676,5783.129055896994,5775.672952323046,0.009159230106291247,0.03988383171672672,0.4393495844824246,0
8.261999999999428,2.0,0.0,1.0,0.0,2.0099397148062392,1.2505561828733944e-14,1.0001027312430988,0.038370311424850145,6.412392895199493e-16,0.00017428983903645744,-0.051157337190888795,-7.020966502720766e-15,-0.0005554259813637364,4.100917396538135e-14,-0.29880111129050696,-2.1386446462447356e-16,-1.1878841775498615e-15,-0.43890477456613064,1.1383239859633254e-15,-2.599956297237584e-17,0.0005035510859220588,-2.849697886920946e-17,68.66704578085994,-1.107869740251914e-05,0.001838757778228814,3.4004189197248207e-07,5403.72580998571,5411.690978182638,5783.136076788079,5775.6800649687375,0.00994024567793372,0.03837070726202446,0.4389047745658054,0
8.281999999999435,2.0,0.0,1.0,0.0,2.0106904960370944,1.2518434750878186e-14,1.0001061029596747,0.03685934166517999,6.455417628823415e-16,0.00016393220699113687,-0.049720766155433894,-7.0318387944765045e-15,-0.0005414779909549202,4.1072589240322805e-14,-0.290410082524325,-2.0818013227654907e-16,-1.2122953066730565e-15,-0.43816788398322265,1.1045035115816094e-15,-1.864021546597873e-17,0.0007565721461729289,-2.6426152719762148e-17,68.66709170942472,-1.0897149177033052e-05,0.001808627158057639,3.347391031335953e-07,5403.721845134645,5411.686980748538,5783.143379860821,5775.687462142676,0.010691022559006332,0.03685970620825623,0.43816788398311796,0
8.301999999999442,2.0,0.0,1.0,0.0,2.0114110905610585,1.2531418234972648e-14,1.0001092685503294,0.035351491909469256,6.512640057658669e-16,0.00015366991356637142,-0.04827272387911097,-7.046594224827801e-15,-0.0005273053724929737,4.1158685095463543e-14,-0.2819520583893171,-2.0254073240221258e-16,-1.1888238535103426e-15,-0.43714372072904534,1.0763231323386463e-15,2.777859950638117e-17,0.001005341378371955,-2.341830484274424e-17,68.66714028793652,-1.0710251425529912e-05,0.0017776091955916866,3.293765693353301e-07,5403.717814794275,5411.682916466937,5783.150952856546,5775.695131499085,0.011411613707481044,0.03535182590288097,0.43714372072902963,0
8.321999999999449,2.0,0.0,1.0,0.0,2.0121015715909745,1.2544493610744211e-14,1.0001122300666203,0.03384774257038632,6.568136097822147e-16,0.00014351604580389342,-0.04681442453283323,-7.05921536448299e-15,-0.0005129384509310311,4.1232314228971054e-14,-0.2734341323076638,-1.967732940274444e-16,-1.145521936756303e-15,-0.43583723339373903,1.0545013341799787e-15,7.374638637498708e-17,0.0012497384069206795,-1.5749580246428393e-17,68.66719138024435,-1.0518227807927622e-05,0.0017457409828764917,3.239553875856495e-07,5403.71372069993,5411.678787135342,5783.158783418634,5775.703060594647,0.012102091991029235,0.03384804682646468,0.4358372333935916,0
8.341999999999455,2.0,0.0,1.0,0.0,2.0127620317579886,1.2557694507176262e-14,1.0001149898162454,0.032349056723286675,6.614992672974176e-16,0.00013348317838011997,-0.04534707126481628,-7.072936278747123e-15,-0.0004984070450675509,4.131236676649382e-14,-0.26486333322358263,-1.9097553583324746e-16,-1.0223417334429367e-15,-0.43425350525999973,1.0412197901062462e-15,1.0252696672448376e-16,0.0014896480101442217,-1.1003864707133467e-17,68.66724484857264,-1.032130225249543e-05,0.0017130596559885934,3.1847656784891894e-07,5403.709564531227,5411.674594495975,5783.166859114019,5775.7112369099705,0.012762549794212374,0.032349332120545075,0.43425350525969475,0
8.361999999999462,2.0,0.0,1.0,0.0,2.0133925827598005,1.2570939510199527e-14,1.0001175503525699,0.03085637965415767,6.637689835591438e-16,0.00012358335355028752,-0.043871855480248516,-7.081201508157181e-15,-0.00048374040614320194,4.1360553080185586e-14,-0.25624662139150056,-1.849781387757989e-16,-9.391240828620757e-16,-0.43239774839425194,1.0313194311917072e-15,7.395607107514575e-17,0.001724960124252005,-7.483785513724781e-18,68.66730055390292,-1.0119698785668882e-05,0.00167960236693861,3.129410476717292e-07,5403.705347921758,5411.670340245339,5783.175167454312,5775.719647870718,0.013393098635621799,0.030856627135945853,0.4323977483943468,0
8.381999999999469,2.0,0.0,1.0,0.0,2.0139933550000952,1.2584261065878604e-14,1.0001199144637782,0.029370638427908876,6.676158683923939e-16,0.00011382806320646493,-0.042389956140944283,-7.092887180207297e-15,-0.0004689671599104588,4.1428717950709715e-14,-0.2475908842816728,-1.7902437275288807e-16,-8.372629306082627e-16,-0.4302752977357302,1.0173089414947194e-15,9.368703273134045e-17,0.001955569843427466,-1.3522303723491426e-17,68.66735835634779,-9.913641365092329e-06,0.00164540625599722,3.073497065413263e-07,5403.701072468544,5411.66602604359,5783.183695916539,5775.728280868294,0.013993868787340895,0.02937085900158405,0.43027529773577644,0
8.401999999999475,2.0,0.0,1.0,0.0,2.014564497219559,1.259760892103623e-14,1.0001220851616888,0.027892741477005614,6.690764513490578e-16,0.00010422823303811175,-0.04090253908518482,-7.100187668601061e-15,-0.0004541152522290993,4.147126975672577e-14,-0.23890293260443893,-1.7291987890067468e-16,-7.863339875184876e-16,-0.42789160518785635,9.997840633938397e-16,5.668256206310669e-17,0.0021813774161200308,-1.5883533424838983e-17,68.66741811551606,-9.70335371442408e-06,0.001610508424452702,3.0170337983744833e-07,5403.69673974123,5411.661653523608,5783.192431963419,5775.737123280129,0.014565008892727905,0.02789293621380925,0.42789160518778346,0
8.421999999999482,2.0,0.0,1.0,0.0,2.015106176118899,1.2611058483329408e-14,1.000124065670275,0.02642357821043028,6.747895395004895e-16,9.479420877668102e-05,-0.03941075636793285,-7.11420143861136e-15,-0.0004392118982378552,4.155303335963725e-14,-0.23018949645418532,-1.6694154744288842e-16,-6.547629840582417e-16,-0.42525223371623977,9.889455348592974e-16,1.5081472940177415e-16,0.002402288237577765,-4.588423612102248e-18,68.66747969086879,-9.489059161905084e-06,0.0015749459078249588,2.960028724838959e-07,5403.692351291006,5411.657224299828,5783.201363063174,5775.746162489458,0.015106685580422035,0.02642374824631705,0.42525223371639986,0
8.441999999999489,2.0,0.0,1.0,0.0,2.0156185759742593,1.2624549969254033e-14,1.000125859413935,0.02496401864294007,6.749205450042435e-16,8.553574450154333e-05,-0.03791574562158835,-7.121921011063757e-15,-0.000424283535142333,4.1598033986171806e-14,-0.22145722157397763,-1.6078255973364435e-16,-5.278121109180614e-16,-0.4223628514575624,9.768547573313563e-16,9.499154478527499e-17,0.002618212838697591,-1.350078231036759e-17,68.66754294206491,-9.27098048055883e-06,0.0015387556495423847,2.9024897211855864e-07,5403.6879086592035,5411.652739976739,5783.210476708823,5775.755385904606,0.015619083073464528,0.024964165180687434,0.42236285145721963,0
8.461999999999495,2.0,0.0,1.0,0.0,2.0161018982454495,1.2638055792166745e-14,1.0001274700055482,0.023514913044575564,6.745227647796857e-16,7.646199297860475e-05,-0.03641862943743615,-7.128169540163378e-15,-0.00040935577863902465,4.163444324071525e-14,-0.21271266574171932,-1.545690300347357e-16,-4.3793761509070087e-16,-0.41922922584352373,9.574829697066337e-16,3.651141432488285e-17,0.002829066871264216,-1.9174791749744603e-17,68.66760772929622,-9.04933973254522e-06,0.0015019744750923462,2.8444246179077567e-07,5403.683413385572,5411.64820215706,5783.219760436941,5775.764780977729,0.016102402793034463,0.023515037357621192,0.41922922584386924,0
8.481999999999502,2.0,0.0,1.0,0.0,2.0165563611773836,1.2651554568930855e-14,1.0001289012343613,0.022077091610361414,6.757484350068899e-16,6.758149799827709e-05,-0.034920514767916896,-7.135969416929592e-15,-0.00039445338299967094,4.167991454843146e-14,-0.20396229527858378,-1.4837241339230314e-16,-4.0674162292020267e-16,-0.4158572177439515,9.378947359319584e-16,3.305107467117812e-17,0.0030347710896271745,-1.4743820101122218e-17,68.66767391361063,-8.82435811555678e-06,0.0014646390666636666,2.785841322195977e-07,5403.67886701618,5411.643612449541,5783.229201845829,5775.7743352229745,0.016556862956616927,0.022077195048990306,0.4158572177435463,0
8.501999999999509,2.0,0.0,1.0,0.0,2.016982199395133,1.2665102429262034e-14,1.0001301570537435,0.020651364150125296,6.776307387273326e-16,5.890218867210187e-05,-0.033422492349837386,-7.14557206187631e-15,-0.00037960020480825007,4.173591647467775e-14,-0.19521248168036853,-1.421981887073003e-16,-3.3925483793403645e-16,-0.4122527756331015,9.215736051904352e-16,4.9335357621041414e-17,0.0032352513289048163,-1.5621373339531984e-17,68.66774135722369,-8.59625581253255e-06,0.0014267859382881235,2.7267479350353773e-07,5403.674271110939,5411.638972476422,5783.238788613101,5775.784036234055,0.016982698170629175,0.020651448150890307,0.41225277563284757,0
8.521999999999515,2.0,0.0,1.0,0.0,2.0173796634929997,1.2678677537884184e-14,1.000131241568847,0.019238519798349184,6.7922249659434e-16,5.0431375648613546e-05,-0.031925636148619166,-7.154340585680104e-15,-0.00036481917034983494,4.178704753803008e-14,-0.18646949837232088,-1.359959861590161e-16,-2.6509551989434754e-16,-0.40842192978310715,9.049821614030232e-16,6.452936686625328e-17,0.003430438479760068,-1.6043182194737467e-17,68.66780992381729,-8.365251844509442e-06,0.0013884514114967303,2.667152862606022e-07,5403.669627250742,5411.634283880451,5783.248508512645,5775.793871701201,0.017380159017664352,0.019238585898010366,0.4084219297831377,0
8.541999999999522,2.0,0.0,1.0,0.0,2.0177490196180052,1.2692284588484694e-14,1.000132159024216,0.017839326743951358,6.813644802876202e-16,4.217574919761068e-05,-0.030431002823666464,-7.162184852224358e-15,-0.00035013224663452716,4.1832781412406473e-14,-0.17773951758787787,-1.2977092772651006e-16,-1.6924447843986944e-16,-0.40437078648842695,8.8619261247339905e-16,1.0343704602806809e-16,0.0036202684598605666,-1.5341811809356595e-17,68.66787947882531,-8.131563926660059e-06,0.001349671591489893,2.6070649222598203e-07,5403.664937044165,5411.62954833153,5783.258349430931,5775.803829427463,0.017749511638578016,0.017839376599850076,0.404370786488281,0
8.561999999999529,2.0,0.0,1.0,0.0,2.0180905490481873,1.2705923746702551e-14,1.000132913791372,0.016454531979888005,6.820027297777716e-16,3.414137911160108e-05,-0.02893963121491511,-7.170538828203644e-15,-0.000335560416014717,4.1881493707583395e-14,-0.1690286073716456,-1.2355465529432714e-16,-3.8087991501896455e-17,-0.4001055223250757,8.710093803104848e-16,1.122784979042529e-16,0.003804682182043859,-1.3206041949777398e-17,68.66794988970604,-7.895408327519701e-06,0.0013104823438481457,2.5464934424662436e-07,5403.660202133762,5411.624767532914,5783.268299382667,5775.813897344363,0.01809103730969585,0.016454567399689507,0.400105522324692,0
8.581999999999535,2.0,0.0,1.0,0.0,2.0184045477661168,1.2719594056759332e-14,1.0001335103564215,0.015084861072446616,6.847137637575445e-16,2.6333716370941635e-05,-0.027452541850617098,-7.181157102896466e-15,-0.00032112365437447044,4.1943432641812124e-14,-0.16034272870690455,-1.1737890155054604e-16,1.3951840083586125e-16,-0.39563237844835214,8.556087828888943e-16,1.926146262789113e-16,0.003983625519310419,-1.0044074733940673e-17,68.66802102620044,-7.656999731455871e-06,0.001270919271778363,2.485448356571104e-07,5403.655424201901,5411.619943226973,5783.278346525763,5775.824063526853,0.018405032015471903,0.015084884057878375,0.3956323784479873,0
8.601999999999542,2.0,0.0,1.0,0.0,2.018691326028006,1.2733251544959903e-14,1.0001339533077152,0.01373101795009411,6.826116854804754e-16,1.8757596512415435e-05,-0.025970736476386452,-7.18557545016345e-15,-0.0003068409128371682,4.196916078892322e-14,-0.15168773276775252,-1.1111114053352454e-16,3.1373863252072436e-16,-0.3909576549326536,8.443867359409892e-16,1.5610715388654488e-16,0.004157049266685856,-8.50960339922194e-18,68.66809276057649,-7.41655110435887e-06,0.0012310176939128116,2.4239402900647143e-07,5403.650604976154,5411.615077200513,5783.288479175603,5775.834316207596,0.018691806016911797,0.01373103076222734,0.3909576549323044,0
8.621999999999549,2.0,0.0,1.0,0.0,2.0189512079288106,1.2746886438590485e-14,1.0001342473235886,0.012393684711728208,6.801709702073576e-16,1.1417244637705678e-05,-0.024495197605522108,-7.190290689857797e-15,-0.00029273010292269917,4.1996624672942875e-14,-0.1430693582959414,-1.0486677988659368e-16,4.867698311937481e-16,-0.3860877051569119,8.336224319423533e-16,1.246431731601465e-16,0.004324909100050857,-1.1679485290917807e-17,68.66816496785894,-7.174273563218486e-06,0.0011908126226635733,2.361980641992933e-07,5403.64574623422,5411.610171289618,5783.298685818614,5775.844643790526,0.01895168341612171,0.012393689970593933,0.38608770515671237,0
8.641999999999555,2.0,0.0,1.0,0.0,2.019184530963712,1.2760473468530518e-14,1.0001343971602248,0.01107352145416989,6.772899672082572e-16,4.3162820010133856e-06,-0.023026888090614032,-7.192997063239373e-15,-0.0002788080851097181,4.201235704231462e-14,-0.13449322910240458,-9.861760185246685e-17,6.347434622307086e-16,-0.3810289302390902,8.176116837800715e-16,9.43030764057466e-17,0.004487165532008285,-2.0589133483751936e-17,68.66823752604462,-6.930376248433666e-06,0.0011503387431441837,2.2995816589814825e-07,5403.640849808384,5411.60522738405,5783.308955125105,5775.8550348636945,0.019185001717339216,0.01107352229537879,0.3810289302386225,0
8.661999999999562,2.0,0.0,1.0,0.0,2.019391645586354,1.2773983409920706e-14,1.0001344076396657,0.00977116611872297,6.745324548366027e-16,-2.542265896285289e-06,-0.021566750716407762,-7.196049300129406e-15,-0.0002650906607218769,4.203011134276127e-14,-0.1259648516932938,-9.2403184353277e-17,7.256449369735562e-16,-0.3757877735230692,7.934135265615667e-16,8.394092256243364e-17,0.004643783864859458,-1.7105971374316375e-17,68.66831031630282,-6.685066200141078e-06,0.0011096303926647596,2.236756503185382e-07,5403.635917589504,5411.600247431169,5783.319275961387,5775.86547821141,0.0193921113847966,0.009771166449446842,0.3757877735227043,0
8.681999999999569,2.0,0.0,1.0,0.0,2.0195729147642227,1.2787480606392382e-14,1.0001342836379958,0.00848723435661465,6.745129324212345e-16,-9.155959772491208e-06,-0.02011570781390226,-7.2031044109998e-15,-0.000251592567041991,4.207124716104151e-14,-0.11748961302033716,-8.627042211775468e-17,8.823150257213097e-16,-0.3703707151211963,7.8278507326784185e-16,1.6434253674831018e-16,0.00479473414078896,-4.406006596581546e-18,68.66838322316087,-6.438548237797571e-06,0.0010687215408038662,2.1735193134665788e-07,5403.630951530511,5411.595233439384,5783.329637401159,5775.875962825618,0.019573375397793857,0.008487239295300885,0.3703707151209557,0
8.701999999999575,2.0,0.0,1.0,0.0,2.019728713531538,1.2800959926891007e-14,1.0001340300737394,0.007222319413121262,6.721162560851102e-16,-1.5522935664255085e-05,-0.018674660895631093,-7.207480887862883e-15,-0.00023832747559618324,4.2096739743700693e-14,-0.1090727783551907,-8.013863550221791e-17,1.112193565346807e-15,-0.36478426651564355,7.819310192708837e-16,1.9421078871724434e-16,0.0049399910893175416,1.185982948446941e-18,68.6684561346746,-6.1910248431958545e-06,0.0010276457700677385,2.1098852597982906e-07,5403.625953649437,5411.590187481103,5783.340028736158,5775.88647791657,0.019729168803326685,0.007222336094829697,0.3647842665160598,0
8.721999999999582,2.0,0.0,1.0,0.0,2.0198594285400344,1.2814364592602611e-14,1.0001336518964832,0.005976992030171423,6.684194993714313e-16,-2.164189273247674e-05,-0.017244490312068594,-7.208434780427474e-15,-0.00022530799348975588,4.2102244029141795e-14,-0.10071948928740232,-7.40109370798899e-17,1.346868914534131e-15,-0.359034965221647,7.852514314555288e-16,2.0930418400084956e-16,0.005079534072120821,4.194860817528713e-18,68.66852894258402,-5.9426960474852224e-06,0.0009864362571390922,2.0458705905196744e-07,5403.620926031972,5411.585111695257,5783.350439486066,5775.897012922743,0.019859878266650255,0.005977031211249759,0.35903496522139716,0
8.741999999999589,2.0,0.0,1.0,0.0,2.019965457607993,1.2827655156118647e-14,1.0001331540757619,0.0047518003672093745,6.614177895041557e-16,-2.7512079852513487e-05,-0.01582605492908142,-7.207957846431588e-15,-0.00021254566770691975,4.2099393373428754e-14,-0.09243476184548591,-6.791854034159733e-17,1.5477195018826835e-15,-0.35312936951560314,7.899542950238273e-16,1.5121111371603472e-16,0.005213347025284788,1.0858568778179051e-18,68.66860154245391,-5.6937593214938386e-06,0.0009451257547213765,1.9814926734569323e-07,5403.615870833523,5411.5800082893065,5783.3608594076795,5775.907557520033,0.019965901620123527,0.004751880011568996,0.3531293695161088,0
8.761999999999595,2.0,0.0,1.0,0.0,2.020047209267892,1.2840838608117217e-14,1.0001325415902202,0.003547269940090384,6.562634449423144e-16,-3.3133281061669275e-05,-0.014420191826338764,-7.207615835582034e-15,-0.00020005099225933753,4.209733287658634e-14,-0.0842234847405622,-6.188209369658311e-17,1.7471352535660894e-15,-0.3470740532309048,7.938398168377981e-16,1.6462030934490093e-16,0.005341418399091514,2.0266733129922005e-18,68.66867383379955,-5.444409469708231e-06,0.00090374657398292,1.9167700298794163e-07,5403.610790280832,5411.574879540798,5783.371278503357,5775.918101630215,0.020047647410700992,0.003547424677450213,0.3470740532310116,0
8.781999999999602,2.0,0.0,1.0,0.0,2.0201051023130256,1.2853917692375207e-14,1.0001318194170814,0.0023639035777711665,6.534150222184967e-16,-3.850579994420525e-05,-0.013027716016570727,-7.209651878039592e-15,-0.0001878334180865037,4.210916392937678e-14,-0.07609041773188423,-5.592214573449704e-17,1.9745134054830325e-15,-0.34087560062428973,8.049999439520897e-16,2.66747600343911e-16,0.005463741095406883,1.5705781072698688e-17,68.66874572019759,-5.194838527975196e-06,0.0008623305676049513,1.851722361928186e-07,5403.605686673089,5411.569727798464,5783.381687028705,5775.928635428652,0.020105534446414223,0.00236421716888036,0.3408756006241045,0
8.801999999999609,2.0,0.0,1.0,0.0,2.0201395653434586,1.28669190491088e-14,1.0001309925219348,0.0012021813965478155,6.47075610800811e-16,-4.3630443032238e-05,-0.011649420185565232,-7.210492839001365e-15,-0.00017590136557082053,4.211401703356635e-14,-0.06804019011357187,-5.001145069110597e-17,2.299369759036727e-15,-0.3345406013153975,8.270272412968397e-16,2.9447726352761755e-16,0.005580312402768976,2.061353062667157e-17,68.66881710938257,-4.945235664754609e-06,0.0008209091134350146,1.7863705735573706e-07,5403.600562382614,5411.564555482848,5783.3920754995725,5775.939149351319,0.020139991342208726,0.0012029728699205337,0.33454060131489843,0
8.821999999999615,2.0,0.0,1.0,0.0,2.0201510363116473,1.2879774551688447e-14,1.0001300658488717,6.256079158585265e-05,6.369574905377337e-16,-4.850850229978452e-05,-0.010286074452762318,-7.204457710516504e-15,-0.00016426223957973402,4.207871145309268e-14,-0.06007729932169737,-4.412148506036338e-17,2.6446259712230946e-15,-0.3280756453021288,8.506823096565892e-16,2.4707377614220625e-16,0.005691133929243316,1.717688079043564e-17,68.66888791332862,-4.695787086234537e-06,0.0007795130987517387,1.720736784752696e-07,5403.595419855082,5411.5593650864885,5783.4024346983015,5775.9496341010745,0.02015145606546509,7.916392763889808e-05,0.3280756453021159,0
8.841999999999622,2.0,0.0,1.0,0.0,2.020139962068085,1.2892428799687056e-14,1.0001290443109734,-0.0010545235545232365,6.300425168442569e-16,-5.314173683016069e-05,-0.008938426152307038,-7.200952208198381e-15,-0.00015292244687345135,4.205818276400918e-14,-0.0522061096608781,-3.832208613537846e-17,2.957236404861714e-15,-0.3214873180542901,8.720640676722412e-16,3.229345347892789e-16,0.0057962115331495236,2.4594287323169353e-17,68.6689580483172,-4.44667594535208e-06,0.0007381729051402647,1.6548443393681324e-07,5403.590261609277,5411.554159173662,5783.41275567928,5775.96008065324,0.020140375481556977,0.0010558617197519984,0.3214873180544837,0
8.861999999999629,2.0,0.0,1.0,0.0,2.0201067979073013,1.2904911789726137e-14,1.000127932781179,-0.002148659646451779,6.174202825860258e-16,-5.753235373666336e-05,-0.00760719963440074,-7.194988860456762e-15,-0.00014188741578204832,4.2023300904737977e-14,-0.04443085114941032,-3.258758072655593e-17,3.3240135863728573e-15,-0.31478219568792887,9.007524459468848e-16,2.6871651148914446e-16,0.005895555251729518,2.0811397523150184e-17,68.66902743499075,-4.19808225382728e-06,0.0006969183939800534,1.5887178069421345e-07,5403.585090236447,5411.5489403797055,5783.423029773788,5775.970480260492,0.020107204899775504,0.0021494297494956105,0.31478219568792143,0
8.881999999999636,2.0,0.0,1.0,0.0,2.020052007114551,1.2917118303738904e-14,1.0001267360835426,-0.0032194581343537054,6.033204840546044e-16,-6.168298841190966e-05,-0.006293096086781691,-7.183577245823252e-15,-0.0001311616180129076,4.195659997738182e-14,-0.03675561848192653,-2.6915432321543015e-17,3.609695690342361e-15,-0.30796684022265897,9.205624752049209e-16,2.045979876307414e-16,0.005989179227847139,1.423825922213094e-17,68.6690959983929,-3.950182798618214e-06,0.000655778892549593,1.5223829781859562e-07,5403.579908399223,5411.543711409895,5783.433248594167,5775.980824457046,0.020052407619956063,0.0032200489856391416,0.3079668402230732,0
8.901999999999642,2.0,0.0,1.0,0.0,2.019976060513513,1.2929082277809003e-14,1.0001254589848876,-0.004266552255899788,5.906320795825335e-16,-6.559668418967215e-05,-0.004996793376148165,-7.174981492787994e-15,-0.00012074859244605554,4.190634771492283e-14,-0.029184370108457595,-2.1345556673010455e-17,3.905402942578044e-15,-0.3010477949241715,9.43340899306949e-16,2.1031606988842997e-16,0.006077101634808132,1.811257437034496e-17,68.669163667995,-3.7031510620032125e-06,0.0006147831807445281,1.455866854337987e-07,5403.574718830122,5411.538475037952,5783.443404037308,5775.991105062193,0.019976454480122984,0.004267056488646506,0.30104779492406075,0
8.921999999999649,2.0,0.0,1.0,0.0,2.0198794360153283,1.2940694107201212e-14,1.000124106186879,-0.00528959776242699,5.716819874360172e-16,-6.927687149071902e-05,-0.003718945909333393,-7.15848666265584e-15,-0.00011065097080636383,4.1809962207629485e-14,-0.02172092742876037,-1.585022737932759e-17,4.06325170650007e-15,-0.29403157973403826,9.609987879207562e-16,6.082031123417993e-17,0.0061593445993808,1.0324587535055708e-17,68.66923037770994,-3.4571571447760733e-06,0.0005739594784120494,1.3891976313705956e-07,5403.56952432967,5411.533234104129,5783.453488287487,5776.001314183162,0.01987982340548206,0.005290051396082665,0.29403157973368615,0
8.941999999999656,2.0,0.0,1.0,0.0,2.0197626181692847,1.2951929029564614e-14,1.0001226823185136,-0.0062882728295060395,5.559920505645833e-16,-7.272734653469772e-05,-0.002460184514025736,-7.143038646363724e-15,-0.0001008705050549727,4.171969301652261e-14,-0.014368974100680068,-1.0462710992911211e-17,4.058554644467404e-15,-0.28692468678881666,9.679382232127798e-16,1.0242279887731144e-17,0.006235934123107902,5.554531656988483e-18,68.66929606589325,-3.2123676942204355e-06,0.0005333354332987563,1.32240467779272e-07,5403.564327764131,5411.527991512942,5783.463493818553,5776.01144421736,0.019762998959070407,0.0062886933813979095,0.28692468678942723,0
8.961999999999662,2.0,0.0,1.0,0.0,2.019626097715458,1.296290292158137e-14,1.0001211919290418,-0.0072622779522377515,5.4214265530116075e-16,-7.59522496894039e-05,-0.0012211163388123562,-7.13338762153919e-15,-9.140809638181972e-05,4.1663283982975326e-14,-0.007132055461229969,-5.186156010467471e-18,4.081626107084612e-15,-0.2797335760303521,9.739109904152265e-16,1.2396155923590845e-17,0.006306900001987132,3.929068654943904e-18,68.66936067533211,-2.9689458348824445e-06,0.0004929381096160283,1.2555185075963976e-07,5403.559132062882,5411.522750230528,5783.473413395496,5776.021487853965,0.019626471894366906,0.007262675113192895,0.27973357603032717,0
8.981999999999669,2.0,0.0,1.0,0.0,2.019470371139614,1.297358325740315e-14,1.0001196394813272,-0.008211335825595746,5.279048378331817e-16,-7.895604353580993e-05,-2.324772322166019e-06,-7.121642359231845e-15,-8.226382565780762e-05,4.1594645476070386e-14,-1.3578059059329392e-05,-9.857175478291411e-21,4.079276389116886e-15,-0.27246467090910415,9.721147219257845e-16,2.3583953702855456e-18,0.006372275744616928,-3.509344294881709e-18,68.66942415322234,-2.727051103257222e-06,0.0004527939772161326,1.1885707479968913e-07,5403.553940215447,5411.517513281657,5783.483240075408,5776.031438074932,0.019470738710172207,0.008211715417470518,0.2724646709096777,0
9.001999999999676,2.0,0.0,1.0,0.0,2.019295940230662,1.2983965332459884e-14,1.000118029345643,-0.009135191210138519,5.120994605354325e-16,-8.174349071792305e-05,0.0011956306187726074,-7.107614531315264e-15,-7.343698520278385e-05,4.151267753728671e-14,0.006983190703114562,5.059551429191703e-18,4.045903017142701e-15,-0.2651243541821966,9.673013759005925e-16,-4.971540129332424e-17,0.006432098488878576,-5.1416106655586364e-18,68.66948645113432,-2.4868393866342926e-06,0.00041292890138037547,1.1215941017667344e-07,5403.548755268168,5411.5122837464305,5783.492967207848,5776.041288155424,0.019296301208047796,0.00913555693124764,0.2651243541820066,0
9.021999999999682,2.0,0.0,1.0,0.0,2.019103311640961,1.2994029882796452e-14,1.0001163657939183,-0.010033610783420615,4.964015954356123e-16,-8.431963165121455e-05,0.0023722141331460524,-7.094100496948763e-15,-6.492611174671231e-05,4.1433712531167336e-14,0.013855122817584968,1.0019397156153629e-17,3.948180317480817e-15,-0.2577189638078079,9.626414613052157e-16,-1.0372742618068639e-16,0.006486408917255724,-3.90496966762167e-18,68.669547524968,-2.2484628652295476e-06,0.00037336813321688696,1.0546223056653842e-07,5403.5435803206165,5411.507064756661,5783.502588434658,5776.051031663636,0.0191036660526106,0.01003396507635223,0.2577189638073102,0
9.041999999999689,2.0,0.0,1.0,0.0,2.0188929964497353,1.3003814843725296e-14,1.0001146529944265,-0.010906382977437058,4.823903423403648e-16,-8.668976215885244e-05,0.0035269139598621078,-7.083061634091799e-15,-5.672902044238066e-05,4.136920598647735e-14,0.020599229813793415,1.4873237962958157e-17,3.8368560870140294e-15,-0.2502547889374277,9.59720674868485e-16,-1.2074788240566735e-16,0.006535251170859052,-1.2047099469378963e-18,68.66960733489744,-2.01206995803391e-06,0.00033413630066564555,9.876900837411916e-08,5403.538418521666,5411.501859491959,5783.512097689215,5776.0606624601205,0.018893344334946147,0.010906727500281281,0.2502547889374511,0
9.061999999999696,2.0,0.0,1.0,0.0,2.01866550972991,1.3013330715927417e-14,1.0001128950069251,-0.01175331780244135,4.706724004566222e-16,-8.885941110118448e-05,0.004659242185332755,-7.07091788467702e-15,-4.8842839795262225e-05,4.129824820529345e-14,0.027212662795061283,1.961462554024066e-17,3.718448465450135e-15,-0.2427380660073914,9.628123168180468e-16,-8.284384919492236e-17,0.006578672762253804,5.787553808909932e-18,68.66966584530554,-1.7778052722862707e-06,0.0002952574001055999,9.208330965468259e-08,5403.533273065314,5411.496671175559,5783.52148919517,5776.070174696558,0.018665851139446105,0.011753653702578021,0.24273806600760786,0
9.081999999999702,2.0,0.0,1.0,0.0,2.018421370118606,1.3022583197596738e-14,1.000111095778239,-0.012574246657481369,4.565295624870848e-16,-9.083431806697737e-05,0.005768734782477247,-7.060055975703462e-15,-4.126404738057324e-05,4.1234778999806845e-14,0.03369271237159812,2.4248059460622554e-17,3.587150024939401e-15,-0.2351749749310237,9.666965318069807e-16,-1.277299275560395e-16,0.006616724487164979,3.0876735589865287e-18,68.66972302470946,-1.545809556832388e-06,0.0002567547885655015,8.54087886670165e-08,5403.528147186231,5411.491503069881,5783.530757464672,5776.079562814042,0.018421705114310478,0.012574574739390595,0.2351749749306124,0
9.101999999999709,2.0,0.0,1.0,0.0,2.0181610993915644,1.3031587946638732e-14,1.0001092591382914,-0.013369022128002396,4.447652845129958e-16,-9.262041118754353e-05,0.0068549515823691475,-7.050088867896929e-15,-3.3988506215129236e-05,4.1176537764602416e-14,0.040036808491469275,2.8773097018150564e-17,3.4549307477411238e-15,-0.22757163539262437,9.742024657895503e-16,-1.1551671534364204e-16,0.006649460335145124,1.0066195052298103e-17,68.66977884567707,-1.3162196587856823e-06,0.00021865117652871175,7.874918201951721e-08,5403.523044155108,5411.486358471873,5783.539897296133,5776.08882154088,0.018161428045987495,0.013369342960653912,0.22757163539290473,0
9.121999999999716,2.0,0.0,1.0,0.0,2.0178852220417705,1.3040380309521447e-14,1.0001073887965748,-0.014137517770870783,4.3346994430729747e-16,-9.42237851339817e-05,0.007917476228658234,-7.0416955409672e-15,-2.7011501661215406e-05,4.1127490054283035e-14,0.04624252017120577,3.3193345096569965e-17,3.364734056179651e-15,-0.21993410324442275,9.871493494082334e-16,-1.0483927550857027e-16,0.006676937399294602,8.274659382483052e-18,68.66983328473535,-1.0891684839459797e-06,0.00018096862133028978,7.210830253011129e-08,5403.517967273762,5411.481240708134,5783.548903771522,5776.097945889941,0.01788554443781518,0.014137831758914525,0.2199341032449935,0
9.141999999999722,2.0,0.0,1.0,0.0,2.0175942648624985,1.3048966464442216e-14,1.0001054883390594,-0.01487962788717495,4.2640927755876106e-16,-9.565067935960956e-05,0.008955916115083607,-7.036049915805869e-15,-2.0327778725567127e-05,4.1094492148547283e-14,0.05230755512790831,3.75167618485621e-17,3.3140326969213783e-15,-0.2122683670075471,1.0007159575465386e-15,1.9754419227815448e-17,0.006699215785104205,1.67388360076972e-17,68.66988632227067,-8.647849607424728e-07,0.00014372852114459105,6.549003269694886e-08,5403.512919870043,5411.476153129839,5783.557772253221,5776.106931155565,0.01759458109309302,0.014879935319525297,0.21226836700724788,0
9.161999999999729,2.0,0.0,1.0,0.0,2.0172887565350415,1.3057388771146037e-14,1.0001035612255353,-0.015595267283164448,4.1530918183553663e-16,-9.690745663792372e-05,0.009969902306378495,-7.0282062066039086e-15,-1.3931579643315916e-05,4.104865780018042e-14,0.05822975931460273,4.171778572062115e-17,3.369119689949095e-15,-0.20458034447796267,1.0231357167328368e-15,2.931252874001316e-17,0.006716358518505734,1.6476052506141024e-17,68.66993794242224,-6.431940075869314e-07,0.00010695160955527705,5.889831795830789e-08,5403.507905292594,5411.471099107518,5783.566498380491,5776.115772910074,0.01728906670284355,0.015595568366958976,0.20458034447754692,0
9.181999999999736,2.0,0.0,1.0,0.0,2.016969227221345,1.3065606629216e-14,1.0001016107873777,-0.016284371019691248,4.054874384007037e-16,-9.800058195426829e-05,0.010959089442893751,-7.0206571950856305e-15,-7.816681619478858e-06,4.100454619885469e-14,0.06400711636075795,4.580760112290468e-17,3.467224582921071e-15,-0.19687587943822057,1.0463488339063177e-15,8.251020937562142e-17,0.006728431453222041,2.0084846542313336e-17,68.66998813296858,-4.2451650401044806e-07,7.065795069999804e-05,5.233715965090469e-08,5403.502926905445,5411.466082025648,5783.575078065542,5776.12446699989,0.01696953143848536,0.01628466590449505,0.1968758794379951,0
9.201999999999742,2.0,0.0,1.0,0.0,2.016636208161773,1.3073545246666077e-14,1.000099640225732,-0.016946894150519178,3.904216970487605e-16,-9.89366017993155e-05,0.011923155629263611,-7.0065791177898765e-15,-1.9764346117069707e-06,4.0922302718314974e-14,0.06963774691985489,4.9737280523637714e-17,3.4983958473879243e-15,-0.18916073847578652,1.069485779556029e-15,-4.318988969618184e-18,0.006735503177477949,1.8297485050862355e-17,68.67003688520819,-2.0886926482149312e-07,3.486693499035424e-05,4.581060774401642e-08,5403.497988082463,5411.461105277153,5783.583507489247,5776.133009541307,0.01663650654964617,0.016947182945849043,0.1891607384758785,0
9.221999999999749,2.0,0.0,1.0,0.0,2.0162902312782305,1.3081251848212266e-14,1.0000976526101075,-0.017582811449871123,3.80362116926734e-16,-9.972212391343929e-05,0.012861802307444756,-6.999428197021821e-15,3.5962009570049945e-06,4.088051909918746e-14,0.07511990792593798,5.359801327412314e-17,3.5413388146571136e-15,-0.18144060790862807,1.0909552556916552e-15,4.902733578383784e-17,0.006737644920163669,1.5692906171900425e-17,68.67008419383423,3.6349816180525178e-09,-4.027246016649708e-07,3.932275339516802e-08,5403.493092201716,5411.456172257768,5783.591783096511,5776.141396915902,0.016290523967340632,0.017583094238037767,0.18144060790821873,0
9.241999999999756,2.0,0.0,1.0,0.0,2.0159318287828514,1.3088740387983767e-14,1.0000956508773697,-0.018192117129585073,3.6952273455654257e-16,-0.0001003637975245437,0.013774754114470416,-6.9883271317311705e-15,8.908616665202751e-06,4.081566581231085e-14,0.08045199176114143,5.731138590862273e-17,3.624761323805367e-15,-0.17372109081863144,1.1145783470300235e-15,9.203210653525815e-17,0.006734930456523704,2.3500489961457354e-17,68.67013005680472,2.1288761284762787e-07,-3.51329956996258e-05,3.287772128592648e-08,5403.488242639728,5411.451286360317,5783.599901591347,5776.149625765665,0.01593211591272274,0.01819239397518634,0.17372109081932585,0
9.261999999999762,2.0,0.0,1.0,0.0,2.015561532792448,1.3096014246543277e-14,1.000093637831123,-0.01877482454625249,3.568651044855115e-16,-0.00010086829412472013,0.014661758725264946,-6.978566563493207e-15,1.3968518847412163e-05,4.075864305539425e-14,0.08563252533620204,6.09166026604746e-17,3.765959160144118e-15,-0.16600770419334898,1.1455662375836185e-15,9.110668577093315e-17,0.0067274360134527925,2.2494865341422737e-17,68.67017447520786,4.1878412716516373e-07,-6.930652912430117e-05,2.647966187697396e-08,5403.4834427656615,5411.446450968943,5783.607859931648,5776.157692987818,0.015561814511612967,0.0187750955032278,0.16600770419379254,0
9.281999999999769,2.0,0.0,1.0,0.0,2.015179874948929,1.3102999580778182e-14,1.000091616141473,-0.019330965898713606,3.4476661780362196e-16,-0.00010124228882237834,0.015522586680868762,-6.965132193456309e-15,1.8783891729735517e-05,4.0680164514772016e-14,0.0906601690859968,6.436894803959567e-17,3.854599711451165e-15,-0.1583058761764788,1.1686773958907922e-15,1.1689036868535405e-16,0.006715240174471714,2.193663674786426e-17,68.67021745312363,6.212241561776242e-07,-0.00010290666094927964,2.0132743488588555e-08,5403.478695935486,5411.4416694532665,5783.61565532371,5776.165595729383,0.015180151415005875,0.01933123101559428,0.15830587617555988,0
9.301999999999776,2.0,0.0,1.0,0.0,2.014787386045869,1.3109727257585521e-14,1.000089588345151,-0.019860591916285586,3.280231244117342e-16,-0.00010149244230838078,0.016357031202432322,-6.95103245477693e-15,2.3362961058040818e-05,4.059780102454176e-14,0.09553371588219166,6.76918443970107e-17,3.951996610533568e-15,-0.1506209434273938,1.1864752398825275e-15,1.7887639927229935e-17,0.00669842378445392,7.225937726092126e-18,68.67025899748205,8.201114734144681e-07,-0.00013591741401666274,1.384114430887043e-08,5403.474005486051,5411.436945162528,5783.623285216503,5776.173331381509,0.014787657425743698,0.019860851240092257,0.15062094342769455,0
9.321999999999782,2.0,0.0,1.0,0.0,2.0143845956614137,1.3116167033952066e-14,1.0000875568459975,-0.02036377153810111,3.1778381406269555e-16,-0.00010162538346688585,0.017164907991335625,-6.9398731323524865e-15,2.7714158293634276e-05,4.0532612251682805e-14,0.100252089865076,7.092105294717633e-17,4.021757196189546e-15,-0.14295814858996275,1.203492742606923e-15,1.1769598510961937e-16,0.006677069854189061,2.115555039775139e-17,68.67029911791843,1.0153540001340979e-06,-0.0001683234989216138,7.60904434222205e-09,5403.469374729215,5411.432281419712,5783.630747295742,5776.180897573588,0.014384862131547974,0.020364025117214468,0.1429581485908967,0
9.34199999999979,2.0,0.0,1.0,0.0,2.013972031797687,1.3122324645883296e-14,1.0000855239157815,-0.020840591583934764,3.0013241993596384e-16,-0.00010164769266315928,0.017946055015806022,-6.923182467738751e-15,3.184608547425919e-05,4.0435118474607774e-14,0.10481434519675029,7.397016216573883e-17,4.083009096554094e-15,-0.135322637870796,1.2252126975853626e-15,1.154473195753796e-17,0.0066512634648491316,1.5722450681100653e-17,68.67033782662634,1.2068638080623103e-06,-0.00020011031447520855,1.440617349341527e-09,5403.464806945936,5411.427681515691,5783.638039477748,5776.188292167153,0.013972293544574129,0.02084083947017961,0.1353226378708574,0
9.361999999999796,2.0,0.0,1.0,0.0,2.013550220526879,1.312816530565475e-14,1.0000834916953487,-0.021291156416895204,2.854864105144394e-16,-0.00010156588573561035,0.01870033228439959,-6.9075928066500195e-15,3.576748082829729e-05,4.0344056115131356e-14,0.10921966473778931,7.690551820555665e-17,4.081231267479181e-15,-0.1277194587269919,1.2386308984089392e-15,-1.018370957113541e-17,0.006621091672425498,7.131571479504418e-18,68.67037513820901,1.394557118393862e-06,-0.00023126394764835874,-4.6599772774606694e-09,5403.46030538043,5411.423148703394,5783.645159903166,5776.195513249653,0.013550477747675295,0.02129139866701676,0.1277194587277307,0
9.381999999999802,2.0,0.0,1.0,0.0,2.013119685644159,1.3133719995021132e-14,1.0000814621960816,-0.0217155875983616,2.7143926355101907e-16,-0.00010138639871666767,0.01942762160672159,-6.894131161559296e-15,3.9487185204215e-05,4.026542340311004e-14,0.11346735864956553,7.974074689062337e-17,4.06695754994577e-15,-0.12015355766336781,1.2460677423745395e-15,-1.3754692056542296e-17,0.006586643412213431,3.7382355200592856e-18,68.67041106952904,1.5783542984517638e-06,-0.0002617711730089605,-1.0688602612351408e-08,5403.455873234318,5411.41868619201,5783.652106930512,5776.202559128035,0.013119938547529068,0.02171582427502951,0.12015355766320003,0
9.40199999999981,2.0,0.0,1.0,0.0,2.01268094832758,1.3139018772840543e-14,1.000079437301656,-0.0221140235355424,2.5929642791807715e-16,-0.00010111557330260391,0.020127826341763997,-6.882802576053113e-15,4.3014109408639665e-05,4.0199249720139374e-14,0.11755686292442599,8.247892625864258e-17,4.089526811729258e-15,-0.11262977813907332,1.254164780345315e-15,3.701036416466023e-17,0.0065480094034187294,5.642745056247323e-18,68.67044563955758,1.7581798549943141e-06,-0.0002916194516625559,-1.664115220845439e-08,5403.451513660908,5411.414297141279,5783.658879129614,5776.209428322236,0.012681197134799597,0.022114254707986145,0.11262977813904555,0
9.421999999999816,2.0,0.0,1.0,0.0,2.0122345268051003,1.3144032459569952e-14,1.0000774187700807,-0.022486619122033574,2.4628028776398893e-16,-0.00010075964309287994,0.0208008711342426,-6.867765050568737e-15,4.63572025004623e-05,4.0111414596792286e-14,0.12148773784594712,8.505061648693385e-17,4.101435023852849e-15,-0.10515285858340881,1.256714373677905e-15,6.448589035913614e-17,0.0065052820539410194,4.664659171393838e-18,68.67047886922298,1.9339624246742146e-06,-0.0003207969296997235,-2.251355809713385e-08,5403.447229759489,5411.409984655839,5783.665475274938,5776.216119558539,0.012234771751474494,0.02248684486638982,0.10515285858488656,0
9.441999999999823,2.0,0.0,1.0,0.0,2.0117809360288743,1.3148817639215908e-14,1.000075408236004,-0.022833545371753493,2.3307733110525203e-16,-0.00010032472061419865,0.021446701639314433,-6.856698103985431e-15,4.952542112451717e-05,4.004677046360539e-14,0.12525966638147792,8.754992348037257e-17,4.199357928339255e-15,-0.09772743052060186,1.2627425600726383e-15,9.196185023448103e-17,0.006458555365415804,5.124211814728975e-18,68.67051078125964,2.105634761244682e-06,-0.0003492924361635497,-2.830179868433057e-08,5403.4430245697695,5411.405751779687,5783.671894338843,5776.2226317628765,0.011781177365547388,0.022833765771188327,0.09772743052073711,0
9.46199999999983,2.0,0.0,1.0,0.0,2.011320687356931,1.3153271107949193e-14,1.0000734072132695,-0.023154989046629968,2.1555950899210458e-16,-9.981678514194942e-05,0.022065284236064707,-6.8370003010677315e-15,5.252769992724669e-05,3.993171816200105e-14,0.1288724525092322,8.981628589501263e-17,4.2250289178942645e-15,-0.0903580168032014,1.2660174371729445e-15,5.751677119622028e-18,0.006407924838570984,2.729385398561525e-18,68.67054140005747,2.273133720745546e-06,-0.00037709548054678144,-3.400190652553319e-08,5403.438901066404,5411.401601490744,5783.678135484782,5776.228964054064,0.011320925353182737,0.023155204191286024,0.0903580168048243,0
9.481999999999836,2.0,0.0,1.0,0.0,2.010854288242361,1.3157428621903641e-14,1.0000714170977087,-0.02345115227841397,1.9977402002795682e-16,-9.924167132961739e-05,0.02265660573015229,-6.820562121789966e-15,5.537292311582625e-05,3.9835704371560044e-14,0.13232601948218942,9.200146243674918e-17,4.240777904246022e-15,-0.0830490299536901,1.2696398535618151e-15,-3.090958935091145e-17,0.006353487378967788,-2.229106696436601e-19,68.67057075151222,2.4364002426851026e-06,-0.00040419624982282665,-3.960997598113842e-08,5403.434862153656,5411.397536695552,5783.684198060434,5776.235115736973,0.010854523188519006,0.023451362265222226,0.08304902995338567,0
9.501999999999843,2.0,0.0,1.0,0.0,2.010382241930138,1.3161252210855508e-14,1.0000694391701492,-0.023722252184993,1.8460724966826272e-16,-9.860505865379315e-05,0.023220673045998574,-6.803276895856567e-15,5.806989720845234e-05,3.9734743892337926e-14,0.135620408031039,9.405295107925413e-17,4.184769706754714e-15,-0.07580477061383561,1.2687970477565788e-15,-5.180151469340362e-17,0.006295341203190723,-2.455066102356816e-18,68.6705988628772,2.5953793297989346e-06,-0.0004305856050269882,-4.5122170728556285e-08,5403.430910660201,5411.393560224113,5783.690081590846,5776.2410862956995,0.010382474141276125,0.023722457117381354,0.07580477061420984,0
9.52199999999985,2.0,0.0,1.0,0.0,2.0099050471616624,1.3164813017251106e-14,1.0000674745996287,-0.02396852048157498,1.7303814502587992e-16,-9.791246167984611e-05,0.023757512908922463,-6.791108477698177e-15,6.06273250139165e-05,3.9663668736000536e-14,0.1387557745085075,9.605520236377594e-17,4.168338278961981e-15,-0.06862942610122416,1.2703096562396355e-15,2.770790952473461e-17,0.006233585745540906,7.038601143213787e-18,68.67062576261696,2.750020024129164e-06,-0.0004562550773926678,-5.053473108475678e-08,5403.427049334083,5411.389674824883,5783.695785771561,5776.246875386731,0.009905276982313596,0.023968720469099546,0.06862942610324116,0
9.541999999999856,2.0,0.0,1.0,0.0,2.009423197887133,1.316808827249753e-14,1.0000655244467918,-0.02419020308711196,1.5730286732781246e-16,-9.716922114968392e-05,0.02426717151760495,-6.774527193815029e-15,6.30537808840548e-05,3.956682050481737e-14,0.14173238897729593,9.78762192041913e-17,4.1538657583200006e-15,-0.0615270690723635,1.2766209896960947e-15,-1.3543977364319738e-17,0.006168321565302627,5.789051363160665e-18,68.67065148026296,2.9002753812713834e-06,-0.0004811968640532805,-5.584398114448886e-08,5403.423280837844,5411.385883159931,5783.701310461742,5776.252482832103,0.009423425697334944,0.02419039824503226,0.06152706907303946,0
9.561999999999863,2.0,0.0,1.0,0.0,2.0089371829858482,1.3171074611329495e-14,1.0000635896674552,-0.02438755972633031,1.452330679577805e-16,-9.638049589248588e-05,0.02474971420728242,-6.759743039083714e-15,6.535768727110352e-05,3.9480468804331626e-14,0.14455063324394485,9.960455658144785e-17,4.1322368071201245e-15,-0.05450165629165837,1.2831840075200818e-15,4.5645194211823594e-17,0.006099650254640217,8.070768387683566e-18,68.67067604627184,3.046102441231877e-06,-0.000505403823322485,-6.104633570896255e-08,5403.41960774383,5411.382187800285,5783.706655677367,5776.25790861261,0.00893740920895659,0.02438775017514565,0.05450165629492436,0
9.58199999999987,2.0,0.0,1.0,0.0,2.0084474859945045,1.3173775832606757e-14,1.0000616711163297,-0.02456086352773157,1.2794310278964214e-16,-9.555125555625852e-05,0.02520522510406413,-6.7418263952265214e-15,6.754729261597601e-05,3.937582200976861e-14,0.14721099884092612,1.0116884280052052e-16,4.1068527832356064e-15,-0.04755702750549845,1.2887370132309927e-15,-4.465705605759315e-17,0.0060276743471813525,1.1788339903721146e-18,68.67069949188664,3.1874621976779342e-06,-0.0005288694695636122,-6.613830700296462e-08,5403.416032529694,5411.378591221471,5783.711821584435,5776.263152861046,0.008447711107391115,0.024561049392692755,0.04755702750655215,0
9.601999999999876,2.0,0.0,1.0,0.0,2.0079545848435756,1.3176242021594167e-14,1.000059769550875,-0.024710400617925208,1.2029572172953117e-16,-9.468627415306656e-05,0.025633806770767188,-6.732750959867537e-15,6.963065058877762e-05,3.9322812780989956e-14,0.14971408495924565,1.0275053911755704e-16,4.156980171828061e-15,-0.04069690442064426,1.2966677107233133e-15,1.3662638543417792e-16,0.005952497227341298,7.138747542633557e-18,68.67072184900101,3.324319563914446e-06,-0.0005515879676498208,-7.111651112201577e-08,5403.412557574102,5411.375095799248,5783.716808492247,5776.268215855513,0.007954809390101953,0.02471058202853327,0.04069690442466858,0
9.621999999999883,2.0,0.0,1.0,0.0,2.0074589516018446,1.3178425710506065e-14,1.0000578856352766,-0.024836469712651958,1.0182394824129639e-16,-9.379012441271291e-05,0.026035579844666753,-6.713278709887302e-15,7.161560070609877e-05,3.920908087739637e-14,0.15206059633386837,1.0405913439912041e-16,4.209241248973253e-15,-0.03392488978601929,1.3019886903339283e-15,2.1364608531755128e-17,0.005874223040445841,5.360459468113567e-18,68.67074315002709,3.456643337661012e-06,-0.0005735541270365886,-7.597767426480401e-08,5403.4091851526355,5411.371703805558,5783.721616846775,5776.273098012794,0.007459176210911754,0.024836646802153372,0.03392488978423619,0
9.64199999999989,2.0,0.0,1.0,0.0,2.0069610522291503,1.3180330665793886e-14,1.000056019944525,-0.024939381704852954,8.9033236165241e-17,-9.286717293497606e-05,0.026410682667552247,-6.698173687494934e-15,7.350975033772192e-05,3.912085604171717e-14,0.15425134108423721,1.0532079798141653e-16,4.2784808436810655e-15,-0.02724446657695855,1.3099877702027176e-15,7.056643495561376e-17,0.005792956603711815,8.341981561130814e-18,68.67076342776707,3.584406161851542e-06,-0.0005947633954520414,-8.07186386375517e-08,5403.405917433948,5411.368417404704,5783.726247224103,5776.277799881845,0.006961277639280264,0.02493955460973919,0.027244466570312258,0
9.661999999999896,2.0,0.0,1.0,0.0,2.006461346337397,1.3181949838807734e-14,1.0000541729685841,-0.02501945925013629,7.408149062492162e-17,-9.192157612888492e-05,0.026759270908491003,-6.68189876913112e-15,7.532045810705137e-05,3.9025798516264186e-14,0.15628722851222027,1.0645158123107845e-16,4.360456876581196e-15,-0.020658997280903355,1.3209448822719254e-15,6.574541479917615e-17,0.005708803318128068,9.129742530868044e-18,68.67078271528874,3.707584484972426e-06,-0.0006152118522156116,-8.533636813612223e-08,5403.402756476118,5411.365238649739,5783.730700323989,5776.282322137336,0.006461573430853851,0.025019628109653996,0.020658997274785075,0
9.681999999999903,2.0,0.0,1.0,0.0,2.005960286959883,1.3183258590215101e-14,1.0000523451166343,-0.025077036349989104,5.88408774151936e-17,-9.095727692565374e-05,0.02708151717968626,-6.6639428391421385e-15,7.70548186921474e-05,3.892092308100884e-14,0.15816926685973434,1.0744397061207424e-16,4.42304612130105e-15,-0.014171723283476522,1.33122479958911e-15,6.039179387803218e-17,0.005621869081291933,9.947195393538328e-18,68.67080104580545,3.826158518056436e-06,-0.0006348962011965023,-8.982795369454074e-08,5403.399704223265,5411.362169479125,5783.734976963537,5776.286665573362,0.0059605168110983455,0.02507720130566608,0.01417172328731851,0
9.70199999999991,2.0,0.0,1.0,0.0,2.0054583203289833,1.3184254957608579e-14,1.0000505367213688,-0.025112457933079722,4.144349872846455e-17,-8.997800224984278e-05,0.027377610645828554,-6.644673936031739e-15,7.871964903442277e-05,3.880837924064986e-14,0.15989856102836802,1.0830459056871597e-16,4.471513135661176e-15,-0.00778576435380746,1.3426862314107503e-15,-6.099028443591688e-19,0.00553226020125177,6.1166193326546344e-18,68.67081845256034,3.940112190013903e-06,-0.0006538137634227005,-9.419061835066405e-08,5403.396762502391,5411.3592117135995,5783.7390780709875,5776.290831097238,0.005458554275080452,0.025112619128270702,0.007785764349312866,0
9.721999999999916,2.0,0.0,1.0,0.0,2.0049558856622314,1.3184890692884251e-14,1.0000487480433364,-0.025126079434989845,2.4135582788121757e-17,-8.898726123183164e-05,0.02764775662732413,-6.622718666682131e-15,8.032147593871997e-05,3.8680145629007714e-14,0.16147631026323472,1.0901185011121851e-16,4.4290481024858474e-15,-0.0015041182279333877,1.3453954066568767e-15,-6.005060847748621e-17,0.00544008331139928,-4.185709394155505e-19,68.67083496871538,4.049433100912469e-06,-0.0006719624693505161,-9.842172197967968e-08,5403.39393302048,5411.356367053305,5783.743004679654,5776.294819723445,0.004956125408909629,0.025126237014445302,0.0015041182598765298,0
9.741999999999923,2.0,0.0,1.0,0.0,2.004453414956813,1.3185198287444949e-14,1.000046979275309,-0.025118266376713033,7.407900437482275e-18,-8.79883441431758e-05,0.0278921761977969,-6.602797913520468e-15,8.186652507028412e-05,3.856379464328891e-14,0.16290380580336297,1.0964473304975473e-16,4.345455147314681e-15,0.004670339710967594,1.3443594378829588e-15,-1.088556048889352e-16,0.005345445286463011,-6.464805513452561e-18,68.6708506272453,4.154112473134102e-06,-0.0006893408508091773,-1.0251876572582005e-07,5403.391217361849,5411.353637075184,5783.746757922018,5776.298632567727,0.004453662743167228,0.02511842048617344,0.004670339677217265,0
9.76199999999993,2.0,0.0,1.0,0.0,2.003951332792504,1.3185173845077602e-14,1.0000452305466654,-0.025089393942251043,-8.381483184156949e-18,-8.69843220338882e-05,0.028111105776248556,-6.584562106078469e-15,8.336071132554815e-05,3.845728457837875e-14,0.16418242850086417,1.1020011924658969e-16,4.204316221373138e-15,0.010734856656791235,1.3380635061632332e-15,-1.3955180445875614e-16,0.005248453159644911,-5.3892574765891554e-18,68.67086546083634,4.2541451009314645e-06,-0.0007059480326287533,-1.064793960905684e-07,5403.38861698577,5411.351023230618,5783.750339023943,5776.302270841315,0.003951591658998864,0.025089544728068364,0.010734856641240331,0
9.781999999999936,2.0,0.0,1.0,0.0,2.0034500561430595,1.3184876728879948e-14,1.0000435019277714,-0.02503984655563492,-2.077066839717062e-17,-8.597804705067404e-05,0.02830479671426371,-6.569387413607309e-15,8.480963057201445e-05,3.836865295351391e-14,0.16531364641112875,1.1070367103929711e-16,4.0895436283009e-15,0.016686802510512435,1.3360876467981593e-15,-8.712112909754558e-17,0.005149214040940495,-3.599824116078021e-19,68.6708795017904,4.349529297859521e-06,-0.0007217837239599556,-1.1030140868621953e-07,5403.3861332243205,5411.348526843324,5783.753749299093,5776.305735845353,0.003450330391133918,0.025039994164422576,0.016686802500830704,0
9.801999999999943,2.0,0.0,1.0,0.0,2.002949994196072,1.3184296426578707e-14,1.0000417934343495,-0.024970017457693235,-3.580596992608839e-17,-8.497215341255975e-05,0.028473514878639118,-6.551373797981916e-15,8.621855272613466e-05,3.826344044068795e-14,0.16629901235625963,1.1105815252888788e-16,3.971606976929053e-15,0.022523669917358533,1.3387918442904794e-15,-1.1884216060651307e-16,0.0050478350366837555,3.800589215196697e-18,68.67089278193416,4.4402668426982595e-06,-0.0007368482093021116,-1.139827516565847e-07,5403.383767280543,5411.346149107526,5783.7569901434945,5776.30902896544,0.00295029023114878,0.0249701620360053,0.02252366991199113,0
9.82199999999995,2.0,0.0,1.0,0.0,2.0024515481812877,1.3183424236549351e-14,1.0000401050318206,-0.024880308282885098,-5.122442299704838e-17,-8.396905901957306e-05,0.02861754022982342,-6.533499673980559e-15,8.75924161593915e-05,3.8159042518730957e-14,0.16714016146399327,1.1131534532511485e-16,3.823185422466626e-15,0.02824307421259066,1.34493984845798e-15,-1.7663378202979547e-16,0.004944423170370959,7.893904758394483e-19,68.67090533253388,4.526362923316002e-06,-0.0007511423392499059,-1.1752152874552585e-07,5403.381520226832,5411.343891086387,5783.760063030281,5776.312151666392,0.0024518761997197676,0.024880449976925123,0.028243074207572758,0
9.841999999999956,2.0,0.0,1.0,0.0,2.001955111207393,1.3182262498739034e-14,1.0000384366396073,-0.02477112863650963,-6.204827755925071e-17,-8.297096766984904e-05,0.02873716639653688,-6.517968833266118e-15,8.893582339485702e-05,3.8068330460098705e-14,0.1678388086842628,1.115149169705818e-16,3.627483040235216e-15,0.03384275327736677,1.3460616590336437e-15,-1.2113123665328173e-16,0.0048390853047763,5.110783166141437e-18,68.67091718421531,4.607826079270464e-06,-0.000764667520965855,-1.2091600202969497e-07,5403.379393003612,5411.341753710701,5783.762969504627,5776.315105487153,0.0019554889947369057,0.02477126759186908,0.03384275327904856,0
9.861999999999963,2.0,0.0,1.0,0.0,2.00146106810723,1.3180875677748104e-14,1.000036788135385,-0.024642895672599648,-7.491045592264834e-17,-8.197987185775572e-05,0.02883270024695812,-6.500853025830196e-15,9.025303807684394e-05,3.79683612230362e-14,0.1683967462856574,1.115918020671334e-16,3.4695493142892472e-15,0.03932056730620544,1.348351627186747e-15,-1.4278802597088095e-16,0.004731928065421503,-1.3817819728031892e-18,68.67092836688938,4.684668142792272e-06,-0.0007774257083941877,-1.2416459429715222e-07,5403.377386418261,5411.33973777786,5783.765711178852,5776.317892035901,0.0014615311768381143,0.02464303203402577,0.039320567303698005,0
9.88199999999997,2.0,0.0,1.0,0.0,2.000969795291465,1.317921627430923e-14,1.0000351593592731,-0.024496033672800666,-8.896820350340348e-17,-8.099755612592679e-05,0.028904461456832852,-6.484740545185022e-15,9.1547983172964e-05,3.787425177557741e-14,0.16881584133385005,1.1159224085538677e-16,3.251945761459792e-15,0.04467449848761225,1.3431756237160552e-15,-2.1438353327139575e-16,0.004623057765414564,-6.258021901138214e-18,68.67093890968323,4.756904178011378e-06,-0.0007894193922241847,-1.2726589107005987e-07,5403.375501144326,5411.337843951079,5783.768289727729,5776.320512985342,0.0009704324231456942,0.024496167583993266,0.044674498486090834,0
9.901999999999976,2.0,0.0,1.0,0.0,2.000481660610655,1.3177346009090862e-14,1.0000335501179516,-0.02433097362653193,-9.627693994416921e-17,-8.002560094402148e-05,0.028952782074884217,-6.4735639126745835e-15,9.282424037640894e-05,3.780897006892742e-14,0.16909803315420566,1.1158611065541366e-16,3.05325059148731e-15,0.049902650599468835,1.3387541680489667e-15,-1.142240692154468e-16,0.004512580331708124,2.5866419239825676e-18,68.6709488408768,4.8245524190378605e-06,-0.0008006515896189987,-1.302186422861056e-07,5403.373737720982,5411.336072758892,5783.77070688397,5776.322970068182,0.000482827665188025,0.024331105229968463,0.04990265060038312,0
9.921999999999983,2.0,0.0,1.0,0.0,1.9999970232256952,1.3175351428506003e-14,1.0000319601886951,-0.02414815281271963,-1.0464287768816083e-16,-7.906538708408067e-05,0.028978006085881174,-6.4644993782336546e-15,9.408505067745596e-05,3.7756023921567603e-14,0.1692453307806515,1.1152691383590781e-16,2.9952457722889066e-15,0.055003248520824506,1.3447640573357773e-15,-5.852280313324365e-17,0.004400601232796647,4.148482587292982e-18,68.67095818784509,4.887634206709017e-06,-0.0008111258337147562,-1.3302176361869036e-07,5403.372096552755,5411.3344245949,5783.772964433926,5776.325265072815,3.209851782698235e-05,0.024148282249507807,0.05500324852098987,0
9.94199999999999,2.0,0.0,1.0,0.0,1.9995162334866114,1.3173116206963665e-14,1.0000303893233147,-0.023948014383387214,-1.1594693301585353e-16,-7.811810046394707e-05,0.02898048897173116,-6.448273664530024e-15,9.533331605653136e-05,3.766125258726041e-14,0.16925981039294438,1.112564879044883e-16,2.877070202058493e-15,0.05997463766176016,1.344609514037349e-15,-9.46032624999766e-17,0.00428722540788652,-9.200134912780344e-19,68.67096697700592,4.946173923935374e-06,-0.0008208461629043937,-1.356743374801805e-07,5403.370577909522,5411.332899717789,5783.775064213457,5776.327399839166,0.00048472007431881576,0.023948141793144223,0.05997463766213656,0
9.961999999999996,2.0,0.0,1.0,0.0,1.9990396328196613,1.3170687312788062e-14,1.000028837251998,-0.02373100694938205,-1.2705427256484292e-16,-7.718473742869094e-05,0.028960597270943515,-6.434448602470254e-15,9.657160225742212e-05,3.758050210722888e-14,0.16914361274436074,1.1094172583738484e-16,2.7655144060819585e-15,0.06481528331303707,1.3467363256970508e-15,-1.3371870190309394e-16,0.004172557197577245,-5.034426878183701e-19,68.67097523377309,5.0001989294688385e-06,-0.0008298171099215667,-1.3817561364562943e-07,5403.369181926758,5411.331498251588,5783.777008104031,5776.32937625477,0.0009608000354779404,0.023731132470139537,0.06481528331310055,0
9.982000000000003,2.0,0.0,1.0,0.0,1.9985675536226921,1.3168037387919522e-14,1.0000273036870373,-0.02349758416851078,-1.367482732668345e-16,-7.626611043998858e-05,0.028918708136821215,-6.421094355823913e-15,9.780214261247293e-05,3.7502501235075396e-14,0.1688989405818944,1.105513112468249e-16,2.6009086179322628e-15,0.06952376991727025,1.3443919245351302e-15,-1.4670920575800058e-16,0.004056700276066412,6.190521501466072e-19,68.67098298251524,5.049739491332549e-06,-0.0008380436907280182,-1.4052500955481294e-07,5403.367908606019,5411.330220186207,5783.778798028983,5776.331196251023,0.0014327065698140388,0.023497707936644588,0.06952376991842395,0
10.00200000000001,2.0,0.0,1.0,0.0,1.9981003191687061,1.3165196001187259e-14,1.0000257883264425,-0.02324820433635068,-1.4571025793141357e-16,-7.536285414248915e-05,0.028855208894726023,-6.408649181403027e-15,9.902684284926073e-05,3.742980961451742e-14,0.1685280560609795,1.1009474015266902e-16,2.4142387554929428e-15,0.07409880026339367,1.3409696712612194e-15,-1.5757404993858646e-16,0.0039397575849152815,-2.7224860505080288e-18,68.67099024651985,5.094828718508777e-06,-0.0008455313932217809,-1.4272211028854143e-07,5403.366757815708,5411.329065378191,5783.780435949999,5776.332861799625,0.0018998558625764534,0.023248326486534448,0.07409880026119639,0
10.022000000000016,2.0,0.0,1.0,0.0,1.997638243517579,1.3162190814393563e-14,1.0000242908574266,-0.022983329979997195,-1.5380069820931067e-16,-7.447543177713298e-05,0.028770496598756037,-6.3968348532112115e-15,0.00010024728685631182,3.736080226177085e-14,0.16803327815671887,1.0956913637846674e-16,2.23008103100195e-15,0.07853919460622001,1.3377211809187768e-15,-1.6100468245276508e-16,0.003821831268388476,-3.627964271122876e-18,68.67099704796281,5.135502491844397e-06,-0.0008522861657701695,-1.447666681956404e-07,5403.365729292054,5411.328033551734,5783.781923863785,5776.33437490922,0.002361881395839356,0.02298345064517894,0.07853919460495408,0
10.042000000000023,2.0,0.0,1.0,0.0,1.99718163143587,1.3159033835704299e-14,1.0000228109597613,-0.022703427455002752,-1.6345391596895793e-16,-7.360414191013568e-05,0.028664977588174323,-6.384918148282274e-15,0.00010146474334097848,3.7291196779985706e-14,0.16741698007359643,1.0896388385497886e-16,2.046551713344947e-15,0.0828438897129198,1.3315807746642027e-15,-2.265654391460626e-16,0.0037030226104117075,-9.528219598843304e-18,68.671003407883,5.171799394004851e-06,-0.000858314405592439,-1.4665860220867604e-07,5403.3648226403375,5411.327124299928,5783.78326379892,5776.335737622236,0.002818460874868045,0.02270354676640368,0.08284388971443216,0
10.06200000000003,2.0,0.0,1.0,0.0,1.9967307783246535,1.3155684510621908e-14,1.0000213483089915,-0.022408966545753896,-1.7074353572313708e-16,-7.27491254476767e-05,0.028539067043919054,-6.372550659437324e-15,0.00010268017334721585,3.7218958297847356e-14,0.16668158665560515,1.0827510027832697e-16,1.777198510603998e-15,0.08701193783827307,1.3206803875913942e-15,-2.4467337725510077e-16,0.00358343197313997,-7.487900188024303e-18,68.67100934616231,5.203760638489134e-06,-0.0008636229469851917,-1.4839799683719645e-07,5403.364037336367,5411.326337086239,5783.784457812921,5776.3369520119,0.003269291377783893,0.02240908463288875,0.08701193784036154,0
10.082000000000036,2.0,0.0,1.0,0.0,1.9962859701553035,1.31521981695103e-14,1.0000199025795122,-0.02210042006952895,-1.7501624604182855e-16,-7.191037290457868e-05,0.028393188545521957,-6.3652073640305724e-15,0.00010389423856431237,3.717606348832321e-14,0.16582957179870253,1.0759749033531806e-16,1.483240869983477e-15,0.09104250563056689,1.3103701940976966e-15,-2.0704706243083792e-16,0.0034631587371801767,-6.323399292139091e-18,68.67101488151033,5.231429997778387e-06,-0.0008682190494157217,-1.4998510084885803e-07,5403.363372728143,5411.325671246204,5783.785507989466,5776.338020179441,0.003714083170846804,0.02210053706024741,0.0910425056323217,0
10.102000000000043,2.0,0.0,1.0,0.0,1.9958474834131572,1.314865706437795e-14,1.0000184734474917,-0.021778263484470803,-1.7825568797321882e-16,-7.108773189750578e-05,0.02822777362875407,-6.360313680080694e-15,0.00010510731039138394,3.7147475472375677e-14,0.16486345586745696,1.0688837440066142e-16,1.2676733032380286e-15,0.09493487297003662,1.307594047513514e-15,-1.626761969420859e-16,0.003342301243471867,8.188502817449503e-19,68.67102003145426,5.254853730999121e-06,-0.0008721103854865013,-1.5142032567595313e-07,5403.362828037771,5411.325125989355,5783.78641643584,5776.338944251489,0.004152557678379282,0.021778379505019665,0.09493487297153143,0
10.12200000000005,2.0,0.0,1.0,0.0,1.9954155850489674,1.3145035933571742e-14,1.0000170605936458,-0.021442974501703443,-1.8233844945942262e-16,-7.028091483251447e-05,0.028043261344317314,-6.353353316373663e-15,0.00010631947970035576,3.7106816812031174e-14,0.16378580311774918,1.0607345893722895e-16,1.0625793523686005e-15,0.09868843174176628,1.3041053660219914e-15,-1.6672563784621064e-16,0.0032209567368519125,-5.0654672740399405e-18,68.67102481233346,5.2740805106393064e-06,-0.0008753050287860707,-1.5270424347265015e-07,5403.362402363574,5411.324700401349,5783.787185280524,5776.339726377634,0.0045844466958518,0.02144308967680949,0.09868843174317468,0
10.142000000000056,2.0,0.0,1.0,0.0,1.9949905324380732,1.3141335693527116e-14,1.0000156637058573,-0.021095032701813777,-1.8886588863887159e-16,-6.948950675646174e-05,0.02784009781788547,-6.346489805390297e-15,0.00010753056723648632,3.706672365236008e-14,0.16259921912730538,1.0519120749915569e-16,8.467746560099843e-16,0.10230268454498401,1.299269402084647e-15,-2.5699500968474677e-16,0.003099221311311053,-7.953321075618018e-18,68.67102923929849,5.289161348553341e-06,-0.0008778114416323446,-1.5383758497449518e-07,5403.362094682402,5411.324393446285,5783.787816670982,5776.340368728172,0.005009492050665192,0.021095147154787563,0.10230268454372284,0
10.162000000000063,2.0,0.0,1.0,0.0,1.9945725733471842,1.3137518512781255e-14,1.000014282481633,-0.020734919155913845,-1.9189063482318724e-16,-6.871297334346204e-05,0.027618735811805153,-6.3390882800378185e-15,0.00010874013462003159,3.702348805892773e-14,0.1613063482358775,1.0423308347064668e-16,5.326747077105822e-16,0.10577724334070468,1.2877094567355802e-15,-2.755206095756807e-16,0.0029771898569622233,-1.087352475951763e-17,68.67103332631483,5.300149521737971e-06,-0.0008796384627254198,-1.5482123698439092e-07,5403.361903852149,5411.324203969237,5783.788312771615,5776.340873492016,0.00542744544523269,0.020735033008774995,0.10577724334067068,0
10.18200000000007,2.0,0.0,1.0,0.0,1.9941619459086932,1.3133678013181087e-14,1.0000129166304044,-0.02036311605149143,-1.9309416699728193e-16,-6.795066898781896e-05,0.02737963428874767,-6.3354312766609524e-15,0.00010994749588209238,3.70021222239134e-14,0.1599098709967748,1.0327107790565464e-16,2.3877442483281944e-16,0.1091118280396812,1.2742784057264277e-15,-2.7281010414446696e-16,0.002854956008723964,-1.532001405173371e-17,68.67103708617077,5.307100497273992e-06,-0.0008807952947107112,-1.556562396856126e-07,5403.361828614436,5411.32413069896,5783.78867576188,5776.341242874778,0.0058380683802405735,0.020363229425116335,0.10911182804112025,0
10.202000000000076,2.0,0.0,1.0,0.0,1.9937588786024205,1.3129838866570362e-14,1.000011565875663,-0.019980106323251083,-1.9093090583636664e-16,-6.720184497465925e-05,0.027123257977606886,-6.3368246718735465e-15,0.00011115172948817308,3.701025312651443e-14,0.15841250164147314,1.0232654768714335e-16,-2.8837532275924643e-17,0.11230626503265069,1.2567741756221704e-15,-2.0118960598387636e-16,0.0027326120967481157,-1.1951140403805283e-17,68.6710405304894,5.310071857146263e-06,-0.0008812914916768098,-1.5634378365143525e-07,5403.361867597496,5411.324172250767,5783.7889078345725,5776.341479096994,0.006241132114352681,0.01998021933754447,0.11230626503372965,0
10.222000000000083,2.0,0.0,1.0,0.0,1.9933635902446798,1.3125977890467075e-14,1.0000102299569313,-0.019586373289139248,-1.9266466877698127e-16,-6.64656577010341e-05,0.026850076941927207,-6.331924557854315e-15,0.00011235169079743264,3.6981626631939925e-14,0.1568169855589646,1.0121757690132281e-16,-3.3824911064195887e-16,0.11536048566486279,1.2332648964586761e-15,-2.696851624328206e-16,0.002610249098576346,-2.205845252647552e-17,68.67104366974466,5.309123222673878e-06,-0.0008811369465836987,-1.5688520662718954e-07,5403.362019319202,5411.324327129584,5783.789011194257,5776.341584392529,0.0066364176400018704,0.019586486063231483,0.1153604856658746,0
10.24200000000009,2.0,0.0,1.0,0.0,1.9929762899845682,1.3122155771539459e-14,1.0000089086315718,-0.01918240029174179,-1.8853886446452978e-16,-6.574117692023071e-05,0.02656056615114017,-6.334151595446482e-15,0.00011354602489976651,3.6994626176511486e-14,0.15512609679147915,1.0016139056880841e-16,-6.214542693675687e-16,0.11827452465688991,1.2132592557537837e-15,-1.9722034183040692e-16,0.002487956593051098,-1.4362080774761297e-17,68.67104651328098,5.304316177924143e-06,-0.0008803418786404846,-1.5728199009532271e-07,5403.362282190271,5411.324593733156,5783.788988055859,5776.3415610071,0.007023715665130047,0.01918251294421454,0.11827452465797406,0
10.262000000000096,2.0,0.0,1.0,0.0,1.9925971773073647,1.3118438914300829e-14,1.0000076016764272,-0.01876867034523447,-1.8366800150134395e-16,-6.502739398358439e-05,0.026255205054882668,-6.338389734491798e-15,0.0001147331797859182,3.7019371455075324e-14,0.15334263554817562,9.907607954294556e-17,-8.01589547734987e-16,0.12104851847372934,1.1991469996224182e-15,-1.2845297589682057e-16,0.002365822715983772,-1.1933589881138169e-17,68.6710490693366,5.295714194109889e-06,-0.0008789168206414672,-1.5753575558563424e-07,5403.362654517606,5411.3249703554,5783.7888406433885,5776.341411196968,0.007402826595570103,0.01876878299437798,0.12104851847227906,0
10.282000000000103,2.0,0.0,1.0,0.0,1.9922264420449307,1.3114818575893948e-14,1.0000063088892985,-0.01834566578806029,-1.7956465372639006e-16,-6.432323005435861e-05,0.025934477160660444,-6.341448216158932e-15,0.00011591141979727036,3.7037226850965697e-14,0.15146942573834624,9.79129875737176e-17,-9.139625371673197e-16,0.12368270364421341,1.1870216505178637e-15,-9.508372669271346e-17,0.0022439341175834746,-1.0360019505574175e-17,68.67105134507027,5.2833825528159844e-06,-0.0008768726062688243,-1.5764826084602773e-07,5403.363134507787,5411.3254551899045,5783.788571188807,5776.341137227745,0.007773560515163254,0.018345778552166448,0.12368270364544856,0
10.30200000000011,2.0,0.0,1.0,0.0,1.9918642643929882,1.311118894336723e-14,1.0000050300902599,-0.017913867941500246,-1.824632292710145e-16,-6.362754426901952e-05,0.02559886961511949,-6.3369686468083985e-15,0.00011707883929680527,3.701105619719457e-14,0.14950931252567246,9.657764210920092e-17,-1.1437430679123253e-15,0.12617741503274907,1.170440595037359e-15,-2.739223871532198e-16,0.0021223759216486035,-1.85020119027071e-17,68.67105334659097,5.2673882695028e-06,-0.0008742203573721942,-1.5762139575728254e-07,5403.3637202706805,5411.326046333544,5783.788181931017,5776.340741373343,0.00813573716199134,0.017913980939196623,0.12617741503365598,0
10.322000000000116,2.0,0.0,1.0,0.0,1.991510814935164,1.310755457252804e-14,1.0000037651228078,-0.017473756774297786,-1.809717939862799e-16,-6.293914182277165e-05,0.02524887278917375,-6.336805221410252e-15,0.0001182333765265118,3.701009393374647e-14,0.1474651599049873,9.525471929935414e-17,-1.5097805903241918e-15,0.1285330840654071,1.1470388244374976e-15,-3.571341991600701e-16,0.002001231686527536,-2.008707482129944e-17,68.67105507899075,5.247800016520903e-06,-0.0008709714712351836,-1.5745717809535456e-07,5403.364409823173,5411.326741790227,5783.787675114983,5776.340225915032,0.008489185899789562,0.01747387012492914,0.1285330840645697,0
10.342000000000123,2.0,0.0,1.0,0.0,1.9911662546736697,1.310400606875941e-14,1.0000025138548552,-0.01702581057348959,-1.7387208410107283e-16,-6.225678195625946e-05,0.0248849798672383,-6.3428897802943564e-15,0.00011937282758348259,3.7045622969484963e-14,0.14533984830300187,9.39720079593663e-17,-1.9032131469795855e-15,0.13075023691239243,1.1254884444217854e-15,-3.1842216428028025e-16,0.0018805833678479582,-1.480034239793425e-17,68.67105654638024,5.2246880468465935e-06,-0.000867137607839222,-1.5715774913407086e-07,5403.365201093021,5411.327539474743,5783.787052990963,5776.339593140623,0.008833745684019246,0.017025924397554733,0.13075023691109522,0
10.36200000000013,2.0,0.0,1.0,0.0,1.9908307350665,1.3100651824570446e-14,1.0000012761795616,-0.016570505621588738,-1.6260113844425535e-16,-6.157918582249631e-05,0.024507686440803388,-6.353848338611476e-15,0.00012049486048749003,3.7109618549146617e-14,0.14313627220437608,9.270712401693753e-17,-2.189668091607254e-15,0.13282949262891688,1.1143562167985943e-15,-1.9590363250203174e-16,0.0017605112830130416,-4.903595889687849e-18,68.67105775192667,5.198124117340812e-06,-0.0008627306771319728,-1.5672536907860448e-07,5403.366091922782,5411.32843721671,5783.786317813846,5776.338845343754,0.009169265022309433,0.01657062004124259,0.132829492628437,0
10.382000000000136,2.0,0.0,1.0,0.0,1.9905043980710109,1.3097512413151383e-14,1.0000000520160095,-0.016108315880259048,-1.5178894244353902e-16,-6.0905044213116716e-05,0.02411749010658389,-6.3663110794493235e-15,0.00012159702927964955,3.718239928022629e-14,0.1408573378045071,9.141002259881938e-17,-2.3677445859501846e-15,0.13477156125650253,1.1139043401482106e-15,-1.0888849348421084e-16,0.0016410940774634099,3.765657576451932e-18,68.67105869789425,5.168181412190727e-06,-0.0008577628263119735,-1.5616241236704649e-07,5403.367080073858,5411.32943276461,5783.785471842591,5776.337984823279,0.009495601929131597,0.016108431019891924,0.13477156125728082,0
10.402000000000143,2.0,0.0,1.0,0.0,1.9901873761937574,1.3094596206996e-14,0.9999988413097295,-0.01563971268061294,-1.4012186319421323e-16,-6.0233025124392276e-05,0.02371489006946671,-6.37765311494522e-15,0.00012267678810717458,3.724863453971691e-14,0.13850596069033666,9.00442044835952e-17,-2.444813728729146e-15,0.13657724188673767,1.1219028476559935e-15,-1.004340772196613e-17,0.0015224086927068847,1.5142651758265634e-17,68.67105938568677,5.134934466481679e-06,-0.0008522464271365447,-1.5547136283572807e-07,5403.368163230599,5411.330523789903,5783.78451733977,5776.337013882742,0.009812623874652591,0.01563982866752193,0.13657724188745637,0
10.42200000000015,2.0,0.0,1.0,0.0,1.9898797925464446,1.3091933647086063e-14,0.9999976440330728,-0.015165164420257456,-1.2954995011184217e-16,-5.9561781144716756e-05,0.02330038675047644,-6.39074102498726e-15,0.00012373150526168034,3.7325066586793113e-14,0.1360850635504701,8.865189244258767e-17,-2.377886140834525e-15,0.1382474206895051,1.1436123428187272e-15,5.358044889524033e-17,0.001404530336104718,1.6817866087500142e-17,68.67105981589194,5.098459089943514e-06,-0.0008461940632654399,-1.546548087786644e-07,5403.369339004484,5411.331707891224,5783.783456571183,5776.335934829959,0.010120207727787878,0.015165281385428223,0.13824742069027418,0
10.442000000000156,2.0,0.0,1.0,0.0,1.9895817609078694,1.3089464577907379e-14,0.9999964601854415,-0.014685136267206684,-1.1981032821531147e-16,-5.88899566461039e-05,0.0228744813999658,-6.3999554989013865e-15,0.0001247584771130837,3.7378875908263436e-14,0.13359757391581475,8.715690151023965e-17,-2.262063568405362e-15,0.13978306890769443,1.1658427578181278e-15,1.0346318138847417e-16,0.0012875324524124529,1.9763412997181602e-17,68.67105998832743,5.058832291225949e-06,-0.000839618517642506,-1.537154378960189e-07,5403.3706049383645,5411.332982598598,5783.782291805562,5776.334749976633,0.010418239693493564,0.014685254346228492,0.1397830689088896,0
10.462000000000163,2.0,0.0,1.0,0.0,1.9892933857917021,1.3087207820362624e-14,0.9999952897933752,-0.014200089870771872,-1.0619900342017606e-16,-5.821619476392871e-05,0.022437675716238958,-6.413632193007112e-15,0.00012575494191285143,3.7458746846231885e-14,0.13104642193195615,8.56752540254317e-17,-2.050348900287148e-15,0.1411852408204057,1.1975352611863896e-15,2.7919869260100114e-16,0.0011714866970688764,3.2596666879496364e-17,68.67105990208863,5.0161322019380606e-06,-0.0008325327599313456,-1.5265603216850683e-07,5403.371958510737,5411.3343453777625,5783.781025314343,5776.33346163811,0.010706615244388514,0.014200209204914226,0.1411852408206417,0
10.48200000000017,2.0,0.0,1.0,0.0,1.9890147625199768,1.3085108257347071e-14,0.9999941329105008,-0.013710483079533502,-1.0410334565284703e-16,-5.7539144149095525e-05,0.021990471469799242,-6.41926984595631e-15,0.00012671809341646944,3.7491665944029514e-14,0.12843453816439349,8.404145661112873e-17,-1.810709075948457e-15,0.14245507167664123,1.232430277586979e-15,1.5155107139526693e-16,0.0010564629112278733,2.8476088760329417e-17,68.67105955559738,4.97043800191633e-06,-0.000824949934009094,-1.514794626280456e-07,5403.373397140087,5411.335793634469,5783.7796593715,5776.332072133121,0.010985239046795759,0.013710603817020018,0.14245507167705065,0
10.502000000000177,2.0,0.0,1.0,0.0,1.988745977302138,1.308307914134346e-14,0.9999929896173506,-0.01321676966649265,-9.67800105992354e-17,-5.685746547967238e-05,0.02153337013341624,-6.4245631278555485e-15,0.00012764509429615215,3.7522573867259894e-14,0.1257648514377765,8.23623865257266e-17,-1.6601150644707494e-15,0.14359377560148098,1.262546559773708e-15,1.8935291855125517e-16,0.0009425290985194156,3.152108411428211e-17,68.67105894665205,4.921829843763718e-06,-0.0008168833455284329,-1.5018868408615306e-07,5403.374918189244,5411.337324718859,5783.77819625345,5776.33058378365,0.011254024881323835,0.013216891964017147,0.14359377560234735,0
10.522000000000183,2.0,0.0,1.0,0.0,1.988487107319511,1.308124259064356e-14,0.9999918600210524,-0.012719399061492255,-8.820201646283279e-17,-5.616983771845403e-05,0.021066872518186668,-6.433700583110214e-15,0.00012853308930036388,3.757593376987387e-14,0.12304028671016302,8.069268190864113e-17,-1.3794184490528217e-15,0.14460264347670743,1.3009661760899993e-15,2.831834608455372e-16,0.0008297514035283884,3.713311784697442e-17,68.67105807247823,4.870388778774641e-06,-0.0008083464495518487,-1.487867298187547e-07,5403.376518969738,5411.338935929838,5783.776638238981,5776.328998914805,0.011512895558099865,0.012719523086034294,0.1446026434765587,0
10.54200000000019,2.0,0.0,1.0,0.0,1.9882382208150366,1.307954458578892e-14,0.9999907442548971,-0.012218816090992507,-8.25024266284487e-17,-5.547496410506148e-05,0.02059147841577011,-6.4401529185551395e-15,0.00012937921813500918,3.7613611425995084e-14,0.12026376298335828,7.895086106315064e-17,-1.026751910937676e-15,0.14548304079785618,1.3429310398828529e-15,3.2393455475112044e-16,0.0007181940919922184,3.5327541759025686e-17,68.67105692978029,4.8161966831774065e-06,-0.0007993528382742059,-1.4727670618481597e-07,5403.378196746211,5411.340624519462,5783.774987609255,5776.327319854755,0.011761782826793502,0.012218942022005828,0.14548304079876298,0
10.562000000000197,2.0,0.0,1.0,0.0,1.9879993771881355,1.3077903297426946e-14,0.9999896424777903,-0.011715460725276978,-8.1114668176458e-17,-5.4771577872185373e-05,0.020107686246962776,-6.441727350177148e-15,0.0001301806280240217,3.7622799946823286e-14,0.1174381912502896,7.711476341440543e-17,-6.994723947936495e-16,0.14623640550963934,1.3782720267321755e-15,2.7722441465501376e-16,0.0006079195326886242,3.201043876483344e-17,68.6710555147934,4.7593361845602575e-06,-0.0007899162288327933,-1.456617872431829e-07,5403.3799487407905,5411.342387697326,5783.773246647828,5776.3255489347,0.012000627281559486,0.011715588757345914,0.14623640551057576,0
10.582000000000203,2.0,0.0,1.0,0.0,1.987770627094539,1.3076302464666352e-14,0.999988554873592,-0.011209767833160406,-7.88393072871713e-17,-5.4058447676632516e-05,0.01961599271677153,-6.44367930309287e-15,0.00013093448592974458,3.7634193583940227e-14,0.11456647248036618,7.525185916038661e-17,-3.856487836450848e-16,0.1468642458216827,1.4114219417706547e-15,2.852573227610675e-16,0.0004989881810149831,2.8400181055728274e-17,68.67105382333574,4.699890589092036e-06,-0.0007800504512192061,-1.439452093322596e-07,5403.38177213748,5411.34422263495,5783.771417640711,5776.323688488868,0.012229378261045903,0.011209898179248685,0.1468642458219219,0
10.60200000000021,2.0,0.0,1.0,0.0,1.9875520125509465,1.3074724173505691e-14,0.999987481650351,-0.010702166944261533,-7.828458202188267e-17,-5.333438273691071e-05,0.019116892476140294,-6.442626499446078e-15,0.0001316379903963792,3.762803822551667e-14,0.11165149564371443,7.332519293359225e-17,-8.04265720214358e-17,0.1473681380064957,1.4398439722590206e-15,2.758371779753186e-16,0.00039145856423229806,2.5568570241847874e-17,68.6710518508609,4.637943809641744e-06,-0.0007697694362940274,-1.4213026567417057e-07,5403.383664086516,5411.346126470143,5783.769502876432,5776.321740854536,0.012447993743606705,0.010702299839717917,0.14736813800722712,0
10.622000000000217,2.0,0.0,1.0,0.0,1.9873435670443556,1.3073153889408468e-14,0.9999864230394402,-0.010193082018898583,-7.884632749623814e-17,-5.259823767036197e-05,0.01861087779047134,-6.4418586700665045e-15,0.00013228838299728085,3.7623547506503676e-14,0.1086961357751199,7.137579433979297e-17,2.288976021595657e-16,0.14774972418158022,1.4693392063339177e-15,2.6679428133548606e-16,0.00028538726836915216,2.913563604690665e-17,68.67104959251016,4.573580294140467e-06,-0.0007590872039185505,-1.402203009684739e-07,5403.385621708706,5411.348096311347,5783.767504646149,5776.319708372068,0.012656440237862339,0.010193217726439462,0.1477497241803906,0
10.642000000000223,2.0,0.0,1.0,0.0,1.987145315645906,1.3071570275052308e-14,0.9999853792945981,-0.009682931225657894,-8.090432617873224e-17,-5.184891702408675e-05,0.018098438215085527,-6.439353370171299e-15,0.00013288295935485773,3.760890939724244e-14,0.10570325207852037,6.938350100362212e-17,5.430969308950727e-16,0.14801071007756536,1.5019053778495465e-15,2.434365549921101e-16,0.00018082892676143258,2.5501092209137806e-17,68.6710470431646,4.506884955063095e-06,-0.0007480178512034584,-1.3821870598964195e-07,5403.387642099752,5411.35012924194,5783.765425243748,5776.317593384972,0.012854692668765561,0.009683070041625087,0.14801071007843708,0
10.66200000000023,2.0,0.0,1.0,0.0,1.9869572751290867,1.3069946329141052e-14,0.9999843506908832,-0.009172126726680064,-8.202147793286594e-17,-5.1085379494366795e-05,0.017580060277747975,-6.436519929793642e-15,0.0001334190797187009,3.759235508104935e-14,0.10267568607278824,6.736654629638078e-17,8.487860551298278e-16,0.14815286279423398,1.5273814558589113e-15,2.738857766951706e-16,7.783621021489954e-05,1.9518518831471418e-17,68.67104419749667,4.437943099361317e-06,-0.0007365755408860757,-1.3612891225739792e-07,5403.389722334504,5411.352222324504,5783.763266965955,5776.315398239949,0.013042734259319094,0.00917226898898396,0.1481528627947969,0
10.682000000000237,2.0,0.0,1.0,0.0,1.986779454092158,1.3068298783990644e-14,0.9999833375235477,-0.008661074470701644,-8.422326554035413e-17,-5.0306641831172265e-05,0.017056227168381947,-6.433585026710425e-15,0.00013389417907281632,3.7575208481512594e-14,0.09961625977951956,6.532941650108486e-17,1.208605190558654e-15,0.14817800854629046,1.55013406406526e-15,3.0725795324514333e-16,-2.3540181226224052e-05,1.6569055241441857e-17,68.67104105002127,4.366840359410994e-06,-0.0007247744898424857,-1.3395438672140142e-07,5403.391859471171,5411.354372605044,5783.761032112454,5776.313125286954,0.013220556408089668,0.008661220569022134,0.14817800854654184,0
10.702000000000243,2.0,0.0,1.0,0.0,1.9866118530846208,1.3066551020917351e-14,0.9999823401068367,-0.008150173993883748,-9.13205918748476e-17,-4.951178242472762e-05,0.01652741843609138,-6.424705482936183e-15,0.00013430577676161535,3.752334266953654e-14,0.0965277739535335,6.321657644865338e-17,1.5378155026775578e-15,0.14808803040069266,1.56758479310539e-15,2.372122045299793e-16,-0.00012325152492919755,1.1194732835066988e-17,68.67103759514616,4.29366262481206e-06,-0.0007126289577383541,-1.3169862648957476e-07,5403.394050555511,5411.356577117161,5783.758722985982,5776.310776879252,0.013388158562685265,0.008150324382941936,0.14808803039981003,0
10.72200000000025,2.0,0.0,1.0,0.0,1.9864544647375886,1.3064704269758806e-14,0.9999813587727183,-0.007639818228453108,-9.423812571089748e-17,-4.869994457316549e-05,0.01599410969359736,-6.420281085401929e-15,0.00013465148561454522,3.7497497378552166e-14,0.09341300635669705,6.11345624229039e-17,1.8759612662972545e-15,0.1478848660073563,1.582757044409769e-15,3.179780564357023e-16,-0.0002212510807568213,1.602647981674864e-17,68.67103382722122,4.218495974651143e-06,-0.0007001532358265333,-1.293651536244705e-07,5403.396292624901,5411.35883288613,5783.756341892426,5776.308355373442,0.013545548089338647,0.007639973445530149,0.14788486600641557,0
10.742000000000257,2.0,0.0,1.0,0.0,1.986307273897893,1.3062738114052974e-14,0.999980393869553,-0.007130393319174725,-1.0042728364813561e-16,-4.7870339429862365e-05,0.015456772329194908,-6.410680239852324e-15,0.0001349290205546481,3.744141952422637e-14,0.09027471007569526,5.899233630510935e-17,2.2290399225609877e-15,0.14757050532500451,1.600274203556554e-15,3.3918955036853454e-16,-0.00031749409460841115,1.6428786585376537e-17,68.6710297405871,4.1414266115518444e-06,-0.0006873616358955218,-1.2695751001768408e-07,5403.398582712381,5411.36113693295,5783.7538911409065,5776.305863129504,0.013692740138762267,0.007130554007616006,0.14757050532396207,0
10.762000000000263,2.0,0.0,1.0,0.0,1.9861702577657838,1.3060588907568019e-14,0.999979445760707,-0.00662227844766939,-1.1200698297862264e-16,-4.7022248630908753e-05,0.014915873226317971,-6.396055009938213e-15,0.00013513620667982685,3.7355997252936794e-14,0.08711561188426087,5.67980631736675e-17,2.5304667630573808e-15,0.1471469883439237,1.6121613261708535e-15,2.390087275297877e-16,-0.0004119378004362701,6.560961170081186e-18,68.67102532962237,4.06254079570478e-06,-0.0006742684793783702,-1.2447925232500744e-07,5403.400917850612,5411.363486278294,5783.751373043832,5776.303302510789,0.013829757508416973,0.006622445389003431,0.1471469883443318,0
10.78200000000027,2.0,0.0,1.0,0.0,1.9860433860360482,1.3058272955261273e-14,0.9999785148231164,-0.006115845664583048,-1.168175643010183e-16,-4.615502660415295e-05,0.014371874490808949,-6.389827322834017e-15,0.0001352709868084649,3.731962100228334e-14,0.08393841065042396,5.467328621934782e-17,2.8425207964594114e-15,0.14661640280735563,1.6258033189922828e-15,3.635278291567063e-16,-0.0005045414207646573,2.121167670666056e-17,68.67102058878953,3.981924780261548e-06,-0.0006608880866244397,-1.219339470160715e-07,5403.403295075747,5411.365877946376,5783.74878991693,5776.300675884005,0.01395663050136382,0.006116019823339367,0.14661640280713142,0
10.802000000000277,2.0,0.0,1.0,0.0,1.9859266210424027,1.3055807951095347e-14,0.9999776014458094,-0.005611459729609459,-1.2950027332355166e-16,-4.5268102561984426e-05,0.013825233185966703,-6.3741393404642896e-15,0.00013533142847328936,3.7227992536923665e-14,0.08074577578921342,5.2464634725163687e-17,3.2302200630454755e-15,0.14598088193322772,1.646310978209422e-15,2.956447385149991e-16,-0.000595266165729849,1.465710536784513e-17,68.67101551267959,3.89966474847106e-06,-0.0006472347663390232,-1.1932516547013305e-07,5403.405711431206,5411.368308968739,5783.746144079249,5776.297985619173,0.01407339678184952,0.005611642317373607,0.14598088193261408,0
10.822000000000283,2.0,0.0,1.0,0.0,1.985819917905,1.305308540313302e-14,0.9999767060283913,-0.0051094779593614794,-1.4166259240834631e-16,-4.43609821810623e-05,0.013276401075450334,-6.358069317951226e-15,0.00013531573036814368,3.713413318447572e-14,0.0775403457612601,5.02548821605621e-17,3.557171353347948e-15,0.14524260213790197,1.6627652528610532e-15,2.7928510351414813e-16,-0.0006840752306680585,1.6281511272771538e-17,68.67101009605524,3.8158467503244885e-06,-0.0006333228051992966,-1.1665647923599546e-07,5403.408163971382,5411.370776387955,5783.7434378531425,5776.295234089554,0.014180101227778758,0.005109670528903093,0.14524260213818616,0
10.84200000000029,2.0,0.0,1.0,0.0,1.9857232246808902,1.3050111124026079e-14,0.9999758289794993,-0.004610250083080731,-1.5464627595396167e-16,-4.3433248972214246e-05,0.012725824374103984,-6.340925087793668e-15,0.00013522222823332205,3.7034000366879555e-14,0.07432472661768151,4.8040906402582946e-17,3.870924557050829e-15,0.14440378076358865,1.6801162399594883e-15,2.684673679179568e-16,-0.0007709337922760465,1.2472627725667022e-17,68.67100433389218,3.730556641693077e-06,-0.0006191664576460238,-1.139314553416922e-07,5403.4106497652265,5411.373277261206,5783.740673564178,5776.292423671517,0.014276795780236318,0.004610454671251217,0.14440378076326593,0
10.862000000000297,2.0,0.0,1.0,0.0,1.9856364825172808,1.3046804412798567e-14,0.9999749707152348,-0.00411411810616977,-1.7247419852316478e-16,-4.248456534621412e-05,0.012173943506764335,-6.3193688942369145e-15,0.00013504940017977114,3.690810002041514e-14,0.07110149059160721,4.5801283709208794e-17,4.072741783415196e-15,0.14346667381104652,1.69059396600142e-15,1.4845215053576012e-16,-0.0008558090033698436,7.732102804272873e-18,68.67099822141914,3.6438800239132015e-06,-0.0006047799358616755,-1.1115365177203176e-07,5403.413165899747,5411.375808663791,5783.737853541066,5776.289556744416,0.014363539290212468,0.004114337459398122,0.14346667381190548,0
10.882000000000303,2.0,0.0,1.0,0.0,1.9855596258074446,1.3043173012185435e-14,0.999974131657575,-0.003621416181525591,-1.8780478674892372e-16,-4.1514673380019865e-05,0.011621192875101166,-6.2974047303815855e-15,0.00013479587145292463,3.6779817363420605e-14,0.06787317473663709,4.3569742973139544e-17,4.199257111722894e-15,0.14243357367916315,1.6982080237309246e-15,1.1612449435875982e-16,-0.0009386699862609822,9.679221485839589e-18,68.67099175415551,3.555902184477323e-06,-0.0005901773999367364,-1.0832661301070586e-07,5403.415709483386,5411.378367692492,5783.734980115487,5776.286635690366,0.014440397362682222,0.003621654128698825,0.14243357367879245,0
10.90200000000031,2.0,0.0,1.0,0.0,1.9854925823491094,1.303926875183457e-14,0.9999733122327744,-0.0031324704886474255,-2.0205261614633926e-16,-4.0523395290049064e-05,0.011068000632540789,-6.280050383543841e-15,0.0001344604186333627,3.667845864527963e-14,0.06464227961252196,4.138138439965081e-17,4.350949467815113e-15,0.14130680691297762,1.7098419846816862e-15,1.2546419134331032e-16,-0.0010194878247839292,8.96066649602482e-18,68.67098492794777,3.4667080391024544e-06,-0.0005753729482288067,-1.0545386576858958e-07,5403.4182776493,5411.380951468875,5783.732055621909,5776.283662894038,0.014507442198206105,0.0031327325943675552,0.14130680691172565,0
10.922000000000317,2.0,0.0,1.0,0.0,1.9854352735051861,1.3035064265819066e-14,0.9999725128697607,-0.0026475991204865947,-2.170795227317168e-16,-3.9510633619708296e-05,0.010514788467308462,-6.258506693250487e-15,0.0001340419732766936,3.655263261626779e-14,0.061411268018275865,3.9178157756955664e-17,4.498075291681199e-15,0.14008873196167151,1.7200766123307082e-15,1.2796208472849965e-16,-0.0010982355550042306,8.561070232828132e-18,68.6709777390035,3.376382075119434e-06,-0.0005603806079160649,-1.0253891480872085e-07,5403.420867558517,5411.383557142426,5783.72908239736,5776.280640742351,0.01456475243219267,0.002647893916487294,0.14008873196209756,0
10.942000000000323,2.0,0.0,1.0,0.0,1.9853876143666693,1.3030545932859796e-14,0.9999717339985267,-0.0021671119780015307,-2.308665933108803e-16,-3.847637114808319e-05,0.009961971393626777,-6.240186021702336e-15,0.00013353962500060906,3.644563097135015e-14,0.05818256377293415,3.700970476036556e-17,4.63649570081229e-15,0.13878173694803536,1.733878326901105e-15,1.8082561425454786e-16,-0.0011748881546238001,1.7062529860248623e-17,68.67097018392357,3.2850082954171286e-06,-0.0005452143257566962,-9.958523891952302e-08,5403.423476402981,5411.3861818936075,5783.726062781122,5776.277571624167,0.0146124129719909,0.0021674535188405844,0.13878173694727958,0
10.96200000000033,2.0,0.0,1.0,0.0,1.9853495139175679,1.3025710528695349e-14,0.9999709760485307,-0.0016913106723749807,-2.5115973412229942e-16,-3.742067052851144e-05,0.009409957551091724,-6.214827389994048e-15,0.0001329526240173722,3.629752475130938e-14,0.054958550544082156,3.48168584094336e-17,4.7756855850774615e-15,0.13738823745086862,1.7490211295959302e-15,6.212987091626604e-17,-0.001249422531126571,1.076480601609501e-17,68.67096225973229,3.1926701645242534e-06,-0.0005298879590438126,-9.659628701816603e-08,5403.426101408472,5411.388822936784,5783.722999114407,5776.27445792989,0.014650514831953742,0.0016917245925600042,0.13738823744975387,0
10.982000000000337,2.0,0.0,1.0,0.0,1.9853208752017033,1.3020487189980154e-14,0.9999702394471048,-0.0012204884348466808,-2.682532892906285e-16,-3.634367366526996e-05,0.00885914801225214,-6.190496266896453e-15,0.00013228038312387922,3.615542009783656e-14,0.05174157072430299,3.265053704979458e-17,4.814685285810427e-15,0.13591067430175563,1.76002711120769e-15,4.310591749674914e-17,-0.001321817508674182,1.127648167887239e-17,68.67095396390533,3.099450554951062e-06,-0.0005144152667783263,-9.357547441992427e-08,5403.428739837407,5411.391477523006,5783.719893739967,5776.271302051053,0.014679154966634748,0.0012210294354396164,0.1359106743017275,0
11.002000000000344,2.0,0.0,1.0,0.0,1.9853015954912314,1.3014899749043278e-14,0.9999695246178796,-0.0007549300341085463,-2.8784802094385033e-16,-3.524560083821919e-05,0.008309936598400796,-6.16371713663255e-15,0.00013152247915595923,3.599901835501014e-14,0.04853392435559064,3.049392886564067e-17,4.7980376620764616e-15,0.13435151139761903,1.7707632589136567e-15,-4.2725977480129675e-17,-0.0013920538137991276,1.2701543461860183e-17,68.67094529439572,3.0054316957434056e-06,-0.0004988099010467111,-9.052617924996383e-08,5403.4313889915165,5411.394142942706,5783.716749001652,5776.268106379831,0.014698436102262851,0.0007557523461938957,0.1343515113968178,0
11.02200000000035,2.0,0.0,1.0,0.0,1.9852915664567297,1.300894880696641e-14,0.9999688319792275,-0.000294911701205578,-3.0557325262666006e-16,-3.412674958443839e-05,0.007762709703589836,-6.140472619702142e-15,0.00013067865391465784,3.586326084695375e-14,0.04533786810180065,2.837841869183592e-17,4.726569446845976e-15,0.13271323353041378,1.7851217836306666e-15,-8.236538468815495e-17,-0.001460114059918264,1.1575572400679678e-17,68.67093624965734,2.9106951215710674e-06,-0.000483085398613155,-8.745173899073302e-08,5403.434046214374,5411.396816528237,5783.7135672439035,5776.264873308513,0.014708466566651975,0.00029687968361807296,0.13271323352966435,0
11.042000000000357,2.0,0.0,1.0,0.0,1.9852906743387069,1.300261757290701e-14,0.9999681619427333,0.00015929893811882098,-3.2416384704970264e-16,-3.298749334733774e-05,0.007217846126867601,-6.1139381082843605e-15,0.00012974881457690835,3.5708288635705806e-14,0.042155614269119034,2.6272523367646612e-17,4.558895683584592e-15,0.13099834423530085,1.788231920928275e-15,-1.608020450667274e-16,-0.0015259827306859104,-1.3337738129477556e-19,68.6709268286667,2.8153216237929437e-06,-0.00046725517273288027,-8.435544719778154e-08,5403.436708893851,5411.399495656289,5783.710350811222,5776.261605228912,0.014709360117689247,0.00016267859847910113,0.1309983442364284,0
11.062000000000364,2.0,0.0,1.0,0.0,1.9852988001203857,1.2995945944149774e-14,0.9999675149116924,0.0006074429237001937,-3.401509366315605e-16,-3.1828279904301425e-05,0.006675716912733846,-6.091334341315856e-15,0.0001287330336023939,3.557627424324652e-14,0.03898932987453056,2.4209374528300025e-17,4.3442023410394326e-15,0.12920936365859786,1.7882771431631075e-15,-1.8029784327170995e-16,-0.0015896461622406089,1.2342623441327525e-18,68.67091703094185,2.7193912020495627e-06,-0.0004513325051784631,-8.124055039964183e-08,5403.4393744643685,5411.402177750191,5783.707102047552,5776.258304531723,0.01470123577055116,0.0006082762077831961,0.12920936365959773,0
11.08200000000037,2.0,0.0,1.0,0.0,1.985315819701608,1.2989011851547667e-14,0.9999668912796436,0.0010492700139227151,-3.5205901877723673e-16,-3.064962958265705e-05,0.006136685199803071,-6.0736282796575834e-15,0.00012763154814938592,3.547286517688027e-14,0.035841135762223655,2.218990132549027e-17,4.186038621646191e-15,0.12734882644677048,1.7902232994665694e-15,-1.0564380164261353e-16,-0.0016510925243499199,1.909435694520945e-18,68.67090685655984,2.6229830179629166e-06,-0.0004353305384948636,-7.811024508282875e-08,5403.442040409078,5411.404860282065,5783.70382329563,5776.254973605841,0.014684217623797492,0.0010497175629239175,0.12734882644550105,0
11.102000000000377,2.0,0.0,1.0,0.0,1.9853416040737213,1.2981792645544707e-14,0.9999662914289389,0.0014845387314567882,-3.680433893833338e-16,-2.9452133276198497e-05,0.005601106077658804,-6.052380634999204e-15,0.0001264447590132358,3.5348771992575774e-14,0.032713105767830805,2.018242990944025e-17,4.0277739282722625e-15,0.12541927965769617,1.7876345755224643e-15,-1.6020166811371346e-16,-0.0017103118005023542,-2.657264513569468e-18,68.67089630617123,2.5261753498827916e-06,-0.00041926226847478087,-7.496767491576192e-08,5403.444704261889,5411.4075407748605,5783.700516896263,5776.251614837614,0.01465843468448481,0.0014848308568149603,0.12541927965763205,0
11.122000000000384,2.0,0.0,1.0,0.0,1.9853760194952992,1.297425196945053e-14,0.9999657157293569,0.001913016401843403,-3.8286078914547163e-16,-2.823645027327888e-05,0.005069326451875611,-6.02893659107922e-15,0.0001251732291037777,3.521185118850455e-14,0.02960726593036627,1.8195521633557343e-17,3.797092846082105e-15,0.12342328069539357,1.78818539068489e-15,-1.9606599177736146e-16,-0.0017672957669714914,2.7344051275651652e-18,68.67088538101287,2.429045548684145e-06,-0.0004031405368623153,-7.181592809464721e-08,5403.4473636093535,5411.410216804249,5783.697185187571,5776.248230610041,0.014624020692445807,0.0019132247779197079,0.12342328069548153,0
11.14200000000039,2.0,0.0,1.0,0.0,1.9854189276685599,1.296642089853567e-14,0.9999651645367601,0.002334479185008394,-4.0010734726319494e-16,-2.7003305908030175e-05,0.0045416849171817895,-6.005676425982523e-15,0.00012381768147452018,3.507600470704107e-14,0.026525593751701902,1.6238749624539098e-17,3.5173079325236453e-15,0.12136339526937155,1.7872758365261454e-15,-3.293980307633286e-16,-0.0018220379708839636,-8.397776203701314e-18,68.6708740829183,2.3316699953448688e-06,-0.0003869780242832386,-6.865803482403554e-08,5403.45001609245,5411.412886000404,5783.693830504172,5776.244823301936,0.014581113943872324,0.002334635355632099,0.12136339526989336,0
11.162000000000397,2.0,0.0,1.0,0.0,1.9854701859163317,1.2958276535263394e-14,0.9999646381918007,0.0027487120997936503,-4.1147178333453263e-16,-2.575348904724676e-05,0.004018511638729851,-5.98685398139651e-15,0.00012237899692780946,3.49660769990314e-14,0.023470017503387154,1.4323121584448477e-17,3.117671102034054e-15,0.1192421953797216,1.7791671548154004e-15,-3.2688089278957756e-16,-0.0018745337073236743,-5.700918167333714e-18,68.67086241432588,2.2341240597427637e-06,-0.00037078724340518893,-6.549696503634372e-08,5403.452659408203,5411.415546049629,5783.6904551762955,5776.241395287014,0.014529857114350571,0.0027488327431384628,0.11924219537961933,0
11.182000000000404,2.0,0.0,1.0,0.0,1.985529647359439,1.294996566922712e-14,0.9999641370186799,0.0031555090415960043,-4.2018001217470734e-16,-2.4487849423974742e-05,0.0035001282414323875,-5.972460755287267e-15,0.00012085821120331542,3.488201840851092e-14,0.02044241558056412,1.2445466446689118e-17,2.793548602248317e-15,0.11706225732903897,1.7712481724002155e-15,-2.881684784390274e-16,-0.001924779995501095,-9.069236161648743e-18,68.67085037828498,2.1364820609844326e-06,-0.0003545805323327058,-6.233562618599197e-08,5403.4552913112075,5411.418194695871,5783.687061528886,5776.237948932967,0.014470397081477019,0.0031556040572865833,0.11706225732845951,0
11.20200000000041,2.0,0.0,1.0,0.0,1.9855971610943637,1.2941484288875426e-14,0.9999636613239605,0.0035546727932086494,-4.2745029586076663e-16,-2.320729483094908e-05,0.002986847707322394,-5.959414125630261e-15,0.00011925651177790549,3.4805824951486423e-14,0.017444615902737055,1.0597189587710405e-17,2.5038300064601763e-15,0.1148261597622188,1.766672634041919e-15,-2.3438234707430265e-16,-0.001972775554029134,-1.4929533530644425e-18,68.67083797845983,2.0388172289727005e-06,-0.00033837004822860373,-5.917686127654179e-08,5403.457909614988,5411.420829742107,5783.683651880619,5776.234486600454,0.014402884747198648,0.0035547485488162385,0.11482615976122047,0
11.222000000000417,2.0,0.0,1.0,0.0,1.9856725723710482,1.2932859669455255e-14,0.9999632113954382,0.003946015028962691,-4.33336805537819e-16,-2.1912788185069335e-05,0.002478974280887167,-5.94778882141429e-15,0.0001175752342883258,3.473793307460571e-14,0.014478395361098007,8.778125160405879e-18,2.261564326970864e-15,0.11253648173513628,1.768256125514529e-15,-1.6826021760114645e-16,-0.002018520775325904,5.1458740470802666e-18,68.67082521913126,1.9412016673598488e-06,-0.00032216776117460994,-5.6023446978043376e-08,5403.460512193259,5411.423449051592,5783.680228542881,5776.2310106420655,0.014327474860012021,0.003946075870923603,0.11253648173517115,0
11.242000000000424,2.0,0.0,1.0,0.0,1.985755722770711,1.2924117243855911e-14,0.9999627875010725,0.004329356312270533,-4.4059589653051317e-16,-2.060534447651293e-05,0.0019768033823200776,-5.934024700700143e-15,0.00011581585860227083,3.465754983540622e-14,0.011545479312081774,6.983725944994489e-18,2.0799252583000216e-15,0.11019580081318743,1.7731407231530231e-15,-1.6496559824950614e-16,-0.0020620176991834743,2.764916974862127e-19,68.67081210519667,1.8437063180681333e-06,-0.00030598544826367964,-5.287809194922889e-08,5403.463096981051,5411.426050548979,5783.676793818732,5776.227523401247,0.014244325837150653,0.004329405347021424,0.11019580081296641,0
11.26200000000043,2.0,0.0,1.0,0.0,1.9858464503835411,1.2915200193368182e-14,0.9999623898879798,0.004704526086675923,-4.502404525312417e-16,-1.9286027613064275e-05,0.0014806215286307742,-5.919229158740385e-15,0.00011398000455260904,3.457114293683264e-14,0.00864754111680206,5.217755677760574e-18,1.8434722415910582e-15,0.1078066912006267,1.7714953946180004e-15,-2.4517926598878233e-16,-0.002103269985537037,-8.970487340120977e-19,68.67079864216757,1.7464009270013813e-06,-0.0002898346879280335,-4.9743435327087034e-08,5403.4656619757,5411.428632221338,5783.673350001771,5776.224027211165,0.0141535995868927,0.004704565617681973,0.10780669120078624,0
11.282000000000437,2.0,0.0,1.0,0.0,1.9859445899861414,1.2906104295024602e-14,0.9999620187814904,0.005071362660518365,-4.561846942799129e-16,-1.795594717311207e-05,0.0009907062625502715,-5.907047514970184e-15,0.00011206942736014982,3.4500002785049373e-14,0.005786201725996629,3.484095635296241e-18,1.5228838062568202e-15,0.10537172190159691,1.7723487319946905e-15,-2.4658298254149927e-16,-0.0021422828864619955,5.486110241333373e-18,68.67078483616551,1.6493540113478315e-06,-0.00027372685450277026,-4.6622045312125444e-08,5403.468205237732,5411.431192119033,5783.669899375012,5776.22052439355,0.014055461331120914,0.005071394448328664,0.10537172190047076,0
11.302000000000444,2.0,0.0,1.0,0.0,1.9860499732185968,1.2896939837485292e-14,0.9999616743842719,0.005429713185323099,-4.603010592572001e-16,-1.661625507880359e-05,0.0005073260891611218,-5.897013529182223e-15,0.00011008601276093604,3.444140630870532e-14,0.0029630293100728535,1.781124145523374e-18,1.261108503110548e-15,0.10289345491371407,1.77743603557444e-15,-2.2816477287575e-16,-0.0021790632174384953,4.9536178968442725e-18,68.67077069391594,1.552632828336028e-06,-0.000257673113024273,-4.3516417943491625e-08,5403.470724891619,5411.433728356466,5783.666444209701,5776.217017257498,0.013950079428257323,0.0054297386101730865,0.10289345491246085,0
11.32200000000045,2.0,0.0,1.0,0.0,1.9861624287610435,1.2887650474241581e-14,0.999961356875519,0.005779433628029991,-4.670752086409982e-16,-1.5268142201261823e-05,3.074042017649301e-05,-5.883791348687517e-15,0.00010803177186342654,3.4364189540545524e-14,0.0001795389338080477,1.0768175254284451e-19,9.34920599987049e-16,0.10037444345503135,1.777404348038916e-15,-3.1267719380871403e-16,-0.0022136193279031872,-2.7785054215076634e-18,68.6707562227402,1.4563033453507505e-06,-0.000241684414268154,-4.042897604681329e-08,5403.473219126416,5411.4362391127415,5783.662986764082,5776.2135080982225,0.013837625196697035,0.005779453795729332,0.10037444345668128,0
11.342000000000457,2.0,0.0,1.0,0.0,1.9862817825096155,1.2878323366095042e-14,0.9999610664102134,0.006120388737178597,-4.655792247893369e-16,-1.3912834910281248e-05,-0.0004388004742072885,-5.880697254723471e-15,0.0001059088357519373,3.434612600088358e-14,-0.002562807724736737,-1.5362827375513088e-18,6.5159318199194165e-16,0.0978172302251707,1.77925095544522e-15,-1.9275879568052032e-16,-0.002245961071138783,5.032927285761587e-18,68.6707414305458,1.3604302110890735e-06,-0.00022577149001905728,-3.7362068278654096e-08,5403.475686196276,5411.438722632182,5783.659529282158,5776.209999195803,0.013718272738865653,0.006120404550449084,0.09781723022331767,0
11.362000000000464,2.0,0.0,1.0,0.0,1.9864078577516473,1.2868928460984175e-14,0.9999608031184509,0.006452452003168159,-4.725211527652612e-16,-1.2551591579648035e-05,-0.0009010555059686095,-5.869853755820876e-15,0.0001037194498644415,3.4282802466135713e-14,-0.005262602611579804,-3.1488665844172443e-18,3.3027586701879265e-16,0.09522434570136533,1.781012753352454e-15,-3.3936038505553757e-16,-0.0022760997735203916,-1.9639985394279287e-18,68.67072632581505,1.2650767292463254e-06,-0.0002099448485793317,-3.431796833410772e-08,5403.478124420876,5411.441177224742,5783.656073992401,5776.206492813871,0.013592198766019336,0.006452464211108805,0.09522434570152435,0
11.38200000000047,2.0,0.0,1.0,0.0,1.9865404753400218,1.2859486414691696e-14,0.9999605671048412,0.006775505612714557,-4.721016224286838e-16,-1.1185699059446303e-05,-0.0013557928025179997,-5.863523681703356e-15,0.00010146596815860593,3.424583980201217e-14,-0.007918491490979847,-4.732903409552545e-18,-3.1864512536478324e-17,0.0925983064701271,1.7791793679401457e-15,-3.1172846269768067e-16,-0.0023040482031586513,-1.5967115009713078e-18,68.67071091759188,1.1703048319335844e-06,-0.00019421477051064358,-3.129887430833769e-08,5403.480532185702,5411.443601266318,5783.652623106452,5776.20299119831,0.013459582423900933,0.0067755148459574584,0.09259830647087688,0
11.402000000000477,2.0,0.0,1.0,0.0,1.9866794538665402,1.2850070649381951e-14,0.9999603584479764,0.0070894403976280935,-4.708750560406215e-16,-9.816469127249169e-06,-0.0018027897326423695,-5.859388574184385e-15,9.915084709199897e-05,3.422169708322636e-14,-0.010529174096904763,-6.288878648914475e-18,-3.5425273709096023e-16,0.08994161359521438,1.7792875026910036e-15,-2.9451989739577345e-16,-0.0023298205379652746,-1.7630687718120523e-18,68.67069521546713,1.0761750561116249e-06,-0.00017859130461320497,-2.8306908179007652e-08,5403.482907942244,5411.445993198943,5783.649178817768,5776.199496575884,0.013320605119373418,0.0070894471938640815,0.08994161359621562,0
11.422000000000484,2.0,0.0,1.0,0.0,1.9868246098342106,1.2840664056639423e-14,0.9999601771999727,0.007394155778038837,-4.6935034760765295e-16,-8.445234928379118e-06,-0.0022418329252359512,-5.8562877495813436e-15,9.677663943785372e-05,3.4203595343281625e-14,-0.013093404242391806,-7.816308640544809e-18,-7.034625671293041e-16,0.08725675102253341,1.7727978902653854e-15,-3.022105770860822e-16,-0.002353432333182214,-6.228640022263881e-18,68.67067922956254,9.827465205279047e-07,-0.0001630842641375928,-2.5344115414882358e-08,5403.4852502081,5411.448351530877,5783.645743300287,5776.196011152889,0.013175450348135422,0.007394160600899747,0.08725675102358539,0
11.44200000000049,2.0,0.0,1.0,0.0,1.9869757578283376,1.283134915595205e-14,0.9999600233860814,0.007689559700197914,-4.636106304344254e-16,-7.073347416651268e-06,-0.0026727182809124957,-5.859246349682379e-15,9.434598795566307e-05,3.422088387568373e-14,-0.01560998988735134,-9.323333222217208e-18,-9.809387152051973e-16,0.08454618402257297,1.7695299677383794e-15,-2.2028720383595928e-16,-0.00237490048840298,-1.796380883561671e-18,68.670662970513,8.900769041935794e-07,-0.00014770322322866727,-2.2412464745131464e-08,5403.48755756694,5411.450674836607,5783.642318707035,5776.192537113764,0.013024303523634973,0.007689562953455255,0.08454618402048011,0
11.462000000000497,2.0,0.0,1.0,0.0,1.9871327106863113,1.282207426125419e-14,0.9999598970043718,0.007975568568985103,-4.627145695261183e-16,-5.70217180521177e-06,-0.003095250976604921,-5.855927324462394e-15,9.186161893835236e-05,3.4201508228520435e-14,-0.01807779316543433,-1.0791157511023878e-17,-1.303548984690047e-15,0.08181235767093492,1.7642532373352378e-15,-3.031813446062714e-16,-0.0023942432141138606,-3.722113677276111e-18,68.6706464494478,7.982224267269556e-07,-0.00013245751360530734,-1.951384801440146e-08,5403.489828668415,5411.452961756738,5783.638907168749,5776.189076619698,0.012867351807284471,0.007975570607382671,0.08181235766876899,0
11.482000000000504,2.0,0.0,1.0,0.0,1.98729527966599,1.2812927171823922e-14,0.9999597980254853,0.008252107175255487,-4.532693728939213e-16,-4.333084038366482e-06,-0.0035092454632571317,-5.8615967515486785e-15,8.932633565796356e-05,3.4234629817024296e-14,-0.020495730370574883,-1.2246342279740909e-17,-1.5627293203331874e-15,0.0790576953674844,1.7630278163789557e-15,-1.7513739329638513e-16,-0.0024114799977976898,1.2553094188061227e-18,68.67062967797033,7.072378290098259e-07,-0.00011735622146549383,-1.6650080172979086e-08,5403.492062227948,5411.455210997799,5783.63551079247,5776.185631807214,0.012704783940081907,0.00825210831288104,0.07905769536867686,0
11.50200000000051,2.0,0.0,1.0,0.0,1.9874632746125713,1.2803909281718233e-14,0.9999597263924596,0.00851910861815883,-4.497623786654817e-16,-2.9674672934845937e-06,-0.00391452545671633,-5.8616999941282446e-15,8.674301172750486e-05,3.423524235528732e-14,-0.022862771903840253,-1.366091050548697e-17,-1.787417414411658e-15,0.07628459739460972,1.7595284178872732e-15,-2.389790932350983e-16,-0.0024266315696179494,-7.11570035847363e-18,68.67061266813685,6.171763568040613e-07,-0.00010240818462767861,-1.3822899400529925e-08,5403.494257026447,5411.457421331953,5783.632131660141,5776.182204786759,0.012536790075743586,0.008519109134988835,0.07628459739384168,0
11.522000000000517,2.0,0.0,1.0,0.0,1.98763650412386,1.2794965747081835e-14,0.9999596820206208,0.008776514222567932,-4.4315977886449116e-16,-1.6067085228530397e-06,-0.00431092392194342,-5.864591475602814e-15,8.41145844043227e-05,3.4252139802169455e-14,-0.025177942181274688,-1.505169098138141e-17,-2.091689394965012e-15,0.07349543951504468,1.751126157562845e-15,-2.37934762597506e-16,-0.002439719867730014,-5.296470099415156e-18,68.67059543243404,5.280897440699237e-07,-8.762198989639378e-05,-1.1033967329349272e-08,5403.496411909914,5411.459591596621,5783.628771827172,5776.178797641289,0.012363561615440484,0.00877651436963727,0.07349543951258697,0
11.542000000000524,2.0,0.0,1.0,0.0,1.9878147757138278,1.278622512827492e-14,0.9999596647975469,0.009024273451752862,-4.326927538719786e-16,-2.5219504397702165e-07,-0.004698283050652254,-5.872166115892825e-15,8.144404784965648e-05,3.429638943823657e-14,-0.027440319503383263,-1.642536075115708e-17,-2.298376715144448e-15,0.0706925716096632,1.7465375816274017e-15,-1.5469863735693764e-16,-0.002450768003240947,-2.5240906054703636e-18,68.67057798375562,4.4002819887458336e-07,-7.300597065390671e-05,-8.284869345371378e-09,5403.498525788995,5411.461720694033,5783.625433321058,5776.175412424845,0.012185291044241722,0.00902427345527682,0.07069257161057413,0
11.56200000000053,2.0,0.0,1.0,0.0,1.9879978959743791,1.2777689414930448e-14,0.9999596745830968,0.009262343815439812,-4.258307603952867e-16,1.0946888129049515e-06,-0.005076454232501,-5.8789583136533536e-15,7.873444636443842e-05,3.433606941625696e-14,-0.02964903588697542,-1.7767998228793314e-17,-2.427378026580797e-15,0.067878316355631,1.7446279086298225e-15,-1.8960252052608937e-16,-0.002459800224852356,-6.554103961916875e-18,68.67056033537803,3.5304039022135414e-07,-5.856820467857077e-05,-5.577115056231188e-09,5403.500597638434,5411.463807590688,5783.622118139928,5776.172051161137,0.012002171769353774,0.009262343880128816,0.06787831635483413,0
11.582000000000537,2.0,0.0,1.0,0.0,1.9881856707352261,1.2769350101811027e-14,0.9999597112095062,0.009490690773394424,-4.094279910886296e-16,2.4325649916300273e-06,-0.005445298019956286,-5.8922294671643495e-15,7.598886762307844e-05,3.4413589943882176e-14,-0.03180327686007172,-1.9102015573114183e-17,-2.5066730055485206e-15,0.06505496794525786,1.7472438298289827e-15,3.6956837770443166e-17,-0.0024668418832185074,1.18936840943505e-17,68.67054250093524,2.671734359321816e-07,-4.431651218570544e-05,-2.9121387988521284e-09,5403.502626496461,5411.465851316739,5783.618828251162,5776.168715842137,0.011814397960248843,0.00949069108514056,0.06505496794431077,0
11.602000000000544,2.0,0.0,1.0,0.0,1.9883779052217874,1.2761269882783613e-14,0.9999597744815489,0.009709287634670521,-4.003167710772056e-16,3.7600649238301377e-06,-0.005804684086953532,-5.900328922863964e-15,7.32104359236144e-05,3.446090533150519e-14,-0.03390228122059418,-2.0390738121025028e-17,-2.4411364400166046e-15,0.062224790845852966,1.7615154380861255e-15,5.426368599928616e-17,-0.002471919395048114,1.2868354742360657e-17,68.67052449439299,1.8247289259845938e-07,-3.0258454086837424e-05,-2.9130025772521313e-10,5403.504611464099,5411.467850965319,5783.615565589974,5776.165408426673,0.011622164390770422,0.00970928836274081,0.06222479084707118,0
11.62200000000055,2.0,0.0,1.0,0.0,1.988574404211027,1.2753338243250513e-14,0.9999598641767616,0.009918115452666128,-3.9243531330915384e-16,5.075832662114861e-06,-0.006154491181484497,-5.904499427164464e-15,7.040230546453884e-05,3.4485273807018854e-14,-0.035945340759604226,-2.1634836761136644e-17,-2.4084710773656436e-15,0.059390018600867345,1.7702512585041133e-15,4.0503479917077747e-17,-0.0024750602069787014,8.737890054633365e-18,68.67050633002219,9.898274594098086e-08,-1.640133047298578e-05,2.2841148115949796e-09,5403.506551704415,5411.469805691787,5783.61233205803,5776.162130839038,0.011425666283298582,0.009918116751505392,0.059390018603615355,0
11.642000000000557,2.0,0.0,1.0,0.0,1.988774972185149,1.2745563327384388e-14,0.9999599800457286,0.010117162916130037,-3.8489481086632734e-16,6.378527925591441e-06,-0.006494607072239804,-5.909445113870919e-15,6.756765368039535e-05,3.451416987227792e-14,-0.037931799949833894,-2.2849579890908675e-17,-2.3897759011288244e-15,0.056552852672549364,1.777720679018786e-15,2.0144087576656135e-17,-0.0024762927592642974,5.0885536334736724e-18,68.67048802237196,1.6745403035064363e-08,-2.7521793065816234e-06,4.81289378598697e-09,5403.5084464417,5411.471714712916,5783.609129522072,5776.158884967629,0.011225099155059452,0.01011716492685255,0.056552852674516034,0
11.662000000000564,2.0,0.0,1.0,0.0,1.9889794134830698,1.2737948694863225e-14,0.9999601218124292,0.010306426236261882,-3.7652684956062474e-16,7.66682905171188e-06,-0.00682492848943813,-5.9172979004040835e-15,6.470967463442445e-05,3.4560045004444586e-14,-0.039861055600277986,-2.404365166246772e-17,-2.3777930416112296e-15,0.05371546132632643,1.7828706190924727e-15,2.592445724915398e-17,-0.002475646449289313,6.583560009113934e-18,68.67046958624191,-6.4198314178822e-08,1.0682224665327144e-05,7.29389631229724e-09,5403.510294960589,5411.473577306024,5783.605959812562,5776.155672663582,0.011020658666658125,0.01030642908789339,0.05371546132411702,0
11.68200000000057,2.0,0.0,1.0,0.0,1.989187532449588,1.2730554138588107e-14,0.9999602891746413,0.010485909030050524,-3.6534849731043636e-16,8.939435848141075e-06,-0.007145361059978631,-5.926755869058436e-15,6.183157249961159e-05,3.4615295337453014e-14,-0.041732556477644095,-2.521275829050718e-17,-2.2713773778105094e-15,0.05087997855708033,1.7939067308621782e-15,1.1646837618281774e-16,-0.002473151594952988,1.2506055033897472e-17,68.67045103665444,-1.438091742248989e-07,2.389537079150189e-05,9.726053358878735e-09,5403.512096605136,5411.4753928080345,5783.602824722344,5776.152495739448,0.010812540472912129,0.010485912840568932,0.05087997855914788,0
11.702000000000577,2.0,0.0,1.0,0.0,1.9893991335821843,1.2723309778395093e-14,0.9999604818043998,0.01065562219999526,-3.607357549324321e-16,1.0195072338658157e-05,-0.007455819237052337,-5.928942860325378e-15,5.893655513874111e-05,3.4628079523146575e-14,-0.04354580289545182,-2.631794860301547e-17,-2.1735201336635097e-15,0.04804850305744996,1.8056566038480253e-15,3.1077914120466397e-17,-0.0024688393979462094,7.129659090867729e-18,68.67043238882631,-2.2204954010187488e-07,3.688101318668471e-05,1.2108366188874182e-08,5403.51385077782,5411.477160614514,5783.599726005331,5776.149355967876,0.010600940076057183,0.010655627077208164,0.04804850306102355,0
11.722000000000584,2.0,0.0,1.0,0.0,1.9896140216753753,1.2716128041878806e-14,0.999960699348512,0.010815583810355056,-3.566102021887659e-16,1.1432489399143676e-05,-0.007756226224350557,-5.930528984093729e-15,5.602782779037776e-05,3.463735439527075e-14,-0.04530034627158648,-2.7385681770916938e-17,-2.2193902460702006e-15,0.04522309722826941,1.8064151046159237e-15,-6.664526633874464e-17,-0.002462741906951104,-2.576125533486085e-18,68.6704136581404,-2.9888337245555337e-07,4.96331711964783e-05,1.4439905294404213e-08,5403.515556938516,5411.47888017863,5783.596665375234,5776.146255080351,0.010386052681398366,0.010815589852644573,0.04522309723138868,0
11.74200000000059,2.0,0.0,1.0,0.0,1.9898320019625573,1.2709095669726037e-14,0.9999609414291214,0.010965818960071325,-3.475112370500227e-16,1.2650467278406265e-05,-0.00804651389501247,-5.937121924686183e-15,5.3108586885176064e-05,3.467587172099304e-14,-0.04699578865513658,-2.844223029955005e-17,-2.2707394846840044e-15,0.04240578623120822,1.8043301181031444e-15,-2.8564359096085796e-17,-0.0024548919807921956,-4.878998052899608e-18,68.67039486011691,-3.742762309483745e-07,6.214612965788841e-05,1.6719809243480867e-08,5403.517214603417,5411.480551010076,5783.5936445042935,5776.14319476593,0.010168073055471141,0.010965826257030617,0.04240578623516849,0
11.762000000000597,2.0,0.0,1.0,0.0,1.9900528802552708,1.2702242106314829e-14,0.9999612076443224,0.011106359652509694,-3.388532626746086e-16,1.384781799853942e-05,-0.008326622705452126,-5.943622343091382e-15,5.0182014002300447e-05,3.471384871948553e-14,-0.048631782223332344,-2.946458085919176e-17,-2.2848966005263283e-15,0.03959855708365557,1.8020299105995168e-15,-3.501602863731977e-18,-0.0024453232515615603,-1.3578346573184353e-18,68.67037601038494,-4.481952745249299e-07,7.441443896086978e-05,1.8947283487442714e-08,5403.518823343921,5411.482172673972,5783.59066502207,5776.140176670047,0.00994719538678315,0.011106368285490923,0.03959855708180593,0
11.782000000000604,2.0,0.0,1.0,0.0,1.9902764630798289,1.2695550461701488e-14,0.9999614975688206,0.011237244662166988,-3.31416759784079e-16,1.5023387632860935e-05,-0.008596501604209904,-5.949973580399655e-15,4.7251269976308404e-05,3.475095445823063e-14,-0.05020802874943192,-3.0452098078361026e-17,-2.290347347721146e-15,0.0368033577958541,1.8001892114177332e-15,-1.478565381430936e-17,-0.0024340700877604525,-1.5139868752106604e-18,68.67035712465375,-5.206092608684778e-07,8.643291491386078e-05,2.1121599125066185e-08,5403.5203827854675,5411.483744789706,5783.5877285142615,5776.137202393322,0.009723613149191917,0.011237254704756694,0.03680335779194883,0
11.80200000000061,2.0,0.0,1.0,0.0,1.9905025578112463,1.2688994923471744e-14,0.9999618107546376,0.01135851939848854,-3.226325944401829e-16,1.6176058457533138e-05,-0.008856107935973358,-5.956725285389304e-15,4.431948916722399e-05,3.479039915925797e-14,-0.05172427904239998,-3.140734073220388e-17,-2.331176508672121e-15,0.03402209655025436,1.795848257029152e-15,9.588512065771765e-18,-0.0024211675574669993,9.500353564838882e-19,68.67033821868422,-5.914885443931117e-07,9.819663841522363e-05,2.324209160010028e-08,5403.521892606348,5411.485267029743,5783.584836521542,5776.134273490427,0.009497518967982115,0.01135853091692353,0.03402209654686619,0
11.822000000000617,2.0,0.0,1.0,0.0,1.9907309728044142,1.268267835213542e-14,0.9999621467318588,0.011470235766941568,-3.1004610116067757e-16,1.7304750973330012e-05,-0.009105407340912986,-5.967689590631425e-15,4.138977390489431e-05,3.485444767112334e-14,-0.053180332359227436,-3.235091416779763e-17,-2.2393426966674186e-15,0.03125664092304193,1.8042670155830433e-15,1.4512764786174048e-16,-0.0024066513915636948,1.2573383988808825e-17,68.67031930826069,-6.608050731886647e-07,0.0001097009549322402,2.5308159377358265e-08,5403.52335253651,5411.48673911843,5783.581990538478,5776.131391468998,0.009269104488698858,0.011470248820476035,0.03125664092533483,0
11.842000000000624,2.0,0.0,1.0,0.0,1.9909615175224675,1.2676558376033154e-14,0.9999625050094163,0.01157245202749017,-3.034223568762247e-16,1.8408425796237316e-05,-0.009344373649481142,-5.973956040503263e-15,3.8465189120567614e-05,3.489105823706993e-14,-0.05457603579075747,-3.323482761473981e-17,-2.0762143570369105e-15,0.028508817147747615,1.8169718997448805e-15,1.2170748502575652e-16,-0.002390557947057097,8.886811999287833e-18,68.67030040916264,-7.285323845660192e-07,0.000120941473796136,2.7319262573751305e-08,5403.524762356283,5411.488160830726,5783.579192012463,5776.128557788579,0.009038560248788543,0.011572466668722864,0.028508817146539016,0
11.86200000000063,2.0,0.0,1.0,0.0,1.9911940026622963,1.2670577464256027e-14,0.9999628850759135,0.011665232650616397,-2.9681388713690954e-16,1.9486085414113034e-05,-0.009572988772823978,-5.979754223898531e-15,3.554875716683973e-05,3.492493385783953e-14,-0.05591128362189088,-3.4081001935653274e-17,-1.919711983427578e-15,0.025780409420824654,1.8259772997764102e-15,1.130971579476913e-16,-0.0023729241705031097,5.655594757815385e-18,68.67028153713711,-7.946456001182772e-07,0.00013191406731190424,2.9274921547949975e-08,5403.5261218951355,5411.489531990978,5783.576442342692,5776.1257738596205,0.008806075552096674,0.01166524892578515,0.025780409422425078,0
11.882000000000637,2.0,0.0,1.0,0.0,1.9914282402771495,1.2664705399101852e-14,0.9999632864004793,0.011748648171032326,-2.8890397668512665e-16,2.053677580844026e-05,-0.009791242588953029,-5.984428013438037e-15,3.2643452843678e-05,3.495224238461255e-14,-0.05718601666702697,-3.488527777591861e-17,-1.8002723350644436e-15,0.0230731592490494,1.8340659585421793e-15,1.5681679740153992e-16,-0.0023537875615754367,1.0026149240376014e-17,68.67026270787123,-8.591214190444677e-07,0.00014261486968902628,3.117471547621884e-08,5403.52743103038,5411.490852471608,5783.57374287921,5776.123041042518,0.008571838346275092,0.011748666120281989,0.023073159241615546,0
11.902000000000644,2.0,0.0,1.0,0.0,1.9916640438962914,1.2659038435892965e-14,0.9999637084336541,0.01182277503922672,-2.8126187052269467e-16,2.1559587939698986e-05,-0.00999913282483018,-5.992147840848212e-15,2.9752198634519575e-05,3.499734134509814e-14,-0.05840022158163614,-3.567194918700851e-17,-1.5452286167844952e-15,0.020388764838575095,1.8511193608885103e-15,2.0929981262262717e-16,-0.002333186136791512,1.2656037463801902e-17,68.67024393696518,-9.219381108220023e-07,0.00015304027579402286,3.301828091121914e-08,5403.528689685867,5411.492122191823,5783.5710949219865,5776.120360646713,0.008336035103137763,0.011822794696855498,0.020388764842536825,0
11.92200000000065,2.0,0.0,1.0,0.0,1.991901228641663,1.2653508932295133e-14,0.9999641506083053,0.01188769547098981,-2.731847290855859e-16,2.255365909573719e-05,-0.01019666493451361,-5.9975842771863224e-15,2.68778601574433e-05,3.502910402426005e-14,-0.05955393015082497,-3.6409670248005136e-17,-1.2380802767068851e-15,0.017728880525431204,1.871710364045926e-15,3.015374044275121e-16,-0.002311158393429095,1.850322448331095e-17,68.67022523990592,-9.83075506492059e-07,0.00016318693973357373,3.480531029199234e-08,5403.529897830679,5411.493341116304,5783.568499720058,5776.117733929845,0.008098850702013424,0.011887716865678214,0.017728880520231537,0
11.942000000000657,2.0,0.0,1.0,0.0,1.9921396113415173,1.2648130535696002e-14,0.9999646123405672,0.011943497295058272,-2.6627750172017e-16,2.3518174103241763e-05,-0.010383851973519353,-6.004790684683239e-15,2.4023241838826875e-05,3.507120421057553e-14,-0.06064721855579643,-3.712263988150492e-17,-8.212271115597554e-16,0.015095116247249626,1.899973429478181e-15,3.963138318021248e-16,-0.0022877432736448165,2.7823759888528675e-17,68.67020663204114,-1.0425149893886526e-06,0.00017305177326302357,3.6535550462940046e-08,5403.531055477794,5411.494509253884,5783.565958470712,5776.115162096936,0.007860468316127463,0.011943520450084113,0.015095116258190336,0
11.962000000000664,2.0,0.0,1.0,0.0,1.9923790106409849,1.2642825821738671e-14,0.9999650930308037,0.011990273799022844,-2.6436539662778567e-16,2.4452366401370018e-05,-0.01056071446954851,-6.004086475179441e-15,2.1191082817197145e-05,3.506710204747099e-14,-0.06168020661907971,-3.775052369351372e-17,-3.744613087642511e-16,0.012489037055953611,1.9329622412226963e-15,3.9158591750724945e-16,-0.0022629801288369484,2.9923049733135524e-17,68.67018812855414,-1.1002394842862257e-06,0.00018263194403708892,3.8208801167593675e-08,5403.532162682764,5411.495626656216,5783.563472318734,5776.112646299669,0.007621069302054675,0.011990298732465189,0.012489037050416919,0
11.98200000000067,2.0,0.0,1.0,0.0,1.992619247109541,1.2637492418055017e-14,0.9999655920645908,0.012028123573638546,-2.6754256363810263e-16,2.5355518979212765e-05,-0.010727280289732737,-5.998643512854536e-15,1.8384053081270172e-05,3.503532288340966e-14,-0.06265305702942059,-3.8311192619330904e-17,-1.7244048572560243e-17,0.009912162671130625,1.960948867684036e-15,2.8078250529896324e-16,-0.002236908684257134,2.2782651773274178e-17,68.67016974443919,-1.1562334462823108e-06,0.00019192487369367996,3.982491354766317e-08,5403.533219542372,5411.4966934164395,5783.561042355721,5776.110187635698,0.007380833092276133,0.012028150298573011,0.009912162688981877,0
12.002000000000677,2.0,0.0,1.0,0.0,1.9928601433453423,1.263212200904667e-14,0.9999661088137175,0.012057150355677509,-2.697204758220275e-16,2.6226965178011542e-05,-0.010883584504550257,-5.993021949778702e-15,1.560474983877375e-05,3.500250044520179e-14,-0.06356597454722054,-3.883301029961805e-17,2.773587969364918e-16,0.007365967073784979,1.9857315650986855e-15,2.2981908751404086e-16,-0.0022095690038976914,1.8234929338366997e-17,68.67015149447761,-1.210482848183826e-06,0.00020092823578177885,4.138378861250012e-08,5403.534226193295,5411.497709667839,5783.558669619423,5776.107787148009,0.007139937090869003,0.012057178880364873,0.007365967058381944,0
12.022000000000684,2.0,0.0,1.0,0.0,1.9931015240764072,1.2626701512884593e-14,0.9999666426371994,0.012077462869463328,-2.716042867317208e-16,2.7066089358067896e-05,-0.011029669248567029,-5.988837097814258e-15,1.2855694131827563e-05,3.4978069022368643e-14,-0.06441920519142626,-3.9326787242833035e-17,5.206604687755376e-16,0.004851878140134243,2.0074292296106097e-15,2.1515785521638834e-16,-0.0021810014556878686,2.0052579457462365e-17,68.67013339321474,-1.2629751670846305e-06,0.00020963995353896352,4.2885375733201546e-08,5403.535182810766,5411.498675582515,5783.55635509318,5776.1054458243725,0.006898556572359391,0.012077493197533108,0.0048518781495369544,0
12.04200000000069,2.0,0.0,1.0,0.0,1.9933432162586109,1.2621216246632221e-14,0.9999671928823056,0.01208917466722369,-2.7834691150798566e-16,2.787232743275386e-05,-0.011165583578151148,-5.977576831230217e-15,1.0139327689739925e-05,3.491231314966207e-14,-0.06521303540873434,-3.973656421831099e-17,7.1783284954217e-16,0.002371277315095213,2.029593920442342e-15,8.565153625141831e-17,-0.00215124667699888,1.574065977188423e-17,68.67011545493766,-1.3136993699668781e-06,0.00021805819751378986,4.432967111713362e-08,5403.536089607236,5411.499591370045,5783.5540997054,5776.10316459683,0.006656864583765685,0.012089206797854008,0.00237127726385452,0
12.062000000000697,2.0,0.0,1.0,0.0,1.9935850491704794,1.2615604673053236e-14,0.999967758885595,0.012092403968398013,-2.8287263331591604e-16,2.8645167271651663e-05,-0.011291383326317846,-5.969806944598794e-15,7.458010027716452e-06,3.486694281024696e-14,-0.0659477912260288,-4.013205469876292e-17,7.903941882699853e-16,-7.450067492099655e-05,2.0499855625945225e-15,3.156962384024855e-17,-0.002120345540497554,1.5743941400860656e-17,68.67009769365367,-1.3626458989992671e-06,0.00022618138304857826,4.571671630586276e-08,5403.536946831055,5411.500457276159,5783.551904329097,5776.100944341251,0.006415031849852737,0.012092437896492834,7.449878353908667e-05,0
12.082000000000704,2.0,0.0,1.0,0.0,1.9938268545047553,1.2609941892026559e-14,0.999968339973957,0.012087273498034507,-2.8185327786167245e-16,2.9384148974322504e-05,-0.011407130954852506,-5.966646923518152e-15,4.8140157910763035e-06,3.48484964241532e-14,-0.06662383738691204,-4.052200799887138e-17,8.676834155976453e-16,-0.0024841680703048324,2.0710899488953087e-15,1.407571650593431e-16,-0.0020883391203567023,2.3864744104147712e-17,68.67008012306984,-1.4098066551076159e-06,0.00023400816761698896,4.704659665632392e-08,5403.537754765132,5411.501273581416,5783.549769781503,5776.0987858769595,0.006173226681623581,0.012087309214399138,0.0024841680940097437,0
12.10200000000071,2.0,0.0,1.0,0.0,1.9940684664567276,1.2604283384025508e-14,0.99996893546566,0.012073910324410379,-2.8585030007891675e-16,3.0088865017803755e-05,-0.011512895403868337,-5.9610393897200195e-15,2.209532340943027e-06,3.481575502752603e-14,-0.06724157647324325,-4.0859304763074405e-17,1.0537713261507155e-15,-0.004856484288069641,2.106120195649047e-15,1.2318926127615633e-16,-0.0020552686588529534,2.9415913013865653e-17,68.67006275657326,-1.4551749811962984e-06,0.00024153744803019495,4.831943984450195e-08,5403.53851372565,5411.502040599901,5783.54769682373,5776.096689966408,0.005931614888060327,0.012073947815925891,0.0048564843190556555,0
12.122000000000718,2.0,0.0,1.0,0.0,1.9943097218093013,1.2598531447543926e-14,0.9999695446713983,0.012052445696006163,-2.8969643391157997e-16,3.075896028041949e-05,-0.01160875193894387,-5.9528552919561545e-15,-3.5334241301667054e-07,3.4767964870062296e-14,-0.0678014480125317,-4.1142957343435e-17,1.2041524638698278e-15,-0.007190256093636602,2.137621913835412e-15,1.22496329032996e-16,-0.0020211755333481934,2.8645011387910573e-17,68.67004560721243,-1.4987456447028126e-06,0.000248768357502355,4.9535414404229116e-08,5403.539224060745,5411.502758677915,5783.545686160514,5776.094657314932,0.00569035969114266,0.012052484945803292,0.007190256092280903,0
12.142000000000724,2.0,0.0,1.0,0.0,1.9945504600148052,1.2592704790942405e-14,0.9999701668953388,0.012023014877965598,-2.936432969023307e-16,3.1394131944780376e-05,-0.011694781995996766,-5.944921993826179e-15,-2.8726019356238044e-06,3.472163930286153e-14,-0.06830392757209774,-4.139264348151012e-17,1.3662637042501662e-15,-0.009484337735053451,2.167454978159948e-15,1.3256802511430012e-16,-0.0019861012237056895,2.4398382060697982e-17,68.6700286876795,-1.54051481917372e-06,0.00025570026259534026,5.069472822538775e-08,5403.5398861492295,5411.503428192698,5783.543738439997,5776.09268857056,0.005449621644148413,0.012023055865598509,0.009484337730442919,0
12.162000000000731,2.0,0.0,1.0,0.0,1.9947905232735215,1.2586745810261785e-14,0.9999708014361659,0.011985756988168476,-3.0263450208600775e-16,3.199412928328216e-05,-0.011771073024039964,-5.931630127517029e-15,-5.3463327516204735e-06,3.4644016495082876e-14,-0.0687495258408551,-4.1569538907897073e-17,1.4646348858715211e-15,-0.011737631040137848,2.1935911549213435e-15,1.4030876836930395e-17,-0.0019500872801250515,1.4660030713588138e-17,68.6700120102936,-1.58048006492081e-06,0.00026233276003359443,5.179762711568592e-08,5403.540500399324,5411.504049551156,5783.541854253603,5776.090784323891,0.005209558553260678,0.011985799689788666,0.011737631048776651,0
12.182000000000738,2.0,0.0,1.0,0.0,1.9950297566089357,1.2580620880830928e-14,0.9999714475881193,0.01194081483304414,-3.081512166600467e-16,3.255875332970904e-05,-0.011837718325970728,-5.922020066513984e-15,-7.772715887318778e-06,3.4587897235614534e-14,-0.06913878769959178,-4.1737187693703503e-17,1.453835898702201e-15,-0.013949085477055605,2.2117402218798483e-15,1.8359605361936256e-18,-0.001913175291438948,2.036910562291559e-17,68.66999558698502,-1.6186403095085692e-06,0.00026866567340412756,5.2844393370292936e-08,5403.5410672474045,5411.504623188606,5783.5400341359455,5776.088945108024,0.004970325402490554,0.01194085922157469,0.013949085475353477,0
12.202000000000744,2.0,0.0,1.0,0.0,1.995268007939699,1.2574381929990692e-14,0.9999721046420249,0.011888334743250097,-3.1307298863270317e-16,3.30878564404702e-05,-0.011894816897540482,-5.9129099642139696e-15,-1.0150028078710556e-05,3.4534697773721445e-14,-0.06947229128061451,-4.187400914213915e-17,1.4201962963166504e-15,-0.0161176981788498,2.2322359504156813e-15,1.5530583080742595e-18,-0.0018754068538696055,2.0853095166779016e-17,68.66997942928072,-1.6549958267578579e-06,0.00027469904973413743,5.383534436287977e-08,5403.541587156764,5411.505149567548,5783.538278564836,5776.087171398582,0.004732074281934808,0.011888380788560365,0.016117698186521916,0
12.222000000000751,2.0,0.0,1.0,0.0,1.9955051281483054,1.2568048718052842e-14,0.999972771886315,0.01182846640933944,-3.1789811774596796e-16,3.358134174952549e-05,-0.011942473264653496,-5.902721433688302e-15,-1.247664274549102e-05,3.447519944295112e-14,-0.06975064701762033,-4.1969354351856695e-17,1.3906670195055879e-15,-0.01824251393248407,2.2524682546733154e-15,1.172767619811384e-18,-0.0018368235402758419,2.1473819545251807e-17,68.66996354829048,-1.6895482157426598e-06,0.00028043315596540126,5.477083113591136e-08,5403.542060616396,5411.505629176443,5783.53658796132,5776.085463613763,0.004494954319382059,0.011828514078420213,0.018242513928201132,0
12.242000000000758,2.0,0.0,1.0,0.0,1.9957409711464833,1.2561641771918955e-14,0.9999734486080376,0.011761362717537872,-3.204393245844317e-16,3.403916252111907e-05,-0.011980797319139015,-5.89587336074703e-15,-1.4751030737089748e-05,3.443521100883231e-14,-0.06997449668663955,-4.205520860559796e-17,1.3977916122987804e-15,-0.02032262513294837,2.2783478285339324e-15,6.45948000026097e-17,-0.0017974668698923864,2.6348057087699522e-17,68.66994795469448,-1.7223003789513293e-06,0.00028586847531625326,5.565123704975223e-08,5403.542488139812,5411.506062528516,5783.5349626898005,5776.083822114482,0.004259111615290554,0.011761411974676977,0.02032262514148432,0
12.262000000000764,2.0,0.0,1.0,0.0,1.9959753939373055,1.2555160755616803e-14,0.9999741340938502,0.011687179585749915,-3.279414924336478e-16,3.446132140447507e-05,-0.012009904153144362,-5.884738433865592e-15,-1.6971760851591106e-05,3.437018468872999e-14,-0.07014451243891218,-4.207778069657398e-17,1.4413158120638105e-15,-0.02235717170301478,2.306637728755117e-15,-9.135874070025823e-18,-0.00175737827858427,2.3119662160007325e-17,68.66993265873178,-1.753256499497687e-06,0.00029100570354139566,5.6476976444511326e-08,5403.542870263861,5411.506450160592,5783.533403058224,5776.08224720456,0.004024689181163969,0.01168723039270821,0.022357171708180825,0
12.282000000000771,2.0,0.0,1.0,0.0,1.9962082566740196,1.2548548599457071e-14,0.9999748276309987,0.011606075799911436,-3.3317612809559223e-16,3.484786959468782e-05,-0.012029913892289107,-5.874667863227202e-15,-1.9137500137773918e-05,3.431137454861221e-14,-0.07026139582651555,-4.207577739204834e-17,1.431407538788895e-15,-0.024345340979236293,2.3310406785187026e-15,-1.8883515674501154e-17,-0.0017165990896277302,2.015615476371228e-17,68.66991767018983,-1.7824220184012508e-06,0.00029584574509552975,5.724849331274622e-08,5403.543207547589,5411.5067926319425,5783.531909318314,5776.080739130993,0.003791826881369747,0.011606128116099063,0.024345340974926997,0
12.302000000000778,2.0,0.0,1.0,0.0,1.9964394227156153,1.254182503851122e-14,0.9999755285082785,0.011518212850803842,-3.3758934127495897e-16,3.5198905904701715e-05,-0.01204095152772672,-5.8667896641181175e-15,-2.1247013982096183e-05,3.42653688369343e-14,-0.07032587682159808,-4.205792334938823e-17,1.4001507130297358e-15,-0.02628636756480545,2.3562073777213163e-15,-4.931324492599883e-18,-0.0016751704850344606,2.515930055633673e-17,68.66990299839507,-1.8098036106689923e-06,0.0003003897092031756,5.796626001760662e-08,5403.54350057111,5411.50709052316,5783.5304816658745,5776.079298084254,0.0035606613784497586,0.0115182666334566,0.026286367568674734,0
12.322000000000784,2.0,0.0,1.0,0.0,1.9966687586791285,1.2535038922267069e-14,0.9999762360169757,0.011423754771442526,-3.3967289917663646e-16,3.551457575270235e-05,-0.012043146747251416,-5.860030133204558e-15,-2.329916598566153e-05,3.4225896523563585e-14,-0.07033871283002395,-4.201714197237148e-17,1.4251549344919272e-15,-0.02817953314989501,2.388033502194179e-15,7.396312670077741e-17,-0.0016331334774221003,3.292485118291911e-17,68.66988865220476,-1.8354091611066829e-06,0.00030463890583683743,5.863077605347213e-08,5403.543749934511,5411.507344435051,5783.529120241164,5776.077924198697,0.0033313260820236057,0.011423809975798213,0.028179533150413327,0
12.342000000000791,2.0,0.0,1.0,0.0,1.9968961344887068,1.2528142195936667e-14,0.9999769494517872,0.011322867975150766,-3.484915387614858e-16,3.5795070069672936e-05,-0.012036633765592492,-5.846923681003393e-15,-2.5292917641083564e-05,3.414935432862996e-14,-0.07030068770025963,-4.190051190249566e-17,1.4303017741459116e-15,-0.030024166300123264,2.4219645845609228e-15,-3.509088803275374e-17,-0.0015905288824531068,3.001501518229388e-17,68.66987463999955,-1.8592477395370993e-06,0.0003085948416111856,5.924256679693329e-08,5403.543956256777,5411.507554987576,5783.527825129313,5776.076617552973,0.0031039511014138168,0.01132292455462528,0.03002416630329362,0
12.362000000000798,2.0,0.0,1.0,0.0,1.9971214234214403,1.2521103033771513e-14,0.9999776681117177,0.011215721094427616,-3.5342469803332694e-16,3.604062413226323e-05,-0.012021551154031366,-5.837012098807922e-15,-2.7227327809901838e-05,3.409147171873137e-14,-0.07021261072829205,-4.1777084703104124e-17,1.3619944720927122e-15,-0.031819642213796566,2.4514327503775997e-15,-4.0636297541946816e-17,-0.0015473972918510158,2.6926113028487313e-17,68.66986096967746,-1.8813295759240366e-06,0.00031225921559560165,5.980218232634678e-08,5403.544120174749,5411.5077228187865,5783.5265963608135,5776.075378170561,0.0028786632022289173,0.011215779000790647,0.03181964221070855,0
12.382000000000804,2.0,0.0,1.0,0.0,1.9973445021499798,1.2514030549280237e-14,0.9999783913009548,0.0111024848207159,-3.538613939160968e-16,3.625151632533836e-05,-0.011998041669479495,-5.832965528325214e-15,-2.9101552016754957e-05,3.4067843853571857e-14,-0.07007531565938577,-4.166649510642448e-17,1.3921214152233902e-15,-0.03356538244860228,2.4857101492304645e-15,7.969728225567308e-17,-0.0015037790470020605,3.321575617832412e-17,68.66984764864861,-1.9016660343676953e-06,0.00031563391505305845,6.031019624472476e-08,5403.544242342098,5411.507848583803,5783.525433912057,5776.074206020288,0.00265558576727173,0.011102544004266,0.03356538244741048,0
12.402000000000811,2.0,0.0,1.0,0.0,1.997565250781965,1.2506907726448457e-14,0.9999791183297153,0.010983331745174432,-3.573871550065157e-16,3.642806683957086e-05,-0.011966252083151581,-5.824856498052994e-15,-3.091484155572755e-05,3.402048864786102e-14,-0.06988965968746437,-4.1498340795293745e-17,1.498149340296094e-15,-0.035260854618425846,2.5285364897103694e-15,1.2097512223423127e-16,-0.001459714213155614,3.907757315089815e-17,68.66983468383125,-1.920269586898338e-06,0.00031872101110427153,6.076720455435654e-08,5403.544323428339,5411.507932953828,5783.524337705937,5776.0731010169775,0.002434838762398013,0.010983392154913257,0.03526085461699742,0
12.422000000000818,2.0,0.0,1.0,0.0,1.997783552896276,1.249966802250082e-14,0.9999798485150668,0.010858436200555956,-3.663521415558598e-16,3.657063630890577e-05,-0.01192633300896532,-5.811151669188721e-15,-3.266654242439745e-05,3.394045051251603e-14,-0.06965652245288292,-4.126260591788029e-17,1.5823868138936153e-15,-0.03690557206098389,2.5725207407406285e-15,1.8588557838198443e-17,-0.0014152425542306257,3.637584636914973e-17,68.66982208164855,-1.937153787258843e-06,0.0003215227543238436,6.117382456454332e-08,5403.544364117858,5411.507976615163,5783.523307612494,5776.072063022104,0.002216538708426202,0.010858497784361524,0.0369055720612256,0
12.442000000000824,2.0,0.0,1.0,0.0,1.9979992955761368,1.2492309569733068e-14,0.9999805811817217,0.010727974104289979,-3.686122202767121e-16,3.6679624392600976e-05,-0.011878438731799255,-5.805005411429313e-15,-3.4356094092796794e-05,3.390455848920041e-14,-0.06937680503936028,-4.1053449127611277e-17,1.6488497845614184e-15,-0.038499093476976484,2.6133160361769796e-15,1.077534122660421e-16,-0.0013704035082368685,3.5285681084715543e-17,68.66980984802657,-1.952333244101258e-06,0.00032404157027454575,6.153069381825397e-08,5403.544365108978,5411.507980268283,5783.522343449641,5776.071091844509,0.0020007986610774387,0.010728036809088695,0.03849909348118335,0
12.462000000000831,2.0,0.0,1.0,0.0,1.9982123694390954,1.2484891280421702e-14,0.9999813156628007,0.010592122802867473,-3.7335072841265873e-16,3.67554683072376e-05,-0.011822727035739201,-5.79644489322795e-15,-3.598302811016655e-05,3.3854565539178755e-14,-0.06905142897083372,-4.080065899504085e-17,1.8000119500685562e-15,-0.040041022541470586,2.653059902811461e-15,1.3787722423955824e-16,-0.0013252361633263733,3.280837060014447e-17,68.66979798839321,-1.965823593176883e-06,0.0003262800549825007,6.183846903971487e-08,5403.544327113054,5411.507944626907,5783.521444983901,5776.070187241198,0.0017877282027021386,0.010592186574804825,0.04004102254219737,0
12.482000000000838,2.0,0.0,1.0,0.0,1.9984226686639068,1.2477320074310971e-14,0.999982051300568,0.010451060917621394,-3.8131457029922627e-16,3.679864131312342e-05,-0.011759359032437584,-5.78221437684387e-15,-3.7546966562252934e-05,3.3771456276448057e-14,-0.06868133520896194,-4.0482356174360856e-17,1.9002114153280848e-15,-0.04153100748823246,2.6858299985947935e-15,9.049016251706015e-17,-0.0012797792344724683,2.780698663605031e-17,68.66978650767807,-1.977641470170093e-06,0.0003282409703558833,6.209782515912135e-08,5403.544250853582,5411.507870417118,5783.52061193124,5776.069348918144,0.0015774334533135647,0.010451125702231116,0.04153100749115395,0
12.502000000000844,2.0,0.0,1.0,0.0,1.9986300910143455,1.24696244437393e-14,0.9999827874471355,0.01030496819199481,-3.8703480825576555e-16,3.6809651161113405e-05,-0.011688498989710968,-5.771085278357179e-15,-3.9047620387181223e-05,3.370646080812874e-14,-0.06826748315200971,-4.016098079889205e-17,2.0096281143895343e-15,-0.042968740667739695,2.717997582822598e-15,1.1803793723380507e-16,-0.0012340710407871356,3.0181531695328695e-17,68.66977541031314,-1.9878044828800124e-06,0.00032992723955258804,6.230945432114415e-08,5403.544137065337,5411.507758376502,5783.519843957901,5776.0685765311755,0.0013700171170291967,0.010305033934366416,0.04296874066911756,0
12.522000000000851,2.0,0.0,1.0,0.0,1.9988345378599848,1.246178950845877e-14,0.999983523465134,0.01015402534038635,-3.9646573153576835e-16,3.6789038503250206e-05,-0.011610314160501616,-5.75607193734197e-15,-4.048478755283741e-05,3.3618778859465205e-14,-0.0678108496358484,-3.9788575098268963e-17,2.1161471332421915e-15,-0.0443539580796151,2.748235537235887e-15,5.0877413129950864e-17,-0.0011881494834936998,2.520433221594454e-17,68.66976470023474,-1.9963311826324237e-06,0.0003313419423051973,6.247406496750511e-08,5403.543986493568,5411.507609253321,5783.519140681335,5776.067869686892,0.0011655786013864812,0.010154091985330944,0.04435395807656406,0
12.542000000000858,2.0,0.0,1.0,0.0,1.9990359141939664,1.245373551207747e-14,0.9999842587283544,0.009998413898658784,-4.079498016935433e-16,3.673737527342083e-05,-0.011524974612317843,-5.740441716019281e-15,-4.1858351112018235e-05,3.3527493705624556e-14,-0.06731242793774377,-3.9388878273848373e-17,2.1023107376479555e-15,-0.045686438880219726,2.774891807070977e-15,-6.840146834680229e-17,-0.0011420520245403508,2.0373493253582348e-17,68.669754380886,-2.003241036219003e-06,0.00033248831019844633,6.259238091241276e-08,5403.543799893174,5411.507423805686,5783.518501671138,5776.067227943636,0.000964214306587717,0.009998481390873072,0.045686438883433246,0
12.562000000000864,2.0,0.0,1.0,0.0,1.9992341286478017,1.2445516054054246e-14,0.9999849926223551,0.009838316076395775,-4.132372024259039e-16,3.6655263041996375e-05,-0.011432653057275904,-5.7268517834024644e-15,-4.31682771377394e-05,3.3448124751385597e-14,-0.06677322678364872,-3.898085919977563e-17,2.0529046720058676e-15,-0.046966004866160455,2.798363785032421e-15,-1.7257131100610022e-17,-0.0010958156658832522,2.080186830819495e-17,68.66974445522044,-2.0085543970728336e-06,0.0003333697219123069,6.2665140481248e-08,5403.543578027947,5411.507202800808,5783.517926450047,5776.066650812499,0.0007660183741280814,0.00983838436062427,0.046966004869618126,0
12.582000000000871,2.0,0.0,1.0,0.0,1.9994290935032408,1.2437168910710075e-14,0.9999857245450359,0.0096739146109875,-4.1910470383658694e-16,3.654333134958374e-05,-0.011333524682859556,-5.716322216697617e-15,-4.44146125499109e-05,3.338662984558526e-14,-0.06619426935967901,-3.857183017952086e-17,2.023284337347749e-15,-0.048192519934473085,2.8193723320640454e-15,1.2729542850613878e-17,-0.0010494769294256575,1.8900882429067493e-17,68.6697349257062,-2.0122924763818865e-06,0.00033398969842902824,6.269309565971953e-08,5403.543321669807,5411.506947014221,5783.5174144949815,5776.066137758374,0.0005710849469704684,0.009673983632182947,0.04819251993251027,0
12.602000000000878,2.0,0.0,1.0,0.0,1.9996207247012383,1.2428694394179987e-14,0.9999864539071802,0.009505392623624443,-4.276692843592368e-16,3.640223602439735e-05,-0.011227766983506823,-5.703063329834593e-15,-4.559748284322317e-05,3.330919387668881e-14,-0.06557659232841302,-3.812327835168829e-17,2.0120159512746516e-15,-0.04936588952023722,2.840746503587998e-15,-3.3000722427054783e-17,-0.0010030718376281239,1.822616986460261e-17,68.66972579433126,-2.014477313957284e-06,0.0003343518982118986,6.267701127639782e-08,5403.543031598096,5411.506657229066,5783.516965238115,5776.065688201045,0.0003795171259396006,0.009505462327106534,0.04936588951772319,0
12.622000000000885,2.0,0.0,1.0,0.0,1.9998089418480651,1.242004077355811e-14,0.9999871801329605,0.009332933477275344,-4.3519662899226053e-16,3.623265748779343e-05,-0.011115559593138818,-5.688710551634091e-15,-4.671708971751965e-05,3.322536869603266e-14,-0.06492124485068629,-3.764730758765538e-17,1.935281740827977e-15,-0.050486060012395084,2.864430439310752e-15,-5.1126929342699366e-17,-0.0009566358947875065,2.4628329483020888e-17,68.66971706260932,-2.0151317492187897e-06,0.00033446011235586443,6.261766423014424e-08,5403.542708598873,5411.506334235389,5783.516578067986,5776.065301516322,0.00019148777091939885,0.00933300380888787,0.050486060014129946,0
12.642000000000891,2.0,0.0,1.0,0.0,1.9999936682186,1.241121829277451e-14,0.9999879026604127,0.009156720636723152,-4.450003543422395e-16,3.6035299052214954e-05,-0.010997084118737663,-5.672753156954226e-15,-4.7773708631723794e-05,3.313217137452845e-14,-0.06422928761350753,-3.714157197701464e-17,1.800291915649399e-15,-0.05155301814854515,2.888047666512514e-15,-1.4652175853144346e-16,-0.0009102040689964787,1.883499681829826e-17,68.6697087315865,-2.014279391704715e-06,0.0003343182597180227,6.251584274977155e-08,5403.542353464248,5411.5059788294575,5783.5162523306535,5776.0649770371865,1.3654196453423047e-05,0.009156791542989795,0.05155301815115144,0
12.662000000000898,2.0,0.0,1.0,0.0,2.0001748307568468,1.2402247996743931e-14,0.9999886209418748,0.008976937530729322,-4.514441447829822e-16,3.581088521659396e-05,-0.010872523975081743,-5.660256446304558e-15,-4.876768627807212e-05,3.3059186211982357e-14,-0.06350179186472751,-3.663999600151975e-17,1.6240972132490416e-15,-0.05256679038948579,2.905800943608403e-15,-1.6150521571475862e-16,-0.0008638107747716284,1.7891314023630457e-17,68.66970080184858,-2.0119445917363387e-06,0.0003339303820282537,6.237234563528467e-08,5403.541966991734,5411.505591813116,5783.515987330871,5776.06471405501,0.00017520067495141114,0.008977008959008376,0.05256679038660466,0
12.682000000000905,2.0,0.0,1.0,0.0,2.0003523600737196,1.239312874337458e-14,0.9999893344443919,0.008793767416395423,-4.589919655904729e-16,3.556015996253141e-05,-0.01074206422073941,-5.64753533131443e-15,-4.9699437990072636e-05,3.2984890159234273e-14,-0.0627398384550532,-3.611900010900164e-17,1.387216438076706e-15,-0.05352744227428356,2.922929761432007e-15,-2.283708368276968e-16,-0.0008174898563718082,1.2896740204432213e-17,68.66969327352918,-2.008152410658322e-06,0.00033330063898811093,6.218798158241187e-08,5403.54154998362,5411.505173993154,5783.515782333301,5776.064511820766,0.0003525214541388065,0.008793839315033814,0.05352744227407587,0
12.702000000000911,2.0,0.0,1.0,0.0,2.000526190442136,1.2383909848811836e-14,0.9999900426500871,0.008607393245786802,-4.626358589779136e-16,3.5283885055829014e-05,-0.010605891395424028,-5.636824028722903e-15,-5.056944509465476e-05,3.292233234640115e-14,-0.06194451688800807,-3.5593504304678505e-17,1.1418925510670551e-15,-0.05443507775665407,2.936758460219489e-15,-2.0771792385412903e-16,-0.0007712745717893505,1.3171144998024717e-17,68.66968614631833,-2.002928591444723e-06,0.0003324333033565017,6.196356851380037e-08,5403.541103246379,5411.504726180699,5783.515636563764,5776.064369546287,0.0005262846475175386,0.008607465564273893,0.054435077758814336,0
12.722000000000918,2.0,0.0,1.0,0.0,2.0006962597894735,1.2374612556343857e-14,0.9999907450564983,0.008417997534881731,-4.677563933726321e-16,3.498283835748114e-05,-0.010464193358807973,-5.627054169502218e-15,-5.137825221005732e-05,3.286527288341961e-14,-0.061116924378409494,-3.505710252394181e-17,8.963612092006678e-16,-0.05528983852342841,2.948905399559521e-15,-2.5443142497697045e-16,-0.0007251975774297042,4.249882289417837e-18,68.66967941947178,-1.9962995289235575e-06,0.0003313327560316306,6.169993292629793e-08,5403.540627590085,5411.504249190636,5783.515549210486,5776.06428640555,0.000696321296828503,0.008418070224003506,0.05528983852075922,0
12.742000000000925,2.0,0.0,1.0,0.0,2.0008625096874253,1.2365202388853169e-14,0.9999914411768828,0.008225762234905738,-4.73435413011892e-16,3.4657812147009004e-05,-0.010317159130892657,-5.617029584172421e-15,-5.212646450706562e-05,3.280672544932856e-14,-0.060258164919930586,-3.450293765053332e-17,5.645736781649495e-16,-0.05609190329589338,2.9515790766598283e-15,-3.4166570835890497e-16,-0.0006792909134696797,7.702912708879042e-19,68.66967309182088,-1.9882922401361554e-06,0.0003300034811261823,6.13979092730728e-08,5403.540123827865,5411.503743841044,5783.5155194254185,5776.064261535984,0.0008625521516729476,0.008225835246900114,0.05609190329805534,0
12.762000000000931,2.0,0.0,1.0,0.0,2.0010248853393167,1.2355733885192044e-14,0.9999921305404859,0.008030868606109035,-4.731042891980857e-16,3.4309611463080737e-05,-0.010164978734029002,-5.611091986072861e-15,-5.281474492983594e-05,3.277204818558263e-14,-0.05936934836229872,-3.395808231668448e-17,1.9890717357755424e-16,-0.056841487114788265,2.9484389935072105e-15,-2.9554453398794667e-16,-0.0006335859899073302,-1.4937397056963261e-18,68.66966716178288,-1.9789343347862766e-06,0.0003284500610498825,6.105833937769242e-08,5403.539592775356,5411.503210952657,5783.515546325524,5776.064294039792,0.0010249155512232569,0.008030941894823198,0.056841487112637146,0
12.782000000000938,2.0,0.0,1.0,0.0,2.001183335564917,1.2346310203788736e-14,0.9999928126927787,0.007833497094041004,-4.695601796799633e-16,3.3939052463932776e-05,-0.010007843036673797,-5.60953784104563e-15,-5.344381139541704e-05,3.276297263398797e-14,-0.05845158949863028,-3.342388411938324e-17,-7.141657686069519e-17,-0.05753884060973953,2.9481769191938897e-15,-1.892604118596272e-16,-0.0005881135732822462,1.5562158731954901e-18,68.66966162737185,-1.9682539854496776e-06,0.00032667717158881015,6.068207184461032e-08,5403.539035250198,5411.502651348343,5783.515628994134,5776.064382985308,0.0011833573917385603,0.007833570615091882,0.057538840610874734,0
12.802000000000945,2.0,0.0,1.0,0.0,2.0013378127828094,1.2336895542361355e-14,0.9999934871956633,0.0076338272083746606,-4.694256471310169e-16,3.354696081129808e-05,-0.00984594359897707,-5.605194062947822e-15,-5.401443397117147e-05,3.2737603794027834e-14,-0.05750600716345764,-3.2857717936956573e-17,-3.361350143864365e-16,-0.058184249253914494,2.94644102708833e-15,-2.0462653819972117e-16,-0.0005429037740896059,-4.326310394847636e-19,68.66965648621006,-1.9562798979320666e-06,0.0003246895769981765,6.026996152916016e-08,5403.538452071537,5411.502065852605,5783.515766482296,5776.0645274083545,0.001337828635688674,0.007633900919313856,0.05818424925298825,0
12.822000000000951,2.0,0.0,1.0,0.0,2.001488272990366,1.232749138447117e-14,0.9999941536276435,0.007432037404329723,-4.696514390097007e-16,3.313417008108198e-05,-0.009679472520280384,-5.600958415034711e-15,-5.452743204157487e-05,3.2712866297065045e-14,-0.056533723341915844,-3.227776720363346e-17,-6.210947036370919e-16,-0.05877803260467795,2.944650404538551e-15,-2.5526620643967583e-16,-0.0004979860348674549,-1.772623609513911e-18,68.66965173553962,-1.943041282007957e-06,0.00032249212510330685,5.982286898945109e-08,5403.537844059558,5411.501455291098,5783.5159578101275,5776.064726313634,0.0014882844734534987,0.007432111264814531,0.05877803260476385,0
12.842000000000958,2.0,0.0,1.0,0.0,2.0016346757413777,1.2318127897166103e-14,0.9999948115839686,0.007228304966741519,-4.664098684845139e-16,3.270152020354248e-05,-0.009508622288611842,-5.599387524080562e-15,-5.498367147306823e-05,3.2703692340946276e-14,-0.05553586229059034,-3.169914931398529e-17,-9.097186484069843e-16,-0.05932054353103054,2.9404458216062354e-15,-2.3832812247474946e-16,-0.0004533891189711509,-6.295583036208112e-18,68.66964737223462,-1.9285678218493535e-06,0.00032008974242062575,5.934166000190353e-08,5403.53721203501,5411.500820490165,5783.516201968214,5776.064978676111,0.001634683975302108,0.007228378938713973,0.05932054353226155,0
12.862000000000965,2.0,0.0,1.0,0.0,2.0017769841213977,1.2308850495821854e-14,0.9999954606767408,0.007022805896818939,-4.614366729298714e-16,3.224985593613749e-05,-0.009333585632254766,-5.5999681634231125e-15,-5.538406177635359e-05,3.270708438819216e-14,-0.054513549670476065,-3.1118854050342264e-17,-1.16063642352394e-15,-0.05981216742860265,2.933758647517929e-15,-1.968917314809924e-16,-0.0004091411000124645,-5.473967853635018e-18,68.66964339281375,-1.912889646650344e-06,0.0003174874292886483,5.882720503559013e-08,5403.536556818791,5411.500162276394,5783.516497918995,5776.065283442434,0.0017769899192610044,0.00702287994469525,0.05981216742606854,0
12.882000000000971,2.0,0.0,1.0,0.0,2.001915164720846,1.2299634286334917e-14,0.9999961005349968,0.006815714801633572,-4.574861332867339e-16,3.178002537110348e-05,-0.009154555373467588,-5.599416685494503e-15,-5.572955328201517e-05,3.270386402440171e-14,-0.053467911692500966,-3.0518950518275334e-17,-1.4417381844811894e-15,-0.06025332142297859,2.925040969078455e-15,-2.0985545554223863e-16,-0.0003652693519831107,-6.6725194739998535e-18,68.6696397934529,-1.8960373014493398e-06,0.0003146902550289776,5.8280378809707346e-08,5403.535879231495,5411.499481476177,5783.516844598172,5776.065639532335,0.0019151686906904986,0.006815788892506835,0.06025332142031509,0
12.902000000000978,2.0,0.0,1.0,0.0,2.0020491876059414,1.2290583380033752e-14,0.9999967308047585,0.006607204786378133,-4.49182862428312e-16,3.129287848097513e-05,-0.008971724284433514,-5.606165924281774e-15,-5.6021134332091306e-05,3.274328393054326e-14,-0.052400074276073266,-2.994549136787934e-17,-1.6135471067528265e-15,-0.06064445356212273,2.9205244407649943e-15,-1.2239988649689985e-16,-0.00032180054004500873,-1.998984694338151e-18,68.66963656999832,-1.8780417183059163e-06,0.00031170335312701947,5.7702059828000215e-08,5403.535180093029,5411.498778915307,5783.517240916103,5776.066045840066,0.0020491902137140514,0.006607278890237775,0.060644453561792176,0
12.922000000000985,2.0,0.0,1.0,0.0,2.0021790262874997,1.2281689845857494e-14,0.999997351149055,0.006397447349430193,-4.4171339555657407e-16,3.07892657039722e-05,-0.008785284945502975,-5.610601188393924e-15,-5.625982849060031e-05,3.276918869757535e-14,-0.0513111622210212,-2.934640119480408e-17,-1.7076433844187293e-15,-0.060986041998672275,2.9211328149962167e-15,-7.070428665610732e-17,-0.0002787606119847969,2.3025196623623073e-18,68.66963371797995,-1.858934186979641e-06,0.00030853191644221174,5.709312993458273e-08,5403.534460222213,5411.498055418574,5783.517685759244,5776.066501235816,0.002179027897486835,0.006397521439402449,0.06098604199964725,0
12.942000000000991,2.0,0.0,1.0,0.0,2.0023046576876733,1.2272850618031438e-14,0.9999979612479156,0.00618661228025486,-4.384484655567679e-16,3.0270036571298253e-05,-0.008595429605805647,-5.609308230799832e-15,-5.6446691783352575e-05,3.276163713224086e-14,-0.05020229839337397,-2.870559204709053e-17,-1.904050015520523e-15,-0.06127859416285742,2.918785110251194e-15,-1.5143650118942903e-16,-0.00023617479033595336,-4.2065738174237857e-19,68.66963123262477,-1.8387463266011676e-06,0.0003051811924496799,5.645447389243517e-08,5403.533720436389,5411.497311809373,5783.51817799153,5776.067004567145,0.0023046585894361186,0.0061866863328695005,0.06127859416097489,0
12.962000000000998,2.0,0.0,1.0,0.0,2.002426062104677,1.2264128850144591e-14,0.9999985607983384,0.005974867560176818,-4.3372686758658017e-16,2.9736038378370632e-05,-0.008402350046293541,-5.611748540749452e-15,-5.658280997226306e-05,3.27758898639239e-14,-0.04907460292534325,-2.8072985438028895e-17,-2.1226156824394894e-15,-0.06152264592680985,2.9116061775761455e-15,-2.1268779819258552e-16,-0.00019406756515512615,-7.747749873508044e-18,68.66962910887067,-1.8175100573018712e-06,0.0003016564785162318,5.578697897279302e-08,5403.5329615510655,5411.496548909343,5783.518716455828,5776.067554660417,0.0024260625315626707,0.00597494155566661,0.06152264592640214,0
12.982000000001005,2.0,0.0,1.0,0.0,2.002543223175558,1.2255526506000491e-14,0.9999991495142309,0.005762379266050053,-4.264833933403345e-16,2.91881149020118e-05,-0.008206237445276914,-5.61655598797157e-15,-5.666929586705663e-05,3.280396789828023e-14,-0.047929192429866735,-2.7441244710355106e-17,-2.3841984735723955e-15,-0.0617187607610018,2.9005651366272925e-15,-2.260969396113431e-16,-0.00015246268745278165,-1.1517561484821611e-17,68.66962734138009,-1.795257571592398e-06,0.000297963117211238,5.509153454783823e-08,5403.532184379565,5411.495767537991,5783.519299975335,5776.068150322225,0.002543223317764775,0.005762453188691001,0.06171876075992587,0
13.002000000001011,2.0,0.0,1.0,0.0,2.0026561278370765,1.2247097589328183e-14,0.9999997271263248,0.005549311476850932,-4.168602283096559e-16,2.862710516460173e-05,-0.008007282246516794,-5.62179833720213e-15,-5.67072866797398e-05,3.283458585697756e-14,-0.04676717923008637,-2.6800940736915865e-17,-2.6289572403315288e-15,-0.06186752888357179,2.889577625618865e-15,-1.9400921737511384e-16,-0.00011138316327512464,-7.978359675595712e-18,68.66962592455404,-1.7720213065179665e-06,0.00029410649166129835,5.4369031704770517e-08,5403.531389732679,5411.49496851236,5783.519927354996,5776.068790340821,0.0026561278510931242,0.005549385315353366,0.061867528883564483,0
13.022000000001018,2.0,0.0,1.0,0.0,2.0027647662847463,1.2238911823573567e-14,1.00000029338207,0.005335826183217235,-4.028846979819259e-16,2.805384224733628e-05,-0.007805674029929487,-5.633336160389623e-15,-5.6697941432084514e-05,3.2901972907056454e-14,-0.045589670604084975,-2.6179763352991843e-17,-2.7688161552001886e-15,-0.061969566403267604,2.88518225778154e-15,-5.873970910691512e-17,-7.085124842074916e-05,1.2965426766216288e-18,68.66962485254591,-1.7478339160093735e-06,0.00029009202094359797,5.362036288179847e-08,5403.530578418332,5411.494152646673,5783.520597382914,5776.069473487534,0.0027647663003123723,0.005335899931180442,0.06196956640288385,0
13.042000000001025,2.0,0.0,1.0,0.0,2.002869131930104,1.223093051210252e-14,1.0000008480455016,0.005122083199954156,-3.9530741059226625e-16,2.7469152153205997e-05,-0.007601601384957094,-5.640208602860917e-15,-5.664243841128507e-05,3.2942111259901466e-14,-0.044397768045197,-2.552641888634868e-17,-2.886002117355126e-15,-0.06202551445674294,2.8773140740585658e-15,-1.21915952857211e-16,-3.088844380062297e-05,-1.3491554827738814e-17,68.66962411927568,-1.7227282430421093e-06,0.000285925155528465,5.284642148203937e-08,5403.529751241261,5411.49332075202,5783.52130883176,5776.070198518195,0.0028691320554349773,0.005122156856400693,0.06202551445564654,0
13.062000000001031,2.0,0.0,1.0,0.0,2.0029692213562518,1.2223095938704959e-14,1.000001390897086,0.004908240081524843,-3.8930125073515053e-16,2.6873852721370035e-05,-0.007395251786654316,-5.644250183066757e-15,-5.654197268479615e-05,3.2965715580326016e-14,-0.04319256653818795,-2.485128470054303e-17,-3.0880896218721998e-15,-0.06203603834092804,2.860477249698566e-15,-2.375587455080995e-16,8.48450857697893e-06,-1.55064903551945e-17,68.66962371844376,-1.696737292874703e-06,0.00028161137276683094,5.204810150421136e-08,5403.528909002714,5411.492473636031,5783.5220604601545,5776.0709641745325,0.0029692216820265066,0.004908313651535228,0.06203603834317273,0
13.082000000001038,2.0,0.0,1.0,0.0,2.0030650342717555,1.2215431381394655e-14,1.0000019217335483,0.004694452040541103,-3.7775128056704613e-16,2.6268752592976992e-05,-0.0071868114745463505,-5.652848861183162e-15,-5.639775367994334e-05,3.3015935872751145e-14,-0.04197515385162166,-2.4187625609163375e-17,-3.356459945482183e-15,-0.062001826641197785,2.843560192596877e-15,-2.2167884286351903e-16,4.724762899845584e-05,-1.5196381428809333e-17,68.66962364354505,-1.6698942060464657e-06,0.00027715617243088676,5.122629723553003e-08,5403.528052500137,5411.491612102572,5783.522851014066,5776.071769185569,0.0030650348742054757,0.00469452553601568,0.06200182663970181,0
13.102000000001045,2.0,0.0,1.0,0.0,2.0031565734629364,1.2208009608509524e-14,1.000002440367675,0.004480871869267374,-3.6465646460468508e-16,2.5654650230098337e-05,-0.006976465334295678,-5.6643700641900136e-15,-5.6211002821775766e-05,3.308322527922049e-14,-0.04074660984663766,-2.3527547242548968e-17,-3.604950000392376e-15,-0.06192359035603681,2.823752419969714e-15,-1.8796595578084257e-16,8.53817028204244e-05,-1.5718689049140645e-17,68.66962388788286,-1.6422322316038913e-06,0.00027256507230558963,5.038190286235525e-08,5403.527182526879,5411.490736951433,5783.523679228171,5776.072612269015,0.003156574406268405,0.004480945309850381,0.06192359035722511,0
13.122000000001051,2.0,0.0,1.0,0.0,2.003243844744627,1.2200883522152972e-14,1.000002946628101,0.004267649864148643,-3.4824796173200812e-16,2.5032332987747114e-05,-0.006764396782226802,-5.67871065499328e-15,-5.598295124159046e-05,3.316698142139189e-14,-0.039508005802424334,-2.287011716641432e-17,-3.77204593785204e-15,-0.06180206201891348,2.8095011051171543e-15,-7.896915981696433e-17,0.00012286828263367776,-7.412040223325064e-18,68.66962444458272,-1.6137847010453478e-06,0.00026784360384069005,4.9515812137722314e-08,5403.526299871905,5411.489848978047,5783.524543827226,5776.073492132632,0.003243846082948684,0.00426772327836081,0.06180206202017458,0
13.142000000001058,2.0,0.0,1.0,0.0,2.0033268569094576,1.2194045955884163e-14,1.000003440359079,0.004054933753369971,-3.4111125429469806e-16,2.440257623957737e-05,-0.006550787652747479,-5.68857882306853e-15,-5.5714837562648295e-05,3.3224615877940106e-14,-0.038260403758613726,-2.2186400718234984e-17,-3.887616372281573e-15,-0.06163799481804562,2.799000708140128e-15,-2.4804409182326106e-16,0.0001596896898388462,-2.1733666519237195e-17,68.66962530660622,-1.5845850022715434e-06,0.00026299730785307864,4.862891807122746e-08,5403.525405319521,5411.4889489732,5783.525443527403,5776.074407475587,0.003326858688323876,0.004055007180011672,0.06163799481599387,0
13.162000000001065,2.0,0.0,1.0,0.0,2.0034056216757183,1.2187363471459735e-14,1.000003921420228,0.003842868627454272,-3.2712030373216334e-16,2.376614255744534e-05,-0.006335818088703215,-5.698901219084747e-15,-5.540790574857824e-05,3.328490316653299e-14,-0.0370048558748127,-2.1497272038566515e-17,-4.189336554975656e-15,-0.06143216171473932,2.7704529413910877e-15,-2.437627942845503e-16,0.00019582901562000815,-2.5930450498602708e-17,68.66962646676444,-1.554666554368385e-06,0.00025803173029603267,4.7722112570809056e-08,5403.524499649095,5411.488037722736,5783.526377037617,5776.075356989795,0.003405623933387126,0.00384294211736325,0.061432161711793803,0
13.182000000001072,2.0,0.0,1.0,0.0,2.003480153633871,1.2181036301130917e-14,1.000004389686272,0.0036315968729014538,-3.087621588667697e-16,2.3123780945022244e-05,-0.006119666434700359,-5.718339524751805e-15,-5.506340303754644e-05,3.339843255587835e-14,-0.03574240380747699,-2.0834696650762762e-17,-4.380330451053134e-15,-0.06118535456097966,2.742146246576309e-15,-1.4018611471630728e-16,0.0002312701213367322,-2.4283682923868788e-17,68.66962791773159,-1.524062782347854e-06,0.00025295241808789284,4.6796286134711123e-08,5403.523583634779,5411.487116007301,5783.527343060846,5776.076339361244,0.003480156402331919,0.00363167049118072,0.06118535456256528,0
13.202000000001078,2.0,0.0,1.0,0.0,2.0035504701917723,1.2175068914377168e-14,1.000004845046758,0.0034212581088699542,-2.9088421391983355e-16,2.2476226125478083e-05,-0.005902509133434467,-5.735949167987998e-15,-5.468257794759309e-05,3.350128137134638e-14,-0.03447407810434215,-2.0157256445774694e-17,-4.472158455180793e-15,-0.060898383216934214,2.719646170490013e-15,-6.243212223564032e-17,0.0002659976383476025,-2.0125862460076975e-17,68.66962965205813,-1.4928070920464918e-06,0.00024776491500617617,4.5852327512408784e-08,5403.522658045268,5411.486184602063,5783.5283402954165,5776.077353271288,0.003550473497597477,0.0034213319377472363,0.06089838321917217,0
13.222000000001085,2.0,0.0,1.0,0.0,2.0036165915186523,1.2169429184485634e-14,1.0000052874057652,0.0032119891269002045,-2.761134695794635e-16,2.1824197882763025e-05,-0.005684520625042431,-5.752531037038176e-15,-5.426667837058894e-05,3.359812727164637e-14,-0.033200897616519946,-1.9468936991627405e-17,-4.5274572427384684e-15,-0.06057207466901701,2.700787161950761e-15,-7.615237546779264e-17,0.0002999969672591064,-1.2587248900722962e-17,68.6696316621839,-1.4609328462407344e-06,0.00024247475764900054,4.489112339796378e-08,5403.521723643515,5411.485244276451,5783.529367436266,5776.078397397932,0.0036165953837065884,0.003212063269448216,0.06057207466904797,0
13.242000000001092,2.0,0.0,1.0,0.0,2.003678540487933,1.2164052284455464e-14,1.0000057166815977,0.0030039238336759095,-2.614961364583684e-16,2.116840045618906e-05,-0.005465873249519054,-5.7658656535662066e-15,-5.3816949736436984e-05,3.367600721795895e-14,-0.031923868928497405,-1.8763482999488757e-17,-4.657606761923287e-15,-0.060207272149161266,2.6844091386795004e-15,-1.0760627311398685e-16,0.0003332542766323955,-1.6681460578307772e-17,68.66963394045091,-1.4284733404580507e-06,0.00023708747146077366,4.391355811825496e-08,5403.520781186493,5411.484295793888,5783.530423176203,5776.079470417095,0.003678544929970312,0.003003998418725291,0.060207272147732055,0
13.262000000001098,2.0,0.0,1.0,0.0,2.003736342618924,1.2159035929467734e-14,1.0000061328064682,0.0027971931968186884,-2.4234761667956234e-16,2.0509521989347616e-05,-0.005246737152208471,-5.786699277364523e-15,-5.333463327167701e-05,3.379768561797703e-14,-0.030643985806099464,-1.8076300868594513e-17,-4.720717074725598e-15,-0.05980483425592091,2.6678285497599284e-15,-2.070874292682635e-17,0.0003657565011299847,-1.330148063437495e-17,68.669636479116,-1.3954617797387385e-06,0.0002316085668342901,4.292051329040399e-08,5403.519831424941,5411.483339911542,5783.531506207137,5776.08057100384,0.003736347652093149,0.0027972683855541974,0.059804834254646215,0
13.282000000001105,2.0,0.0,1.0,0.0,2.003790026017479,1.215436723373728e-14,1.000006535726171,0.00259192519370766,-2.271483211017267e-16,1.984823402929728e-05,-0.005027280192404687,-5.803087867262964e-15,-5.2820964333027e-05,3.3893402332316505e-14,-0.02936222866261547,-1.736926863257859e-17,-4.742483897919423e-15,-0.059365634078038104,2.6557001361407577e-15,-4.730354459153797e-17,0.0003974913391346859,-1.2006882254055057e-17,68.669639270363,-1.3619312550153893e-06,0.000226043535282238,4.1912867515086876e-08,5403.518875103107,5411.482377380068,5783.532615221261,5776.081697833588,0.0037900316527547336,0.0025920011886900384,0.05936563407780816,0
13.302000000001112,2.0,0.0,1.0,0.0,2.003839621315652,1.2150012366480193e-14,1.0000069253997437,0.0023882447633146488,-2.0973576231403342e-16,1.9185191078916853e-05,-0.00480766785506917,-5.8219492064353884e-15,-5.227717083075543e-05,3.400356123720066e-14,-0.02807956404313549,-1.6664493359688314e-17,-4.784014680145637e-15,-0.05889055832106569,2.6383322658922695e-15,-1.8199302788500036e-17,0.0004284472498398791,-1.5289900642449782e-17,68.6696423063151,-1.3279147210836953e-06,0.00022039784568086173,4.089149607462222e-08,5403.517912958524,5411.481408943362,5783.533748912252,5776.0828495833075,0.003839627561205713,0.0023883218210820284,0.058890558320753766,0
13.322000000001118,2.0,0.0,1.0,0.0,2.003885161610432,1.2146035582758653e-14,1.0000073017991236,0.0021862737610430687,-1.9034642598612532e-16,1.8521030200014924e-05,-0.004588063165689047,-5.842816662302559e-15,-5.1704471735591e-05,3.412543692861906e-14,-0.02679694412723448,-1.5960292383264065e-17,-4.742798667201984e-15,-0.05838050643765356,2.6239995363110692e-15,7.000141130493373e-17,0.00045861344982576113,-7.779076540029294e-18,68.66964557904616,-1.2934449740536196e-06,0.000214676940592002,3.9857270583627966e-08,5403.516945721743,5411.4804353383115,5783.5349059764,5776.084024932672,0.003885168471951443,0.0021863522101402315,0.05838050643771444,0
13.342000000001125,2.0,0.0,1.0,0.0,2.0039266824015987,1.2142464934270997e-14,1.0000076649087941,0.001986130916556826,-1.71924940843969e-16,1.7856370666208732e-05,-0.004368626608285627,-5.865289625553265e-15,-5.110407566987828e-05,3.4256689617236876e-14,-0.025515306250060522,-1.525539760929941e-17,-4.566260351968311e-15,-0.05783638976207711,2.6192783020454096e-15,1.3803848576018818e-16,0.0004879799091276908,-6.969597645524461e-18,68.66964908059255,-1.2585546297311618e-06,0.00020888623266025053,3.881105870974492e-08,5403.515974116105,5411.479457294547,5783.536085113755,5776.085222565199,0.003926689882566667,0.0019862111840577845,0.057836389759013514,0
13.362000000001132,2.0,0.0,1.0,0.0,2.0039642215287725,1.2139137599644762e-14,1.0000080147254244,0.0017879317945831597,-1.622020283663887e-16,1.7191813665030293e-05,-0.0041495160465848495,-5.873793872869005e-15,-5.047717958474961e-05,3.430635682371971e-14,-0.024235572441895076,-1.4511263801471003e-17,-4.5053343562992454e-15,-0.057259130649583045,2.605170960966181e-15,-2.6403867203512528e-17,0.0005165373468150534,-1.7875682166246243e-17,68.66965280296405,-1.2232761021456161e-06,0.00020303110108898996,3.775372382499162e-08,5403.514998857522,5411.47847553421,5783.5372850292015,5776.08644116935,0.003964229630711007,0.0017880144464009376,0.05725913065163965,0
13.382000000001138,2.0,0.0,1.0,0.0,2.003997819107711,1.2136031688211284e-14,1.000008351257508,0.001591788758672027,-1.4814753762731574e-16,1.6527942047594855e-05,-0.0039308866483595654,-5.889181966567682e-15,-4.9824967524112656e-05,3.439622959725112e-14,-0.022958648986243006,-1.378270698735468e-17,-4.5886855523111085e-15,-0.05664966162110675,2.580965036771957e-15,-6.835780210430554e-17,0.0005442772260814592,-1.8904407068818377e-17,68.66965673815466,-1.1876415835677762e-06,0.00019711688819740096,3.6686124700602135e-08,5403.514020654203,5411.477490771708,5783.5385044335435,5776.087679439606,0.003997827830395064,0.0015918745632439012,0.05664966162281491,0
13.402000000001145,2.0,0.0,1.0,0.0,2.0040275174659206,1.2133287722743288e-14,1.0000086745249899,0.001397810937892069,-1.2906150855122635e-16,1.586532012504146e-05,-0.0037128908129522094,-5.909992910371893e-15,-4.914860946692108e-05,3.4517774869567066e-14,-0.02168542599650211,-1.3064359032866489e-17,-4.5930912293838014e-15,-0.05600892451391548,2.5614969694487346e-15,2.3825403409101986e-17,0.0005711917488663242,-2.0493081735897806e-17,68.66966087815307,-1.1516830233578249e-06,0.00019114889605644056,3.560911519765367e-08,5403.5130402064615,5411.47650371347,5783.539742044537,5776.08893607753,0.004027526807568011,0.0013979009716261648,0.05600892451449015,0
13.422000000001152,2.0,0.0,1.0,0.0,2.004053361077619,1.2130864960442707e-14,1.0000089845588969,0.0012061041964417918,-1.1329916222126348e-16,1.5204493510477932e-05,-0.003495678101972338,-5.927635995334512e-15,-4.8449260262321924e-05,3.4620817934579266e-14,-0.02041677701117992,-1.2336781360912918e-17,-4.589408574366224e-15,-0.0553378696387061,2.5358848950985287e-15,2.5107689318500595e-17,0.0005972738500145823,-2.0873331766579208e-17,68.66966521495276,-1.1154321084374857e-06,0.00018513238320980765,3.452354391148603e-08,5403.512058206457,5411.475515057727,5783.540996587903,5776.090209792766,0.004053371035059218,0.0012062000287255056,0.05533786964134871,0
13.442000000001158,2.0,0.0,1.0,0.0,2.0040753964981373,1.212875420253004e-14,1.0000092814009611,0.001016771106152573,-9.751365123425908e-17,1.4545989004983972e-05,-0.0032793951731815893,-5.944498451967377e-15,-4.7728058639917454e-05,3.471930160404105e-14,-0.01915355860773093,-1.1606407511305114e-17,-4.589558297378871e-15,-0.05463745494367909,2.50971058973588e-15,2.6605975405712624e-17,0.0006225171909880061,-2.1932631170415432e-17,68.66966974056166,-1.078920244268132e-06,0.00017907256147588446,3.3430253879964126e-08,5403.511075337979,5411.474525494264,5783.542266798294,5776.0914993040415,0.004075407066960707,0.001016875148729115,0.054637454945426024,0
13.462000000001165,2.0,0.0,1.0,0.0,2.004093672297794,1.2126986197107653e-14,1.0000095651032435,0.0008299109218583327,-8.14005231498498e-17,1.3890314525955845e-05,-0.0030641857175578695,-5.963571536671121e-15,-4.698612630429598e-05,3.483069654470594e-14,-0.017896610034966183,-1.0879534033187405e-17,-4.54230451541585e-15,-0.053908645186091904,2.4863698173396564e-15,4.160019329558972e-17,0.0006469161531417502,-1.8073738798105023e-17,68.6696744470115,-1.042178535940455e-06,0.00017297459283468168,3.2330082246637676e-08,5403.510092276206,5411.47353570419,5783.5435514202645,5776.092803340121,0.004093683472488573,0.0008300271556144278,0.053908645187423644,0
13.482000000001172,2.0,0.0,1.0,0.0,2.0041082389953098,1.212557278283656e-14,1.000009835727754,0.0006456195596054569,-6.167883142222984e-17,1.3237959076461062e-05,-0.002850190399535361,-5.986319799272844e-15,-4.622456711036291e-05,3.496355657143693e-14,-0.01664675286401525,-1.0158334213260322e-17,-4.419583146792542e-15,-0.05315241111179535,2.4754277713679425e-15,1.670523864172038e-16,0.0006704658305667932,-5.2660924158516524e-18,68.66967932636682,-1.0052377699061637e-06,0.00016684358640267304,3.1223859934914204e-08,5403.509109687497,5411.472546359717,5783.544849209168,5776.094120640722,0.004108250769381568,0.0006457552627007031,0.05315241110900871,0
13.502000000001178,2.0,0.0,1.0,0.0,2.0041191489908226,1.2124490862451357e-14,1.000010093346076,0.0004639895776738532,-4.6893531667694166e-17,1.2589392754829521e-05,-0.0026375468004223974,-6.0046059378068045e-15,-4.544446631790753e-05,3.5070355154335526e-14,-0.015404790657852375,-9.42916699155416e-18,-4.24903635298315e-15,-0.052369728643225415,2.4682419577272378e-15,1.65258004716686e-16,0.0006931620225273043,-3.904849483241788e-18,68.66968437073356,-9.68128396120938e-07,0.00016068459549088294,3.011241133128618e-08,5403.508128229154,5411.471558123917,5783.546158932062,5776.095449957431,0.004119161356906216,0.00046416033975329687,0.05236972864003914,0
13.522000000001185,2.0,0.0,1.0,0.0,2.004126456498544,1.2123707853340644e-14,1.0000103380389864,0.00028511016037945455,-3.135682559751743e-17,1.1945066801139725e-05,-0.002426389364975546,-6.0226777785035126e-15,-4.464688992160382e-05,3.5175902051515855e-14,-0.014171508659260123,-8.700389447075978e-18,-4.064732454772884e-15,-0.0515615780763179,2.463681296049807e-15,2.0177068127948032e-16,0.0007150012254933635,-1.0728229631259215e-19,68.6696895722672,-9.308805111845831e-07,0.0001545026147519492,2.8996553932460585e-08,5403.507148549202,5411.470571650506,5783.54747936854,5776.096790054539,0.0041264694485028406,0.00028536027784623774,0.05156157807884179,0
13.542000000001192,2.0,0.0,1.0,0.0,2.0041302174791324,1.2123251286174152e-14,1.0000105698960808,0.00010906710462635828,-1.6551137759941357e-17,1.1305413680750867e-05,-0.0022168493511341607,-6.038517100514039e-15,-4.383288405912934e-05,3.5268409696964245e-14,-0.012947673497255221,-7.969938685150534e-18,-3.80030501813636e-15,-0.05072894328680082,2.46460809031387e-15,2.397218230746197e-16,0.0007359806247842553,3.7624317689319364e-18,68.66969492318064,-8.935238413914653e-07,0.00014830257741483798,2.7877098034517675e-08,5403.506171286166,5411.4695875836105,5783.548809311575,5776.098139709896,0.004130231004149084,0.0001096514737250252,0.05072894328785976,0
13.562000000001198,2.0,0.0,1.0,0.0,2.004130489571819,1.2123040840342848e-14,1.0000107890153986,-6.4057190824477e-05,-4.263216394563116e-18,1.0670847202044088e-05,-0.002009054782893256,-6.054202630519089e-15,-4.300347448978367e-05,3.536001905441911e-14,-0.011734032911847105,-7.241643764580551e-18,-3.5576712522782404e-15,-0.04987281094630365,2.4667719066249013e-15,2.301076332050502e-16,0.0007560980858303815,2.9931022361269565e-18,68.66970041575154,-8.560877267553805e-07,0.00014208935260871165,2.6754846394859004e-08,5403.505197068846,5411.4686065575515,5783.550147568293,5776.099497715682,0.00413050366247982,6.493990049524893e-05,0.049872810945989464,0
13.582000000001205,2.0,0.0,1.0,0.0,2.004127332026353,1.2123151946924197e-14,1.0000109955030512,-0.00023418373340523523,1.399300499628733e-17,1.0041762667341333e-05,-0.0018031304063030054,-6.0750242255364545e-15,-4.215966614527122e-05,3.548162592622302e-14,-0.01053131549706064,-6.521740310529808e-18,-3.1855626840815797e-15,-0.04899416974870183,2.4784304175880273e-15,4.1803662415043536e-16,0.0007753521450813267,1.4882137998951254e-17,68.66970604232947,-8.186011053968952e-07,0.00013586774277368665,2.563059389383401e-08,5403.5042265161155,5411.467629196621,5783.551492960741,5776.100862879203,0.004127346672724147,0.00023439892915515101,0.04899416974974701,0
13.602000000001212,2.0,0.0,1.0,0.0,2.004120805634816,1.2123519789061414e-14,1.0000111894728543,-0.0004012369421451672,2.2172942775391347e-17,9.4185370546009e-06,-0.0015991976485819446,-6.0880399246459705e-15,-4.1302442751939846e-05,3.555764183911528e-14,-0.009340230462147407,-5.796527611968546e-18,-2.7509213205321753e-15,-0.04809400964711676,2.4921191112381027e-15,3.5907651738828383e-16,0.000793742000546949,1.0122273621305391e-17,68.6697117953425,-7.810924981813319e-07,0.00012964248116577188,2.4505127214213667e-08,5403.503260236682,5411.466656114853,5783.552844326614,5776.102234023597,0.0041208208265144,0.00040134747112975953,0.04809400964549107,0
13.622000000001218,2.0,0.0,1.0,0.0,2.0041109726633524,1.2124073112491363e-14,1.0000113710459635,-0.000565144650467006,3.397927424124573e-17,8.801529228791056e-06,-0.0013973745803185595,-6.101047921125854e-15,-4.043276651745067e-05,3.563361272166406e-14,-0.008161467410837479,-5.075811350264914e-18,-2.321027178807439e-15,-0.04717332110195649,2.5065053910947475e-15,4.463229438345502e-16,0.000811267502012611,1.8461035160217277e-17,68.66971766730342,-7.435899947671787e-07,0.0001234182294453637,2.3379224492667796e-08,5403.502298828893,5411.4656879158165,5783.554200519932,5776.103609988545,0.004110988389611035,0.0005652131835584159,0.04717332110303058,0
13.642000000001225,2.0,0.0,1.0,0.0,2.004097896783873,1.2124794489587387e-14,1.0000115403505143,-0.0007258381064138121,3.888265903444142e-17,8.191080180645763e-06,-0.0011977758807448125,-6.108445149116652e-15,-3.9551577882774295e-05,3.5676813467340094e-14,-0.006995696138535442,-4.356065101297792e-18,-1.8746256562761042e-15,-0.046233094340388005,2.525479921528066e-15,3.8036569440677467e-16,0.0008279291409156094,1.5657803338201692e-17,68.66972365081567,-7.061212391627636e-07,0.00011719957536487612,2.225365498956881e-08,5403.5013428805005,5411.464725192402,5783.555560411718,5776.104989630944,0.004097913033602365,0.000725884323096259,0.046233094341468,0
13.662000000001232,2.0,0.0,1.0,0.0,2.00408164300579,1.2125615320721489e-14,1.0000116975212687,-0.0008832519703471013,4.4359403817765325e-17,7.587513291383724e-06,-0.0010005128060611578,-6.114883612042429e-15,-3.8659795336447496e-05,3.571441444626684e-14,-0.005843566447341046,-3.642494357462657e-18,-1.4749656477473404e-15,-0.045274318627602186,2.543987426867085e-15,3.722151774700605e-16,0.0008437280399145352,1.7999652925716076e-17,68.66972973857887,-6.687134166353129e-07,0.00011099103053861498,2.112917876335474e-08,5403.500392968481,5411.463768526592,5783.556922890619,5776.106371825526,0.004081659767633707,0.0008832845597427727,0.045274318629843595,0
13.682000000001239,2.0,0.0,1.0,0.0,2.004062277607814,1.212654910135452e-14,1.0000118426992655,-0.0010373243101572242,5.0730140207906356e-17,6.991134621260972e-06,-0.000805693160783213,-6.1228792011960575e-15,-3.775831528953241e-05,3.576110990411987e-14,-0.0047057079787200876,-2.937063452921397e-18,-1.0555329500488813e-15,-0.044297981550226274,2.5644696723090157e-15,4.2805663089316603e-16,0.0008586659421528293,2.2640573548776696e-17,68.66973592339377,-6.313932406787163e-07,0.00010479702830924077,2.000654632043743e-08,5403.499449658793,5411.462818489272,5783.558286863498,5776.107755465473,0.004062294870202281,0.0010373478685602306,0.04429798155208185,0
13.702000000001245,2.0,0.0,1.0,0.0,2.0040398680698797,1.212760938380527e-14,1.0000119760314754,-0.0011879965940286784,5.355102334950976e-17,6.40223322030446e-06,-0.0006134212720875331,-6.128301385349443e-15,-3.684801200115951e-05,3.579277518285105e-14,-0.0035827300636935744,-2.2381378299910814e-18,-5.455468227882031e-16,-0.04330506831222358,2.592286908611881e-15,4.2756480968267223e-16,0.0008727452002319328,2.1390515548955214e-17,68.66974219816724,-5.941869406324045e-07,9.862192170449664e-05,1.8886498291779422e-08,5403.4985135062025,5411.46187564001,5783.559651256007,5776.109139462985,0.004039885821079985,0.0011880138450430398,0.043305068309252744,0
13.722000000001252,2.0,0.0,1.0,0.0,2.0040144830052444,1.2128693801038527e-14,1.0000120976704676,-0.0013352136808042867,5.562030196976245e-17,5.82108145993753e-06,-0.00042379796712779957,-6.130589727506938e-15,-3.5929737566398244e-05,3.580613701786827e-14,-0.0024752215903775013,-1.5468525629682432e-18,-5.780094251419431e-17,-0.04229656104360143,2.6185478639934485e-15,4.563513802491718e-16,0.0008859687649127618,2.820580362893551e-17,68.66974855591643,-5.571202500523048e-07,9.24699814827861e-05,1.776976509495839e-08,5403.497585054069,5411.4609405268575,5783.5610150131115,5776.110522749812,0.004014501233407095,0.0013352263697202413,0.042296561043229326,0
13.742000000001259,2.0,0.0,1.0,0.0,2.003986192092801,1.2129783361382995e-14,1.0000122077740776,-0.0014789238079925893,5.434604339160496e-17,5.2479353827556635e-06,-0.00023692055329063624,-6.1304796519208955e-15,-3.500432195165748e-05,3.580549071307431e-14,-0.001383750888693186,-8.647387296333573e-19,4.331332417817137e-16,-0.041273438122237896,2.6483601277086185e-15,4.3556177648670797e-16,0.0008983401735460087,2.601254394916027e-17,68.6697549897729,-5.202183954692507e-07,8.634539427293017e-05,1.66570666098337e-08,5403.496664834136,5411.460013686151,5783.562377099593,5776.111904277772,0.00398621078600436,0.001478933119066945,0.041273438119862386,0
13.762000000001265,2.0,0.0,1.0,0.0,2.0039550660096594,1.2130785129039305e-14,1.0000123065050863,-0.0016190785774647413,4.7563391491082366e-17,4.683035069406605e-06,-5.288280136032052e-05,-6.122788194647964e-15,-3.4072573077903845e-05,3.5760564818084456e-14,-0.000308865632068555,-1.9277527157285196e-19,8.270821205696263e-16,-0.04023667350912447,2.6695499878879825e-15,3.021322135153259e-16,0.0009098635382561114,1.5127303215204523e-17,68.66976149298623,-4.835060856174103e-07,8.025226080470936e-05,1.5549111843732697e-08,5403.495753366356,5411.459095642302,5783.563736500522,5776.113283019211,0.003955085155951884,0.0016190853500735259,0.04023667350652143,0
13.782000000001272,2.0,0.0,1.0,0.0,2.0039211763640363,1.2131704985524721e-14,1.000012394030904,-0.0017556329388874635,4.5494283971485025e-17,4.126605020692239e-06,0.00012822506844026955,-6.1214823546161756e-15,-3.3135276949747194e-05,3.5752934556234654e-14,0.0007489072440605628,4.673229322015116e-19,1.1795491710299028e-15,-0.0391872360972998,2.6883250559860195e-15,3.395933501386106e-16,0.00092054353388434,1.9225966897960104e-17,68.66976805892742,-4.470075016895483e-07,7.419459422803749e-05,1.4446598598497132e-08,5403.49485115869,5411.4581869076255,5783.5650922216955,5776.114657967462,0.003921195951476947,0.0017556377886613255,0.03918723610139042,0
13.802000000001279,2.0,0.0,1.0,0.0,2.003884595628504,1.2132556243208842e-14,1.0000124705232631,-0.0018885451709399605,3.94006450926758e-17,3.5788545532087593e-06,0.00030631639756862825,-6.114350166051758e-15,-3.219319782907611e-05,3.571127510813542e-14,0.001789061607160456,1.1150851209510109e-18,1.5539403291467317e-15,-0.03812608907474409,2.712121372002809e-15,3.0031907511722412e-16,0.0009303853857077058,2.1870352937311193e-17,68.66977468109177,-4.107462870971257e-07,6.817631852611781e-05,1.3350213156050457e-08,5403.493958706912,5411.457287982131,5783.566443290043,5776.116028137248,0.00388461564520139,0.0018885485619598342,0.0381260890713992,0
13.822000000001285,2.0,0.0,1.0,0.0,2.003845397073635,1.213323998886719e-14,1.0000125361579193,-0.0020177768603632396,3.095496851406263e-17,3.0399782066923385e-06,0.00048130809747815853,-6.10449124286166e-15,-3.124707844625121e-05,3.565368998829393e-14,0.0028111121761350386,1.7492828068975226e-18,1.8292724480740657e-15,-0.03705418930148153,2.733614570000066e-15,2.245829184048242e-16,0.0009393948569407889,1.8119192991496166e-17,68.66978135310163,-3.7474553906280237e-07,6.220126701743961e-05,1.2260629958059014e-08,5403.4930764944465,5411.456399353358,5783.567788754005,5776.117392565073,0.0038454175077845174,0.0020177791503742004,0.03705418929884191,0
13.842000000001292,2.0,0.0,1.0,0.0,2.0038036547020925,1.2133776386754347e-14,1.00001259111436,-0.002143292878891528,2.28329694826167e-17,2.5101561615691763e-06,0.0006531206551637632,-6.095225603483431e-15,-3.0297640249751604e-05,3.559956999150182e-14,0.0038145945536826064,2.370120920890823e-18,2.069165892747212e-15,-0.0359724867011361,2.754001086490871e-15,1.8362734396951013e-16,0.000947578236038715,1.742644540151834e-17,68.66978806870864,-3.390277999266544e-07,5.627318094949051e-05,1.1178511281671547e-08,5403.492204992171,5411.455521496183,5783.569127683887,5776.118750309567,0.0038036755420134774,0.002143294348798384,0.03597248669709977,0
13.862000000001299,2.0,0.0,1.0,0.0,2.003759443183205,1.2134137375795322e-14,1.000012635575523,-0.002265061358115993,1.3674920407670772e-17,1.9895546649710456e-06,0.0008216781359837505,-6.084297778874879e-15,-2.9345583693149747e-05,3.553574190318898e-14,0.004799065242744166,2.976455597473395e-18,2.255005084825351e-15,-0.034881923667151746,2.773548756433449e-15,1.3387603033210873e-16,0.0009549423238121,1.5019177765421618e-17,68.66979482179585,-3.0361504912272195e-07,5.039570818114063e-05,1.0104506929962262e-08,5403.491344658253,5411.454654872642,5783.570459172169,5776.120100451822,0.003759464417375746,0.0022650622318951927,0.03488192366193581,0
13.882000000001305,2.0,0.0,1.0,0.0,2.00371283778806,1.2134287237235842e-14,1.0000126697275207,-0.0023830536623317363,2.7509804324208687e-18,1.4783264638945158e-06,0.0009869081837928012,-6.0716132843852204e-15,-2.839158854410331e-05,3.546165388419338e-14,0.005764101647246411,3.567532878691307e-18,2.349214455943577e-15,-0.03378343448389309,2.7913212065063886e-15,4.970568873709112e-17,0.0009614944203654769,1.4843113497005336e-17,68.66980160637938,-2.6852869590135964e-07,4.457240195508267e-05,9.039253916904457e-09,5403.490495937981,5411.4537999317845,5783.571782333811,5776.121442095675,0.0037128594051541374,0.0023830541208713315,0.03378343448706073,0
13.902000000001312,2.0,0.0,1.0,0.0,2.003663914325174,1.2134219868422058e-14,1.0000126937593778,-0.002497244359419722,-7.189935455893054e-18,9.766112439783782e-07,0.0011487420184304138,-6.059101721277945e-15,-2.7436314237828642e-05,3.538857590030074e-14,0.0067093020573989045,4.143981399179125e-18,2.350714681880674e-15,-0.03267794476281797,2.803831183339866e-15,-3.229669182884265e-18,0.0009672423118709044,1.2772382215248113e-17,68.6698084166099,-2.337895724670613e-07,3.8806719759783594e-05,7.983376185303633e-09,5403.489659263604,5411.452957109482,5783.573096306505,5776.122774367981,0.003663936314094984,0.0024972445503841107,0.032677944762386356,0
13.922000000001319,2.0,0.0,1.0,0.0,2.0036127490767517,1.2134011141838088e-14,1.0000127078627712,-0.002607611189816112,-1.4672513550621455e-17,4.845360717480658e-07,0.0013071144306106264,-6.051147045339012e-15,-2.648040023606443e-05,3.534211272802676e-14,0.007634285619813088,4.709103959627905e-18,2.386856526696812e-15,-0.03156637089390009,2.822169150481722e-15,1.5868077746997434e-17,0.0009721942571924281,1.6508088891973434e-17,68.66981524677375,-1.9941792767239928e-07,3.310202227870335e-05,6.937484281356695e-09,5403.488835054176,5411.452126828294,5783.574400250915,5776.124096418857,0.0036127714266676733,0.0026076112348334068,0.031566370894678834,0
13.942000000001325,2.0,0.0,1.0,0.0,2.0035594187355987,1.2133624131041945e-14,1.0000127122317861,-0.002714135033621782,-2.2611315449202282e-17,2.215839868625534e-09,0.0014619637742497183,-6.039965424923558e-15,-2.5524466429950427e-05,3.527680239730557e-14,0.008538692292657564,5.257241670928324e-18,2.3989777782242573e-15,-0.030449619512472183,2.8396959205931302e-15,2.3666960814120167e-17,0.0009763589743697574,1.7893194436773347e-17,68.66982209129388,-1.6543342099977817e-07,2.7461572429389927e-05,5.902175085311724e-09,5403.488023715398,5411.451309497311,5783.57569335088,5776.125407421886,0.0035594414359795615,0.0027141350336226866,0.030449619513216047,0
13.962000000001332,2.0,0.0,1.0,0.0,2.003504000342704,1.2133080689858057e-14,1.0000127070626743,-0.002816799875905497,-3.086092465283329e-17,-4.702462864657291e-07,0.0016132319562885207,-6.0303481447097404e-15,-2.456911354645347e-05,3.5220628715385606e-14,0.009422182786180571,5.7919658816938545e-18,2.424841074794785e-15,-0.029328586981635638,2.859262674959572e-15,2.3724125373664457e-17,0.0009797456269737398,1.7415061278707237e-17,68.6698289447305,-1.3185511767369553e-07,2.1888534488857288e-05,4.878031514232456e-09,5403.487225639492,5411.450505512008,5783.576974813612,5776.126706574308,0.003504023383356885,0.002816799915157765,0.029328586986274587,0
13.982000000001339,2.0,0.0,1.0,0.0,2.003446571225542,1.2132325876907992e-14,1.0000126925536275,-0.0029155927702549647,-4.3863590630313077e-17,-9.327584235640277e-07,0.0017608644240464876,-6.015594037380956e-15,-2.3614923584353017e-05,3.513445309438305e-14,0.01028443848881668,6.306539902551645e-18,2.3757177552637066e-15,-0.028204158890379107,2.8735998253169726e-15,-1.1205850867771735e-16,0.0009823638103521456,7.304462668201648e-18,68.66983580178143,-9.870148353645855e-08,1.63859733039333e-05,3.865622257023295e-09,5403.486441205047,5411.449715254114,5783.578243869833,5776.127993097178,0.003446594596649047,0.002915592919459316,0.02820415889437712,0
14.002000000001345,2.0,0.0,1.0,0.0,2.003387208937114,1.2131376537973693e-14,1.0000126689045543,-0.0030105038006298435,-4.879626709337423e-17,-1.3852395240665458e-06,0.0019048101501622102,-6.008057426953703e-15,-2.2662460259085748e-05,3.509043173918804e-14,0.011125161379197253,6.813533506808448e-18,2.2726807108788766e-15,-0.027077209567523616,2.8820760803754927e-15,-2.743601411919178e-17,0.0009842235377694234,9.912084089510113e-18,68.66984265728227,-6.599038127748317e-08,1.0956853587701144e-05,2.8655014961204002e-09,5403.48567077691,5411.448939091475,5783.579499773922,5776.129266235501,0.003387232629272253,0.0030105041193287333,0.027077209565774644,0
14.022000000001352,2.0,0.0,1.0,0.0,2.003325991195782,1.2130314554355433e-14,1.000012636316869,-0.00310152604157149,-5.675189996013346e-17,-1.8276189350530135e-06,0.002045021615163535,-5.99805763759398e-15,-2.171226946216125e-05,3.5032024057327196e-14,0.011944073924316765,7.302895354326013e-18,2.2379151561944987e-15,-0.025948601611614004,2.8888837397871182e-15,-3.685313669138491e-17,0.0009853352264510443,2.603450139731014e-18,68.66984950620645,-3.3739066129469214e-08,5.604039305733448e-06,1.878208646364583e-09,5403.484914706041,5411.448177377951,5783.580741804014,5776.130525258351,0.0033260152000440905,0.0031015265800468463,0.025948601606349937,0
14.042000000001359,2.0,0.0,1.0,0.0,2.0032629958259034,1.2129082886948568e-14,1.00001259499329,-0.0031886555168249655,-6.466121706533683e-17,-2.2598359594097395e-06,0.002181454787725267,-5.986911377358343e-15,-2.0764879733070357e-05,3.496692036763249e-14,0.012740918964193784,7.775628483386524e-18,2.1745928299395732e-15,-0.024819185436848672,2.890237910968225e-15,-4.626641034586571e-17,0.0009857096835538385,1.6123775457302258e-18,68.66985634366476,-1.9641831282640815e-09,3.3029313964080883e-07,9.04268112728041e-10,5403.484173329429,5411.447430453275,5783.581969262088,5776.131769458933,0.003263020133820651,0.0031886563176104213,0.02481918543515646,0
14.062000000001365,2.0,0.0,1.0,0.0,2.003198300699321,1.2127685417079984e-14,1.0000125451376431,-0.0032718911564287036,-7.350371841534327e-17,-2.6818394223892052e-06,0.0023140691026547287,-5.9773422274276806e-15,-1.9820802733966694e-05,3.491102791334026e-14,0.013515459583261835,8.235136800771338e-18,2.08417590152202e-15,-0.023689798835127094,2.8913962631308034e-15,-8.836150836951636e-17,0.0009853580920725184,2.690643711321372e-18,68.66986316490512,2.9318235744992295e-08,-4.861723964455897e-06,-5.581096493066261e-11,5403.4834469699545,5411.446698642978,5783.583181474026,5776.132998154678,0.0031983253029913127,0.003271892255527227,0.023689798841834718,0
14.082000000001372,2.0,0.0,1.0,0.0,2.003131983677722,1.212612255531841e-14,1.0000124869546767,-0.003351234752326994,-8.150837204337545e-17,-3.0935872436205257e-06,0.002442827436666826,-5.966460365403944e-15,-1.8880533735418528e-05,3.4847468512475125e-14,0.014267478968850372,8.677524299457831e-18,1.9586179774918395e-15,-0.022561266554292796,2.8955770201179325e-15,-1.1723692930405122e-16,0.0009842919966776909,3.378085486917595e-18,68.6698699653118,6.009277386998123e-08,-9.969453161419477e-06,-1.0015349256670788e-09,5403.4827359363235,5411.445982258278,5783.584377789646,5776.134210687256,0.0031320085698406273,0.003351236180200704,0.022561266557101407,0
14.102000000001379,2.0,0.0,1.0,0.0,2.003064122555899,1.2124410375044908e-14,1.0000124206498853,-0.003426690912562114,-8.963936910582005e-17,-3.4950460163969074e-06,0.0025676960819975185,-5.956925336137696e-15,-1.79445521029453e-05,3.479177539749652e-14,0.01499678025704142,9.106510267685984e-18,1.8080471088450567e-15,-0.021434399892627024,2.8982119781249883e-15,-1.6524851858295527e-16,0.000982523289521133,-2.0247006146168044e-18,68.66987674040467,9.034463155381493e-08,-1.4990437996571741e-05,-1.9324258216927558e-09,5403.4820405229675,5411.445281595988,5783.5855575827345,5776.135406422608,0.0030641477298120317,0.0034266926949439794,0.021434399892533384,0
14.122000000001385,2.0,0.0,1.0,0.0,2.002994795005948,1.2122576057472215e-14,1.0000123464293398,-0.003498267014101498,-9.477921204008771e-17,-3.886190594348164e-06,0.002688644717903972,-5.9491671913552e-15,-1.701332178621881e-05,3.47464603095922e-14,0.015703186366183973,9.523042353429634e-18,1.6591521170102436e-15,-0.02030999630963161,2.897624929835985e-15,-1.435672195199943e-16,0.0009800641959995346,-5.4036404020904014e-18,68.6698834858382,1.2005962738590173e-07,-1.9922324612518116e-05,-2.8480216365414955e-09,5403.481361009958,5411.444596938451,5783.586720251027,5776.136584750941,0.0029948204557148236,0.003498269172666384,0.020309996316103293,0
14.142000000001392,2.0,0.0,1.0,0.0,2.00292407852242,1.2120595207771086e-14,1.0000122644995268,-0.0035659731543566256,-1.0205467999130059e-16,-4.267003686789704e-06,0.002805646380115127,-5.93915953983905e-15,-1.6087291805756056e-05,3.468800687469592e-14,0.016386539818438472,9.920737669616742e-18,1.4544371377451974e-15,-0.019188839053143506,2.890136536144263e-15,-1.9638807891429165e-16,0.0009769272604997067,-5.872452809604923e-18,68.6698901974003,1.4922419904017387e-07,-2.4762861876997578e-05,-3.747876482599568e-09,5403.480697662952,5411.443928553467,5783.587865216181,5776.137745086707,0.0029241042428794425,0.0035659757072802117,0.019188839052771575,0
14.162000000001399,2.0,0.0,1.0,0.0,2.002852050368455,1.2118529233007882e-14,1.000012175067196,-0.0036298221014497444,-1.0320857179952143e-16,-4.637475463642166e-06,0.0029186774282810067,-5.9340435232029534e-15,-1.5166896739195756e-05,3.465812334665159e-14,0.017046702549633558,1.0311522348129172e-17,1.2749694581073505e-15,-0.018071696802790017,2.8873695403869634e-15,-9.661476701460063e-17,0.0009731253321301958,-1.1831005366861929e-18,68.66989687101113,1.778254033447425e-07,-2.9509901433919464e-05,-4.631560772002535e-09,5403.480050733111,5411.443276694227,5783.5889919237425,5776.138886868548,0.0028520763553007747,0.003629825063877282,0.018071696804198265,0
14.182000000001405,2.0,0.0,1.0,0.0,2.002778787522931,1.211641761505015e-14,1.0000120783392157,-0.0036898292432847543,-1.0862860010373013e-16,-4.997603170086347e-06,0.003027717511475965,-5.928320668428309e-15,-1.4252557202257745e-05,3.462469557281621e-14,0.01768355570775763,1.0686436741218003e-17,1.1637557322710601e-15,-0.016959323329798593,2.886628326063854e-15,-1.3056651061213916e-16,0.0009686715504489333,-2.5760970404227254e-18,68.66990350272167,2.0585091645945502e-07,-3.416139767607879e-05,-5.498661415651875e-09,5403.479420457077,5411.442641599273,5783.590099843082,5776.140009559246,0.002778813772795042,0.0036898326277267357,0.016959323323165704,0
14.202000000001412,2.0,0.0,1.0,0.0,2.0027043666286337,1.2114223150061503e-14,1.0000119745224343,-0.003746012535479099,-1.1338271228063118e-16,-5.3473907522506355e-06,0.003132749531815529,-5.922726255840692e-15,-1.3344680322394345e-05,3.4592018001397385e-14,0.0182969994404336,1.104671458589425e-17,1.0471927338859054e-15,-0.015852457173151785,2.884048314401086e-15,-1.576128689291638e-16,0.000963579331210536,-5.1173568184456044e-18,68.66991008871221,2.332890330011339e-07,-3.8715407646079406e-05,-6.348781977699071e-09,5403.478807056916,5411.442023492454,5783.5911884673005,5776.141112645638,0.0027043931391820997,0.0037460163521472255,0.015852457165784792,0
14.222000000001419,2.0,0.0,1.0,0.0,2.0026288639414895,1.2111924603093244e-14,1.0000118638235516,-0.003798392448211997,-1.1554364304215029e-16,-5.68684849370831e-06,0.003233759606240092,-5.91708206435941e-15,-1.244366020919774e-05,3.455904972282997e-14,0.018886952671688027,1.139202800310375e-17,8.776796646633987e-16,-0.01475182133207178,2.8801872454501533e-15,-1.2427016912575544e-16,0.0009578623521163333,-1.466444916004018e-18,68.66991662529084,2.601286650613443e-07,-4.3170090856733393e-05,-7.1815428316526676e-09,5403.478210740093,5411.4414225829005,5783.592257313145,5776.142195638514,0.002628890711530845,0.003798396705306032,0.014751821324089668,0
14.242000000001426,2.0,0.0,1.0,0.0,2.002552355280865,1.2109579597308455e-14,1.0000117464489946,-0.0038469919120465317,-1.186131756700355e-16,-6.015992664364994e-06,0.003330737026524459,-5.912879228053904e-15,-1.1549878407800757e-05,3.453449978943176e-14,0.019453352868359072,1.172532782236178e-17,7.320050287789034e-16,-0.013658122974805577,2.8803581427875308e-15,-1.3093154115482426e-16,0.0009515345386124852,7.046089480260021e-19,68.66992310889157,2.863593406788748e-07,-4.752370904556245e-05,-7.996581292980637e-09,5403.477631699447,5411.440839064999,5783.593305920881,5776.143258072505,0.002552382310474394,0.003846996616000483,0.013658122969768004,0
14.262000000001432,2.0,0.0,1.0,0.0,2.002474915980967,1.2107203164326192e-14,1.0000116226048033,-0.0038918362627806883,-1.1829866831331346e-16,-6.334845181246373e-06,0.0034236742175689497,-5.9107882791648395e-15,-1.066370435142604e-05,3.4522284480284274e-14,0.019996155796468854,1.2048234106786098e-17,6.184291345587898e-16,-0.012572053163666944,2.8847393254218317e-15,-5.466349518539374e-17,0.0009446100497178378,8.399086734070168e-18,68.66992953607274,3.1197120194672663e-07,-5.1774625855067616e-05,-8.793551749843757e-09,5403.477070113187,5411.440273118393,5783.59433385417,5776.144299505945,0.0024749432716302745,0.003891841418475093,0.012572053150607084,0
14.282000000001439,2.0,0.0,1.0,0.0,2.0023966208433523,1.2104834850423665e-14,1.0000114924965198,-0.003932953185383566,-1.1821750328696696e-16,-6.6434332822096805e-06,0.003512566694029838,-5.910735089733435e-15,-9.78549579312066e-06,3.4521970844599544e-14,0.02051533526789757,1.236094171108171e-17,5.889417528200648e-16,-0.01149428659628946,2.8961495603858197e-15,6.324096744359923e-18,0.000937103263899185,1.2890970215995505e-17,68.66993590351503,3.369550026296263e-07,-5.592130643908805e-05,-9.572125775072502e-09,5403.476526144895,5411.43972490798,5783.595340699905,5776.1453195207305,0.0023966483981316864,0.003932958796329363,0.01149428660457707,0
14.302000000001446,2.0,0.0,1.0,0.0,2.002317544090569,1.210246427310214e-14,1.0000113563290847,-0.0039703726570729965,-1.1802128641066965e-16,-6.941789212198586e-06,0.00359741301534907,-5.908178265798675e-15,-8.915599227711937e-06,3.450703462313818e-14,0.0210108828777095,1.2654042807963334e-17,6.235904137950394e-16,-0.010425481363021013,2.9145600642259194e-15,7.209868521112591e-17,0.0009290287650163426,2.037041174772022e-17,68.66994220801958,3.6130210547013754e-07,-5.996231700675571e-05,-1.0331992225215685e-08,5403.4759999435355,5411.439194583925,5783.596326068071,5776.146317722145,0.0023175719142978822,0.003970378725571448,0.010425481363702783,0
14.322000000001452,2.0,0.0,1.0,0.0,2.0022377593209453,1.2100088521904747e-14,1.0000112143067432,-0.00400412688958938,-1.198680674751287e-16,-7.2299499235262564e-06,0.0036782147392402558,-5.907378719310744e-15,-8.054350303353495e-06,3.450236190495896e-14,0.021482807732463825,1.2936512881962848e-17,7.212820476063308e-16,-0.00936627872038906,2.9394585333471602e-15,8.459484369735598e-17,0.0009204013283273696,2.2133322786115756e-17,68.6699484465061,3.850044788107439e-07,-6.389632429560163e-05,-1.1072857319453558e-08,5403.475491643473,5411.438682281687,5783.597289591546,5776.1472937387,0.002237787420456464,0.004004133416871698,0.009366278726411797,0
14.342000000001459,2.0,0.0,1.0,0.0,2.0021573394645404,1.2097626220688101e-14,1.0000110666329514,-0.004034250270721367,-1.2581113735371754e-16,-7.507956789214924e-06,0.0037549763736880997,-5.898868394337048e-15,-7.2020742106323375e-06,3.445265400494361e-14,0.021931136169844153,1.3187460479036883e-17,7.582604526597946e-16,-0.008317302880550383,2.9617993584186225e-15,-1.0477401463755784e-17,0.0009112359065745811,1.8568164499254193e-17,68.6699546160107,4.080546933535787e-07,-6.772209497781476e-05,-1.1794444712646577e-08,5403.475001364514,5411.438188122049,5783.598230925924,5776.148247221917,0.002157367848937339,0.004034257257071067,0.00831730288358177,0
14.362000000001466,2.0,0.0,1.0,0.0,2.002076356740275,1.209512202877328e-14,1.0000109135102924,-0.004060779305138292,-1.2591969246096294e-16,-7.77585533001948e-06,0.0038277053275228732,-5.896825886712831e-15,-6.35908606248293e-06,3.4440721769870997e-14,0.02235591146996644,1.3438227280534753e-17,8.113038618285236e-16,-0.007279160816632175,2.982528506940327e-15,6.005227750296535e-17,0.000901547616158852,1.74737005226127e-17,68.66996071368395,4.3044591763850477e-07,-7.143849500474416e-05,-1.2496495553399884e-08,5403.47452921195,5411.437712211174,5783.599149749305,5776.1491778461495,0.002076385421252922,0.0040607867499987665,0.00727916080619804,0
14.382000000001472,2.0,0.0,1.0,0.0,2.001994882614248,1.2092587339543073e-14,1.0000107551403954,-0.004083752554583744,-1.2769993559340432e-16,-8.033694955552851e-06,0.003896411859626082,-5.894972500999574e-15,-5.525691251211902e-06,3.442989414310965e-14,0.022757193558693482,1.3675138924322335e-17,9.060633197149587e-16,-0.006252442083857961,3.0065933327483385e-15,9.393308717336903e-17,0.0008913517234074413,2.3256675668456303e-17,68.66996673678884,4.5217191434753837e-07,-7.504448888531737e-05,-1.3178768529652857e-08,5403.474075276611,5411.437254640655,5783.600045762078,5776.150085308345,0.001994911606481498,0.004083760456653144,0.006252442068689968,0
14.402000000001479,2.0,0.0,1.0,0.0,2.0019129877592614,1.2090006896224151e-14,1.0000105917238609,-0.004103210577484709,-1.2994868006051033e-16,-8.281528719070894e-06,0.003961109026829222,-5.889963548769709e-15,-4.702185790532071e-06,3.440063629961853e-14,0.023135058703317262,1.3890389926803338e-17,1.0292408941877773e-15,-0.005237718656340572,3.0361732960959333e-15,1.241430915255319e-16,0.0008806636309493732,2.6774828708942934e-17,68.6699726826985,4.7322703526564817e-07,-7.853913890715705e-05,-1.3841039875350184e-08,5403.473639634929,5411.436815487579,5783.600918686697,5776.150969327828,0.0019130170808694651,0.004103218934799887,0.005237718665106315,0
14.422000000001486,2.0,0.0,1.0,0.0,2.001830742015553,1.208737450319614e-14,1.0000104234601899,-0.004119195868029924,-1.3366309582295259e-16,-8.519413086139397e-06,0.004021812630560687,-5.88311507599924e-15,-3.8888566399229755e-06,3.4360634678437914e-14,0.023489599200930848,1.4086858074638747e-17,1.1827004388086482e-15,-0.004235544779419429,3.0662423618754824e-15,1.2442618518309736e-16,0.0008694988642043777,2.35454419056695e-17,68.66997854889435,4.936062161681126e-07,-8.19216042941284e-05,-1.4483103393955291e-08,5403.473222349027,5411.436394814622,5783.601768267442,5776.151829646053,0.0018307716886693953,0.004119204678040912,0.004235544815131583,0
14.442000000001492,2.0,0.0,1.0,0.0,2.0017482143527583,1.2084604594542362e-14,1.00001025054772,-0.004131752794770542,-1.4097948033595732e-16,-8.747407717339158e-06,0.004078541162302325,-5.874211173136738e-15,-3.085982012067429e-06,3.4308628252105495e-14,0.023820923059849074,1.4263933177689582e-17,1.2422689398860317e-15,-0.0032464568374063487,3.089698457359453e-15,3.4728823164171543e-17,0.0008578730579869412,1.8844013484021765e-17,68.66998433296372,5.133049714896547e-07,-8.519114030644792e-05,-1.510477046322713e-08,5403.472823466796,5411.435992670122,5783.602594270165,5776.152666026352,0.0017482444042291843,0.004131762054406807,0.0032464568611522034,0
14.462000000001499,2.0,0.0,1.0,0.0,2.0016654728331,1.2081729550551608e-14,1.0000100731835606,-0.004140927538796484,-1.4674301559920543e-16,-8.965575264429133e-06,0.004131315747917008,-5.8654161742068016e-15,-2.2938316539016423e-06,3.4257257925705754e-14,0.024129153674436188,1.4426867450718634e-17,1.268024504066136e-15,-0.00227097323659767,3.108428875378748e-15,-8.755534253852347e-18,0.0008458019432490652,1.051308043536664e-17,68.66999003259797,5.323193885111765e-07,-8.834709728607858e-05,-1.5705869997825776e-08,5403.4724430219985,5411.435609088188,5783.603396482037,5776.15347825368,0.0016655032953496556,0.004140937244526042,0.0022709732232984157,0
14.482000000001506,2.0,0.0,1.0,0.0,2.0015825845758237,1.2078730476731925e-14,1.0000098915635394,-0.004146768031540072,-1.5211233900241409e-16,-9.17398118046356e-06,0.004180160090897961,-5.857328127817658e-15,-1.5126671195698437e-06,3.421001663234603e-14,0.024414429493637133,1.457730431227574e-17,1.2303220705989938e-15,-0.0013095943033968821,3.1177593985990285e-15,-4.079786314740527e-17,0.0008333013339488187,4.740702836363498e-18,68.6699956455902,5.506461212982098e-07,-9.138891964262128e-05,-1.6286248431074824e-08,5403.472081034383,5411.435244088821,5783.60417471127,5776.154266134332,0.0015826154879389994,0.00414677817942236,0.001309594431888635,0
14.502000000001512,2.0,0.0,1.0,0.0,2.0014996157228766,1.2075660323978941e-14,1.0000097058821429,-0.004149323892259506,-1.558759386064414e-16,-9.37269354323807e-06,0.004225100414608998,-5.851756300058671e-15,-7.427420096538043e-07,3.4177471479535525e-14,0.02467690368361608,1.4720004735828692e-17,1.2131735726688731e-15,-0.00036280219738970816,3.1242973297834257e-15,-3.0100265198738295e-17,0.0008203871140747155,1.6070370559373474e-18,68.67000116983337,5.682823842493134e-07,-9.431614479007099e-05,-1.6845769655426385e-08,5403.471737509804,5411.434897678019,5783.604928786848,5776.155029495674,0.0014996471319770142,0.004149334477992805,0.00036280256962226533,0
14.522000000001519,2.0,0.0,1.0,0.0,2.001416631405841,1.2072489044743937e-14,1.0000095163324707,-0.004148646365252734,-1.5955534531595972e-16,-9.561782892011743e-06,0.004266165403565592,-5.844308872384323e-15,1.5697794904383808e-08,3.413397183348243e-14,0.02491674378479386,1.4844154507577146e-17,1.1647378241915474e-15,0.0005689391608038651,3.125867085360308e-15,-2.0286305692288173e-17,0.0008070752248146346,-8.930466762170866e-19,68.67000660331803,5.852259454766219e-07,-9.712840203036586e-05,-1.7384314967349927e-08,5403.471412440351,5411.434569847932,5783.605658558236,5776.1557681858485,0.0014166633688347397,0.004148657384216826,0.0005689394092055658,0
14.542000000001526,2.0,0.0,1.0,0.0,2.001333695714126,1.2069276506980496e-14,1.0000093231061855,-0.0041447882568526944,-1.616903710703296e-16,-9.741322077023767e-06,0.004303386143820657,-5.840530679052618e-15,7.624139289530444e-07,3.4111902570529776e-14,0.025134131363657462,1.4963981990649395e-17,1.1784958584432931e-15,0.001485184147075557,3.127677640499579e-15,3.283659336902232e-17,0.0007933816518879081,2.261624409570227e-18,68.67001194413042,6.014751195195751e-07,-9.98254113851092e-05,-1.790178297662478e-08,5403.471105804496,5411.434260576986,5783.60636389509,5776.1564820734775,0.0013337282999874131,0.004144799704147331,0.0014851841052898086,0
14.562000000001532,2.0,0.0,1.0,0.0,2.001250871664425,1.2066042290593266e-14,1.0000091263934685,-0.004137803872253546,-1.6247723585273888e-16,-9.91138612211826e-06,0.004336796062508178,-5.839377988830761e-15,1.4971753540977374e-06,3.4105167724107976e-14,0.025329261659651766,1.507717839662385e-17,1.2890752460062091e-15,0.0023855054769594,3.1341556390690846e-15,1.2800830137396544e-16,0.0007793224130375143,5.276136953575372e-18,68.67001719045042,6.1702876026396e-07,-0.00010240698237998835,-1.839808952187137e-08,5403.47081756724,5411.433969830059,5783.607044686945,5776.157171047356,0.0012509049571884747,0.004137815742733273,0.0023855054457237483,0
14.582000000001539,2.0,0.0,1.0,0.0,2.001168221171429,1.206274008564984e-14,1.0000089263829786,-0.00412774895221762,-1.6791422122715605e-16,-1.0072052099351088e-05,0.004366430866608682,-5.83122827686446e-15,2.2197581898943484e-06,3.405756647681082e-14,0.025502343227527383,1.5159017444017562e-17,1.4322333028423708e-15,0.0032694942345401746,3.1407048267272503e-15,1.0665369106029919e-16,0.0007649135457006505,6.5550406604155904e-18,68.67002234054958,6.318862533579814e-07,-0.0001048730127812307,-1.8873167560422363e-08,5403.470547680291,5411.433697558631,5783.607700842924,5776.157835016147,0.0011682552741965435,0.004127761240523386,0.003269494269389632,0
14.602000000001546,2.0,0.0,1.0,0.0,2.001085805019817,1.2059370118139988e-14,1.0000087232618102,-0.004114680609711394,-1.69082339800759e-16,-1.0223399016001787e-05,0.004392328480988316,-5.827355520632858e-15,2.9299455675668238e-06,3.403494503576823e-14,0.025653597575446895,1.523879702305494e-17,1.6251341987250293e-15,0.004136759887346147,3.1497033854116553e-15,2.185244240744321e-16,0.0007501710948559602,8.775025923742597e-18,68.67002739278918,6.46047507899887e-07,-0.00010722348728952233,-1.9326967037000114e-08,5403.470296082224,5411.433443700972,5783.6083322914055,5776.158473908055,0.0010858400602096025,0.004114693310299368,0.004136759926447882,0
14.622000000001552,2.0,0.0,1.0,0.0,2.001003682837505,1.205587595219072e-14,1.000008517215459,-0.0040986572665184795,-1.7742926260799682e-16,-1.0365507712851309e-05,0.004414528985771929,-5.8174047338770724e-15,3.6275274968669206e-06,3.3976824614377963e-14,0.025783258799202114,1.5289664266477055e-17,1.7960312021354188e-15,0.004986930287428315,3.1575578658628773e-15,1.4779948537864404e-16,0.0007351111010552539,7.215426509610615e-18,68.67003234561837,6.595129489078932e-07,-0.00010945847618562155,-1.9759454763045906e-08,5403.470062698673,5411.433208182317,5783.608938979718,5776.159087670505,0.0010037189752422758,0.004098670373686432,0.00498693031165182,0
14.642000000001559,2.0,0.0,1.0,0.0,2.0009219130701696,1.2052227342076299e-14,1.000008308427783,-0.004079738589876797,-1.8783089411588246e-16,-1.0498460773984467e-05,0.004433074553104598,-5.801096375468196e-15,4.312300756963241e-06,3.3881572547656256e-14,0.025891573212860498,1.5310851755275388e-17,1.913570273310287e-15,0.005819651658848375,3.1581979724532678e-15,3.0161792917634147e-17,0.0007197495886464289,-7.280500532121613e-18,68.67003719757228,6.722835084633727e-07,-0.00011157813393843984,-2.017061424032541e-08,5403.469847442525,5411.432990915069,5783.609520873802,5776.159676269817,0.0009219505078483587,0.0040797520977883615,0.005819651665053342,0
14.662000000001566,2.0,0.0,1.0,0.0,2.0008405529570354,1.2048413938728268e-14,1.0000080970809717,-0.004057985429186331,-1.9409257289648218e-16,-1.0622342447324843e-05,0.004448009383359292,-5.793143391498731e-15,4.984068803051586e-06,3.3835120482129475e-14,0.02597879897617748,1.5341370179301388e-17,1.974704192643432e-15,0.006634588571790951,3.153214683620123e-15,4.181335452336622e-17,0.0007041025541920706,-4.1946366854968446e-18,68.67004194727036,6.843606169739586e-07,-0.00011358269776959317,-2.0560445522513303e-08,5403.469650214123,5411.432791799015,5783.610077957891,5776.160239690867,0.0008405919558866202,0.004057999331893444,0.006634588598054084,0
14.682000000001572,2.0,0.0,1.0,0.0,2.000759658507926,1.2044465044486142e-14,1.0000078833555113,-0.004033459752833225,-1.9936156103839357e-16,-1.0737238575590384e-05,0.0044593796408475325,-5.782881030330977e-15,5.642641690902076e-06,3.377518043997649e-14,0.026045205719106977,1.5353338412340498e-17,2.0364039299451203e-15,0.007431423903535985,3.1512781523537627e-15,8.77058842086745e-17,0.0006881859550929712,9.309070620717488e-19,68.67004659341437,6.957461949175367e-07,-0.00011547248618196073,-2.0928965012132927e-08,5403.469470901472,5411.432610721515,5783.610610234158,5776.160777936736,0.0007596994115822074,0.004033474044297011,0.007431423902086755,0
14.70200000000158,2.0,0.0,1.0,0.0,2.0006792844815755,1.2040389845685877e-14,1.000007667430153,-0.004006224585174857,-2.0532583278692684e-16,-1.0843236536681985e-05,0.00446723338908613,-5.773851377975451e-15,6.287836021725344e-06,3.3722440137903757e-14,0.026091074163719783,1.535636068988321e-17,2.120050262961919e-15,0.00820985878652055,3.151503283785755e-15,1.193144297422466e-16,0.0006720156984162725,1.6240552986336241e-18,68.67005113478704,7.064426431416299e-07,-0.00011724789744961332,-2.1276205273233182e-08,5403.469309380478,5411.432447557755,5783.611117722397,5776.161291028391,0.0006793277532932483,0.004006239259285203,0.008209858799986852,0
14.722000000001586,2.0,0.0,1.0,0.0,2.000599484365206,1.2036171409854038e-14,1.0000074494818856,-0.003976343943730038,-2.150672525108881e-16,-1.0940425193991761e-05,0.004471620525673598,-5.7613614428441646e-15,6.919474896532498e-06,3.364948994707944e-14,0.026116695743843267,1.5338188395714133e-17,2.2073255113226976e-15,0.008969612543734181,3.1523910189958697e-15,5.465343887936764e-17,0.0006556076299370067,1.3019761026378602e-18,68.67005557025011,7.164528338947011e-07,-0.00011890940807348713,-2.1602214834079222e-08,5403.4691655151655,5411.432302170958,5783.611600459658,5776.16177900431,0.0005995306488468762,0.003976358994324076,0.008969612538633502,0
14.742000000001592,2.0,0.0,1.0,0.0,2.0005203103553475,1.2031712177251318e-14,1.0000072296859042,-0.003943882776617471,-2.270523725148754e-16,-1.1028894855508886e-05,0.004472592716835784,-5.744445075964976e-15,7.537387894235116e-06,3.355068703571966e-14,0.02612237222276965,1.529647579912484e-17,2.145999210136633e-15,0.009710422611693236,3.1429934710236042e-15,-7.424003904276973e-17,0.0006389775233973228,-9.009964780528919e-18,68.67005989874302,7.257801011440799e-07,-0.00012045757120290145,-2.1907057952136925e-08,5403.4690391579215,5411.432174412647,5783.612058499914,5776.1622419201485,0.0005203605809821801,0.0039438981974972,0.009710422605335731,0
14.7620000000016,2.0,0.0,1.0,0.0,2.000441813339913,1.2027060689925611e-14,1.000007008215582,-0.00390890690028465,-2.3657993653668744e-16,-1.1108737241016944e-05,0.004470203331688928,-5.7310494109945264e-15,8.141411061040613e-06,3.347244699380182e-14,0.026108415309314886,1.5252650801096725e-17,2.0094292256090457e-15,0.010432044451243395,3.1278276844650385e-15,-1.4219600839925864e-16,0.0006221410699829934,-1.3377986634577255e-17,68.67006411928118,7.344282307788755e-07,-0.00012189301502443252,-2.2190814394086182e-08,5403.46893014975,5411.432064122874,5783.612491913707,5776.1626798483685,0.0004418689199421282,0.003908922685233879,0.010432044463987043,0
14.782000000001606,2.0,0.0,1.0,0.0,2.0003640428815173,1.2022267391633639e-14,1.000006785242443,-0.0038714829375689815,-2.423849110339953e-16,-1.1180045457055847e-05,0.004464507376273782,-5.7206049540130275e-15,8.731386914560871e-06,3.341144366368607e-14,0.02607514627254102,1.5205452444107184e-17,1.8652074029456156e-15,0.011134251446450522,3.1106029746301922e-15,-1.2017557089674416e-16,0.0006051138680327961,-1.6989977373092508e-17,68.67006823095466,7.424014509978405e-07,-0.00012321644112358202,-2.2453579181039904e-08,5403.468838320515,5411.431971130501,5783.61290078779,5776.163092877894,0.0003641061096691432,0.0038714990803697955,0.011134251438609723,0
14.802000000001613,2.0,0.0,1.0,0.0,2.00028704720202,1.2017350629289457e-14,1.0000065609361333,-0.003831678256131332,-2.4848796256643086e-16,-1.1242913979422871e-05,0.004455561427417141,-5.710717924835481e-15,9.307164463225784e-06,3.335369606549931e-14,0.026022895555471236,1.5148754875778865e-17,1.7280213790129502e-15,0.01181683479183991,3.0936769039397922e-15,-1.162649959621241e-16,0.0005879114129743662,-1.2629461925022734e-17,68.6700722329267,7.497044221438145e-07,-0.0001244286228150416,-2.2695462344487963e-08,5403.468763489222,5411.43189525344,5783.61328522477,5776.163481113737,0.00028712217272544637,0.0038316947505802695,0.011816834781217086,0
14.82200000000162,2.0,0.0,1.0,0.0,2.0002108731683097,1.2012322072051779e-14,1.0000063354643947,-0.003789560907301681,-2.517201458489797e-16,-1.1297438642158246e-05,0.004443423566467249,-5.70447783262089e-15,9.86859923671615e-06,3.3317248610431966e-14,0.02595200238806898,1.5090976914606653e-17,1.60182538457666e-15,0.012479603368251078,3.07840226839916e-15,-4.644945724949665e-17,0.0005705490874925204,-9.124932562459742e-18,68.67007612443243,7.563422263963882e-07,-0.0001255304034486244,-2.2916588632582883e-08,5403.468705464275,5411.431836298956,5783.613645342756,5776.163844676645,0.0002109683180528938,0.0037895777472258052,0.012479603366529455,0
14.842000000001626,2.0,0.0,1.0,0.0,2.0001355662792952,1.2007228091575322e-14,1.0000061089930379,-0.0037451995653755847,-2.574529095169847e-16,-1.1343716633033336e-05,0.004428153312955103,-5.6966775324841196e-15,1.0415553330435282e-05,3.3271688742865334e-14,0.025862814399784946,1.5018549163921395e-17,1.5480118048269809e-15,0.013122383607572482,3.066116912102571e-15,-5.67208227133911e-17,0.0005530421519335882,-1.163409995617705e-17,68.67007990477747,7.623203575788254e-07,-0.00012652269468541762,-2.3117097258562742e-08,5403.468664043765,5411.4317940639285,5783.613981274991,5776.164183702718,0.00013570385358525753,0.003745216744648635,0.013122383597996405,0
14.862000000001633,2.0,0.0,1.0,0.0,2.00006117065411,1.2001978007895384e-14,1.0000058816859145,-0.0036986634673995644,-2.6687755628284837e-16,-1.1381846494198382e-05,0.004409811558236723,-5.6824401252839174e-15,1.094789545986955e-05,3.318853272832536e-14,0.025755687231993542,1.4918959949857915e-17,1.4105909056152777e-15,0.013745019346639407,3.0464868997405934e-15,-1.8104762075622877e-16,0.0005354057349584742,-2.3783749122146652e-17,68.67008357333687,7.676447105596025e-07,-0.0001274064747581747,-2.3297141592320514e-08,5403.46863901575,5411.431768335141,5783.614293169495,5776.164498343067,6.145277173120637e-05,0.003698680979958367,0.013745019351372739,0
14.88200000000164,2.0,0.0,1.0,0.0,1.9999877290215156,1.1996577773204806e-14,1.0000056537048898,-0.0036500223534816105,-2.7135951846786254e-16,-1.1411928128053985e-05,0.004388460499158213,-5.67344346762566e-15,1.1465501026511938e-05,3.3135985586737445e-14,0.025630984150563054,1.4823219097073637e-17,1.181745532513794e-15,0.014347371670566865,3.0140665045549025e-15,-1.8339773060904474e-16,0.0005176548244310062,-2.915072944693472e-17,68.6700871295538,7.723215703558051e-07,-0.00012818278670349655,-2.345688885907779e-08,5403.468630158554,5411.431758889581,5783.614581188701,5776.164788763417,1.3510784283180915e-05,0.0036500401933429495,0.014347371670048844,0
14.902000000001646,2.0,0.0,1.0,0.0,1.999915282710489,1.1991142398791677e-14,1.0000054252098174,-0.0035993464076629986,-2.7207310073900227e-16,-1.1434062807753128e-05,0.0043641635717969925,-5.669389497386873e-15,1.1968252189778803e-05,3.3112306469218454e-14,0.025489075658871277,1.4730614788159617e-17,1.0270441539111884e-15,0.014929318745799038,2.9826812677630302e-15,-9.623355445008861e-17,0.0004998042585541187,-2.447058611621854e-17,68.67009057293846,7.763576017804767e-07,-0.00012885273657497134,-2.359651984392067e-08,5403.468637241055,5411.431765494737,5783.6148455090815,5776.165055143751,8.489082426074776e-05,0.003599364568941138,0.014929318748506996,0
14.922000000001653,2.0,0.0,1.0,0.0,1.999843871641993,1.198565408829091e-14,1.000005196358509,-0.00354670619938647,-2.778451059611459e-16,-1.1448353191526906e-05,0.004336985385324925,-5.661438788311158e-15,1.2456037952906318e-05,3.3065868335571455e-14,0.025330339111533744,1.4618347769964632e-17,9.023609012247503e-16,0.015490755643160154,2.9562682298573378e-15,-1.6399770133721054e-16,0.00048186871726123943,-2.491299311863535e-17,68.670093903067,7.797598385355681e-07,-0.00012941749164014884,-2.3716228553954212e-08,5403.468660022991,5411.431787908908,5783.615086320786,5776.165297677933,0.0001562148082471574,0.0035467246763115426,0.015490755633722169,0
14.94200000000166,2.0,0.0,1.0,0.0,1.9997735343219039,1.1980071063426567e-14,1.000004967306709,-0.003492172625594243,-2.7987159395921095e-16,-1.1454903340524618e-05,0.004306991656042119,-5.653793078758929e-15,1.2928754250712606e-05,3.3021211615764064e-14,0.02515515832912913,1.449764340039947e-17,7.243659143224657e-16,0.0160315941511969,2.9297744654470308e-15,-1.4074441076809926e-16,0.0004638627138542814,-2.0938302872105814e-17,68.6700971195806,7.825356719281053e-07,-0.0001298782785600609,-2.381622188266974e-08,5403.468698255282,5411.431825881505,5783.615303827286,5776.165516573342,0.00022652014809170553,0.0034921914125317258,0.016031594147182106,0
14.962000000001666,2.0,0.0,1.0,0.0,1.9997043078350907,1.1974436630484329e-14,1.000004738208063,-0.003435816853488919,-2.8599936678348684e-16,-1.1453818739215124e-05,0.004274249141626109,-5.646984493452e-15,1.3386304052893879e-05,3.298144420608335e-14,0.024963923214183354,1.4370102328659424e-17,5.451333244436684e-16,0.016551762580098998,2.906434478094819e-15,-2.5005170868165016e-16,0.00044580058689534915,-2.40557347896418e-17,68.67010022218442,7.846928400297842e-07,-0.00013023638155057728,-2.3896719292155714e-08,5403.468751680325,5411.431879153382,5783.615498244987,5776.165712050488,0.00029573012529062777,0.003435835944960441,0.016551762578603926,0
14.982000000001673,2.0,0.0,1.0,0.0,1.9996362278406368,1.196874272690231e-14,1.0000045092140928,-0.0033777102639892895,-2.8428567852372207e-16,-1.1445206318405902e-05,0.004238825575639642,-5.643757417189391e-15,1.3828597458196933e-05,3.296259479721252e-14,0.02475702936866439,1.4242862371429426e-17,3.300518221873199e-16,0.017051205556491308,2.8830167861744114e-15,-1.5784610761711725e-16,0.0004276964923575194,-1.708398447771058e-17,68.67010321064667,7.862394164607245e-07,-0.00013049314053374358,-2.3957952449345496e-08,5403.468820032331,5411.43194745714,5783.615669802876,5776.165884342646,0.0003638001057442414,0.003377729654695039,0.0170512055625849,0
15.00200000000168,2.0,0.0,1.0,0.0,1.9995693285681775,1.1963102220000306e-14,1.000004280474165,-0.0033179243959118422,-2.793319249163179e-16,-1.1429174479973328e-05,0.0042007896023471495,-5.645869589937096e-15,1.425555180691137e-05,3.297492953793289e-14,0.02453487771328056,1.4120339158791668e-17,2.4021333492217104e-16,0.01752988380939293,2.867714115763982e-15,8.94428166274458e-18,0.0004095643960344419,-9.358263034373993e-18,68.67010608479782,7.871837992034292e-07,-0.00013064994927519167,-2.400016487585359e-08,5403.468903037628,5411.432030517462,5783.615818742149,5776.1660336954765,0.00043069270326664716,0.0033179440807548665,0.01752988380691879,0
15.022000000001686,2.0,0.0,1.0,0.0,1.999503642815351,1.1957528985210529e-14,1.0000040521354612,-0.003256530890907536,-2.781379548971648e-16,-1.1405833123064e-05,0.0041602107118755465,-5.644704557326823e-15,1.4667091792170287e-05,3.296812367672304e-14,0.024297874108790196,1.3981052382864663e-17,2.870541540661551e-16,0.017987773947638813,2.858190780781407e-15,6.90265512259457e-17,0.00039141806620316604,-2.53377278845472e-18,68.67010884452968,7.875346994621152e-07,-0.0001307082535116384,-2.4023611598659444e-08,5403.4690004150025,5411.432128051438,5783.615945315831,5776.166160366653,0.0004963737246818149,0.003256550865020269,0.01798777394092765,0
15.042000000001693,2.0,0.0,1.0,0.0,1.9994392019463396,1.1951960797020183e-14,1.0000038243429483,-0.0031936014391831225,-2.7902229837519624e-16,-1.137529367074398e-05,0.004117159175768548,-5.640549097279962e-15,1.5063149574089633e-05,3.2943852154392875e-14,0.024046428979610263,1.3826183789135791e-17,3.7515418384093686e-16,0.01842486822906147,2.8523657389744424e-15,7.433886404431795e-17,0.0003732710665533053,-5.7920916961075166e-18,68.67011148979475,7.873011300380542e-07,-0.0001306695490670979,-2.4028558755690857e-08,5403.469111876026,5411.432239768906,5783.61604978843,5776.166264625491,0.0005608110934960721,0.0031936216979565075,0.018424868221277917,0
15.0620000000017,2.0,0.0,1.0,0.0,1.9993760358914874,1.194637044002943e-14,1.0000035972393488,-0.0031292077260345694,-2.8143868813261836e-16,-1.1337669097210563e-05,0.004071705982971987,-5.63550689857544e-15,1.5443664891282576e-05,3.291440165124163e-14,0.023780956939942557,1.3661319429637612e-17,4.686504832886487e-16,0.01884117432173493,2.845535812498797e-15,4.621369068435232e-17,0.00035513674937791805,-7.879944901860536e-18,68.67011402060528,7.864923940692168e-07,-0.0001305353799671945,-2.401528324532835e-08,5403.46923712538,5411.432365372762,5783.616132435551,5776.166346752568,0.0006239744777175439,0.0031292282651502108,0.01884117432728745,0
15.082000000001706,2.0,0.0,1.0,0.0,1.9993141731479798,1.194074727033586e-14,1.000003370965107,-0.0030634213792191754,-2.7926421818471194e-16,-1.1293073955095296e-05,0.004023922776291346,-5.6349083762247375e-15,1.5808585184413674e-05,3.291090466731417e-14,0.023501876422658233,1.3499563132445544e-17,5.604453064359436e-16,0.019236715057578038,2.838919455194727e-15,1.5635106733368531e-16,0.0003370282490218494,-1.2591694678877125e-18,68.6701164370328,7.851180735676557e-07,-0.00013030733653969284,-2.3984072329961607e-08,5403.4693758612075,5411.432504559332,5783.6161935435375,5776.166407039351,0.0006858351364269223,0.0030634421946850033,0.01923671505587347,0
15.102000000001713,2.0,0.0,1.0,0.0,1.9992536407815646,1.1935162625736152e-14,1.0000031456583596,-0.002996313917192565,-2.798718724212921e-16,-1.1241624401883255e-05,0.003973881789362225,-5.6321919360418906e-15,1.6157865706518287e-05,3.289503795165206e-14,0.023209609311178603,1.3325256497812053e-17,7.782521115125779e-16,0.019611528178621402,2.838757794900874e-15,2.0237807874596327e-16,0.00031895847560152967,9.522065525634013e-19,68.67011873920718,7.83188018214597e-07,-0.0001299870535182504,-2.393522325550733e-08,5403.46952777543,5411.432657018676,5783.616233409096,5776.16644578783,0.0007463658473630403,0.0029963350053825834,0.019611528184983983,0
15.12200000000172,2.0,0.0,1.0,0.0,1.999194464429299,1.1929534576888858e-14,1.0000029214549022,-0.002927956698234758,-2.838534321050238e-16,-1.1183438225146969e-05,0.003921655784171181,-5.625654326318419e-15,1.6491469642556515e-05,3.2856853597855886e-14,0.02290458057457071,1.3134866773957949e-17,1.0127197966190057e-15,0.019965666076239095,2.8406258212547836e-15,1.7576743417700623e-16,0.0003009401089832123,3.0931193372917613e-19,68.67012092731622,7.807123336432708e-07,-0.0001295762081382884,-2.3869042861467183e-08,5403.469692554101,5411.432822434957,5783.61625233894,5776.166463310133,0.0008055408683384336,0.0029279780559335346,0.01996566607573471,0
15.142000000001726,2.0,0.0,1.0,0.0,1.9991366683033045,1.1923801478792677e-14,1.0000026984881558,-0.0028584208704891417,-2.895842410327449e-16,-1.11186348668691e-05,0.0038673179891636623,-5.614194521586509e-15,1.680936822321517e-05,3.278992102649676e-14,0.022587217906072123,1.2926485658434627e-17,1.1889489902812002e-15,0.020299195523648964,2.8399902767430447e-15,1.1958060815185544e-16,0.00028298559302545386,-4.081540846379455e-18,68.67012300160486,7.777013700332825e-07,-0.00012907651823259643,-2.3785847189749372e-08,5403.469869877744,5411.433000486769,5783.616250649422,5776.166459928169,0.0008633359139740806,0.002858442494941818,0.0202991955241801,0
15.162000000001733,2.0,0.0,1.0,0.0,1.99908027519551,1.1917902802134383e-14,1.0000024768891342,-0.0027877773229370672,-2.986993188557272e-16,-1.1047335445223837e-05,0.003810942037978191,-5.600572778681219e-15,1.7111540836374196e-05,3.271036162718568e-14,0.02225795136527359,1.2707142238283157e-17,1.2264763126924442e-15,0.02061219740198336,2.830032639286799e-15,-2.0871007030063628e-17,0.0002651071300897807,-1.2904517239918734e-17,68.67012496237471,7.741657105936085e-07,-0.00012848974032712013,-2.368596107183027e-08,5403.470059421689,5411.433190847483,5783.616228666167,5776.166435973248,0.0009197281397098434,0.0027877992119058003,0.020612197402152567,0
15.18200000000174,2.0,0.0,1.0,0.0,1.999025306483367,1.1911861831610837e-14,1.0000022567864113,-0.0027160966373293684,-3.0321017841676984e-16,-1.096966277514817e-05,0.003752601908838467,-5.591592192234987e-15,1.7397975131972117e-05,3.265790913676435e-14,0.021917213024144785,1.2492549016705007e-17,1.166975910308302e-15,0.020904766420231865,2.8117228300663607e-15,-3.3372556033970037e-17,0.00024731667581215155,-1.60860610812324e-17,68.67012680998337,7.701161600923845e-07,-0.00012781766773889774,-2.3569717746470143e-08,5403.470260856422,5411.433393185592,5783.616186723706,5776.1663917857095,0.0009746961292892209,0.0027161187891572972,0.020904766416979283,0
15.202000000001746,2.0,0.0,1.0,0.0,1.9989717821365123,1.1905757886497522e-14,1.0000020383060841,-0.0026434490410954985,-3.048676427470782e-16,-1.0885741385911994e-05,0.003692371864641583,-5.586429713752507e-15,1.766866713094866e-05,3.2627756506418506e-14,0.021565436617125632,1.228069160179331e-17,1.1353215809432706e-15,0.021177010829363827,2.7954857183372524e-15,3.2067576391374895e-17,0.00022962593414042561,-9.565537078764806e-18,68.67012854484396,7.6556373357083e-07,-0.0001270621286744721,-2.3437458448001573e-08,5403.47047384792,5411.433607165057,5783.616125165124,5776.166327714564,0.001028219883822012,0.002643471454779535,0.02117701083251921,0
15.222000000001753,2.0,0.0,1.0,0.0,1.9989197207243619,1.189962703820495e-14,1.0000018215717417,-0.0025699043612496288,-3.0872673163103243e-16,-1.0795697535344107e-05,0.0036303263937738574,-5.5815576833635786e-15,1.792362132022239e-05,3.2599300302324253e-14,0.021203057195467823,1.2063799793634277e-17,1.1896110618937872e-15,0.021429052130927467,2.7892371930033028e-15,3.56629873069806e-17,0.00021204635263485488,-7.949791238691128e-18,68.67013016742449,7.605196448539077e-07,-0.0001262249843344232,-2.3289531992655535e-08,5403.470698057998,5411.433832445646,5783.616044341685,5776.166244117123,0.0010802808114082543,0.002569927036523632,0.021429052130757315,0
15.24200000000176,2.0,0.0,1.0,0.0,1.9988691394246205,1.1893382926318385e-14,1.000001606704428,-0.0024955319793121085,-3.1587721140054846e-16,-1.069965922155364e-05,0.003566540151684015,-5.570264478960307e-15,1.8162850746493865e-05,3.253334104078526e-14,0.020830510785999606,1.1827853679360525e-17,1.1908589830176191e-15,0.021661024780429156,2.7787048982056265e-15,-5.0769521792137296e-17,0.00019458911802936217,-1.2075566752022419e-17,68.67013167824742,7.549952951683564e-07,-0.0001253081270212138,-2.3126294372591376e-08,5403.470933144651,5411.434068683281,5783.615944612494,5776.16614135862,0.0011308617167659016,0.0024955549167423397,0.021661024778816592,0
15.262000000001766,2.0,0.0,1.0,0.0,1.9988200540326744,1.1887031811972387e-14,1.000001393822608,-0.002420400787263881,-3.1985001022250676e-16,-1.0597756190703625e-05,0.0035010879032516934,-5.560771672862175e-15,1.8386377103270258e-05,3.2477897128501817e-14,0.020448234054535996,1.1591004322282903e-17,1.1502800416895046e-15,0.02187307588579363,2.7661405315585485e-15,-4.972581457079414e-17,0.0001772651520594913,-1.1961241021065608e-17,68.67013307788906,7.4900226151983e-07,-0.0001243134782560859,-2.2948108359715096e-08,5403.47117876239,5411.43431553038,5783.615826344117,5776.166019811866,0.0011799467905585681,0.0024204239883590423,0.021873075885166945,0
15.282000000001773,2.0,0.0,1.0,0.0,1.9987724789718582,1.188064578358899e-14,1.0000011830421327,-0.0023445791445499253,-3.207529744493341e-16,-1.0490119941572732e-05,0.0034340444659739567,-5.5563746528626626e-15,1.8594230809343787e-05,3.245221540101736e-14,0.02005666397406669,1.1360054296330724e-17,1.1819393123178392e-15,0.022065364901207696,2.7575673244420963e-15,3.693426178806488e-17,0.00016008510754798234,-7.998109386134299e-18,68.67013436697911,7.425522856897483e-07,-0.00012324298690327397,-2.275534307974857e-08,5403.471434562585,5411.434572636198,5783.615689910239,5776.1658798568815,0.0012275215982291581,0.0023446026118886004,0.022065364893241728,0
15.30200000000178,2.0,0.0,1.0,0.0,1.9987264273045682,1.1874169025880464e-14,1.0000009744762033,-0.0022681348361471908,-3.2488706952027335e-16,-1.037688372576089e-05,0.003365484654003573,-5.547440310218724e-15,1.8786451082705872e-05,3.240003332302834e-14,0.01965623749791882,1.111535165168654e-17,1.197011757852009e-15,0.022238063316640362,2.748120357863338e-15,3.7464938093915066e-17,0.00014305936475130727,-2.067543831429324e-18,68.67013554620011,7.356572630990235e-07,-0.00012209862730135442,-2.2548373619660122e-08,5403.4717001938025,5411.434839647169,5783.615535691304,5776.165721880525,0.001273573068242789,0.002268158573526177,0.022238063317444545,0
15.322000000001786,2.0,0.0,1.0,0.0,1.9986819107442044,1.1867628645625681e-14,1.0000007682353367,-0.0021911350317112177,-3.2815591450636165e-16,-1.025818254387427e-05,0.0032954832230651663,-5.540730622844577e-15,1.8963086000530456e-05,3.2360844481038803e-14,0.019247391238047088,1.0870989592924956e-17,1.2438570353896444e-15,0.022391354343341593,2.744343989814774e-15,6.116517745610636e-17,0.00012619802796314628,-4.156438887707466e-18,68.67013661628695,7.283292312041586e-07,-0.0001208823974088323,-2.232758058953681e-08,5403.471975302133,5411.435116207235,5783.615364074169,5776.165546276151,0.0013180894796747532,0.0021911590443190613,0.022391354348011806,0
15.342000000001793,2.0,0.0,1.0,0.0,1.998638939667914,1.1860986050841437e-14,1.000000564427331,-0.0021136462458148523,-3.3567814221335107e-16,-1.0134153137388051e-05,0.0032241148162773714,-5.528597887408639e-15,1.912419255561745e-05,3.228998217749385e-14,0.018830561148615498,1.0612273331511748e-17,1.2621349418001792e-15,0.022525432595609327,2.738059106210933e-15,-3.0138916278268454e-17,0.00010951092237666868,-9.518601289091549e-18,68.67013757802631,7.205803588235542e-07,-0.0001195963169569289,-2.209334974567666e-08,5403.4722595315425,5411.435401958185,5783.615175451746,5776.165353443239,0.0013610604491190316,0.0021136705404360043,0.022525432597237285,0
15.3620000000018,2.0,0.0,1.0,0.0,1.9985975231301207,1.1854164684081092e-14,1.000000363157231,-0.002035734299291197,-3.4442689353323895e-16,-1.000493397545258e-05,0.0031514539109053514,-5.514142155538646e-15,1.926983669974131e-05,3.220555238065708e-14,0.018406182215012924,1.0345984648350445e-17,1.1272572206818356e-15,0.02264050376912231,2.7205199099912826e-15,-1.6031321643687153e-16,9.30075912012316e-05,-1.6055086780417207e-17,68.67013843225618,7.124229347387886e-07,-0.00011824242561842428,-2.184607156614356e-08,5403.472552524188,5411.435696539997,5783.614970222658,5776.165143787051,0.0014024769168972146,0.0020357588845475966,0.02264050376236507,0
15.382000000001806,2.0,0.0,1.0,0.0,1.9985576688768147,1.1847233952949757e-14,1.0000001645272922,-0.0019574642816921127,-3.4928074087506387e-16,-9.870665238652827e-06,0.0030775747660692046,-5.506632675729986e-15,1.940009338050127e-05,3.216169248055071e-14,0.017974688148451618,1.008968528039181e-17,9.3985961158843e-16,0.022736784316130357,2.7003416830037245e-15,-1.9812395405067417e-16,7.669729303343117e-05,-2.1461298283190298e-17,68.6701391798653,7.038693568164276e-07,-0.00011682278119111353,-2.158614083991563e-08,5403.472853920742,5411.43599959115,5783.61474879089,5776.164917718269,0.001442331132569106,0.0019574891683308677,0.02273678431192288,0
15.402000000001813,2.0,0.0,1.0,0.0,1.9985193833605814,1.1840242526859433e-14,0.9999999686369484,-0.0018789005148724086,-3.4946748961707685e-16,-9.73148879565182e-06,0.0030025513714316064,-5.501224984752414e-15,1.9515046566084758e-05,3.213010820808433e-14,0.017536511086284973,9.834057495783584e-18,7.590672748085316e-16,0.022814501117788617,2.683043318954519e-15,-1.183420156164817e-16,6.058899947716233e-05,-1.092766770190339e-17,68.67013982179265,6.949321214301793e-07,-0.00011533945779294895,-2.1313956282698385e-08,5403.473163360733,5411.436310748962,5783.6145115654535,5776.164675652652,0.0014806166397507365,0.001878925716110667,0.022814501121666213,0
15.42200000000182,2.0,0.0,1.0,0.0,1.9984826717563438,1.1833215264882035e-14,0.9999997755827776,-0.0018001065177091127,-3.5334513953400423e-16,-9.587548176689081e-06,0.0029264573968880085,-5.49364315812797e-15,1.9614789256064484e-05,3.20858258675242e-14,0.0170920812981807,9.57162186767741e-18,6.060571689871033e-16,0.022873891153922236,2.6704440450467622e-15,-1.607253487876876e-16,4.469139301452964e-05,-1.2653561706438019e-17,68.67014035902679,6.856238124893761e-07,-0.00011379454407598792,-2.102992011031963e-08,5403.4734804828495,5411.43662964991,5783.614258960026,5776.164418010681,0.0015173282602522233,0.0018001320496504884,0.02287389114769713,0
15.442000000001826,2.0,0.0,1.0,0.0,1.9984475379778006,1.1826138228340792e-14,0.9999995854584692,-0.0017211449719639776,-3.561901677732856e-16,-9.438988541166542e-06,0.0028493661432793995,-5.4867413354650235e-15,1.969942348807673e-05,3.204551516662243e-14,0.01664182689826628,9.307769495455441e-18,4.390478369851581e-16,0.022915201170507337,2.6552639714474475e-15,-1.9051444044550318e-16,2.901286512185748e-05,-1.7045817173107303e-17,68.67014079260542,6.759570906815932e-07,-0.00011219014145675954,-2.073443765598401e-08,5403.473804925268,5411.436955929943,5783.613991392637,5776.164145217224,0.0015524620775452412,0.0017211708541052982,0.022915201174233325,0
15.462000000001833,2.0,0.0,1.0,0.0,1.9984139846945332,1.1818960562384673e-14,0.9999993983547919,-0.0016420776892967681,-3.5909547680632427e-16,-9.285956640618133e-06,0.002771350494149227,-5.478887321768979e-15,1.9769060325628427e-05,3.199964320985467e-14,0.016186173563372788,9.039963789183646e-18,1.5678477398470733e-16,0.022938687345148718,2.636512684928188e-15,-2.403654193676103e-16,1.3561514635010506e-05,-1.4728023321294942e-17,68.67014112361471,6.659446831054104e-07,-0.00011052836236638238,-2.0427916985103433e-08,5403.474136325961,5411.437289224804,5783.61370928531,5776.163857701185,0.0015860154195819704,0.001642103945149924,0.022938687340395565,0
15.48200000000184,2.0,0.0,1.0,0.0,1.998382013349759,1.1811754232305916e-14,0.9999992143595621,-0.0015629655794351712,-3.603655493476564e-16,-9.12860077657915e-06,0.0026924828685631758,-5.47413909950636e-15,1.9823819839724852e-05,3.1971910792788087e-14,0.01572554425748628,8.775091221880869e-18,-1.5419997009148918e-16,0.022944614950834028,2.6183273199787025e-15,-2.744206568387761e-16,-1.6548536520014904e-06,-1.5747308888702878e-17,68.67014135318864,6.555993726796812e-07,-0.00010881132851701094,-2.0110768471044134e-08,5403.474474322992,5411.437629170327,5783.6134130637365,5776.163555895164,0.0016179868409814495,0.0015629922372971845,0.022944614946866802,0
15.502000000001846,2.0,0.0,1.0,0.0,1.9983516241787098,1.1804524463129752e-14,0.9999990335576138,-0.0014838686195073395,-3.616350950344953e-16,-8.967070753290089e-06,0.002612835175010003,-5.4685705790085134e-15,1.986383107572744e-05,3.193938744357799e-14,0.015260358962512977,8.506848424285998e-18,-5.209197873675116e-16,0.022933258018235286,2.59805562074738e-15,-3.4049399721417046e-16,-1.6628730140888922e-05,-1.7945017185517095e-17,68.67014148250847,6.449339880405274e-07,-0.00010704116919220436,-1.978340444042438e-08,5403.474818554852,5411.437975402757,5783.6131031569485,5776.163240235122,0.0016483761046026384,0.0014838957134234575,0.022933258023498045,0
15.522000000001853,2.0,0.0,1.0,0.0,1.9983228162276105,1.1797332554992252e-14,0.9999988560307687,-0.0014048458245408848,-3.592745044195064e-16,-8.801517825529474e-06,0.002532478766400693,-5.4688454610750586e-15,1.9889232009661082e-05,3.194099275107186e-14,0.014791034415459153,8.245639064736391e-18,-8.837379481907011e-16,0.022904898996834587,2.5785762618932185e-15,-3.4080298128080166e-16,-3.1352901355375694e-05,-1.9159740358910912e-17,68.6701415128019,6.339613930701599e-07,-0.00010522001955437403,-1.9446238775507904e-08,5403.475168660714,5411.438327559034,5783.612779996975,5776.162911160044,0.0016771841625272197,0.00140487339552217,0.022904898999046276,0
15.54200000000186,2.0,0.0,1.0,0.0,1.9982955873732346,1.1790187482232906e-14,0.9999986818578079,-0.00132595521913249,-3.560706662475045e-16,-8.63209464114073e-06,0.002451484396181278,-5.467683857761106e-15,1.9900169491288286e-05,3.193420826167857e-14,0.01431798385211518,7.980229562240472e-18,-1.2710043284167719e-15,0.02285982841514075,2.5539350192769758e-15,-3.5384541841977036e-16,-4.582045062483915e-05,-2.2750936438571068e-17,68.67014144534262,6.226944772336234e-07,-0.00010335001897923362,-1.9099686539450477e-08,5403.475524280762,5411.4386852770995,5783.612444018538,5776.162569111613,0.0017044131364713192,0.0013259833167135185,0.022859828416136443,0
15.562000000001866,2.0,0.0,1.0,0.0,1.998269934343013,1.1783172308671818e-14,0.999998511114445,-0.0012472538102900543,-3.4729788799103473e-16,-8.458955178608476e-06,0.002369922175575869,-5.475698269860441e-15,1.98967991742189e-05,3.1981016675358834e-14,0.013841616757340476,7.726031058248088e-18,-1.5872382912571327e-15,0.022798344540261996,2.534705867789161e-15,-2.428343645547943e-16,-6.002475854710131e-05,-1.5270863020267697e-17,68.67014128144935,6.111461451781824e-07,-0.00010143330940938397,-1.8744163606386613e-08,5403.475885056455,5411.439048196177,5783.6120956587065,5776.162214533872,0.0017300662976504524,0.0012472824945479561,0.022798344539641146,0
15.582000000001873,2.0,0.0,1.0,0.0,1.998245852735674,1.1776213853331344e-14,0.9999983438732999,-0.0011687975614495553,-3.466566857440291e-16,-8.282254680035417e-06,0.0022878615319716685,-5.472224764915897e-15,1.987928543589771e-05,3.196072953586056e-14,0.013362338622018032,7.45377915132463e-18,-1.9900736849583254e-15,0.022720753037091663,2.509390520198109e-15,-3.9633564037265616e-16,-7.395950321999915e-05,-2.622041388371078e-17,68.67014102248521,5.993293077097348e-07,-9.947203373206396e-05,-1.8380086287089252e-08,5403.476250630823,5411.439415957057,5783.61173535659,5776.1618478729015,0.0017541480461176556,0.0011688269056592648,0.02272075304041707,0
15.60200000000188,2.0,0.0,1.0,0.0,1.9982233370423892,1.176937455594399e-14,0.9999981802038745,-0.0010906413676672834,-3.380701382689251e-16,-8.102149578889788e-06,0.002205371168459992,-5.478866302652445e-15,1.984780128141855e-05,3.1999519721790544e-14,0.012880550706760429,7.193748586710967e-18,-2.420437865352673e-15,0.022627366627376445,2.4833329563487525e-15,-3.636655931495849e-16,-8.761866024884727e-05,-2.1056402981875577e-17,68.6701406698569,5.872568710865629e-07,-9.746833418610038e-05,-1.8007870975790323e-08,5403.476620648726,5411.439788202368,5783.6113635530155,5776.161469576503,0.001776663889598796,0.0010906714618504332,0.022627366634335917,0
15.622000000001886,2.0,0.0,1.0,0.0,1.9982023806684028,1.176275814970408e-14,0.9999980201725297,-0.0010128390319871614,-3.2559251540467975e-16,-7.918797423263336e-06,0.0021225190245461505,-5.490600485495054e-15,1.9802528239858042e-05,3.20680537355928e-14,0.012396649812442378,6.938319586599492e-18,-2.7569604012792686e-15,0.02251850474890554,2.4624895543833403e-15,-2.6153593045832256e-16,-0.00010099650253865567,-1.764026489549036e-17,68.67014022501394,5.749417285613141e-07,-9.542435078650245e-05,-1.7627933785094996e-08,5403.47699475714,5411.440164576865,5783.610980690218,5776.161080093869,0.001797620421849022,0.0010128699877424154,0.022518504747786335,0
15.642000000001893,2.0,0.0,1.0,0.0,1.9981829759551224,1.1756376807243319e-14,0.9999978638424635,-0.000935443242982598,-3.1479581206008523e-16,-7.732356794536753e-06,0.0020393722380349266,-5.500523809342066e-15,1.974365624409996e-05,3.2126011407914474e-14,0.011911028057599108,6.6785690630993904e-18,-3.0177886161807157e-15,0.022394493215082512,2.4456139598394443e-15,-2.330766940802234e-16,-0.00011408759986392476,-1.2108109757855921e-17,68.6701396894477,5.623967507246739e-07,-9.33422197840521e-05,-1.7240690218834862e-08,5403.477372605408,5411.4405447276695,5783.610587211524,5776.160679875274,0.0018170253005482292,0.0009354752001968828,0.02239449321819633,0
15.6620000000019,2.0,0.0,1.0,0.0,1.9981651142026418,1.1750243160810437e-14,0.9999977112736922,-0.0008585055534705698,-3.030624397771426e-16,-7.5429872215424845e-06,0.0019559971081071475,-5.5113545528973e-15,1.9671383499927617e-05,3.218926894502624e-14,0.011424072662781167,6.418143676171798e-18,-3.210517785240095e-15,0.022255663875118015,2.432772572411995e-15,-2.0188684032061086e-16,-0.0001268868182331348,-1.1512225467594312e-17,68.67013906469056,5.496347761848935e-07,-9.122407214436566e-05,-1.684655479928823e-08,5403.477753845496,5411.440928304542,5783.610183561046,5776.1602693717605,0.0018348872247675354,0.0008585386898655376,0.02225566387549997,0
15.682000000001906,2.0,0.0,1.0,0.0,1.9981487856926818,1.174431782413318e-14,0.999997562523032,-0.0007820763603958004,-2.906136198447521e-16,-7.350849090580275e-06,0.0018724590595898998,-5.521413037138222e-15,1.958591634284412e-05,3.224801611950125e-14,0.010936165741880374,6.1552465117915244e-18,-3.421408215839036e-15,0.022102354275086156,2.421231351834526e-15,-1.7002812868826485e-16,-0.00013938931903805847,-9.459295430256587e-18,68.67013835231509,5.366686028110461e-07,-8.907203206007132e-05,-1.6445940759023535e-08,5403.4781381322555,5411.441314960127,5783.6097701833805,5776.159849034827,0.0018512159120192945,0.0007821109054809902,0.022102354271509916,0
15.702000000001913,2.0,0.0,1.0,0.0,1.998133979711917,1.1738668578556587e-14,0.9999974176440822,-0.000706204885881189,-2.753192261838623e-16,-7.156103550687025e-06,0.0017888226084337177,-5.53694912705245e-15,1.9487469083657922e-05,3.233875549770333e-14,0.010447684100504903,5.896858418585204e-18,-3.562954168606501e-15,0.02193490732008768,2.415123929463315e-15,-7.449525345790902e-17,-0.00015159055800189169,-2.070013779503512e-18,68.67013755393292,5.2351097873622e-07,-8.688821548869144e-05,-1.6039259702570425e-08,5403.478525123645,5411.4417043502,5783.609347523305,5776.159419316123,0.0018660220749227834,0.0007062411420049751,0.02193490732341613,0
15.72200000000192,2.0,0.0,1.0,0.0,1.9981206845756696,1.1733298327012496e-14,0.9999972766872124,-0.0006309391594402956,-2.61799924318666e-16,-6.958912415504535e-06,0.0017051513283981119,-5.551218558194281e-15,1.9376263839684962e-05,3.242209695462124e-14,0.009958999041411402,5.635522085741113e-18,-3.648287153702985e-15,0.021753670937735593,2.4098988425134357e-15,-4.3050300479637784e-17,-0.0001634862839284879,-4.230018945769548e-18,68.67013667119383,5.101745940351332e-07,-8.467472871792325e-05,-1.5626921276722523e-08,5403.478914480984,5411.442096133897,5783.608916025479,5776.15898066715,0.001879317397503327,0.0006309775347643,0.021753670943314367,0
15.742000000001926,2.0,0.0,1.0,0.0,1.9981088876519468,1.1728177853308446e-14,0.999997139699549,-0.0005563260013470662,-2.4953562543163733e-16,-6.7594380616667495e-06,0.001621507818955269,-5.562910820323466e-15,1.9252530358266796e-05,3.249038640612533e-14,0.009470476177051544,5.370368143277243e-18,-3.734395462480244e-15,0.021558997743210302,2.4047226732676777e-15,-5.426103225830084e-17,-0.00017507253724981519,-5.961567742260046e-18,68.67013570578473,4.966720720038795e-07,-8.243366696517317e-05,-1.5209332885453767e-08,5403.479305869171,5411.442489973959,5783.6084761341535,5776.158533538961,0.0018911145111488738,0.0005563670638865366,0.02155899774645998,0
15.762000000001933,2.0,0.0,1.0,0.0,1.998098575385798,1.1723299585504373e-14,0.9999970067249657,-0.00048241100715674137,-2.401711607801926e-16,-6.55784332302693e-06,0.0015379536744141915,-5.572155385466421e-15,1.91165058267579e-05,3.2544380037399416e-14,0.008982475249246275,5.102105067333614e-18,-3.8443432004171306e-15,0.02135124470609439,2.3938853734568173e-15,-1.5507919656787973e-16,-0.000186345648381876,-1.1756323422334054e-17,68.67013465942857,4.830159609571237e-07,-8.016711300430224e-05,-1.478689935434378e-08,5403.479698956908,5411.442885536934,5783.608028292884,5776.158078381866,0.0019014269702485218,0.0004824555784059616,0.021351244699220975,0
15.78200000000194,2.0,0.0,1.0,0.0,1.9980897333239673,1.1718626320590171e-14,0.9999968778040761,-0.0004092385333711174,-2.2769112598963005e-16,-6.354291381781109e-06,0.0014545494542699052,-5.5845273261270485e-15,1.8968434670196882e-05,3.261663926535797e-14,0.008495349956014782,4.836128704205159e-18,-4.048094887261399e-15,0.02113077281920967,2.3823871528898166e-15,-1.8202323330487607e-16,-0.00019730223589973112,-1.0254771176077411e-17,68.67013353388316,4.6921872606821977e-07,-7.787713582179352e-05,-1.4360022659258852e-08,5403.480093416908,5411.443282493409,5783.607572944236,5776.157615645145,0.0019102692275352934,0.0004092878622860782,0.02113077281645558,0
15.802000000001946,2.0,0.0,1.0,0.0,1.9980823461398234,1.1714231372248973e-14,0.9999967529742266,-0.00033685168424153376,-2.1201659283585848e-16,-6.1489456564084276e-06,0.0013713546547795925,-5.600769428178642e-15,1.8808568341728142e-05,3.271150235876253e-14,0.008009447785569003,4.572781302624281e-18,-4.251035155409516e-15,0.02089794676966601,2.3691481106870464e-15,-1.4102805160894843e-16,-0.00020793920451661423,-1.0585398628576865e-17,68.67013233094016,4.5529274163933765e-07,-7.556578930749649e-05,-1.392910160660949e-08,5403.480488926115,5411.443680518208,5783.607110529516,5776.157145776754,0.0019176566091526001,0.00033690780149626015,0.020897946765462683,0
15.822000000001953,2.0,0.0,1.0,0.0,1.9980763976585387,1.1710227745604367e-14,0.9999966322694943,-0.0002652922997007073,-1.914901317169204e-16,-5.941969687201093e-06,0.0012884276817676647,-5.623931356924868e-15,1.8637165099754155e-05,3.2846781002176725e-14,0.00752510985748544,4.314028657889054e-18,-4.288784549718609e-15,0.020653134612336536,2.3657393288463814e-15,2.6647744598810096e-17,-0.00021825374289389003,1.6655133262369912e-18,68.67013105242376,4.4125028326033227e-07,-7.323511097395889e-05,-1.3494531593045188e-08,5403.480885165886,5411.444079290592,5783.606641488476,5776.156669223051,0.0019236052894718418,0.00026535883494666903,0.02065313460945847,0
15.84200000000196,2.0,0.0,1.0,0.0,1.9980718708824972,1.1706535299205796e-14,0.9999965157206848,-0.00019460094441524535,-1.7829042173547026e-16,-5.733527018339742e-06,0.0012058258246624976,-5.637996325032857e-15,1.8454489777282312e-05,3.2928928551314624e-14,0.00704267077107018,4.047551216125385e-18,-4.2987554833978334e-15,0.02039670744595305,2.3629704300795106e-15,-1.7615046262135853e-17,-0.00022824332126988734,-4.752828009605634e-18,68.67012970018952,4.271035206383931e-07,-7.08871207096334e-05,-1.3056704303989476e-08,5403.4812818221935,5411.444478494457,5783.606166259057,5776.156186428515,0.0019281322656821633,0.0001946853895375188,0.02039670744542306,0
15.862000000001967,2.0,0.0,1.0,0.0,1.9980687480169108,1.170318520208017e-14,0.9999964033553341,-0.00012481689794911673,-1.5999332888733245e-16,-5.523781077680447e-06,0.0011236052317611558,-5.658585384688539e-15,1.8260813538540683e-05,3.304918034441972e-14,0.006562458460895687,3.785337673138402e-18,-4.229038136647952e-15,0.02012903909202952,2.366466612673864e-15,8.719762378274065e-17,-0.000237905688919317,3.744745430652857e-18,68.67012827612314,4.12864509516948e-07,-6.852381956450768e-05,-1.2616007460920295e-08,5403.481678585807,5411.444877818512,5783.605685277114,5776.155697835471,0.0019312553321709626,0.00012493906583224625,0.020129039084095624,0
15.882000000001973,2.0,0.0,1.0,0.0,1.9980670104956186,1.1700130970107976e-14,0.999996295197712,-5.597814602796565e-05,-1.46163283244557e-16,-5.312895056104989e-06,0.001041820886723965,-5.67240677520208e-15,1.8056413631397462e-05,3.3129905354330474e-14,0.00608479405952013,3.518385693095134e-18,-4.150029131653438e-15,0.019850505776799587,2.3690659681373755e-15,7.08138991648697e-17,-0.00024723887144745564,-6.558888859306676e-19,68.67012678213912,3.9854518547084686e-07,-6.614718856891526e-05,-1.2172824567661453e-08,5403.48207515246,5411.445276956461,5783.605198976146,5776.155203883831,0.0019329930547232993,5.6229704664042395e-05,0.019850505769871483,0
15.90200000000198,2.0,0.0,1.0,0.0,1.9980666390070498,1.1697311812399505e-14,0.9999961912688285,1.1878627106460202e-05,-1.3766165251648115e-16,-5.101031782423657e-06,0.0009605265862960857,-5.68297157309076e-15,1.7841573125829863e-05,3.319161015302583e-14,0.005609991767372738,3.249884389203268e-18,-4.1526835378198e-15,0.01956148581635581,2.3645978817986042e-15,-8.934447285974332e-17,-0.0002562411679222002,-8.052648143542104e-18,68.67012522017944,3.841573562925875e-07,-6.375918758334092e-05,-1.1727534663288846e-08,5403.482471223034,5411.445675607168,5783.604707787044,5776.154705010812,0.0019333647445565908,1.2927579324050862e-05,0.019561485808673063,0
15.922000000001987,2.0,0.0,1.0,0.0,1.9980676135203275,1.1694655618275242e-14,0.9999960915864421,7.871804526317536e-05,-1.2988592309497159e-16,-4.888353598701764e-06,0.000879774919253299,-5.690885338199707e-15,1.761658064812485e-05,3.3237831533741595e-14,0.005138358729788803,2.9808112053475283e-18,-4.354824105386869e-15,0.01926235930517987,2.3490220772665994e-15,-2.790565155929439e-16,-0.0002649111478483546,-1.7602846368012458e-17,68.67012359221222,3.697126955946107e-07,-6.136175418644397e-05,-1.1280512083852556e-08,5403.4828665037,5411.446073474816,5783.604212137825,5776.154201650691,0.0019323904322154312,7.886968144325971e-05,0.019262359296980627,0
15.942000000001993,2.0,0.0,1.0,0.0,1.9980699133114919,1.1692200547606233e-14,0.9999959961650703,0.00014450604580223709,-1.139727189265533e-16,-4.675022233056489e-06,0.0007996172465674312,-5.706658233032836e-15,1.7381730106974222e-05,3.3329954498497997e-14,0.004670194921167656,2.716733856701096e-18,-4.716772684900256e-15,0.01895350780822956,2.325219493843547e-15,-2.673025781970748e-16,-0.000273247647991132,-1.799519202918065e-17,68.67012190023034,3.5522273608364424e-07,-5.89568025916181e-05,-1.0832126232468642e-08,5403.483260706086,5411.446470269074,5783.603712453396,5776.153694234549,0.00193009084134671,0.0001445816485805782,0.01895350780401571,0
15.962000000002,2.0,0.0,1.0,0.0,1.9980735169898214,1.1690125476114016e-14,0.9999959050160048,0.00020920988408111967,-9.472302190923072e-17,-4.461198672206658e-06,0.0007201036827899479,-5.729936918971882e-15,1.7137320408389306e-05,3.346591536204475e-14,0.0042057930362450245,2.4565633778089157e-18,-4.9872826353097995e-15,0.01863531405676308,2.3013990179173923e-15,-1.9715599867986964e-16,-0.00028124976905495374,-2.6145053362393567e-17,68.67012014624994,3.406988635562078e-07,-5.654622260048816e-05,-1.038274135976387e-08,5403.483653547414,5411.446865705222,5783.603209155289,5776.153183190013,0.0019264873623776454,0.00020925744405116974,0.01863531405582601,0
15.982000000002007,2.0,0.0,1.0,0.0,1.9980784025242329,1.168845870091964e-14,0.999995818147327,0.0002727981368600099,-7.438792586186816e-17,-4.2470430329016195e-06,0.0006412830786438769,-5.7521693841879236e-15,1.6883655168033565e-05,3.359576577402553e-14,0.0037454383884222946,2.19616299486998e-18,-5.1539197569668085e-15,0.01830816164805975,2.269665896784221e-15,-1.1404478708209877e-16,-0.0002889168722117034,-2.540633898843415e-17,68.67011833230906,3.261523107648766e-07,-5.413187859178267e-05,-9.932716376070923e-09,5403.484044750643,5411.447259504302,5783.602702661436,5776.152668941017,0.0019216020261142634,0.00027283119478684254,0.018308161656751788,0
16.00000000000201,2.0,0.0,1.0,0.0,1.998083876788327,1.16873235268665e-14,0.9999957436293552,0.00032904883417836963,-5.530807673816196e-17,-4.054150564078197e-06,0.0005709763592691571,-5.776859003604917e-15,1.664769746545014e-05,3.373996723920294e-14,0.0033348093816543086,1.9637809307888855e-18,-5.199718563248773e-15,0.01800638233533138,2.2469239919912552e-15,-2.6399035423178854e-17,-0.000295530503800863,-2.174028383096155e-17,68.67011665019695,3.130501772323381e-07,-5.195727039823674e-05,-9.527438751966858e-09,5403.484395208714,5411.4476122979695,5783.60224442693,5776.152203724328,0.0019161279391008079,0.0003290738084547909,0.018006382339086417,0
