time,target_x,target_y,target_z,target_yaw_deg,x,y,z,vx,vy,vz,desired_ax,desired_ay,desired_az,desired_roll_deg,desired_pitch_deg,desired_yaw_deg,roll_deg,pitch_deg,yaw_deg,wx,wy,wz,Fz,Tx,Ty,Tz,rpm1,rpm2,rpm3,rpm4,position_error_norm,speed_norm,tilt_deg,allocator_saturated
0.002,2.0,2.0,1.0,0.0,-8.731659840936909e-08,-8.714187458856775e-08,1.0000004425263596,-4.365829920468454e-05,-4.357093729428387e-05,0.0002212631798166032,1.0,1.0,0.0,-5.8500899956634305,5.760686880245642,-0.5892231348724469,-0.00013957168569617427,0.00013885581154333997,-2.3531585902471703e-06,-0.001217992704094445,0.0012117455734911194,-2.0533706713412994e-05,69.37988829624908,-0.0985920675063775,0.08779830816363496,0.004682117458260578,5440.7005541721255,5463.494877918128,5825.996226759319,5761.70248989118,2.828427248106994,0.0002296995176501306,0.0001968795363924255,0
0.022000000000000006,2.0,2.0,1.0,0.0,-5.5444172094225516e-06,-5.532495349942141e-06,1.0000287689833125,-0.00045108095948963203,-0.0004500608415731436,0.002379308982193415,1.0004983927037032,1.0004972858531025,-0.004383865843985772,-5.855632953145342,5.76598556920786,-0.5903259039659022,-0.00897100532955466,0.008924950529597676,-0.00015321726803210176,-0.012874644449239003,0.012808574660369132,-0.00021982604176542196,69.35021904462826,-0.09094307822348967,0.08099169610226087,0.004258559369133513,5438.669894228426,5460.614567483046,5823.641589457724,5764.03234786931,2.828434957452485,0.0024631565167235873,0.012654393615181158,0
0.04200000000000002,2.0,2.0,1.0,0.0,-1.830161618730262e-05,-1.8256626234342885e-05,1.0000991833865531,-0.000774998787722357,-0.0007727679941814216,0.0044402510102850975,1.0009054407072542,1.0009029117136736,-0.008657498253743031,-5.860576461398267,5.770713310700792,-0.5913105000765732,-0.030576505498346743,0.030419314378792528,-0.0005323902866532047,-0.02361216432532693,0.023490998289471127,-0.00040841664423336055,69.32118525852066,-0.08366142731615132,0.07451728423561152,0.0038610855626390714,5436.720200655531,5457.827396337595,5821.378248284564,5766.202025553035,2.828452977066312,0.004573141428836433,0.04313070006247395,0
0.06200000000000004,2.0,2.0,1.0,0.0,-3.623458565888751e-05,-3.612712777470933e-05,1.0002097739580984,-0.00097464877045325,-0.0009707036746825642,0.006406770230588154,1.0011707812734378,1.0011662374398194,-0.01282252275173587,-5.864622994996292,5.774587787510606,-0.5921175259617659,-0.06393132506983946,0.06360204202487084,-0.001141084763722034,-0.033475070318960465,0.033303409776639835,-0.0005866909517982751,69.2927038089821,-0.07673128456805485,0.06835979585656891,0.003487947531595342,5434.844150506468,5455.128581294041,5819.198749148216,5768.217823903245,2.8284782999833964,0.006552778848499226,0.09017999997969348,0
0.08200000000000006,2.0,2.0,1.0,0.0,-5.644195736425474e-05,-5.623028968655613e-05,1.000358677215646,-0.0010127154021231902,-0.0010063494678718243,0.00828106609881059,1.0012478183872429,1.0012404148296232,-0.016879697192303252,-5.867496341472784,5.777346929440274,-0.592691726251506,-0.10806061981875972,0.10750272401963352,-0.0019862808180022193,-0.042505906314905105,0.04228823146419629,-0.0007550020681437518,69.26470281854611,-0.07013752450076462,0.06250474624720474,0.0031375567328830382,5433.035254714823,5452.513661606731,5817.0964429155665,5770.085859150991,2.8285068187977007,0.008403236725813066,0.15242676774389594,0
0.10200000000000008,2.0,2.0,1.0,0.0,-7.531232678794864e-05,-7.493855616083732e-05,1.0005440685597606,-0.000855155154109888,-0.0008454815226613222,0.010064877710558995,1.001093544687572,1.0010822095454293,-0.02082893328057762,-5.868940645069589,5.77874795177652,-0.5929819011974959,-0.16203724832190575,0.16119826039072824,-0.003078918486575466,-0.050745337180376195,0.05048600901453454,-0.0009136736325564428,69.2371213901909,-0.06386569587307309,0.05693839642332216,0.0028084680651802936,5431.287806437963,5449.978515420915,5815.065441650026,5771.812105070954,2.8285334204902237,0.010136463518963095,0.22856263850508565,0
0.1220000000000001,2.0,2.0,1.0,0.0,-8.858784530189407e-05,-8.797456614768537e-05,1.0007641533776865,-0.0004710298101443831,-0.00045700354084543787,0.011759513155162573,1.0006683724041252,1.0006518318745723,-0.024669335910467674,-5.868719509242157,5.778566445780825,-0.5929408429117865,-0.22497967970560806,0.22381077656557513,-0.004432376280480659,-0.05823223901217117,0.05793550086911904,-0.0010630025307648949,69.20990923849709,-0.05790199239869581,0.051647710001010275,0.0024993648963836587,5429.596829397786,5447.519369386598,5813.100573627639,5773.40242659687,2.8285520764453875,0.011777812656212168,0.3173434457228524,0
0.1420000000000001,2.0,2.0,1.0,0.0,-9.142457052748132e-05,-9.047194358703115e-05,1.0010171588064074,0.00016765197070237037,0.00018721212590685972,0.013365885164544683,0.9999359726118702,0.9999127756585199,-0.02839925674351346,-5.866615152670333,5.776595518428312,-0.592525288175783,-0.29604999991687914,0.29450563843582017,-0.00606120207184141,-0.06500378480892462,0.0646737631545421,-0.0012032614603519477,69.1830262407441,-0.052233224637143416,0.04662031294296804,0.002209045512908671,5427.9580266050725,5445.132802371601,5811.197337654177,5774.862605912558,2.8285559278918493,0.01336824752146528,0.4175864002057463,0
0.16200000000000012,2.0,2.0,1.0,0.0,-7.844973296384596e-05,-7.70329934154403e-05,1.0013013262622956,0.0010860854465407363,0.0011124758388119692,0.014884551406045037,0.998863122176408,0.9988316647809712,-0.03201635889905747,-5.862427613899249,5.772644978687085,-0.5916958827310834,-0.37445200905947695,0.3724895628665664,-0.007980065952157559,-0.07109552581428932,0.0707362302976656,-0.0013347013615788617,69.15644192362335,-0.046846793012414595,0.04184445596165504,0.0019364108730102645,5426.367729795282,5442.8157441119765,5809.35185713474,5776.198362029075,2.828537366987398,0.014965528879672957,0.5281674035060601,0
0.18200000000000013,2.0,2.0,1.0,0.0,-4.3816065862154755e-05,-4.178344839387666e-05,1.0016149048142209,0.0023068134701160047,0.002341425010526352,0.01631575799592522,0.9974195578226597,0.9973781066625881,-0.035517690025483876,-5.855974000084342,5.766540567705096,-0.5904171526961558,-0.459429403784405,0.45700881963168316,-0.010202907865587675,-0.0765414687614058,0.07615679159364842,-0.0014575537223518213,69.13013489939902,-0.041730661914486475,0.03730897937400604,0.0016804535554373076,5424.822849852008,5440.565469550792,5807.560834284275,5777.4153647485655,2.8284881137526963,0.01664354584959061,0.6480184888830044,0
0.20200000000000015,2.0,2.0,1.0,0.0,1.874666469884167e-05,2.157559797201857e-05,1.0019561454507817,0.003849863529826242,0.0038941618861811737,0.0176594850122962,0.9955778368155404,0.995524552264683,-0.038899761377969515,-5.847087775643548,5.758123230349988,-0.5886574793997619,-0.5502640398400004,0.547347520574778,-0.012742255672700119,-0.08137414923458167,0.08096786395370541,-0.0015720327642934854,69.10409226369637,-0.03687333483933041,0.0330032802187163,0.0014402478031918893,5423.320828449084,5438.379589537701,5805.821504811449,5778.519243817118,2.8283992890451812,0.01848900637929433,0.776125383432389,0
0.22200000000000017,2.0,2.0,1.0,0.0,0.00011588280162594496,0.00011971844596738694,1.0023232962699093,0.0057328785855243715,0.005788385187370802,0.018915492965290315,0.9933132037940551,0.9932461621555716,-0.04215863084515956,-5.835618086932555,5.74724842562941,-0.5863890744945153,-0.6462742707351439,0.6428259917236293,-0.015608691871964874,-0.08562470135061347,0.08520046104370205,-0.0016783375154105758,69.0783089656197,-0.03226383052428015,0.028917281462099504,0.001214940569955823,5421.85959110247,5436.256038490524,5804.131593358719,5779.515593980924,2.8282614837522564,0.02059531922728281,0.9115251853424372,0
0.2420000000000002,2.0,2.0,1.0,0.0,0.00025456449074050773,0.0002596481131412391,1.0027145986000232,0.0079712420866038,0.008039515996851956,0.020083369341047177,0.9906034633490494,0.9905206782409981,-0.04528998814973576,-5.821429119358154,5.733785473603328,-0.5835879527215363,-0.746813359104461,0.7427992240984419,-0.01881044952633062,-0.08932292394961193,0.08888425901006376,-0.001776653773635494,69.052787159581,-0.02789166003694883,0.025041403132370216,0.0010037434839241112,5420.4375017880275,5434.193059555603,5802.4892699376505,5780.409976581286,2.8280648243720043,0.023054636018722912,1.0533041505261866,0
0.2620000000000002,2.0,2.0,1.0,0.0,0.0004420478143553467,0.00044865211531856965,1.0031282840458249,0.01057819751998231,0.010660818222666036,0.021162574476719615,0.9874288579794777,0.9873283008037234,-0.04828924069983111,-5.804399483632019,5.717616936485847,-0.5802339001481245,-0.8512679578312167,0.8466553990302054,-0.022353120035103643,-0.09249734347349098,0.09204765897591116,-0.0018671559645327522,69.02753554703652,-0.023746804777463198,0.021366535235019957,0.0008059256503942309,5419.053319250534,5432.189187745549,5800.89310755969,5781.207918253421,2.8277990351397615,0.025950064863718408,1.2005955832092303,0
0.2820000000000002,2.0,2.0,1.0,0.0,0.0006858312585812665,0.0006942606001324686,1.0035625724383583,0.013564962799569136,0.013663513945073242,0.022152486148220185,0.983771951102445,0.9836515705369896,-0.051151598792902334,-5.784421628144119,5.698638031721055,-0.5763104361017886,-0.9590566583186697,0.9538144839277745,-0.026239457278629977,-0.09517527369940625,0.09471784647775608,-0.0019500088956698673,69.00256871526717,-0.019819695355511462,0.017884012313828707,0.0006208072205450229,5417.706155102323,5430.2432314803045,5799.3420412282685,5781.914907230701,2.8274534968500933,0.02935016987392054,1.3525778253197382,0
0.3020000000000002,2.0,2.0,1.0,0.0,0.0009936164143156912,0.001004206733770789,1.0040156706578305,0.016940839776548595,0.01705689391803136,0.023052442362550093,0.9796175148284535,0.9794752552920978,-0.053872159073943465,-5.761401274701976,5.676756074905169,-0.5718047673818911,-1.0696286035338263,1.0637268945873493,-0.030469264364205065,-0.09738287248534272,0.09692084800145183,-0.002025369409533186,68.97790647938987,-0.016101191305519603,0.014585589533060458,0.0004477536594408473,5416.395433786311,5428.354252909893,5797.83532842784,5782.536387699169,2.827017302515715,0.033306827848721354,1.5084723397988264,0
0.32200000000000023,2.0,2.0,1.0,0.0,0.0013732708171319008,0.001386389246751629,1.0044857722886111,0.020713319121193084,0.020848423468838712,0.023861781943815247,0.974952422245392,0.9747862412919078,-0.056445985328360114,-5.73525687513969,5.651889950515538,-0.5667077336497994,-1.1824621636032346,1.1758722203148526,-0.03503935073344414,-0.09914519567569963,0.0986815847653253,-0.002093387936398133,68.95357323293408,-0.012582561605162235,0.011463420166605976,0.00028617065145445904,5415.120854457448,5426.521547354268,5796.372511218546,5783.077752596217,2.8264793099977528,0.03785608257184828,1.6675418831869318,0
0.34200000000000025,2.0,2.0,1.0,0.0,0.0018327928360190899,0.001848837049136652,1.0049710580585796,0.024888180801731784,0.02504384401481079,0.024579882587789557,0.9697655439830484,0.969573428589831,-0.058868185848672115,-5.705919086548733,5.623969608495419,-0.5610137431840938,-1.2970636718383877,1.2897580083216649,-0.03994354876961643,-0.10048624830607199,0.10002392388849025,-0.002154209948222236,68.92959731155578,-0.009255465964311363,0.008510034389310216,0.00013549958605109743,5413.882354818574,5424.7446221568425,5794.953380021681,5783.5443352015955,2.825828191735232,0.043020765854263746,1.8290887630858947,0
0.36200000000000027,2.0,2.0,1.0,0.0,0.0023802785251870982,0.00239967582972602,1.0054696970093258,0.029469590363818132,0.02964727039425803,0.02520619613533199,0.9640476488545108,0.9638276305780945,-0.0611339867554486,-5.673330263121443,5.592935584832004,-0.5547206984428728,-1.4129662191242451,1.4049186040504693,-0.04517278028232111,-0.10142903323842828,0.1009707270731854,-0.0022079773143993332,68.90601037377797,-0.006111936853431758,0.005718319274514489,-4.78642874852421e-06,5412.680076930919,5423.02317521329,5793.577939160218,5783.941399827795,2.825052481695812,0.04881362229597714,1.9924531762987865,0
0.3820000000000003,2.0,2.0,1.0,0.0,0.0030238903570065116,0.0030470965575138667,1.0059798483394586,0.03446019119510723,0.034661284190338856,0.0257402808811642,0.9577913083920635,0.9575414773699293,-0.06323880077826492,-5.637443962826897,5.55873854435358,-0.5478299111035814,-1.529728504631025,1.5209140442853757,-0.050715164359255785,-0.10199559735049843,0.10154389692156252,-0.0022548295600800616,68.88284680203414,-0.00314436224229172,0.003081499910000931,-0.00013518607387716928,5411.514335005719,5421.357073405579,5792.246374200238,5784.274131879979,2.824140619664397,0.0552401254412769,2.157011623668644,0
0.4020000000000003,2.0,2.0,1.0,0.0,0.003771827757661069,0.003799325807074121,1.0064996638602632,0.03986119294311117,0.04008702321032655,0.026181830792420906,0.9509908051133296,0.9507093228981758,-0.06517829111360599,-5.598224467357659,5.521338844059917,-0.540346006454724,-1.6469337408166302,1.6373290000951242,-0.05655615907248874,-0.10220707539637093,0.1017644209996265,-0.002294905027712908,68.86014312674583,-0.00034546902166699805,0.0005931215520804009,-0.000256172892634449,5410.385585171548,5419.746331142717,5790.959021123126,5784.547627522543,2.8230809929813523,0.06230066128345794,2.3221753978131585,0
0.4220000000000003,2.0,2.0,1.0,0.0,0.00463229937029578,0.004664597832643574,1.0070272910009954,0.04567245624058131,0.04592426726919405,0.026530701561841622,0.9436420443687744,0.9433271555878708,-0.06694843007486541,-5.555646313993992,5.480706115388173,-0.5322768171955672,-1.764188610682706,1.7537717668470174,-0.06267873042039293,-0.1020837316490102,0.10165241375394417,-0.0023283419424790564,68.83793747567499,0.0022916929175403836,-0.0017529672554300979,-0.00036819797150565165,5409.294397201661,5418.191089183981,5789.716337344103,5784.766883159551,2.821861975837488,0.06999206889800935,2.4873891401450017,0
0.44200000000000034,2.0,2.0,1.0,0.0,0.005613496973396437,0.005651128318517429,1.0075608763000945,0.051892573880909454,0.05217152041493396,0.026786933464236246,0.9357424696345541,0.9353925124729765,-0.06854555233620693,-5.5096938382291185,5.436818863904404,-0.5236332668612771,-1.88112227523729,1.8698732987103157,-0.06906354268613372,-0.1016449994296112,0.10122715638026823,-0.0023552793823728513,68.81626905035662,0.00477376597170152,-0.003962630664122608,-0.00047169226671706923,5408.241428176762,5416.691593897233,5788.518874580293,5784.936784909625,2.8204719662287574,0.07830866216970468,2.65212946372997,0
0.46200000000000035,2.0,2.0,1.0,0.0,0.00672357098487482,0.006767089736012555,1.0080985693183935,0.05851894857619167,0.0588260897234438,0.0269507710226182,0.9272909811253418,0.9269043966377958,-0.06996640264815002,-5.460360726184666,5.389664084998241,-0.5144292432335023,-1.9973854291058888,1.9852862852396975,-0.07568916510840339,-0.1009095186233681,0.10050713473731024,-0.002375858153806882,68.79517763102702,0.007107099500748737,-0.006041460666606776,-0.000567068611926928,5407.227398050973,5415.248177084012,5787.367253560767,5785.062098231742,2.818899420669659,0.08724288070282424,2.8159036386968648,0
0.4820000000000004,2.0,2.0,1.0,0.0,0.00797060748489413,0.008020588239720556,1.0086385269108957,0.06554786742241744,0.06588416078288238,0.027022679522763614,0.9182878576104868,0.9178631978720801,-0.07120817796937211,-5.407649576019003,5.3392368942456345,-0.5046814622214909,-2.1126494022239326,2.0996842677911696,-0.08253229039828487,-0.09989517127630658,0.0995100753935196,-0.002390221573788142,68.77470311111767,0.00929776391427169,-0.007994791460097881,-0.0006547234397363384,5406.253067082325,5413.861236484276,5786.262140561425,5785.147457836886,2.8171328867606014,0.09678569509117295,2.9782483370680115,0
0.5020000000000003,2.0,2.0,1.0,0.0,0.009362606692882178,0.009419642038097278,1.0091789177947763,0.07297457318950457,0.07334086998091804,0.02700335844248614,0.9087346813238952,0.9082706164356055,-0.07226856401724768,-5.351571467692515,5.285540171191121,-0.49440932280756295,-2.2266053055391573,2.212760793674083,-0.08956796120532973,-0.09861911536328638,0.09825297988982634,-0.0023985161599109272,68.75488506207647,0.011351564186992832,-0.009827713078197546,-0.0007350382471871037,5405.319215083543,5412.531217056686,5785.2042257396,5785.197358000997,2.815161033700946,0.10692685775295967,3.1387284340166364,0
0.5220000000000004,2.0,2.0,1.0,0.0,0.010907462836471687,0.010972161175644238,1.0097179273528496,0.08079333254838547,0.08119037370303372,0.02689375188511207,0.8986342658636263,0.8981295898333284,-0.07314576628994804,-5.292145540602554,5.228584215387415,-0.4836347537441184,-2.338963218654492,2.324228606083572,-0.09676980114312089,-0.09709781681309318,0.09675215729686741,-0.002400892229635952,68.73576232900423,0.013274052821963735,-0.011545084336416064,-0.0008083808330758384,5404.426622444263,5411.258593114935,5784.194203235953,5785.216143377201,2.8129726808360522,0.11765506048092553,3.2969358627008516,0
0.5420000000000004,2.0,2.0,1.0,0.0,0.012612945352300288,0.012685928666052637,1.0102537626137547,0.08899750134286677,0.08942591454583385,0.02669505612595848,0.887990586981592,0.8874442225063504,-0.07383853565623597,-5.229398578736908,5.168386413615625,-0.47238205276820344,-2.449451417351093,2.4338188679877497,-0.10411024743612088,-0.09534707987265524,0.0950232551411931,-0.0023975044105661626,68.71737265735365,0.015070542278698168,-0.013151545132723742,-0.0008751063327394719,5403.5760528719775,5410.043851386838,5783.232753005358,5785.208000389582,2.810556824323413,0.1289580375905295,3.4524885199475337,0
0.5620000000000004,2.0,2.0,1.0,0.0,0.014486681360716111,0.014568582917721421,1.0107846573524704,0.09757958701035349,0.09803988464593831,0.026408724396467787,0.8768087161671335,0.8762197183470204,-0.07434618864610462,-5.16336460311755,5.104970917293979,-0.46067771916474315,-2.5578156389481337,2.5412804182640087,-0.11156078265128958,-0.09338207588883976,0.09308128877130353,-0.002388512063683062,68.69975235072339,0.016746116882450823,-0.014651528140516946,-0.0009355580739419606,5402.7682377958145,5408.887475050394,5782.320524333104,5785.1769492766425,2.8079026619997953,0.1408226384738925,3.605029220186423,0
0.5820000000000004,2.0,2.0,1.0,0.0,0.016536139358483234,0.016627601395042102,1.011308877257399,0.106531308252591,0.1070238862223857,0.026036469043415413,0.8650947569308282,0.8644623159487833,-0.07466862260673243,-5.0940844714166404,5.038368329166833,-0.44855028056160723,-2.66381838348081,2.6463790584887787,-0.11909216333505658,-0.09121737058295035,0.09094066923107527,-0.0023740796217654224,68.68293595959122,0.018305644229950235,-0.016049269927837305,-0.0009900682756026808,5402.0038623746705,5407.789928789635,5781.458120988405,5785.126836839713,2.8049996165282725,0.15323488369297458,3.75422469515264,0
0.6020000000000004,2.0,2.0,1.0,0.0,0.018768614075577356,0.01887028546077766,1.0118247251131363,0.11584365205518614,0.11636878942836051,0.025580261210620122,0.8528557836968004,0.8521792265030007,-0.07480632591447692,-5.021605484723972,4.96861539844793,-0.43603011487934396,-2.7672382487108083,2.7488968688860957,-0.12667464369354525,-0.08886694988995487,0.08861522970515982,-0.0023543768454724733,68.66695600066552,0.01975378610610197,-0.017348821533467604,-0.0010389586093412797,5401.283553049209,5406.751644902935,5780.646087963495,5785.0613299402285,2.8018373569010513,0.16618001275156016,3.899764636986989,0
0.6220000000000004,2.0,2.0,1.0,0.0,0.021191212444114888,0.021303746346759855,1.0123305459510628,0.1255069281526975,0.12606478760637713,0.02504232819816293,0.8400997832132509,0.8393785742560865,-0.0747603834552694,-4.945981001529498,4.895754723673058,-0.42314926838638445,-2.867869297023596,2.8486315520324155,-0.13427819273578617,-0.08634424443158548,0.0861182505982506,-0.0023295789998291332,68.65184270638801,0.021095008925487307,-0.01855405852761787,-0.0010825406421617952,5400.607866575621,5405.773010487121,5779.884899743367,5784.983909779309,2.7984058183710974,0.17964252806657965,4.04136078247372,0
0.6420000000000005,2.0,2.0,1.0,0.0,0.02381084062937575,0.023934892201996603,1.0128247321230712,0.13551082103441964,0.13610145003968405,0.024425148659534962,0.8268355983919777,0.8260693394410338,-0.07453247760332299,-4.867270059056518,4.819834462596217,-0.40994127082737736,-2.9655204523143306,2.9453958029995215,-0.14187270354995477,-0.08366215268974897,0.08346248330767354,-0.0022998669540990092,68.63762380399463,0.02233359371189109,-0.019668690582303014,-0.0011211161770509413,5399.977280477948,5404.854355712298,5779.174950048854,5784.89786698381,2.794695220882724,0.1936062375218513,4.178746036256901,0
0.6620000000000005,2.0,2.0,1.0,0.0,0.026634192074766475,0.02677041616912329,1.013305728256985,0.14584443958453003,0.14646777229149693,0.02373144580065655,0.8130728744884946,0.8122613035978988,-0.07412488494195398,-4.785537002140945,4.740908048540832,-0.39644094859877427,-3.060014925017816,3.0390167046940277,-0.14942819360490567,-0.08083306294415209,0.08066017274656484,-0.002265427208267738,68.62432432343029,0.023473645628589668,-0.02069627057417171,-0.0011549775068135553,5399.392184854903,5403.9959431946945,5778.516542993491,5784.806297514495,2.7906960860685337,0.20805429675339301,4.311673630979216,0
0.6820000000000005,2.0,2.0,1.0,0.0,0.02966773651442862,0.0298167854419526,1.0137720360555251,0.15649636444893886,0.1571522242226442,0.022964178746555007,0.7988220075350202,0.7979649971981374,-0.07354046898090856,-4.700851119900024,4.6590339126921325,-0.38268423694243436,-3.1511896634975285,3.12933514722215,-0.15691499516664292,-0.07786887403564713,0.07772307867288715,-0.002226451849580939,68.61196643331805,0.02451910307171487,-0.021640203240467334,-0.0011844075951050388,5398.852875476709,5403.197958467839,5777.909885593137,5784.712099404448,2.786399252877371,0.22296925162309503,4.4399163223815,0
0.7020000000000005,2.0,2.0,1.0,0.0,0.03291770990903043,0.033080231258678504,1.0142222189040118,0.16745469321990428,0.16814279577724014,0.022126532241878084,0.784094094939235,0.7831916494879501,-0.07278266913229939,-4.613286290470565,4.574275211889156,-0.36870799211559885,-3.238894830073422,3.2162052701723582,-0.16430393509465693,-0.0747810150145396,0.0746624958777211,-0.0021831384427859223,68.60056930410074,0.0254737463386716,-0.022503753406958052,-0.0012096801973399656,5398.359548107288,5402.4605015461,5777.355081566025,5784.617970328915,2.7817958918952876,0.23833308096487532,4.563265617493399,0
0.7220000000000005,2.0,2.0,1.0,0.0,0.03639010526208673,0.03656673978707167,1.0146549062552932,0.17870708352819806,0.17942704062503084,0.021221904850542633,0.7689008881623234,0.7679531404660651,-0.07185548621235477,-4.522920634122892,4.486699561543968,-0.35454980447475104,-3.3229933000372207,3.2994939267668975,-0.17156650343880603,-0.07158046373093899,0.07148927328459183,-0.002135689857910968,68.59014899740242,0.026341205883320035,-0.02329005380505766,-0.0012310599329525104,5397.9122939871095,5401.783579568887,5776.8521263600505,5784.526406001633,2.776877518418909,0.2541272395004052,4.681531034138134,0
0.7420000000000005,2.0,2.0,1.0,0.0,0.04009066427593347,0.0402820438597653,1.0150687977636876,0.19024079413127434,0.1909921177480313,0.02025389581784004,0.7532547473905224,0.7522619549117266,-0.07076346473902814,-4.4298361750725235,4.396378773381795,-0.3402478133823782,-3.4033601820766677,3.3790801688866443,-0.17867501039585382,-0.06827776442217286,0.06821383201005594,-0.002084314039579288,68.5807183805971,0.027124970169432022,-0.02400211249395052,-0.001248802319353026,5397.511096412401,5401.16710050854,5776.40090334358,5784.439699387059,2.771636004338025,0.27033270073998755,4.794539390057217,0
0.7620000000000006,2.0,2.0,1.0,0.0,0.044024869808236486,0.04423161551947071,1.0154626671429572,0.20204272408447133,0.20282483105795998,0.019226290755404572,0.7371685981152081,0.7361311383791093,-0.06951167229633368,-4.334118512318265,4.3033885977580475,-0.3258405248101924,-3.4798823586058583,3.454854752022722,-0.1856027313078774,-0.06488304435029804,0.06484618243434154,-0.0020292237219945164,68.57228706552247,0.027828393133783453,-0.024642819902316888,-0.001263153776862048,5397.155828346766,5400.610867920274,5776.001181095719,5784.3599407129905,2.7660635888817597,0.28692999966084964,4.902134120047712,0
0.7820000000000006,2.0,2.0,1.0,0.0,0.0481979390916385,0.04842065933567875,1.0158353657265013,0.21409945008073586,0.21491166712973306,0.01814304630572729,0.720655889537525,0.7195742550749924,-0.06810567623533449,-4.235856499833285,4.207808470367003,-0.3113666324707424,-3.552458044576689,3.526719659253445,-0.19232403949428195,-0.06140602954083316,0.06139594032949773,-0.0019706360938497552,68.56486137023404,0.02845470127014678,-0.025214955503217108,-0.0012743516129049754,5396.846251001994,5400.114576708181,5775.652611732005,5784.289018263519,2.7601528882802135,0.3038992749622915,5.004174619584242,0
0.8020000000000006,2.0,2.0,1.0,0.0,0.05261481768083927,0.05285410645609317,1.0161858257110437,0.22639726204267718,0.22723883113489704,0.01700827393850234,0.7037305547147179,0.7026053475373293,-0.0665515179792249,-4.135141936425821,4.109721263211437,-0.2968648432622898,-3.6209963634260416,3.5945876433866037,-0.19881452680663583,-0.05785605967198159,0.05787234209124594,-0.0019087724175026544,68.55844430266183,0.02900700034539523,-0.02572119413481558,-0.00128262399281403,5396.582013325525,5399.677809877492,5775.35473020163,5784.228619928268,2.7538969043911354,0.3212203107188928,5.100535613476433,0
0.8220000000000006,2.0,2.0,1.0,0.0,0.05728017409306058,0.057536609357703106,1.0165130630680759,0.2389221970489204,0.23979228105732883,0.015826223026125064,0.6864069723666768,0.6852388980333468,-0.06485568519612692,-4.032069265569229,4.0092130397528285,-0.2823737077601152,-3.6854169388937468,3.658381786445784,-0.2050511118823285,-0.05424210216181073,0.054284259119513914,-0.0018438576068227654,68.55303556500503,0.029488281758904503,-0.026164111978895486,-0.0012881899037068792,5396.362652333012,5399.300036239764,5775.106954492752,5784.180235480302,2.7472890323388524,0.33887257728035886,5.191106548189366,0
0.8420000000000006,2.0,2.0,1.0,0.0,0.06219839510946497,0.06247253726402982,1.016816180110216,0.25166007167472987,0.25255776027181387,0.01460126334023002,0.6686999302627785,0.6674897915970417,-0.06302508209824595,-3.926735285477845,3.906372814207709,-0.2679314564318472,-3.7456495015272266,3.718035075715102,-0.21101213615031916,-0.05057276549908712,0.050640211391474385,-0.0017761197681558352,68.54863157767963,0.029901428556446653,-0.026546192208521387,-0.001291259117090844,5396.187594225411,5398.980609034571,5774.908586682969,5784.145159551981,2.740323067210492,0.3568352712947193,5.2757910065272124,0
0.8620000000000007,2.0,2.0,1.0,0.0,0.06737358170667326,0.06766597219667415,1.0170943677024047,0.2645965128247089,0.26552082856421555,0.013337867105346877,0.6506245901108934,0.6493732806273969,-0.06106699812003227,-3.8192388696766018,3.801292314997005,-0.25357584219571333,-3.801633508769484,3.7734899955903884,-0.2166774477110332,-0.04685631186174894,0.04694838026976457,-0.0017057897088623517,68.54522552161976,0.03024922110979677,-0.02686983031572166,-0.00129203215507596,5396.056156231172,5398.718765428509,5774.758814772848,5784.124495275213,2.732993209852352,0.37508735475798677,5.354506143452113,0
0.8820000000000007,2.0,2.0,1.0,0.0,0.07280954558905674,0.07312070563084345,1.017346907110523,0.27771698713305576,0.278666891669882,0.012040590739642884,0.6321964538724318,0.6309049509703194,-0.0589890752211844,-3.7096806982791883,3.694065752391918,-0.2393439898795678,-3.8533177776069354,3.8246981345162543,-0.22202847327364378,-0.043100669065289095,0.04321662058745329,-0.0016331004178742018,68.54280739772464,0.03053434247331149,-0.027137339129698932,-0.001290700264367721,5395.967549115282,5398.513626849921,5774.656715241219,5784.119158550268,2.725294071807213,0.3936075930169224,5.427182141879283,0
0.9020000000000007,2.0,2.0,1.0,0.0,0.0785098062939622,0.07884023572604475,1.0175731714825464,0.29100682900437064,0.29198122940469434,0.010714056406377842,0.6134313314295232,0.6121006894092225,-0.05679927405275995,-3.598163000152713,3.5847895904318605,-0.2252722530758762,-3.90066012883246,3.871619806318298,-0.22704827838833255,-0.03931344188166143,0.03945247205020723,-0.0015582865226761735,68.54136410223865,0.030759383428789536,-0.02735095353578835,-0.0012874454015489832,5395.92088029827,5398.364200115597,5774.601256262055,5784.129882905159,2.717220679431389,0.41237459167186186,5.4937616873557955,0
0.9220000000000007,2.0,2.0,1.0,0.0,0.08447758884345913,0.08482776510459332,1.017772626959743,0.30445126736538236,0.3054490224607612,0.009362933493190699,0.5943453095328384,0.5929766524912924,-0.05450583921649732,-3.4847893061070354,3.4735623232171133,-0.21139607882424272,-3.943627042056173,3.9142236852679106,-0.23172161625931934,-0.03550192276766615,0.03566316999499575,-0.001481583727057363,68.54087951685315,0.0309268472299737,-0.02751283490518647,-0.0012824402325493534,5395.915157529603,5398.269379304012,5774.591301523866,5784.1572249060355,2.7087684772284035,0.43136683234367945,5.55419946059496,0
0.9420000000000007,2.0,2.0,1.0,0.0,0.09071582191757638,0.09108619915199775,1.0179448334177041,0.318035451195197,0.3190553779362138,0.007991920129707729,0.5749547219611799,0.573549236618824,-0.0521172638387968,-3.3696642132050263,3.3604842557015315,-0.19774988048921693,-3.982193320671669,3.9524864542442537,-0.23603496546704877,-0.03167310204014515,0.0318556555435548,-0.001403228233893695,68.5413346123229,0.03103915405810225,-0.027625075245337315,-0.001275848148637146,5395.949293061337,5398.227948328054,5774.625614593834,5784.201570077511,2.6999333304343334,0.45056270728313985,5.608461646900309,0
0.9620000000000007,2.0,2.0,1.0,0.0,0.0972271365253149,0.09761814481464262,1.0180894448391267,0.3317444738987907,0.3327853536658699,0.006605724847270303,0.5552761208267404,0.5538350493375279,-0.0496422536717167,-3.2528931602466935,3.2456572891284905,-0.18436691913765255,-4.0163417660582414,3.9863924653837493,-0.2399765569654238,-0.027833677533705248,0.02803658518769871,-0.0013234561571176572,68.54270756439911,0.03109864519995804,-0.02768970108078366,-0.00126782330075288,5396.022108269424,5398.238584159159,5774.702863770291,5784.263139290885,2.690711526888143,0.4699405528124397,5.656525461574123,0
0.9820000000000008,2.0,2.0,1.0,0.0,0.10401386515098564,0.10442590987149454,1.018206209322261,0.34556339658548235,0.3466239814167272,0.005209048477857637,0.5353262489628716,0.5338508817564163,-0.04708969092392867,-3.1345822144360773,3.129184711266807,-0.17127919365738228,-4.046062860369899,4.015933412632524,-0.2435363907527949,-0.023990063775093568,0.02421233984241452,-0.001242502926906317,68.54497388089358,0.031107586959894015,-0.027708677074260286,-0.0012585106535323574,5396.132338671619,5398.299860653731,5774.82162736862,5784.341995577304,2.6810997782186514,0.48947868159800756,5.69837869046164,0
1.0020000000000007,2.0,2.0,1.0,0.0,0.1110780413546231,0.11151150265780428,1.0182949687308245,0.3594772703110552,0.36055628900933917,0.0038065663825626534,0.5151220133342733,0.5136136820367223,-0.04446859801492084,-3.0148378691957274,3.0111709916125746,-0.15851733979797458,-4.071354457329127,4.041108015641443,-0.24670624264391983,-0.020148400706770493,0.02038903340150096,-0.0011606026919757264,68.54810653870408,0.031068174317323997,-0.02768390939780342,-0.0012480460599402074,5396.278639292442,5398.4102529322,5774.980399387244,5784.438051322503,2.671095220378213,0.509155413760964,5.7340192448385015,0
1.0220000000000007,2.0,2.0,1.0,0.0,0.11842139980636311,0.11887663221996649,1.0183556579928945,0.3734711573390595,0.374567321423131,0.0024029110933053385,0.49468045941269495,0.49314052989030066,-0.041788101435840955,-2.893766853050038,2.8917215817279502,-0.14611053825532194,-4.092221480507602,4.061921714466791,-0.2494796615946053,-0.016314561990669732,0.016572520829319246,-0.0010779877227106638,68.55207612965042,0.030982534341166223,-0.027617248863679,-0.001236556357049837,5396.459590327483,5398.568142260675,5775.177595501951,5784.55107579938,2.660695413551708,0.5289491068373194,5.763454729902931,0
1.0420000000000007,2.0,2.0,1.0,0.0,0.12604537673574975,0.126522708881826,1.0183883040579076,0.3875301514736499,0.3886421609406527,0.0010026554448524085,0.4740187464645115,0.47244861203105165,-0.039057395890384025,-2.7714759494562777,2.7709427208891646,-0.13408643186520558,-4.108675628636835,4.0783863745628075,-0.25185195805151084,-0.012494162921588808,0.012768405821001973,-0.0009948878186845384,68.55685101399348,0.030852729372699235,-0.027510493824975606,-0.0012241594831615328,5396.673703060827,5398.771821385068,5775.411559338642,5784.6807029948,2.6498983414680413,0.548838184604307,5.786702026183326,0
1.0620000000000007,2.0,2.0,1.0,0.0,0.13395111077794822,0.13445084520378528,1.018393024522359,0.4016393975131009,0.4027659463826611,-0.0003897037323095108,0.4531541236998766,0.45155519852609804,-0.03628570887901302,-2.6480718274212727,2.648941247213824,-0.12247105191717088,-4.12073508754898,4.090520001574555,-0.25382018381685384,-0.008692567978134728,0.008982048062220105,-0.0009115297239379467,68.56239748053326,0.030680759988237095,-0.02736539285575367,-0.0012109646161445665,5396.919425991239,5399.019500267734,5775.680568976232,5784.8264396870745,2.6387024101400303,0.5688011647924135,5.8037868832231165,0
1.0820000000000007,2.0,2.0,1.0,0.0,0.14213944419978738,0.1426618573170707,1.0183700259361306,0.4157841098699332,0.4169238914827875,-0.0017697612941201181,0.43210390723653513,0.43047761999670203,-0.033482265879644174,-2.5236608827028344,2.5258244144318365,-0.11128875354932637,-4.128424248401888,4.098346465461798,-0.2553831039317424,-0.004914898037646734,0.0052185701183442125,-0.000828136553187224,68.56867991221144,0.030468567752960578,-0.027183647220701216,-0.0011970723326210101,5397.195151124461,5399.309312177049,5775.982843633427,5784.987673731141,2.627106446057343,0.5888166857049162,5.814743524948811,0
1.1020000000000008,2.0,2.0,1.0,0.0,0.15061092448943997,0.1511562666164573,1.0183196018026006,0.4299495904003771,0.43110130244740585,-0.0031332187822762313,0.41088545783477404,0.40923324562219976,-0.03065625626778744,-2.3983490893585286,2.4016997144558383,-0.10056216013732124,-4.131773431892344,4.10189523350603,-0.2565411610927154,-0.0011660372800419432,0.0014828639815432768,-0.0007449272319279526,68.575660956173,0.03021803777713495,-0.02696691314428433,-0.0011825747873753405,5397.4992203907805,5399.6393200809935,5776.316550494875,5785.163682509086,2.615109693855997,0.6088635317681946,5.819614266173858,0
1.1220000000000008,2.0,2.0,1.0,0.0,0.15936580629436692,0.15993430179562754,1.0182421302867632,0.44412124548273235,0.4452835947431856,-0.0044758986890689485,0.38951615936339345,0.3878394619035568,-0.02781680010896384,-2.272241861370634,2.276674705895731,-0.09031211654695076,-4.130818618207913,4.101201111774248,-0.25729643312401734,0.0025493601959236233,-0.002220402696940256,-0.0006621159531858397,68.58330169727482,0.029931001085817602,-0.026716803889420913,-0.0011675559121738376,5397.829932148841,5400.007523296665,5776.679811634246,5785.353641504466,2.602711813486873,0.6289206580369433,5.818449139731382,0
1.1420000000000008,2.0,2.0,1.0,0.0,0.16840405369291012,0.1689959012101564,1.0181380716465627,0.45828460238105745,0.4594563091517119,-0.005793757942053708,0.36801339795994914,0.36631365214645506,-0.024972915946168288,-2.1454439240451633,2.1508568486484467,-0.08055765107972485,-4.125601182510139,4.096303994633783,-0.25765258403326524,0.006226864021909003,-0.005886780663424608,-0.0005799116534488895,68.59156183406384,0.02960923681300344,-0.026434891655720476,-0.0011520916330089563,5398.185547738537,5400.41186434864,5777.070710993737,5785.556632959971,2.5899128769047093,0.6489672136787563,5.811305533769131,0
1.1620000000000008,2.0,2.0,1.0,0.0,0.17772534278561208,0.17834071555386902,1.018007965403494,0.4724253249275678,0.47360512712749764,-0.007082900568725517,0.34639454185184126,0.3446731766271238,-0.022133489695116672,-2.0180591948551996,2.024353344678533,-0.0713159459044177,-4.116167635780832,4.087248621933297,-0.25761480918068974,0.009862261454082972,-0.00951203338274819,-0.0004985175100935661,68.60039985628426,0.029254474230969107,-0.02612270930733323,-0.001136250104644017,5398.5642980476805,5400.850235990427,5777.487301381501,5785.771654579124,2.5767133642981284,0.6689825644625109,5.798247838778463,0
1.1820000000000008,2.0,2.0,1.0,0.0,0.18732906459297627,0.18796811083500947,1.017852427269255,0.486529228554144,0.48771588549272205,-0.008339589507045568,0.32467692180809193,0.3229353534073699,-0.01930724475015633,-1.8901906733742855,1.8972709850881164,-0.06260231573512284,-4.1025693708979745,4.07408434348511,-0.2571897750921234,0.013451551492747352,-0.013092131600319244,-0.0004181304623946372,68.60977322301181,0.028868394625367902,-0.02578175194042297,-0.0011200919612209847,5398.964390059033,5401.320488344573,5777.927611450645,5785.997628234134,2.563114159880442,0.6889463142746222,5.779347103962986,0
1.2020000000000008,2.0,2.0,1.0,0.0,0.1972143282469571,0.19787717163929575,1.017672145845854,0.5005822947004764,0.5017745904991133,-0.00956025753316425,0.3028778121948218,0.30111743976845506,-0.016502713393907683,-1.7619403399244473,1.7697160035563084,-0.054430194487661274,-4.084862413839408,4.056864890504058,-0.25638555444356487,0.016990939209499026,-0.016623248123357182,-0.0003389407579854417,68.61963854055384,0.02845263302639015,-0.0254134783002262,-0.0011036705816066387,5399.384013346175,5401.8204361186245,5778.38965262542,5786.233408643383,2.549116547260178,0.7088383256866463,5.7546807025874225,0
1.2220000000000009,2.0,2.0,1.0,0.0,0.2073799644639898,0.2080667046675109,1.017467879117095,0.5145706846236012,0.515767431284572,-0.010741517282999108,0.28101441261051285,0.279236614236575,-0.01372820959413516,-1.633409062545865,1.6417939362088014,-0.04681112962129887,-4.0631071799400535,4.035648153677555,-0.25521155674054397,0.02047683026523406,-0.020101752800776213,-0.00026113152641386145,68.62995173929542,0.028008779806038712,-0.025019312057579044,-0.001087032368087638,5399.821346488646,5402.347865855857,5778.871425942418,5786.4777919838025,2.5347222044096136,0.7286387395969476,5.724332005977306,0
1.2420000000000009,2.0,2.0,1.0,0.0,0.21782452928783508,0.2185352425358034,1.017240450749778,0.5284807526309367,0.529680792749414,-0.011880170349451234,0.25910383008010307,0.25730995917570076,-0.01099180326187308,-1.50469651188079,1.5136094879584132,-0.03975478385151126,-4.037368235152904,4.0104959675607255,-0.25367845520882876,0.023905825603542524,-0.023524207682493695,-0.00018487838122091576,68.64066824871473,0.027538382151285925,-0.0246006429546819,-0.0010702170369813885,5400.2745633786,5402.900543181468,5779.370928776587,5786.729524404948,2.519933198248944,0.7483279939682472,5.688390065869579,0
1.262000000000001,2.0,2.0,1.0,0.0,0.22854630809092802,0.22928104782733907,1.016990746223248,0.5422990587564199,0.543501267874515,-0.0129732154419728,0.23716306178977142,0.23535444392644378,-0.008301296035574258,-1.3759010835534309,1.385266405336865,-0.03326894390188685,-4.0077140622847045,3.981473901009051,-0.2517981104043335,0.02727471630524964,-0.02688736234027155,-0.00011034905175455501,68.65174316983592,0.02704294542256756,-0.024158827829729692,-0.001053257919704645,5400.741839393289,5403.476220006997,5779.886161424137,5786.987310413522,2.5047519788631667,0.7678868416819031,5.646949304840974,0
1.282000000000001,2.0,2.0,1.0,0.0,0.2395433198232872,0.2403021173843637,1.0167197088061495,0.5560123808969621,0.557215669501161,-0.014017855599935868,0.21520897834696384,0.21338690847237607,-0.005664198646989152,-1.2471198276199027,1.2568673558177503,-0.02735953594902683,-3.9742168321953204,3.9486510533795887,-0.2495834910396117,0.030580478591020924,-0.03018814933350946,-3.770304572305426e-05,68.66313144443156,0.02652393440674125,-0.023695191529863335,-0.0010361822728333276,5401.221357409425,5404.072641657679,5780.415133516358,5787.2498210989015,2.489181373368226,0.7872963675287447,5.600109214565938,0
1.302000000000001,2.0,2.0,1.0,0.0,0.25081332149835817,0.2515961868301064,1.0164283353993662,0.5696077264242344,0.5708110415900797,-0.015011504455774425,0.19325830755271967,0.19142404761786969,-0.0030877099156535887,-1.1184483846578606,1.1285138136102963,-0.022030647403302038,-3.9369521799641127,3.9120998562493225,-0.24704859251209005,0.033820268960065764,-0.03342367980469025,3.2908656710945915e-05,68.67478802033354,0.025982774473288374,-0.02321102772169378,-0.0010190115956943027,5401.711313637529,5404.6875538896265,5780.955870240571,5787.515702172181,2.473224579442519,0.8065380043552585,5.547974061679278,0
1.322000000000001,2.0,2.0,1.0,0.0,0.2623538129054438,0.26316073531028006,1.0161176722641487,0.5830723432847146,0.5842746699749328,-0.015951791548205748,0.17132761867572177,0.1694823956639977,-0.0005786974102365075,-0.9899809280640065,1.0003059518837059,-0.017284554660373663,-3.8959989860384576,3.8718958804166657,-0.24420835360544615,0.03699141945403827,-0.03659123919044167,0.00010134387668810165,68.68666801225754,0.025420852642178478,-0.022707599608421624,-0.0010017619540489196,5402.209923256174,5405.318709765968,5781.506418346502,5787.783581793285,2.4568851585394444,0.8255935483828843,5.490652601038559,0
1.342000000000001,2.0,2.0,1.0,0.0,0.2741620415386113,0.2749929904442146,1.0157888106543895,0.5963937305990354,0.5975940926235063,-0.016836566689949976,0.14943330721967651,0.14757831157137347,0.0018563201933550974,-0.8618101121292038,0.8723425413626467,-0.013121756453264487,-3.8514391623885915,3.8281176479690022,-0.24107857182033968,0.0400914330362589,-0.03968828303540627,0.00016746947784239923,68.69872685759239,0.024839518571430613,-0.022186140562310205,-0.0009844443084594148,5402.7154258279015,5405.96387636321,5782.064851918393,5788.052078162693,2.4401670287963175,0.8444451737171881,5.428257796202299,0
1.362000000000001,2.0,2.0,1.0,0.0,0.2862350077321666,0.28708993347590855,1.01544288237187,0.6095596487699284,0.6107571094179519,-0.017663903398275886,0.12759158017763028,0.1257279646009538,0.004211189035321965,-0.7340270254650823,0.7447208552160189,-0.009541012432251302,-3.803357443699365,3.7808464492151996,-0.23767581777422317,0.0431179790773438,-0.04271243289730706,0.0002311615746806866,68.71092046665254,0.02424008547202574,-0.02164785468098774,-0.0009670648459692272,5403.2260904804925,5406.620841281444,5782.629277895244,5788.319806856329,2.4230744576546317,0.8630754460627148,5.360906546955594,0
1.382000000000001,2.0,2.0,1.0,0.0,0.29856946999295575,0.2994483046154836,1.015081055263095,0.6225581291064829,0.6237517914637016,-0.01843210140039753,0.10581844176865651,0.10394732042582822,0.006480134262822547,-0.6067211493627895,0.6175365801437154,-0.006539386599715206,-3.7518411836334256,3.730166164297808,-0.2340173490923374,0.046068888939247536,-0.045661472332751314,0.0002923057080785135,68.72320536693933,0.023623830957417647,-0.021093917275739695,-0.0009496253137767966,5403.740220839058,5407.287418934317,5783.197841323538,5788.585387884333,2.4056120542063826,0.8814673356584326,5.2887194237317185,0
1.402000000000001,2.0,2.0,1.0,0.0,0.31116195051989104,0.31206460856171175,1.0147045286760534,0.6353774829710431,0.6365664899351118,-0.019139688229229526,0.08412967965397777,0.0822521277088214,0.008657772481919908,-0.4799803206735815,0.49088373354972836,-0.004112295229094131,-3.6969801562024234,3.676163089314529,-0.23012102419336722,0.048942151650593076,-0.04853334295442782,0.00035079698797711435,68.73553884100217,0.022991997834489738,-0.020525475299622894,-0.0009321233536365936,5404.256159696183,5407.961456596904,5783.768730328805,5788.847452456348,2.3877847612809013,0.8996042294478385,5.211820408791764,0
1.422000000000001,2.0,2.0,1.0,0.0,0.32400874090121234,0.3249351201964214,1.0143145288949,0.6480063104538175,0.6491898444644797,-0.01978541992827618,0.06254085163103906,0.060657905142377455,0.010739122471485188,-0.35389069881216734,0.3648545866748564,-0.002253558901001436,-3.6388663622826143,3.618925766793004,-0.22600521635374143,0.05173590966697087,-0.05132614055142249,0.00040654020351567203,68.74787905753769,0.022345794842392703,-0.019943647722876427,-0.000914552835781011,5404.772293409153,5408.6408401919725,5784.34018079427,5789.104649438105,2.3695978472864123,0.9174699424970405,5.130336644037188,0
1.442000000000001,2.0,2.0,1.0,0.0,0.33710590798008433,0.33805589044171236,1.0139123045701322,0.660433508579209,0.6616107910798353,-0.020368280887483214,0.041067272805310084,0.03917992894864819,0.012719614166881249,-0.2285367364968218,0.23953959354843066,-0.0009554582951716784,-3.577593841309346,3.558544820376504,-0.2216887284143397,0.054448454710655805,-0.054038111265389835,0.00045944990097120895,68.76018519540996,0.021686397345283836,-0.01934952586273992,-0.0008969041912196168,5405.287056014985,5409.32349979736,5784.910480736697,5789.355651485985,2.3510568978203574,0.9350487286734532,5.044398185340965,0
1.462000000000001,2.0,2.0,1.0,0.0,0.35044929987919743,0.35142275227100445,1.013499122161384,0.6726482790469582,0.6738185696958168,-0.020887482834720004,0.01972400324067114,0.017833220838976094,0.014595095927872219,-0.10400115385503163,0.11502732560602519,-0.0002087933839458234,-3.5132584881815516,3.4951127935911486,-0.21719070847256644,0.05707822368489241,-0.056667647816295734,0.000509450430006771,68.77241756031968,0.02101494798458128,-0.018744173674399244,-0.0008791647413385483,5405.798933055593,5410.007414859381,5785.477974371365,5789.599160848293,2.3321678070623193,0.9523252905971371,4.954137763292604,0
1.482000000000001,2.0,2.0,1.0,0.0,0.364034552175099,0.36503132686502016,1.0130762614094264,0.684640135510439,0.6858027311610085,-0.021342463010178944,-0.0014741639098664328,-0.003367463566923523,0.016361840111547087,0.01963508446018284,-0.008595588190935362,-2.9456812966370483e-06,-3.445957875402487,3.428723992577564,-0.21253056688149202,0.05962379465856176,-0.05921328577235107,0.0005564759588466049,68.78453769389422,0.020332557295929615,-0.018128628009390132,-0.0008613190237897613,5406.306465107133,5410.690619099413,5786.041065859872,5789.833914823836,2.3129367689632447,0.9692847888763094,4.859690550261018,0
1.5020000000000011,2.0,2.0,1.0,0.0,0.37785709421301406,0.37887702990385974,1.0126450108533893,0.6963989103938455,0.6975531438643412,-0.021732881553386384,-0.022512713790633132,-0.024407645860869964,0.01801654697702549,0.14229278948067003,-0.13124451590737252,-0.0003259432107116048,-3.375791080476855,3.3594743326812715,-0.20772789485617532,0.06208388291764402,-0.06167369985962146,0.0006004704591042893,68.79650847501297,0.0196403042956725,-0.01750389884738327,-0.0008433491137281642,5406.808251009037,5411.371205102831,5786.59822273615,5790.058690870285,2.293370268244502,0.9859128506381155,4.761193933686073,0
1.5220000000000011,2.0,2.0,1.0,0.0,0.39191215555295056,0.39295507798637236,1.0122066634086078,0.7079147612495535,0.7090599999025151,-0.02205861813471184,-0.043377420743953565,-0.04527313550323253,0.01955634695437053,0.26389456577894527,-0.2528368720404893,-0.0011645278654028469,-3.3028585185774797,3.2874611888070366,-0.20280238496550476,0.06445733708044948,-0.06404770030760334,0.000641387661088216,68.80829421322404,0.01893923704122269,-0.01687096950686439,-0.0008252349395225561,5407.302950789786,5412.047328581655,5787.147979007649,5790.272311356601,2.2734750712202048,1.0021955773654063,4.658787295515387,0
1.5420000000000011,2.0,2.0,1.0,0.0,0.40619477253790337,0.4072604951680618,1.0117625120198368,0.7191781766566256,0.7203138208099259,-0.022319767865239055,-0.06405435872157195,-0.06595004001449734,0.020978801315440505,0.3843648272686311,-0.37329216196810494,-0.002504224845117567,-3.227261780486783,3.2127832494523387,-0.19777375376603562,0.06674313527409126,-0.06633422922779812,0.000679190980495492,68.81986073414835,0.018230373169332337,-0.016230796839811223,-0.0008069545921329528,5407.789288287912,5412.717212304056,5787.688937930322,5790.473647955511,2.2532582164560746,1.018119552050004,4.55261179770854,0
1.5620000000000012,2.0,2.0,1.0,0.0,0.42069979497498766,0.4217881196087886,1.0113138454038717,0.7301799816612458,0.731305462852208,-0.02251663652062923,-0.08452991120323039,-0.0864247746983916,0.0222819012893797,0.5036298112285564,-0.4925320216335142,-0.004329413865112177,-3.1491034758097394,3.1355403743444463,-0.1926616668124834,0.0689403813701345,-0.06853235702301197,0.0007138534174844765,68.83117545680612,0.017514700415880078,-0.015584311415055415,-0.000788484627413075,5408.266053468075,5413.3791496859585,5788.2197744573605,5790.661625673728,2.2327270052780372,1.0336718456727463,4.442810173734375,0
1.5820000000000012,2.0,2.0,1.0,0.0,0.4354218929203494,0.4365326103215513,1.0108619438948925,0.7409113427598143,0.7420261218842908,-0.02264973511616396,-0.10479078061869529,-0.10668407189329854,0.02346406567005365,0.6216175908088715,-0.6104802526650042,-0.006623401844475357,-3.0684870814460146,3.055833455614135,-0.18748566625786242,0.07104830127776678,-0.07064127882574223,0.0007453574291849844,68.84220746283786,0.016793177120421575,-0.014932417694604154,-0.0007698003606601076,5408.732104433368,5414.0315080416485,5788.739237363207,5790.835226519107,2.211888992143607,1.0488400230204908,4.329526525989504,0
1.6020000000000012,2.0,2.0,1.0,0.0,0.4503555635587142,0.45148845401364585,1.0104080754050833,0.7513637724254869,0.752467337773754,-0.0227197738715055,-0.12482399726959093,-0.1267149897485622,0.02452413696699047,0.7382580862565206,-0.7270628531309308,-0.009368496792802737,-2.985516795299525,2.9737642824468846,-0.1822651012348323,0.07306623929319725,-0.07266031096458084,0.000773694776764958,68.85292755762732,0.01606673271839051,-0.014275994206793076,-0.0007508761527953688,5409.186369136304,5414.672731492046,5789.246151045557,5790.993492805532,2.190751974889014,1.0636121478502172,4.2129061290709044,0
1.6220000000000012,2.0,2.0,1.0,0.0,0.4654951381684539,0.4666499720115179,1.0099534915123036,0.7615291331791125,0.7626209983902749,-0.022727655604856515,-0.14461692774760082,-0.14650492052228503,0.02546137615527387,0.853483075076252,-0.8422080441328351,-0.012546082626118244,-2.9002973951941438,2.889435409159478,-0.1770190611887378,0.07499365450431719,-0.07458888745809551,0.0007988663482248993,68.86330832336738,0.015336268223492721,-0.013615893719738974,-0.0007316856876188081,5409.627846791976,5415.30134353098,5789.739417009369,5791.135530097599,2.16932398486492,1.0779767874103798,4.0930952388332065,0
1.6420000000000012,2.0,2.0,1.0,0.0,0.4808347891630706,0.48201132726063906,1.0094994236857673,0.7713996412057781,0.7724793431620782,-0.022674468597149784,-0.1641572828458968,-0.16604159839735277,0.026275456083399262,0.9672262013221589,-0.9558462924393728,-0.016136694654795877,-2.812934102954619,2.8029500266562617,-0.17176631231217207,0.076830117249931,-0.07642655653610687,0.0008208819581342717,68.87332416414255,0.014602656702506048,-0.012952943418170378,-0.0007122022396359058,5410.055608998109,5415.915949251225,5790.218015038122,5791.26050979863,2.147613276973436,1.0919230163297604,3.970240907166613,0
1.6620000000000013,2.0,2.0,1.0,0.0,0.49636853720002816,0.49756653139175994,1.009047079659887,0.7809678695185276,0.7820349662004983,-0.022561478967646275,-0.18343312496109465,-0.18531310681266822,0.026966453601237436,1.0794229841937082,-1.0679103293632244,-0.020120095497974215,-2.7235324536021657,2.714411837225087,-0.16652523721075047,0.0785753056331147,-0.07817297718869538,0.0008397601255613968,68.88295134313076,0.013866743744382343,-0.012287945086336266,-0.0006923989320093991,5410.4688005676935,5416.5152372335715,5790.681004058508,5791.367671386652,2.1256283196190586,1.105440419884188,3.844490802427612,0
1.6820000000000013,2.0,2.0,1.0,0.0,0.5120902583478951,0.5133094518449158,1.008597639965587,0.7902267506712415,0.7912808189940639,-0.022390122602880598,-0.2024328749835459,-0.2043078853069319,0.027534840473115586,1.1900108260894176,-1.1783351660813657,-0.024475351190493533,-2.6321981696048655,2.6239249326378262,-0.16131377791021448,0.0802290020884529,-0.07982791574363073,0.0008555278314760879,68.89216801205608,0.01312934792525404,-0.011621675299321394,-0.0006722489842381487,5410.866640080794,5417.0979811034695,5791.127522705918,5791.456324304206,2.1033777845859922,1.118519096651692,3.7159930354591264,0
1.7020000000000013,2.0,2.0,1.0,0.0,0.5279936913028082,0.5292338190425957,1.0081522546275534,0.7991695790231617,0.8002102126738848,-0.02216199668126454,-0.22114531867438314,-0.2230147358727571,0.027981473143473413,1.298929020250919,-1.2870581055964463,-0.02918090725966207,-2.53903704011381,2.5315936755248316,-0.15614938229605765,0.08179109000308324,-0.08139124247322718,0.0008682202569285844,68.9009542330497,0.012391261270662762,-0.010954885624746223,-0.0006517259492131403,5411.248420163091,5417.663040761011,5791.556789598861,5791.525849508859,2.0808705368541967,1.1311496605668685,3.5848959911317557,0
1.7220000000000013,2.0,2.0,1.0,0.0,0.5440724446453233,0.5453332336035234,1.0077120400350466,0.8077900125581039,0.8088168198525626,-0.021878850835851837,-0.2395596125284365,-0.2414228288194562,0.02830758142465562,1.4061187581102856,-1.3940187515336404,-0.034214664560130115,-2.4441548051072317,2.4375225839963326,-0.15104895405863059,0.08326155039160385,-0.08286292823188339,0.0008778805033229033,68.90929199310092,0.01165324971607064,-0.010288302836490898,-0.000630803939345043,5411.613507499428,5418.209363291178,5791.968103331361,5791.575700692271,2.058115624366359,1.143323242385517,3.4513481653418183,0
1.7420000000000013,2.0,2.0,1.0,0.0,0.5603200041287857,0.561601173588551,1.007278075993036,0.8160820742619944,0.8170946760393382,-0.02154257799778661,-0.25766528912286646,-0.2595217081434348,0.0285147561782055,1.5115231364340755,-1.499159013962966,-0.03955405466576829,-2.3476570443565548,2.3418162194869474,-0.1460288061991889,0.08464045862500895,-0.08424304112579135,0.0008845592961145513,68.91716521130195,0.01091605356646691,-0.009622629141759173,-0.0006094578414990824,5411.961342591429,5418.735983562202,5792.360842193166,5791.60540517652,2.0351222677578202,1.1550314905708767,3.3154980073972826,0
1.7620000000000013,2.0,2.0,1.0,0.0,0.5767297399904303,0.5780310017702234,1.0068514029595872,0.8240401530630196,0.8250381806347497,-0.021155204962806987,-0.2754522619521861,-0.277301296405832,0.028604936062425465,1.615087164338982,-1.602423112432316,-0.045176114627705315,-2.2496490711205337,2.244579077802037,-0.14110461813563016,0.0859279812138934,-0.08553174321645726,0.0008883146732678516,68.92455973911062,0.010180387955655231,-0.008958542422497679,-0.0005876635205123421,5412.29143926883,5419.2420245209205,5792.734463628181,5791.614564497199,2.011899850061334,1.1662665716131286,3.1774937677244526,0
1.7820000000000014,2.0,2.0,1.0,0.0,0.5932949142765221,0.5946159729176463,1.0064330194745665,0.8316590043393394,0.8326420975086548,-0.02071888272286584,-0.29291082975118143,-0.2947518991177701,0.02858039342009623,1.7167577702360155,-1.703757576390859,-0.051057560917546,-2.150235830466453,2.145915483346647,-0.13629139643075572,0.08712437264621095,-0.08672928725981753,0.000889211659808041,68.9314633538739,0.009446943305607754,-0.008296696491895905,-0.0005653980111046145,5412.603383964866,5419.726697194741,5793.088503442293,5791.602854683505,1.9884579063983403,1.1770211697941535,3.0374833508276033,0
1.8020000000000014,2.0,2.0,1.0,0.0,0.6100086881729446,0.6113492410883737,1.0060238797839123,0.8389337500000151,0.8399015551660981,-0.020235876604468347,-0.3100316803081229,-0.31186420863436726,0.028443719381000834,1.816483808743108,-1.803111243176529,-0.05717486238427404,-2.0495218021107946,2.0459294865193165,-0.13160343915081513,0.08822997227990557,-0.08783601348281911,0.0008873219298003794,68.93786574587013,0.008716385786072735,-0.007637721366429242,-0.0005426396980279357,5412.896834766411,5420.189300410608,5793.422574772069,5791.570026246123,1.9648061136682633,1.1872884864098823,2.895614173432041,0
1.8220000000000014,2.0,2.0,1.0,0.0,0.6268641293327712,0.6282238669191256,1.005624891662879,0.8458598781455068,0.8468120465061436,-0.019708556254715626,-0.32680589377157143,-0.3286293075594824,0.028197808254392255,1.9142160675897693,-1.9004352537348819,-0.06350431206243926,-1.947610907665925,1.9447247642541294,-0.12705430384785918,0.08924520129072881,-0.08885234639938967,0.0008827234570800449,68.94375849914397,0.007989357774461,-0.006982223553659242,-0.0005193684843319719,5413.171520250118,5420.6292202419445,5793.736366826526,5791.515903884282,1.9409542802471118,1.1970622384629381,2.7520330277437033,0
1.8420000000000014,2.0,2.0,1.0,0.0,0.6438542191924876,0.645232824907258,1.0052369144408577,0.8524332423148003,0.8533694281794659,-0.01913938551529689,-0.3432249454549945,-0.3450386716640157,0.02784584128667285,2.0099072745222544,-1.9956830462298008,-0.07002209767795446,-1.8446064221741185,1.8424045236949782,-0.12265677914604947,0.0901705596755503,-0.08977879166774794,0.000875500156045374,68.94913506641936,0.007266478315878942,-0.006330786355773086,-0.000495565947651686,5413.427238116184,5421.045929195186,5794.029643414277,5791.440385923825,1.9169123357064732,1.2063366568386185,2.6068859497588086,0
1.8620000000000014,2.0,2.0,1.0,0.0,0.6609718602686817,0.6623690106750333,1.0048607572295838,0.8586500603269382,0.8595699195511469,-0.018530912223800024,-0.3592807081443339,-0.36108417232144074,0.027391269859448703,2.103512104203313,-2.0888103476994626,-0.07670437070619328,-1.7406108898058015,1.739071408986282,-0.11842285989955735,0.09100662331142728,-0.09061593299098922,0.0008657415138123913,68.95399073838713,0.006548343583045027,-0.0056839701886438575,-0.0004712154844523545,5413.663853631563,5421.43898514787,5794.30224126887,5791.343443498508,1.8926903205637338,1.2151064839776249,2.46031809256182,0
1.8820000000000014,2.0,2.0,1.0,0.0,0.678209883427181,0.6796252482088666,1.004497177355757,0.8645069127254226,0.8654101012758056,-0.017885757980710616,-0.374965453914588,-0.3767580784651199,0.02683779820268465,2.1949871850873746,-2.179775163903703,-0.08352731384511793,-1.6357260435951735,1.634827411164292,-0.1143637258780243,0.09175404107065666,-0.09136442906285464,0.0008535422150105544,68.9583226076729,0.005835527335706598,-0.005042312915996703,-0.0004463024421928072,5413.881297894861,5421.808030050745,5794.554068185286,5791.225119487074,1.8682983760741358,1.2233669710592918,2.312473604558287,0
1.9020000000000015,2.0,2.0,1.0,0.0,0.6955610551167947,0.6969942970658854,1.004146878998346,0.8700007408346315,0.8708869134928489,-0.017206607919364136,-0.3902718554623683,-0.3920530580728343,0.026189365697044574,2.2842911062398095,-2.268537767501384,-0.09046720677389529,-1.5300527290833184,1.5297737811326755,-0.11048972392474521,0.09241353199196913,-0.09202501056052026,0.0008390017604793311,68.96212952779761,0.005128581379077802,-0.004406330198102447,-0.000420814239393189,5414.079565935123,5422.15278840657,5794.785100980734,5791.085527218923,1.843746734075009,1.2311138747094028,2.1634955125991877,0
1.9220000000000015,2.0,2.0,1.0,0.0,0.7130180845600073,0.7144688595402923,1.0038105120301295,0.8751288444380568,0.8759976536502765,-0.016496200514903345,-0.40519298696228434,-0.4069621791848024,0.02545012883851821,2.3713844240576436,-2.355060684688848,-0.09750049007491203,-1.4236908317367323,1.4240109457053618,-0.10681035352276269,0.09298588250795671,-0.09259847718616891,0.0008222240811032071,68.96541206744983,0.004428036020729723,-0.0037765158542662266,-0.00039474047361759206,5414.258714657088,5422.473065538622,5794.995383293045,5790.9248489613665,1.8190457068922596,1.2383434532470006,2.013525609981998,0
1.9420000000000015,2.0,2.0,1.0,0.0,0.7305736308931741,0.7320415877822024,1.0034886710622986,0.8798888790887893,0.8807399739661104,-0.01575731746698877,-0.4197223244558581,-0.42147891046232655,0.024624442937302177,2.456229668839075,-2.4393086804228523,-0.10460382720431262,-1.316739208007593,1.3176384266986592,-0.10333425569490794,0.09347194372873766,-0.09308569475899683,0.0008033171479963275,68.96817246039161,0.003734400525302626,-0.0031533422382490376,-0.00036807301740419214,5414.418860645314,5422.768745661973,5795.18502322999,5790.743334201616,1.7942056773189072,1.245052462484897,1.8627043493511097,0
1.9620000000000015,2.0,2.0,1.0,0.0,0.7482203102489838,0.7497050908618142,1.0031818946902809,0.8842788530632785,0.8851118785371225,-0.014992773689620134,-0.4338537457825067,-0.43559712129502537,0.02371684362149526,2.538791351140138,-2.521248742343779,-0.11175416440318947,-1.209295619901337,1.2107547630534916,-0.10006920515547263,0.09387262878178056,-0.0934875923591872,0.0007823925802227486,68.97041455132354,0.0030481635663530335,-0.002537260625648642,-0.0003408061021985716,5414.560177839812,5423.039789770861,5795.354190882838,5790.541297736735,1.7692370886751823,1.2512381510988742,1.7111707406018577,0
1.9820000000000015,2.0,2.0,1.0,0.0,0.76595070277418,0.7674519417719697,1.0028906649382936,0.8882971239699393,0.8891117201051119,-0.014205407439959792,-0.4475815300628978,-0.449311081465402,0.022732028214541764,2.6190359678488417,-2.6008500635072216,-0.11892878844837494,-1.1014566729169362,1.103457435967211,-0.09702210562362085,0.09418891020771386,-0.09380515952525442,0.0007595652512087696,68.97214373803527,0.0023697936746088985,-0.0019287016121655109,-0.0003129363903667251,5414.682895095605,5423.286233355386,5795.503115717471,5790.319117584815,1.7441504349593855,1.2568982555808055,1.5590622540377312,0
2.002000000000001,2.0,2.0,1.0,0.0,0.7837573595757709,0.7852746843623735,1.0026154068995021,0.8919423950247045,0.8927381964915279,-0.013398070616515587,-0.4609003567457387,-0.46261546038026347,0.02167483705356877,2.696932007900359,-2.6780840240245527,-0.12610538214848238,-0.9933177572258303,0.995842797012947,-0.09419898820182977,0.09442181741184867,-0.09403944350600273,0.0007349528949741327,68.97336691016753,0.0016997396818836336,-0.0013280755216081074,-0.00028446303538562996,5414.7872936387275,5423.508183960861,5795.6320838562115,5790.07723273063,1.7189562510984047,1.2620309947911728,1.4065147293207723,0
2.021999999999999,2.0,2.0,1.0,0.0,0.8016328095892038,0.8031658401989616,1.002356488568085,0.895213711006077,0.8959903467117428,-0.012573619255451083,-0.47380530422973766,-0.4755053258792348,0.020550234813774115,2.772449957551003,-2.7529241717055815,-0.13326207749741914,-0.8849729919566514,0.8880059992228084,-0.09160501271654889,0.09457243417104327,-0.09419154656820049,0.000708675713277409,68.97409238491068,0.001038431159885459,-0.0007357728224217443,-0.0002553877303300791,5414.873704430887,5423.705818603057,5795.741435263432,5789.816140718964,1.6936651033064636,1.266635064126634,1.2536622913710487,0
2.0419999999999967,2.0,2.0,1.0,0.0,0.8195695663622354,0.8211179153421427,1.002114220858935,0.8981104539026628,0.8988675467807412,-0.01173490425214809,-0.48629184807312087,-0.48797614263127875,0.019363291901862905,2.845562305124068,-2.8253462017891127,-0.14037750640410843,-0.7765151724546155,0.7800409311095259,-0.08924447191286504,0.09464189619544067,-0.09426262336089147,0.0006808559847382818,68.97432983996225,0.0003862788531568622,-0.0001521645514860658,-0.00022571474479483097,5414.942505455014,5423.879381052488,5795.831560847779,5789.5363951087265,1.668287579560352,1.2707096293184694,1.100637275740555,0
2.0619999999999945,2.0,2.0,1.0,0.0,0.8375601347484949,0.8391234070378705,1.0018888578102159,0.9006323382665352,0.9013695052224162,-0.010884762333465374,-0.49835585880366406,-0.5000237701307765,0.018119165979233753,2.9162435451368793,-2.8953279358400303,-0.14743084892361658,-0.6680357203868624,0.6720401535993258,-0.08712079839022101,0.09463138874450525,-0.09425387833710717,0.0006516176769652696,68.97409024406207,-0.00025632489461021506,0.00042239725611321015,-0.00019545095041140307,5414.994118933572,5424.029179000773,5795.902899493668,5789.238602800852,1.6428342801990488,1.2742543198778673,0.9475701693517915,0
2.0819999999999923,2.0,2.0,1.0,0.0,0.8555970175050067,0.8571748103157603,1.0016805969634894,0.9027794062860951,0.9034962582950431,-0.010026007304423958,-0.5099935993427276,-0.5116444603052946,0.016823083673183505,2.984470181715827,-2.9628492998845988,-0.15440187892133883,-0.5596246365678275,0.564094839846983,-0.08523657416212639,0.0945421442966927,-0.09416656323356096,0.0006210860626832309,68.97338578541903,-0.0008890057216162297,0.000987579132645106,-0.00016460583513951442,5415.029008491382,5424.155581121891,5795.955935034396,5788.923421252771,1.617315808655319,1.2772692222041075,0.7945895816146886,0
2.10199999999999,2.0,2.0,1.0,0.0,0.8736727217882143,0.8752646244887127,1.0014895799156835,0.9045520225923601,0.9052481649458249,-0.009161421591310094,-0.5212017220572367,-0.5228348547477037,0.015480322531843053,3.0502207312044267,-3.027892301848814,-0.16127100710834832,-0.4513704563821599,0.45629471790218346,-0.08359354271929743,0.09437544027198766,-0.09400197460873277,0.0005893873408185571,68.97222979833892,-0.001511406837061082,0.0015430657399433246,-0.00013319150653303097,5415.047676274412,5424.25901404098,5795.991193179003,5788.591555592133,1.5917427623265044,1.2797548723717707,0.6418222894913787,0
2.121999999999988,2.0,2.0,1.0,0.0,0.8917797655433298,0.8933853595487714,1.0013158930367498,0.9059508688128267,0.9066259015076874,-0.00829374810142995,-0.5319772654539587,-0.5335919815857733,0.014096193275882778,3.113475723868846,-3.090441008358207,-0.16801932139251174,-0.34336020768642883,0.3487280161944145,-0.08219262347271517,0.09413259680645795,-0.09376145143957898,0.0005566482634639222,68.97063668835456,-0.0021231886189818903,0.0020885594295732674,-0.00010122268420108434,5415.050660035632,5424.339959223103,5796.009238404561,5788.2437556421655,1.566125723591399,1.2817122486131247,0.4893935080039345,0
2.1419999999999857,2.0,2.0,1.0,0.0,0.909910683782117,0.9115295424542064,1.001159568346466,0.9069769378872049,0.9076304561517343,-0.007425682417989507,-0.5423176505307596,-0.5439132520027983,0.012676022397297775,3.174217704605506,-3.1504815209510824,-0.17462862449650837,-0.23567937107510972,0.2414814118018431,-0.0810339284506937,0.09381497457788372,-0.0934463727769236,0.0005229957696065054,68.96862185615464,-0.0027240282214459916,0.002623779802245436,-6.871668170490867e-05,5415.03853019881,5424.398949794091,5796.010670825373,5787.8808128709,1.540475250979733,1.2831427635118506,0.33742808020388565,0
2.1619999999999835,2.0,2.0,1.0,0.0,0.9280580347445064,0.9296897233030857,1.0010205845434972,0.9076315281594339,0.9082631231089474,-0.006559865346805726,-0.5522206767998045,-0.5537964564231549,0.011225135152754629,3.232431232556521,-3.2080019517512,-0.18108146880049603,-0.12841184240088388,0.1346399814678197,-0.08011678112214912,0.09342397268144059,-0.09305815545942271,0.0004885566264654209,68.96620162059838,-0.0033136191916685273,0.003148463267741443,-3.5693378151606896e-05,5415.011886910732,5424.436567305358,5795.996123050114,5787.503557276159,1.5148018705004445,1.2840482559242143,0.1860577746988205,0
2.1819999999999813,2.0,2.0,1.0,0.0,0.9462144059397222,0.9478584813888716,1.0008988681795112,0.9079162372604345,0.9085254966748575,-0.005698875829792028,-0.5616845179978707,-0.5632397603769979,0.009748838996076604,3.2881028795407836,-3.2629923986400775,-0.18736118837385038,-0.021639897444131286,0.02828715532694093,-0.0794397372168313,0.09296102655435007,-0.09259825188582224,0.0004534570792456896,68.96339314109514,-0.0038916710975729443,0.003662362606574913,-2.1751797663771436e-06,5414.971357091936,5424.4534384541985,5795.966257037501,5787.112854218003,1.4891160671345631,1.2844309826437408,0.03561528155141379,0
2.201999999999979,2.0,2.0,1.0,0.0,0.9643724200628992,0.9660284311338506,1.000794294970868,0.9078329557960584,0.9084194650109834,-0.004845224238416585,-0.5707077174991061,-0.5722417000585431,0.008252407491524776,3.3412212272111934,-3.315444919963626,-0.1934519281671608,0.08455584136836243,-0.07749532669905053,-0.07900060741229982,0.09242760594833091,-0.09206814784507113,0.0004178225100756556,68.96021433961971,-0.004457909166243668,0.004165246534568726,3.1813028254994415e-05,5414.917591495725,5424.450231770844,5795.92176096083,5786.709601209974,1.4634282764981696,1.2842936098253273,0.11469617086002946,0
2.221999999999977,2.0,2.0,1.0,0.0,0.982524740783451,0.9841922278964874,1.000706691240146,0.9073838608546431,0.9079472037568753,-0.004001346058596664,-0.5792891834456412,-0.5808011775925634,0.006741064746570895,3.3917768628521596,-3.36535350880255,-0.19933867034251376,0.19009643629013045,-0.1826274558768189,-0.07879648175685586,0.09182521294863895,-0.09146936040370407,0.00038177710685508357,68.95668382262413,-0.005012073933660928,0.004656899271478011,6.624393929131558e-05,5414.851261784783,5424.427654283157,5795.86334609109,5786.294724680227,1.4377488766805537,1.2836392041846056,0.26360827063949144,0
2.2419999999999747,2.0,2.0,1.0,0.0,1.000664078401737,1.002342573649064,1.0006358354795786,0.9065714093484823,0.9071111694665841,-0.0031695959767878467,-0.5874281836115097,-0.5889174560238608,0.0052199703998426295,3.439762373735781,-3.41271406683112,-0.2050072577270314,0.2949046637163078,-0.28703099305119384,-0.07882375569745982,0.09115538003842574,-0.0908034358497497,0.0003454435426998719,68.95282080309758,-0.005553920906033557,0.005137120114721201,0.00010108789189679308,5414.77305763435,5424.38644816949,5795.7917437081105,5785.869176713321,1.4120881802623304,1.2824712239881968,0.4115274281445159,0
2.2619999999999725,2.0,2.0,1.0,0.0,1.0187831953708666,1.0204722225222482,1.0005814600282725,0.9053983312033806,0.905914092883312,-0.0023522423753472295,-0.5951243400152969,-0.5965901540445339,0.0036942051969378574,3.4851723399599326,-3.4575243777841904,-0.21044441438163275,0.39890504186295467,-0.3906295044932575,-0.07907815758184357,0.09041966820710581,-0.09007194769230409,0.0003089426666282524,68.94864502301533,-0.0060832202329800045,0.005605723019227471,0.00013631294509546646,5414.68368387041,5424.327387409928,5795.707702048633,5785.433931783047,1.3864564265179327,1.280793509850301,0.5583136902338686,0
2.2819999999999703,2.0,2.0,1.0,0.0,1.0368749116807534,1.0385739862134993,1.0005432528549592,0.9038676224102685,0.9043589720659022,-0.001551462243605977,-0.6023776232968575,-0.6038192404738898,0.0021687571837984434,3.5280033256971586,-3.499784080548103,-0.21563776328407439,0.5020238567421735,-0.4933483952521322,-0.07955477750454117,0.08961966510138897,-0.08927649471575672,0.000272393206090494,68.94417667640818,-0.006599756392727956,0.006062536184326289,0.0001718849619883396,5414.583857651034,5424.251274445712,5795.611983299768,5784.989983486456,1.360863773806556,1.2786102753508515,0.7038567774660945,0
2.301999999999968,2.0,2.0,1.0,0.0,1.054932110101812,1.0566407392565043,1.0005208594379063,0.9019825379526294,0.9024490653806703,-0.0007693365094810717,-0.6091883468733201,-0.610605028505802,0.0006485085443289019,3.5682538687892342,-3.5394946418871243,-0.2205758411324647,0.6041891865049848,-0.5951149400569803,-0.0802480973673876,0.08875698321760929,-0.08841869908757119,0.00023591148190260926,68.93943633327218,-0.007103327889437478,0.0065074016485407666,0.0002077677012726351,5414.474305698439,5424.158936856273,5795.505360645868,5784.538341288803,1.3353202921552876,1.275926097490202,0.848052614703586,0
2.321999999999966,2.0,2.0,1.0,0.0,1.0729477412859665,1.07466542414909,1.000513884733536,0.8997465846232173,0.9001878843718979,-7.845794892995763e-06,-0.6155571608894008,-0.6169481697382396,-0.0008617768939923519,3.6059244686289236,-3.576659328813322,-0.22524811028262495,0.7053309242181586,-0.6958583118167371,-0.0811520220261554,0.08783325813396739,-0.08750020451838511,0.0001996111361006141,68.93444486452893,-0.007593746962671099,0.006940174893060201,0.00024392291625486065,5414.355761589035,5424.051224062961,5795.388615376334,5784.080027288828,1.3098359560378139,1.2727459069950506,0.9908007075293297,0
2.3419999999999637,2.0,2.0,1.0,0.0,1.0909148287228951,1.0926410563373374,1.0005218952252573,0.897163513743242,0.8975791865240779,0.0007311334032590546,-0.6214850459768342,-0.622849647999545,-0.002357465465737647,3.641017572277375,-3.6112831806045063,-0.22964496783988103,0.8053807991354269,-0.7955096077659883,-0.08225991139638399,0.08685014678129012,-0.08652267447312259,0.00016360287318851368,68.92922336823469,-0.00807083930896596,0.00736072445459147,0.0002803104609215476,5414.228963108112,5423.929004068128,5795.262534061446,5783.616073013443,1.2844206373517877,1.269074978490002,1.132003571840144,0
2.3619999999999615,2.0,2.0,1.0,0.0,1.1088264735497102,1.110560729053865,1.0005444210439927,0.8942373137968591,0.8946269679287423,0.001445832106279563,-0.6269733068374485,-0.6283107729858726,-0.0038340647664879455,3.673537558773081,-3.643372980471764,-0.23375775193307888,0.904272396517833,-0.894001873306163,-0.0835646133930991,0.08580932575092501,-0.08548779043172318,0.00012799421520962462,68.92379309722641,-0.008534443815389864,0.0077689315482068495,0.00031688840261457116,5414.094649675539,5423.793160237803,5795.127905802771,5783.147516250534,1.259084098597592,1.2649189205488536,1.271566574748129,0
2.3819999999999593,2.0,2.0,1.0,0.0,1.1266758592125086,1.1284176180085224,1.0005809581518976,0.8909722029934358,0.8913354558684097,0.0021345918221437137,-0.6320235656641036,-0.6333331737239645,-0.005287234030093932,3.7034907215959403,-3.6729372268754394,-0.23757874520579803,1.0019411760523775,-0.991270123591849,-0.08505849758099268,0.08471248963837984,-0.08439725019801222,9.288927102600799e-05,68.91817538838137,-0.008984412304890029,0.008164689700717131,0.0003536131408423975,5413.953559848289,5423.644588135937,5794.985519564323,5782.675397928164,1.2338359862609465,1.2602836656393548,1.409397890019037,0
2.401999999999957,2.0,2.0,1.0,0.0,1.1444562559784919,1.1462049859299612,1.0006309705807912,0.887372621769671,0.8877091013298621,0.002795867091733683,-0.6366377554133738,-0.6379187918731911,-0.0067127937719749405,3.7308852492580047,-3.699986104486052,-0.2411011755668956,1.0983244889126846,-1.0872513629125498,-0.08673348941372612,0.08356134942135265,-0.08325276625519083,5.838852014647017e-05,68.91239159365611,-0.009420609293180296,0.008547904395018898,0.00039043953174353816,5413.806428905159,5423.484192417607,5794.836161590088,5782.200759048241,1.2086858244014742,1.255175459974838,1.5454084918516233,0
2.421999999999955,2.0,2.0,1.0,0.0,1.1621610252975698,1.1639161869568073,1.0006938927169127,0.8834432252432254,0.8837525714586105,0.003428227616627807,-0.6408181129434551,-0.6420698748804684,-0.008106734688973657,3.7557312040005213,-3.7245314547845365,-0.24431921424955572,1.19336159350011,-1.181884601920573,-0.08858110494331678,0.08235763087081106,-0.08205606416636985,2.458861139846727e-05,68.90646301305924,-0.009842911756839583,0.00891849272578301,0.00042732101770543633,5413.653986518661,5423.312883788341,5794.680612913103,5781.7246376821695,1.1836430084490706,1.24960085328574,1.679512162657806,0
2.4419999999999527,2.0,2.0,1.0,0.0,1.1797836240126147,1.181544670877383,1.0007691316236662,0.879188875629084,0.8794707419660346,0.004030359973463921,-0.6445671720303936,-0.6457889690013534,-0.00946522580888335,3.7780404985852853,-3.746586746294473,-0.24722797123499532,1.2869936698986304,-1.2751108727560214,-0.09059248588305471,0.0811030729938185,-0.08080888101853129,-8.417823305325422e-06,68.90041082970224,-0.010251208912239799,0.009276383066757814,0.0004642097616289485,5413.496954518595,5423.13157603624,5794.519646960848,5781.248066035799,1.1587167992096021,1.2435666885236738,1.81162550579925,0
2.4619999999999505,2.0,2.0,1.0,0.0,1.197317608417732,1.1990839872171541,1.000856069394169,0.8746146346294138,0.8748686895002822,0.004601068921076083,-0.6478877562752748,-0.6490789122002406,-0.010784621885408083,3.797826871176622,-3.766167044437637,-0.24982348810379731,1.3791638330719649,-1.3668732421199703,-0.09275843491006236,0.0797994265068517,-0.07951296390828962,-4.05423399009257e-05,68.89425604706045,-0.010645402004859505,0.009621514749889013,0.0005010567853192252,5413.336044751327,5422.941183143193,5794.35402726118,5780.77206759045,1.1339163170812072,1.237080091510287,1.941667959519189,0
2.4819999999999482,2.0,2.0,1.0,0.0,1.21475663816413,1.2165277891732997,1.0009540655255276,0.8697257558072126,0.869951683991597,0.005139278307718419,-0.6507829719145686,-0.6519428269422001,-0.01206147003680109,3.815105858318659,-3.7832889810029395,-0.2521027283844873,1.4698171448267436,-1.4571168223469795,-0.09506945109644246,0.07844845233838449,-0.07817006846780149,-7.170083764694595e-05,68.88801942856657,-0.01102540410848028,0.009953837756372829,0.0005378121114729248,5413.171957038445,5422.742616481099,5794.184505252627,5780.297654326585,1.1092505364821799,1.230148460542778,2.069561810381672,0
2.501999999999946,2.0,2.0,1.0,0.0,1.2320944800133802,1.2338698373959984,1.0010624593069362,0.864527676953561,0.8647251809823163,0.005644031586737852,-0.65325620054535,-0.654384112888592,-0.013292515628842582,3.8298947660209572,-3.7979707232182696,-0.2540635654754396,1.5589006245611632,-1.5457887805279669,-0.09751576536095091,0.0770519201595866,-0.07678195742917546,-0.00010181369902371232,68.88172143964758,-0.0113911399337231,0.010273312419677768,0.0005744249087257633,5413.00537723796,5422.5367820986,5794.011818202425,5779.825824036173,1.0847282804911718,1.222779455967499,2.1952322054113145,0
2.521999999999944,2.0,2.0,1.0,0.0,1.249325011438039,1.2511040036162424,1.0011805722138705,0.8590260124578023,0.8591948139513303,0.006114491950045339,-0.6553110917766165,-0.6564064395081498,-0.01447470740518243,3.842212638973757,-3.8102319424140956,-0.25570476822240673,1.6463632588144346,-1.6328383457343227,-0.10008737583626909,0.07561160694203381,-0.07535039922574537,-0.0001308059139870713,68.87538219230586,-0.011742545645324795,0.01057990914050035,0.0006108436392175788,5412.836975410859,5422.324578103435,5793.836687235249,5779.357557729472,1.0603582157001818,1.2149809897326873,2.3186071625351587,0
2.5419999999999416,2.0,2.0,1.0,0.0,1.2664422240697877,1.2682242741201657,1.0013077103008405,0.853226545689481,0.8533663866423441,0.006549942089653089,-0.6569515558174324,-0.658013738614786,-0.015605201870286401,3.8520802279221753,-3.8200937822676213,-0.2570259842399283,1.732156009628569,-1.7182168143938183,-0.10277408305022775,0.07412929554138817,-0.07387716662858139,-0.00015860718855192977,68.86902139233453,-0.012079568687521946,0.010873608113541476,0.000647016208128765,5412.667404095371,5422.106892145149,5793.659815475095,5778.893817141636,1.036148847280577,1.2067612149309375,2.439617579132085,0
2.5619999999999394,2.0,2.0,1.0,0.0,1.2834402269954186,1.285224753070062,1.0014431665853853,0.8471352214003727,0.8472458654048217,0.006949783598401096,-0.6581817560121115,-0.659210196842908,-0.01668136693239116,3.8595199552366597,-3.827578826616378,-0.2580277210705438,1.8162318217304798,-1.801877553868508,-0.1055655248227445,0.07260677330609337,-0.07236403541665294,-0.0001851520377233597,68.86265828924661,-0.01240216761687043,0.011154399065923165,0.0006828901146397238,5412.497296690898,5421.88459900247,5793.481886302462,5778.435542344007,1.0121085142621438,1.198128515341609,2.5581972385924794,0
2.5819999999999372,2.0,2.0,1.0,0.0,1.3003132499011576,1.3020996656724402,1.0015862234162256,0.8407581381544439,0.8408393715560241,0.007313536021784747,-0.6590061013321413,-0.6600002480705599,-0.017700784815921904,3.8645558787245204,-3.8327110668305453,-0.25871132528105506,1.8985456285392461,-1.883776004284365,-0.10845121078376982,0.0710458307101777,-0.07081278307909622,-0.00021037986283848256,68.85631162898798,-0.01271031194179858,0.011422281007003678,0.0007184126037651815,5412.327265953202,5421.658558279298,5793.303561728476,5777.983649464735,0.9882453850249572,1.1890914949829547,2.6742828148536217,0
2.601999999999935,2.0,2.0,1.0,0.0,1.3170556460659608,1.3188433611936294,1.0017361548187338,0.834101540793084,0.8341531737720851,0.007640835573520017,-0.6594292388340343,-0.6603885658002262,-0.018661254254779453,3.867213653734802,-3.835515868734024,-0.2590789596000805,1.9790543570004657,-1.9638696786618255,-0.11142055642118733,0.06944826000935964,-0.06922518754806936,-0.00023423501342394147,68.84999960949328,-0.013003981968166628,0.011677261989274929,0.0007535308185170237,5412.157902602029,5421.429612212828,5793.125480887252,5777.539028522875,0.96456745300364,1.1796589676833305,2.7878138749019263,0
2.621999999999933,2.0,2.0,1.0,0.0,1.3336618952045693,1.3354503158235946,1.0018922288111356,0.8271718129424684,0.8271936805156058,0.007931433528141784,-0.6594560460917712,-0.660380055506657,-0.01956079197972857,3.867520493615743,-3.8360199390650904,-0.2591335782057312,2.057716931247128,-2.0421181613958077,-0.11446291657137185,0.06781585391970943,-0.06760302596076533,-0.000256666833717093,68.84373983913534,-0.013283168650084949,0.011919358879987433,0.0007881919518535754,5411.989774041982,5421.198583597045,5792.948258647395,5777.102541379754,0.9410825326033845,1.1698399466804403,2.8987328792512344,0
2.6419999999999306,2.0,2.0,1.0,0.0,1.3501266061612363,1.3519151353887668,1.0020537096851452,0.8199754695694295,0.8199674325067794,0.008185194304525325,-0.6590916236120069,-0.6599798469605738,-0.020397633514914137,3.8655051285906583,-3.834251291468901,-0.25887890027644533,2.1344942750842124,-2.1184831051331092,-0.1175676182689758,0.0661504043182221,-0.06594807344918015,-0.0002776296940399247,68.83754929810765,-0.013547873445232901,0.012148597143072308,0.0008223433978794824,5411.823423197071,5420.966273824254,5792.772484343172,5776.675019811003,0.9177982553269233,1.1596436342571665,3.0069851804180843,0
2.6619999999999284,2.0,2.0,1.0,0.0,1.3664445194551542,1.368232557914845,1.0022198602450034,0.8125191495917382,0.8124810952445978,0.0084020932547538,-0.6583412872396791,-0.6591932865366499,-0.021170233300120234,3.8611977631243355,-3.8302392120152087,-0.2583193819217661,2.2093493132923667,-2.192928226094315,-0.12072399287646998,0.06445370096471652,-0.06426210195633858,-0.00029708300725539335,68.8314443027714,-0.013798108173901927,0.01236501063090634,0.0008559329017681438,5411.659367459088,5420.733461047118,5792.598720625478,5776.257263702272,0.8947220661114474,1.1490794114221192,3.1125190194179684,0
2.681999999999926,2.0,2.0,1.0,0.0,1.3826105096787475,1.3843974560406243,1.0023899439991915,0.8048096085482502,0.8047414515842493,0.008582214173224387,-0.657210560561196,-0.6580259295136659,-0.021877264156959886,3.8546300318578015,-3.8240142242366195,-0.25746018661318154,2.28224697174449,-2.2654192978866106,-0.12392140741801871,0.06272753024458654,-0.0625468790777247,-0.00031499123057512267,68.82544047298857,-0.014033894880997265,0.012568641385397905,0.0008889087078897519,5411.498097749504,5420.500898463222,5792.427502432451,5775.850039371215,0.8718612198743044,1.1381568276426706,3.2152855203116166,0
2.701999999999924,2.0,2.0,1.0,0.0,1.398619587750065,1.400404839284043,1.0025632272993912,0.7968537113339159,0.796755394376359,0.00872574654129371,-0.6557051673118712,-0.6564835323742723,-0.022517616118606077,3.845834954194563,-3.8156080536842913,-0.25630715423797695,2.353154176327795,-2.335924143852971,-0.12714929504639738,0.06097367393198692,-0.0608041669267728,-0.00033132385302572955,68.8195527024539,-0.014255265700215191,0.012759539447856084,0.0009212197056393956,5411.340077694368,5420.269312723737,5792.259336079157,5775.454078017988,0.8492227782661536,1.126885590637828,3.31523868283211,0
2.721999999999922,2.0,2.0,1.0,0.0,1.4144669030206332,1.416249856161749,1.0027389814215761,0.7886584250042306,0.7885299191733072,0.008832982523108641,-0.6538310237938213,-0.6545720451113297,-0.023090394643986125,3.8348468876263015,-3.8050535920001627,-0.25486676890143106,2.4220398506631753,-2.404412628002475,-0.13039718457587535,0.0591939079731471,-0.05903572102333881,-0.00034605536891695146,68.81379513202995,-0.014462262719641173,0.012937762677052397,0.0009528155724748483,5411.185742911277,5420.03940246751,5792.094698465532,5775.07007430606,0.8268136066300887,1.1152755562379504,3.4123353731212127,0
2.7419999999999196,2.0,2.0,1.0,0.0,1.4301477452402023,1.4319277961635724,1.0029164845844305,0.7802308116532847,0.780072117007427,0.008904313728565287,-0.651594231310077,-0.6522976035473338,-0.023594918238611765,3.821701479890184,-3.7923848605068704,-0.2531461256045533,2.4888749126129808,-2.4708566445654117,-0.13365472901825723,0.05739000128957056,-0.05724328920418128,-0.0003591652376908026,68.808181126081,-0.01465493784800902,0.013103376574871345,0.0009836469136891759,5411.035500407263,5419.8118369814465,5791.934036401368,5774.698685074799,0.804640371165114,1.1033367183179252,3.506535312608706,0
2.7619999999999174,2.0,2.0,1.0,0.0,1.445657546379897,1.4474340915833923,1.0030950239006178,0.771578021369184,0.7713891672454922,0.008940227759561537,-0.6490010686202329,-0.6496665216730002,-0.024030715505313514,3.80643562005377,-3.7776369733189052,-0.25115289592593854,2.553632269568233,-2.535230106216116,-0.13691173306362134,0.05556371460096403,-0.05542861055455842,-0.0003706378305641021,68.80272325179281,-0.014833352680882414,0.013256454118914062,0.001013665398461902,5410.889728086088,5419.587254987749,5791.777766046887,5774.34052818482,0.7827095362922137,1.0910791988100919,3.5978010650643393,0
2.781999999999915,2.0,2.0,1.0,0.0,1.4609918823153576,1.4627643192079753,1.003273897256742,0.7627072852702276,0.7624883305235044,0.008941304555893823,-0.6460579844225334,-0.6466852840106535,-0.02439752164916325,3.78908738862664,-3.7608460999809066,-0.2488952928371784,2.616286812506257,-2.5975089310053945,-0.14015817945168302,0.0537167992678287,-0.05359341436015499,-0.0003804623644085467,68.79743326145828,-0.014997578366047544,0.013397075601405302,0.0010428238917521222,5410.748774363198,5419.366263558121,5791.626272467134,5773.996181496811,0.7610273622211354,1.0785132378028386,3.6860980218531085,0
2.801999999999913,2.0,2.0,1.0,0.0,1.4761464743715227,1.4779142018654234,1.0034524151181785,0.7536259086248822,0.7533769417654219,0.008908212557264993,-0.642771589866907,-0.6433605380076506,-0.024695274461794182,3.769696006800527,-3.742049427641602,-0.24638203478163626,2.6768154088101355,-2.6576710280435254,-0.14338425418414724,0.05185099615371643,-0.051739419078642816,-0.000388632823342318,68.79232207770026,-0.01514769546742604,0.013525328473738153,0.0010710765816185374,5410.612957886339,5419.149437154843,5791.479909298169,5773.66618198404,0.7395999027158885,1.0656491837304922,3.7713943854255927,0
2.821999999999911,2.0,2.0,1.0,0.0,1.4911171907307612,1.492879609834952,1.0036299022552744,0.7443412640582527,0.744062403289117,0.00884170469794252,-0.6391486511030731,-0.6396990864646783,-0.024924109811121874,3.748301784921797,-3.721285122774455,-0.24362230914623403,2.735196893841945,-2.715696281973854,-0.14658037053289072,0.04996803450722234,-0.049868331330283136,-0.0003951478685359343,68.78739978159611,-0.015283793826841408,0.013641307195988012,0.0010983791015742933,5410.482567359488,5418.937316798121,5791.3389985227395,5773.351024978467,0.7184330030568514,1.0524974836597851,3.8536611510738754,0
2.8419999999999086,2.0,2.0,1.0,0.0,1.5059000477061033,1.507656562119775,1.0038056993877584,0.7348607848474374,0.7345521780025083,0.008742614250624607,-0.6351960818675063,-0.635707880003391,-0.02508435666318646,3.7249460703016797,-3.698592292458747,-0.24062573525526673,2.791412061262753,-2.7715665362761115,-0.14973719180331607,0.048069630863873086,-0.047981844907073065,-0.00040001073676005576,68.78267560366092,-0.015405972423018688,0.01374511309072033,0.001124688647609177,5410.357861467684,5418.730409358881,5791.203830352889,5773.0511635499315,0.6975322981972806,1.0390686736779025,3.932872086982477,0
2.8619999999999064,2.0,2.0,1.0,0.0,1.5204912108813804,1.5222412275849297,1.0039791647445229,0.7251919583078651,0.7248537826925019,0.008611850536041962,-0.630920936112701,-0.6313940095774923,-0.025176531663452975,3.6996711944705405,-3.674010945237485,-0.2374023270141014,2.8454436520933504,-2.825265575437532,-0.15284565281673554,0.04615748796812469,-0.04608163980003774,-0.0004032291282276069,68.77815791763982,-0.015514339227224304,0.013836854200418459,0.0011499640895375428,5410.239068899946,5418.529186975795,5791.074663216749,5772.767008017576,0.6769032111119164,1.02537336938682,4.009003712606324,0
2.881999999999904,2.0,2.0,1.0,0.0,1.5348869961201062,1.5366299259619214,1.0041496755362747,0.7153423192724395,0.7149747814090723,0.008450394514744459,-0.6263304006818808,-0.6267646990310399,-0.02520133330540719,3.672520419983036,-3.647581951571267,-0.23396245532901164,2.89727634251118,-2.8767791060290966,-0.1558969800801744,0.044233293715749446,-0.0441693812443678,-0.0004048150843040315,68.7738542370528,-0.01560901105499387,0.013916645147868122,0.0011741660763570259,5410.12638846739,5418.334086595015,5790.95172384649,5772.498925592224,0.6565509513353012,1.0114222565083677,4.082035275405007,0
2.901999999999902,2.0,2.0,1.0,0.0,1.549083870444978,1.550819128722117,1.0043166293388808,0.7053194436650738,0.704922778946537,0.0082592942774006,-0.6214317880320112,-0.6218272977074238,-0.02515963571472167,3.6435378868806856,-3.619347003909812,-0.23031681042728697,2.94689673038046,-2.926094736723151,-0.15888271061650663,0.04229872011695398,-0.04224671878219757,-0.0004047848556789943,68.76977121442943,-0.01569011341344324,0.013984606998843343,0.0011972571353314582,5410.01998931336,5418.145509630777,5790.835207464224,5772.247240148174,0.636480513687331,0.9972260816042059,4.15194872596485,0
2.9219999999999,2.0,2.0,1.0,0.0,1.5630784527899013,1.5648054598208514,1.0044794453855497,0.6951309421699667,0.6947054144238252,0.008039660449770595,-0.6162325290077196,-0.6165892731121944,-0.025052482077567256,3.612768558917979,-3.5893485764055963,-0.22647636419923065,2.994293320514276,-2.9732019572879453,-0.16179470943235075,0.040355422280624255,-0.04031528534290571,-0.0004031587616096932,68.76591464316469,-0.015757780343700102,0.014040867126451705,0.0012192017645397324,5409.920011212295,5417.9638217447255,5790.725278062507,5772.0122321223935,0.6166966771834993,0.9827956429146559,4.218728691539861,0
2.9419999999998976,2.0,2.0,1.0,0.0,1.576867514626462,1.57858569631424,1.0046375657663282,0.6847844539977781,0.6843303549652975,0.007792661528305982,-0.610740165668493,-0.6110582036326283,-0.024881077741916106,3.5802581696568265,-3.5576298842965666,-0.22245233268067208,3.0394565086694274,-3.0180921165936425,-0.16462518560564027,0.038405037420138025,-0.03837669634092329,-0.0003999610408613288,68.76228946192175,-0.015812154258040473,0.014085559076523408,0.001239966518662254,5409.82656495383,5417.789352741534,5790.622068775815,5771.794138538905,0.5972040041272149,0.9681417813201019,4.282362448041659,0
2.9619999999998954,2.0,2.0,1.0,0.0,1.5904479804667973,1.5921567688507297,1.004790456533693,0.6742876407496677,0.6738052894834613,0.007519519162081566,-0.6049623441713045,-0.6052417713166869,-0.024646783020793844,3.546053168532629,-3.5242348429873047,-0.21825613879123515,3.082378564276833,-3.0607583996636474,-0.1673667069792434,0.03644918388123479,-0.03643254879110411,-0.00039521969498211687,68.75889976150141,-0.015853385771365084,0.01411882243344449,0.0012595200878063014,5409.7397328084635,5417.622396578064,5790.525682339291,5771.5931531556525,0.5780068393815104,0.9532753714284624,4.3428398905116525,0
2.981999999999893,2.0,2.0,1.0,0.0,1.6038169282448336,1.605515762039433,1.004937608713332,0.663648180380015,0.6631379225647286,0.007221503396481049,-0.5989068077106525,-0.5991477547137859,-0.024351105726523027,3.5102006669931893,-3.4892080268605925,-0.21389937543984047,3.1230536119126606,-3.1011958038042686,-0.17001221345141151,0.034489460192469526,-0.03448442044180377,-0.00038896632456049006,68.75574879409376,-0.015881633526703045,0.01414080268586082,0.0012778333692022145,5409.6595690710865,5417.463211483097,5790.436191630877,5771.40942673099,0.5591093098174047,0.9382073127920473,4.400153502106718,0
3.001999999999891,2.0,2.0,1.0,0.0,1.6169715895778678,1.618659914697321,1.0050785392195243,0.6528737612584884,0.6523359684591828,0.006899927893735634,-0.5925813895178197,-0.5927840217795951,-0.023995693464963448,3.472748384809113,-3.4525946278534185,-0.20939376910477914,3.161477611517626,-3.139401113844993,-0.17255502885819318,0.032527444138807114,-0.0325338689258929,-0.00038123595912009195,68.75283898482242,-0.01589706401447442,0.014151651091717479,0.001294879531632786,5409.586100678391,5417.312020184393,5790.353640292809,5771.243067406515,0.5405153239361157,0.9229485212569142,4.454298321631884,0
3.0219999999998888,2.0,2.0,1.0,0.0,1.6299093499104893,1.6315866199773659,1.0052127916748115,0.641972076332014,0.6414071451751716,0.006556145145061452,-0.5859940059210196,-0.586158522846907,-0.023582325718657655,3.4337445966515387,-3.4144404138336943,-0.2047511439912398,3.1976483373743574,-3.1753728765209424,-0.17498887144722822,0.03056469185895235,-0.030582430929993173,-0.00037206688131229967,68.75017194548691,-0.015899851385309836,0.014151524542121423,0.0013106340724889122,5409.519327896191,5417.169010239511,5790.278043428323,5771.094141202682,0.5222285716622784,0.9075099204476852,4.505271909652898,0
3.0419999999998866,2.0,2.0,1.0,0.0,1.6426277485428473,1.64429342537973,1.0053399371339549,0.6309508173871029,0.6303591686793969,0.006191541688753329,-0.5791526494679959,-0.5792792836644485,-0.023112905747601567,3.3932380790297176,-3.3747916868159162,-0.19998338686440717,3.231565355855391,-3.209111374028484,-0.17730786294655007,0.028602736967011943,-0.028631621382304875,-0.0003615004460705125,68.74774849040605,-0.01589017725625893,0.01414058542355473,0.0013250748673747904,5409.459225072568,5417.034334466768,5790.20938836936,5770.9626726234455,0.5042525243052678,0.8919024333906245,4.553074313223889,0
3.0619999999998844,2.0,2.0,1.0,0.0,1.6551244785452672,1.6567780326481265,1.0054595747124524,0.6198176694128996,0.6191997472030569,0.005807533348179801,-0.5720653821125224,-0.5721543985053733,-0.022589452336103738,3.351278057677371,-3.333695241055812,-0.19510241265121153,3.263230001956748,-3.2406185967842838,-0.17950653623612772,0.02664308969912342,-0.02668293265943988,-0.0003495808953893598,68.74556865425939,-0.015868230510287438,0.01411900147800327,0.001338182212216435,5409.405741452582,5416.908111472273,5790.147635510899,5770.848645365789,0.48659043468568636,0.8761369742776288,4.597708029264933,0
3.081999999999882,2.0,2.0,1.0,0.0,1.6673973865612415,1.6690382975534723,1.0055713321201574,0.6085803050652635,0.6079365756544926,0.005405560503177298,-0.5647403284661927,-0.5647920233470483,-0.022014091413858586,3.307914155472852,-3.291198321065632,-0.19012013089853677,3.29264535463485,-3.2698982154175615,-0.1815798416338949,0.024687236085684384,-0.024737833812744865,-0.00033635516939074605,68.74363171182301,-0.015834207089010854,0.014086945660604222,0.001349938857856831,5409.358802050388,5416.790426268989,5790.092719207554,5770.752003129859,0.4692453374240273,0.8602244403736697,4.639177966625223,0
3.10199999999988,2.0,2.0,1.0,0.0,1.6794444725008164,1.6810722295669693,1.0056748661008175,0.5972463792321391,0.596577330138705,0.004987083407873663,-0.5571856691168254,-0.5572003691236552,-0.021389047578969148,3.2631963409739955,-3.2473485795932677,-0.1850484131702174,3.319816210967047,-3.2969555520247824,-0.18352315181190695,0.02273663714981939,-0.02279776981464272,-0.00032187271433505585,68.74193619949037,-0.01578830977865759,0.014044595994456935,0.0013603300371502394,5409.318308574345,5416.681330983426,5790.044548727869,5770.672650525136,0.45222004938848737,0.8441757040700961,4.6774914068697875,0
3.1219999999998778,2.0,2.0,1.0,0.0,1.6912638891264018,1.6928779914247531,1.005769862778599,0.5858235237004408,0.5851296625840431,0.004553577567476615,-0.5494096340147706,-0.5493876950530379,-0.02071663555017311,3.217174877644055,-3.2021940356095158,-0.17989906145948936,3.344749059158725,-3.321797550715559,-0.1853322653620393,0.020792728132727183,-0.020864160825559062,-0.0003061852882283809,68.74047993846847,-0.015730747989314453,0.0139921354222868,0.0013693434845965294,5409.284140400871,5416.580845645508,5790.003009261908,5770.610454067879,0.4355171702988673,0.8280016050861134,4.7126579638267625,0
3.1419999999998756,2.0,2.0,1.0,0.0,1.7028539415330373,1.7044538985862592,1.0058560379129056,0.5743193419246606,0.573601195476301,0.0041065291860477296,-0.5414204959283858,-0.5413623020391675,-0.019999251574988483,3.1699002738406223,-3.155783032348954,-0.17468377768777174,3.3674520504225467,-3.3444327474780824,-0.1870034090342767,0.018856917746540434,-0.01893840148203826,-0.0002893467646693483,68.73926005953581,-0.015661737527547945,0.01392975165468579,0.0013769694485840183,5409.256155592584,5416.488959056932,5789.967962977462,5770.565243264892,0.41913908348345447,0.8117129428206579,4.744689541934926,0
3.1619999999998734,2.0,2.0,1.0,0.0,1.7142130865251495,1.7157984185884496,1.0059331370630435,0.5627414038973982,0.5619995167004331,0.0036474306967483293,-0.5332265639699392,-0.533132526151549,-0.019239364819917993,3.121423233634574,-3.108164195450629,-0.16941413435474253,3.3879349697579833,-3.3648712393920968,-0.1885332386741356,0.016930587455320795,-0.01702186020669574,-0.0002714129355678087,68.73827302924795,-0.015581500362549159,0.013857637014714548,0.0013832006963358896,5409.234191956384,5416.405629733282,5789.939250120378,5770.536811778506,0.4030879567857575,0.7953204688568141,4.773600293431572,0
3.181999999999871,2.0,2.0,1.0,0.0,1.7253399318918479,1.7269101702980676,1.0060009356645017,0.5510972411220246,0.5503321744900588,0.0031777763854893464,-0.5248361771932126,-0.52470673218286,-0.01843950876818105,3.07179460852126,-3.059386391245497,-0.16410154639869556,3.4062092056617477,-3.3831246532169947,-0.1899188388890956,0.015015090784795012,-0.01511587854065253,-0.00025244131335545037,68.73751467747357,-0.015490264385989893,0.013775988278672449,0.0013880325116806412,5409.218068137072,5416.33078691494,5789.916690154348,5770.52491866744,0.3873657436179079,0.7788348796208473,4.7994065744208125,0
3.201999999999869,2.0,2.0,1.0,0.0,1.736233235582794,1.737787923064061,1.0060592390188272,0.539394341687701,0.5386066724849187,0.002699058118349346,-0.5162576982640883,-0.5160933072860903,-0.017602272649740028,3.0210653500810816,-3.009498685237786,-0.15875724432012486,3.422287718802224,-3.399206113382436,-0.1911577214770937,0.013111752661418265,-0.01322177049913868,-0.00023249093329418149,68.73698022614458,-0.015388263165825457,0.013685006512909959,0.0013914626857913976,5409.207584742139,5416.264331641891,5789.900082935633,5770.529289698222,0.3719741841575406,0.7622668091978759,4.822126899865806,0
3.2219999999998667,2.0,2.0,1.0,0.0,1.7468919047867022,1.748430595772349,1.0061078821992855,0.5276401454470047,0.5268304648964406,0.002212761182540839,-0.5074995072054461,-0.5073006546924573,-0.01673029292763052,2.9692864636416725,-2.9585503008278105,-0.15339224861545647,3.4361850096933453,-3.413130209408587,-0.19224782265313248,0.011221868781326324,-0.011340821950943995,-0.0002116221564715916,68.7366643191012,-0.015275735694318612,0.013584896906580872,0.0013934915010618732,5409.202525493369,5416.206137887244,5789.889209918106,5770.549618721563,0.3569148066848999,0.7456268223061633,4.841781897546502,0
3.2419999999998645,2.0,2.0,1.0,0.0,1.7573149949145237,1.7588372558050884,1.0061467298746734,0.5158420392964485,0.5150109517815739,0.0017203602501113205,-0.4985699952177335,-0.49833718751136513,-0.015826244863796454,2.916508962988708,-2.906590578323593,-0.14801734556180235,3.4479170854055767,-3.4249129627829,-0.19318749911287844,0.009346705009696905,-0.009474290022409288,-0.000189896474055653,68.73656105291391,-0.015152926130595011,0.013475868600291532,0.0013941217083081148,5409.202658400922,5416.156053744447,5789.88383538409,5770.585569108127,0.342188929056903,0.7289254074319754,4.858394261028496,0
3.2619999999998623,2.0,2.0,1.0,0.0,1.7675017084893765,1.7690071179066114,1.0061756760538372,0.5040073525602159,0.5031554744250695,0.001223315472959714,-0.4894775585766242,-0.4892113226137029,-0.014892834186780187,2.8627838261674032,-2.8536689342884753,-0.1426430643876407,3.4575014253538288,-3.4345717933202,-0.19397552297475987,0.0074874968110307675,-0.007623402526643145,-0.00016737631336070986,68.73666400856362,-0.015020083538083899,0.013358134510635132,0.0013933584975058917,5409.207736955671,5416.113902662926,5789.88370769652,5770.636775237999,0.3277976603148518,0.7121729701269355,4.871988701686984,0
3.28199999999986,2.0,2.0,1.0,0.0,1.7774513939452867,1.7789395429582002,1.0061946437536124,0.49214335247748675,0.4912713108304011,0.0007230687171346195,-0.48023059260923984,-0.4799314745997997,-0.01393278888271966,2.808161952411631,-2.7998348212714244,-0.13727965585840407,3.464956946204102,-3.4421254850327307,-0.19461107564451927,0.00564544871079815,-0.005789357418636752,-0.00014412484625675668,68.73696628386146,-0.014877461617222231,0.013231911150646534,0.0013912094622916518,5409.217501335551,5416.079484727035,5789.88856056794,5770.702844038121,0.3137419024224522,0.6953798264698007,4.882591899831945,0
3.301999999999858,2.0,2.0,1.0,0.0,1.7871635443368221,1.7886340366638809,1.0062035845930473,0.48025723979377366,0.479365671319552,0.00022103994376144217,-0.47083748575047335,-0.4705060498533874,-0.012948851130177382,2.752694120232733,-2.7451376879660985,-0.13193707230014604,3.4703039659425667,-3.4475941515367072,-0.19509374064841825,0.003821733788874992,-0.003973322276947187,-0.00012020580043148014,68.73746052649088,-0.014725318433836666,0.01309741844625444,0.0013876845584724126,5409.231679621812,5416.052577973047,5789.898114341993,5770.783356561962,0.3000223521307581,0.6785561966945963,4.89023245498183,0
3.3219999999998557,2.0,2.0,1.0,0.0,1.7966377959617006,1.7980902481494117,1.0062024783169252,0.46835614445674445,0.4674456942419231,-0.00028137625667740455,-0.4613066136810178,-0.46094344068296667,-0.011943769398368439,2.6964309466951177,-2.6896269398438517,-0.12662494907875524,3.4735641671524555,-3.4509992010219253,-0.19542349548333757,0.0020174932051359837,-0.0021764338125783754,-9.568327399177747e-05,68.73813896755522,-0.014563916143639213,0.012954879548836801,0.001382796056805396,5409.249989021107,5416.032939739035,5789.9120772831275,5770.8778696056315,0.28663950296662355,0.6617121989870658,4.894940835333863,0
3.3419999999998535,2.0,2.0,1.0,0.0,1.805873926898467,1.80730796847665,1.0061913322517129,0.4564471214170623,0.4555184417926555,-0.0007828139706154512,-0.45164633354878014,-0.4512520195520121,-0.010920290727332435,2.6394228479010615,-2.633351900304892,-0.1213525875466352,3.474760559545748,-3.4523633008108914,-0.1956007025338518,0.00023383575753724536,-0.0003997974056841566,-7.062155386647173e-05,68.73899345551563,-0.014393520713302082,0.012804520644035238,0.0013765584903220724,5409.272137089478,5416.020308042486,5789.930146870243,5770.98591735472,0.273593647341214,0.6448578434514415,4.896749326477689,0
3.3619999999998513,2.0,2.0,1.0,0.0,1.8148718554613503,1.8162871290754967,1.006170180697192,0.44453714653482873,0.4435908959406984,-0.0012819391027597275,-0.44186497827542903,-0.4414401333995095,-0.009881153207608108,2.581720000702466,-2.5763617723905217,-0.11612893946337154,3.4739174417979832,-3.451710341534002,-0.19562609910798576,-0.0015281625270388683,0.0013555133293274497,-4.508493844760664e-05,68.74001549040574,-0.01421440163859356,0.012646570757009206,0.0013689885964837274,5409.29782295436,5416.014402980489,5789.952011090261,5771.107013056146,0.2608848787750689,0.6280030262496054,4.8956919794044,0
3.381999999999849,2.0,2.0,1.0,0.0,1.823631638574417,1.8250278000956093,1.0061390842571232,0.4326331125922723,0.4316699544669952,-0.0017774523476936253,-0.4319708509498985,-0.431516098052361,-0.008829078675891524,2.523372305652869,-2.5187056010980973,-0.11096259289170039,3.471060362735815,-3.4490654009473003,-0.1955007866447797,-0.0032674587689462465,0.003088456949747886,-1.9137564880874535e-05,68.74119625821143,-0.014026831660078292,0.012481261554342255,0.0013601052544661933,5409.326738530863,5416.014928147502,5789.97734972753,5771.240650709332,0.24851309423618553,0.6111575239147954,4.891804557858304,0
3.401999999999847,2.0,2.0,1.0,0.0,1.8321534700671507,1.833530188680096,1.0060981291123823,0.42074182541337707,0.41976242711320294,-0.0022680919875103524,-0.42197221931074136,-0.42148819273126004,-0.00776676564209633,2.464429351208761,-2.460432236338767,-0.1058617595650744,3.4662160819279606,-3.4444547074194096,-0.19522621914799695,-0.004983043578779259,0.00479802456105971,7.156758609962788e-06,68.74252666530664,-0.013831086476889926,0.012308827142852658,0.0013499294178804097,5409.358569728728,5416.021572065681,5790.005835645257,5771.386306771176,0.23647799658753577,0.5943309878421379,4.885124485083005,0
3.4219999999998447,2.0,2.0,1.0,0.0,1.8404376788936094,1.8417946371634015,1.0060474262400956,0.40887000009120084,0.4078750318413985,-0.0027526365118822277,-0.41187731031929636,-0.41136465465167654,-0.006696882462159766,2.4049403791851045,-2.4015902965764426,-0.1008342637183192,3.459412529731061,-3.4379056031142867,-0.1948041909013035,-0.0066739413670928735,0.006483240163521145,3.3734715007852356e-05,68.74399737283835,-0.013627444459108951,0.012129503865576277,0.0013384840432431719,5409.39299764643,5416.034009622897,5790.0371360551735,5771.54344186927,0.22477909714038818,0.5775329389584346,4.875690790013826,0
3.4419999999998425,2.0,2.0,1.0,0.0,1.848484727277323,1.8498216211956156,1.0059871105823528,0.3970242573236738,0.39601439120526905,-0.0032299070575876007,-0.401694304825698,-0.401153673721663,-0.005622060769837289,2.3449542514661754,-2.342228133184627,-0.09588753236829661,3.4506787668427172,-3.4294465068965683,-0.19423682352103633,-0.008339210620776858,0.00814316096841707,6.05336350667997e-05,68.74559883095725,-0.013416186359275153,0.011943530095222242,0.0013257940145180152,5409.429699749067,5416.051903513714,5790.070913771834,5771.711502518025,0.21341571830974793,0.560772762573839,4.863544052965422,0
3.4619999999998403,2.0,2.0,1.0,0.0,1.8562952087841047,1.857611747795434,1.005917340168138,0.3852111198587222,0.38418702883331984,-0.0036987696651232306,-0.3914313323298201,-0.39086338733822895,-0.004544889179598738,2.2845194179690846,-2.282393795555875,-0.09102858702714058,3.44004494341445,-3.419106876986289,-0.19352655240325406,-0.009977944146081096,0.009776877683620507,8.749164785367924e-05,68.74732131279329,-0.013197595023571143,0.01175114602542387,0.0013118860640507033,5409.468351026863,5416.074905678591,5790.106828448062,5771.88992283243,0.20238699636819713,0.5440597034183111,4.84872635086907,0
3.481999999999838,2.0,2.0,1.0,0.0,1.8638698463249772,1.865165753334023,1.0058382951921596,0.3734370090495907,0.3723993660246671,-0.0041581373506299115,-0.3810964658392973,-0.38050187528408663,-0.003467907271664976,2.223683885854025,-2.2221349969966604,-0.08626403682653344,3.427542257777737,-3.4069171733899566,-0.19267611262213727,-0.011589269278333807,0.011383514768161409,0.00011454782499411606,68.74915494807885,-0.012971955103220675,0.011552593460118603,0.001296788690226733,5409.508625131111,5416.102658736879,5790.1445377882355,5772.078126234319,0.19169188429434791,0.5274028608660601,4.8312812021100955,0
3.501999999999836,2.0,2.0,1.0,0.0,1.871209490091425,1.8724845014520448,1.0057501770542823,0.3617082415212773,0.3606577184580173,-0.004606971991947034,-0.3706977168268234,-0.3700771547266139,-0.002393599869056979,2.162495189972017,-2.1614990814383486,-0.08160007302763413,3.4132029148363903,-3.392908820134968,-0.19168852433697575,-0.013172348058462131,0.012962230655541385,0.0001416423183765493,68.75108975632627,-0.012739552766634531,0.011348115601424158,0.0012805320721793322,5409.550195484756,5416.134797409196,5790.183698736241,5772.27552714622,0.18132915471208685,0.5108111843516073,4.811253511017865,0
3.5219999999998337,2.0,2.0,1.0,0.0,1.8783151154252078,1.8795689809121088,1.0056532073632907,0.3500310259490166,0.34896829301445886,-0.005044286028188031,-0.36024303028896254,-0.3595971753209157,-0.0013243916154553111,2.101000364538055,-2.10053299099284,-0.07704246488767143,3.3970600841786087,-3.377114167334498,-0.19056707776495319,-0.014726377376475143,0.014512217945615743,0.0001687164910967161,68.75311567946966,-0.012500675412840842,0.011137956836372035,0.0012631479818769127,5409.592736364763,5416.170949924975,5790.22396863509,5772.48153266796,0.1712974029167427,0.49429346898161675,4.788689512060726,0
3.5419999999998315,2.0,2.0,1.0,0.0,1.885187820624985,1.886420303388941,1.005547626908712,0.338411459949771,0.337337184714716,-0.005469143972792374,-0.34974027990874546,-0.3490698144189042,-0.00026264186151214904,2.0392459160148255,-2.0392832343792655,-0.07259655685087342,3.3791478579618164,-3.3595664531100926,-0.18931531777672125,-0.016250589082126423,0.016032703564902207,0.00019571304145254024,68.75522261388556,-0.012255611386723807,0.01092236252288849,0.0012446696939172831,5409.635923953736,5416.210739411178,5790.265006355354,5772.695544231451,0.1615950499842711,0.4778583513473224,4.7636367137982045,0
3.5619999999998293,2.0,2.0,1.0,0.0,1.8918288246920203,1.8930397011995623,1.0054336946044262,0.32685552708769916,0.3257703737715283,-0.005880663740557952,-0.33919726332434913,-0.33850287238634025,0.0007893601338095878,1.9772777971898037,-1.9777958562458813,-0.06826726702832385,3.3595012086231133,-3.3402997653992372,-0.18793702817134944,-0.01774425006302328,0.0175229488952501,0.00022257611982732405,68.75740044171093,-0.012004649696589648,0.010701578775411743,0.001225131893353489,5409.679437358312,5416.253785258258,5790.3064733897845,5772.916959229245,0.15222034595954234,0.4615143055432284,4.736143842642538,0
3.581999999999827,2.0,2.0,1.0,0.0,1.8982394650172603,1.8994285249757876,1.0053116864077725,0.31536909399457647,0.3142737227578331,-0.0062780177896914445,-0.3286216975061733,-0.3279040680298006,0.0018293996814292956,1.9151413824262622,-1.9161164074090455,-0.06405908692850826,3.338155946467634,-3.319349003675271,-0.1864362156866504,-0.01920666229051362,0.018982249870865726,0.0002492514383254888,68.7596390613811,-0.011748079734561408,0.010475852250541701,0.0012045705818724745,5409.722959592107,5416.299704459726,5790.348034911602,5773.145172612625,0.1431713731198164,0.44526963939886477,4.706260786480788,0
3.601999999999825,2.0,2.0,1.0,0.0,1.9044211950120944,1.9055882412813678,1.0051818942178348,0.30395790760613883,0.3028529738914283,-0.00666043408043005,-0.31802121424463387,-0.3172810341355445,0.002855340815506315,1.8528814440668724,-1.8542899160289086,-0.059976082397750416,3.3151486771865013,-3.296749840607085,-0.18481709380012373,-0.020637162833716558,0.020409937043746204,0.0002756863730530123,68.76192841731574,-0.011486191000298716,0.010245429933124932,0.001183022982642753,5409.766178521119,5416.348112921845,5790.389360794168,5773.3795784552885,0.1344460493095507,0.4291324909317913,4.674038538210223,0
3.6219999999998227,2.0,2.0,1.0,0.0,1.9103755816851267,1.9115204301761126,1.0050446247565552,0.29262759251531023,0.29151374643679184,-0.007027196852285661,-0.30740335575099104,-0.30664131312226284,0.003865130118653375,1.790542129966875,-1.7923608597391432,-0.05602189572742681,3.290516759355244,-3.2725386836860375,-0.1830840663748365,-0.022035123842136364,0.021805375617637825,0.00030183005895914405,68.76425852868448,-0.011219272828507489,0.010010558923177643,0.0011605274441414588,5409.808787769643,5416.398626740154,5790.430126589908,5773.619571478838,0.12604213134279352,0.41311082503188096,4.639529139237343,0
3.6419999999998205,2.0,2.0,1.0,0.0,1.9161043031673046,1.9172267827293459,1.0049001984362713,0.2813836484432514,0.28026153422472294,-0.007377647222441821,-0.29677557037351304,-0.2959923528096809,0.004856800216778175,1.7281669421323347,-1.7303731387458239,-0.05219974888278613,3.264298261962662,-3.2467526368475887,-0.18124171120348115,-0.023399952497323642,0.02316796545070921,0.00032763347718343624,68.76661951718901,-0.010947614120702791,0.009771486224042655,0.001137123343264226,5409.850487585013,5416.450863439743,5790.470014466549,5773.864548536527,0.11795721846963536,0.39721243038929394,4.602785622990971,0
3.6619999999998183,2.0,2.0,1.0,0.0,1.9216091461877762,1.9227090984850563,1.0047489482172298,0.270231447829141,0.26910170329045235,-0.007711183608292451,-0.2861452084312559,-0.28534150230497785,0.00582847294232134,1.6657987164378305,-1.6683700499082912,-0.0485124478063881,3.2365319220190063,-3.219429462115078,-0.17929476350261925,-0.024731090934108624,0.02449714102716931,0.000353049534875486,68.76900163380358,-0.010671503081656574,0.00952845853218169,0.0011128509880136924,5409.890985659605,5416.504443176416,5790.508714098908,5774.113910051994,0.11018875590354983,0.38144491668168445,4.563861958500789,0
3.681999999999816,2.0,2.0,1.0,0.0,1.926892003502855,1.9279692828811166,1.004591218458547,0.25917623353956076,0.2580394896308441,-0.008027261977549634,-0.2755195181677018,-0.27469600800895716,0.006778362165703589,1.6034796033969092,-1.6063942618126674,-0.044962387747598864,3.207257102291224,-3.190607541293125,-0.1772480994077574,-0.026028016131975723,0.025792371398144682,0.0003780331374793288,68.77139528442052,-0.010391226960943903,0.009281722028988035,0.0010877515200537582,5409.929997908661,5416.558989896107,5790.545923514691,5774.367061409926,0.10273403840705028,0.36581571204030544,4.522812994088902,0
3.701999999999814,2.0,2.0,1.0,0.0,1.931954871280496,1.9330093446249639,1.0044273637660337,0.2482231166983112,0.24707999708127729,-0.008325395929763245,-0.2649056418264505,-0.2640630097438768,0.007704776295738555,1.5412510499579337,-1.5444877908464894,-0.04155155956824156,3.176513749211686,-3.160325837737977,-0.17510671951840032,-0.027290239777184058,0.027053160092170965,0.00040254125349783505,68.77379105435185,-0.010107071799977154,0.009031522175003892,0.001061866817407434,5409.967249202798,5416.614132450082,5790.581349892884,5774.623414295809,0.0955902139339981,0.3503320608201521,4.479694401225096,0
3.7219999999998117,2.0,2.0,1.0,0.0,1.936799846442701,1.9378313930281408,1.0042577478401993,0.2373770746374281,0.2362281953127576,-0.008605156613490386,-0.2543106118511078,-0.25344953700480016,0.00860612045076127,1.4791537822973786,-1.4826919782808639,-0.03828155697338355,3.1443423510054562,-3.1286238582320913,-0.17287573254061317,-0.02851730809627503,0.028279044995718147,0.00042653297177484405,68.77617973164399,-0.009819322184898713,0.008778103506915144,0.0010352393975664152,5410.002474054148,5416.669505663714,5790.614710313571,5774.882387982253,0.08875428732832234,0.33500102170663326,4.434562618591613,0
3.7419999999998095,2.0,2.0,1.0,0.0,1.9414291239682844,1.9424376353021042,1.0040827423276826,0.22664294897010864,0.22548891794975795,-0.008866172483721142,-0.2437413472114413,-0.24286250533627884,0.009480898303103037,1.4172277895822794,-1.4210474683644674,-0.035153584615342515,3.1107838960796363,-3.0955416149901174,-0.17056033907289678,-0.029708801661667866,0.029469598204230556,0.00044996955135330485,68.77855232916677,-0.009528261005664094,0.008521709437678677,0.001007912321269617,5410.035417255259,5416.724751356862,5790.645732458161,5775.143410559528,0.0822231240810662,0.3198294662011789,4.3874747964064,0
3.7619999999998073,2.0,2.0,1.0,0.0,1.9458449941584444,1.9468303738177228,1.003902725679243,0.21602544378618374,0.2148668608092352,-0.009108128904516453,-0.23320464985780043,-0.23230871283611937,0.010327713600466991,1.3555123086734238,-1.3595941874317632,-0.03216846701830594,3.075879831716796,-3.061119587823232,-0.1681658155793533,-0.030864335170035815,0.0306244258442026,0.0004728144639899627,68.78090010544301,-0.009234169221641117,0.008262582060131005,0.000979929097197439,5410.065834470073,5416.779519314038,5790.674155259162,5775.405920108284,0.07599345415092962,0.30482407754174234,4.338488741048904,0
3.781999999999805,2.0,2.0,1.0,0.0,1.9500498398675945,1.9510120033308926,1.00371808201735,0.2055291239706944,0.20436658026120366,-0.009330767602134773,-0.22270720130570554,-0.22179483678791356,0.011145271368599448,1.2940458097408751,-1.2983713240258692,-0.02932665827046601,3.0396720231128356,-3.0253986864886167,-0.16569749859220376,-0.03198355719423975,0.03174316786687381,0.0004950334294243935,68.7832145841904,-0.008937325634000867,0.00800096195440712,0.000951333587816578,5410.093492776488,5416.833468202802,5790.699729498909,5775.6693658126205,0.07006187585836655,0.28999135013283606,4.287662860035028,0
3.801999999999803,2.0,2.0,1.0,0.0,1.9540461337019286,1.9549850081767037,1.0035292000163076,0.19515841364604414,0.19399249171118038,-0.009533885974224226,-0.21225555935241924,-0.21132743042393504,0.011932378800456896,1.2328659827636086,-1.237417310034732,-0.02662825243027345,3.0022027127979136,-2.988420213250687,-0.16316076918372308,-0.0330661499095687,0.032825497814171205,0.0005165944435210065,68.78548757255172,-0.008638006665172223,0.0077370879994818325,0.0009221699165989422,5410.118171160126,5416.886266439065,5790.722218356736,5775.933209011957,0.06442485987060863,0.2753375895858071,4.235056107383642,0
3.8219999999998007,2.0,2.0,1.0,0.0,1.9578364351881914,1.958751959434599,1.003336471797722,0.18491759473810557,0.18374886820473696,-0.009717336260929299,-0.20185615492720252,-0.2009129198199126,0.012687945837878307,1.172009724885402,-1.1767698028375135,-0.02407299459329347,2.9635144804773366,-2.9502258256802794,-0.16056103774559247,-0.034111828795116296,0.033871122557564574,0.000537467799417705,68.78771117799403,-0.008336486145582151,0.007471197189132934,0.0008924823768258216,5410.139660959109,5416.937592998115,5790.741397904284,5776.196924190329,0.05907875330591823,0.2608689135068723,4.180727929418073,0
3.8419999999997985,2.0,2.0,1.0,0.0,1.9614233879151337,1.962315512066968,1.0031402918440062,0.1748108056665597,0.17363983915431325,-0.009881024584010745,-0.1915152890768394,-0.1905576009231009,0.013410985452492096,1.1115131285996003,-1.116465668456395,-0.021660292566197357,2.92365020332751,-2.910857499717845,-0.15790372911154432,-0.03512034231109605,0.03487978201056203,0.0005576261018334744,68.78987782386369,-0.00803303510789679,0.0072035244525963035,0.0008623153421765296,5410.157766259878,5416.987138170505,5790.757057548858,5776.459999902121,0.054019784001665724,0.24659125322313707,4.124738211044221,0
3.8619999999997963,2.0,2.0,1.0,0.0,1.9648097166501475,1.9656784020336229,1.0029410559325003,0.16484204015964127,0.16366938918835766,-0.01002490986029995,-0.1812391300878997,-0.1802676367149577,0.0141006136332828,1.0514114707359838,-1.056540965707555,-0.019389229094637073,2.8826530167801843,-2.870357493026241,-0.15519426805699996,-0.036091471552957756,0.03585124881558229,0.0005770442747006781,68.79198026358648,-0.007727921588930752,0.0069343024801783995,0.0008317131792879727,5410.172304244057,5417.034604262025,5790.76900042482,5776.721939633295,0.04924406501505156,0.23251035671339462,4.0671472225442145,0
3.881999999999794,2.0,2.0,1.0,0.0,1.9679982244335625,1.9688434433846036,1.0027391600926392,0.15501514619335083,0.15384135712276473,-0.010149002596008073,-0.17103371074706766,-0.1700490545096293,0.01475604908893128,0.9917392022236969,-0.9970309313435223,-0.017258574592111105,2.840566275826422,-2.828768308658394,-0.15243806520718667,-0.03702502988315507,0.03678532800601283,0.0005956995623033062,68.79401159350857,-0.007421410439383925,0.006663761554053827,0.0008007201624595873,5410.183105486751,5417.079706237267,5790.7770437332565,5776.982262597557,0.04474759946126878,0.2186317931235385,4.00801556692598,0
3.901999999999792,2.0,2.0,1.0,0.0,1.970991789653097,1.9718135253337545,1.0025349995884867,0.14533382505507886,0.1441594350544821,-0.010253363568582847,-0.1609049257407297,-0.15990774338932412,0.015376612673608642,0.9325299386050302,-0.9379699661777869,-0.015266800317435558,2.7974335168697912,-2.786132659064656,-0.14964050338297546,-0.03792086254144758,0.03768185664426192,0.0006135715241147961,68.79596526437764,-0.007113763141520955,0.00639212938446841,0.0007693803906650893,5410.190014206622,5417.122172306479,5790.7810190302425,5777.240504467069,0.04052628584702392,0.20496095941626846,3.947404127865133,0
3.9219999999997897,2.0,2.0,1.0,0.0,1.9737933631009454,1.9745916093155143,1.0023289679288025,0.1358016305314664,0.13462716757705398,-0.010338102402953755,-0.1508585291948691,-0.14984945177752762,0.015961726545530228,0.8738164512757427,-0.8793916221812849,-0.013412091949070056,2.7532984201564608,-2.7424934304642363,-0.14680692441141652,-0.038778846234619524,0.038540703436663784,0.0006306420235415623,68.7978350914675,-0.006805237634895677,0.006119630951541239,0.0007377377070203587,5410.192888468301,5417.161744455533,5790.780772464212,5777.49621803753,0.03657592413525242,0.19150308996493776,3.885374018275265,0
3.9419999999997875,2.0,2.0,1.0,0.0,1.9764059650159906,1.9771807260273584,1.0021214559066822,0.1264219682202018,0.1252479511177606,-0.010403376049130856,-0.14090013235616425,-0.13987978515088467,0.016510913068055647,0.8156306594286423,-0.8213285905392058,-0.011692363505307352,2.7082047728079526,-2.697893647604553,-0.14394261642566963,-0.03959888870651281,0.03936176832611188,0.0006468952107891846,68.79961526335472,-0.006496088150185091,0.005846488352834882,0.000705835620844021,5410.191600337828,5417.19817891911,5790.776164963078,5777.748973827653,0.03289222288975212,0.1782632703085139,3.821986529542573,0
3.9619999999997852,2.0,2.0,1.0,0.0,1.9788326821136093,1.9795839724603137,1.001912850670664,0.11719809496532567,0.11602503339590076,-0.010449387168219772,-0.13103520141502847,-0.1300042038904288,0.017023793463641735,0.7580036226781307,-0.763812690655491,-0.01010527156020628,2.6621964324804748,-2.652376438931909,-0.14105280167674894,-0.04038092828927736,0.04014498206332246,0.0006623175000780309,68.80130034935853,-0.006186565051180676,0.005572920656848068,0.0006737172324351756,5410.186035991937,5417.231246597286,5790.767072371908,5777.998360613354,0.02947080800882468,0.16524645693694232,3.75730308145566,0
3.981999999999783,2.0,2.0,1.0,0.0,1.9810766646055369,1.9818045089199687,1.0017035348290566,0.108133118415486,0.10696151300165033,-0.010476382433991209,-0.12126905547117134,-0.12022802127270427,0.017500086231359093,0.7009655343445916,-0.7068748600914398,-0.008648229706125311,2.6153172916729086,-2.6059850021962148,-0.1381426248772227,-0.04112493343673326,0.040890305757644387,0.0006768975414445535,68.80288530565981,-0.0058769146849591255,0.005299143762556076,0.0006414251606804938,5410.176095782076,5417.260733415965,5790.753385541999,5778.24398589701,0.026307233777207492,0.15245750604926925,3.691385172864624,0
4.001999999999781,2.0,2.0,1.0,0.0,1.9831411232122453,1.98384555604038,1.0014938855890967,0.09922999670445277,0.09806033909481175,-0.010484650757192284,-0.11160686464209504,-0.1105564016011737,0.017939605339108364,0.6445457153785785,-0.650545145423946,-0.007318423214785113,2.567611242703687,-2.5587625705119716,-0.1352171420947476,-0.04183090224076348,0.04159773040835675,0.0006906261873713999,68.80436548011907,-0.005567379240223415,0.005025370265105654,0.0006090014735906983,5410.161694254241,5417.2864406316885,5790.735010372475,5778.485476312502,0.023396997250555582,0.1399012160449489,3.624294333098241,0
4.021999999999779,2.0,2.0,1.0,0.0,1.9850293261702665,1.9857103917932644,1.0012842739324015,0.09049153825306872,0.08932431122265003,-0.010474521439817499,-0.10205364831477172,-0.10099435847815706,0.018342258201995622,0.5887726089059726,-0.5948526940081145,-0.006112823849948894,2.5191221433750326,-2.510752378897063,-0.1322813102110736,-0.042498861931625546,0.042267276417393876,0.0007034964544974072,68.80573661581536,-0.005258196613795029,0.004751809327752929,0.000576487621854984,5410.142760125735,5417.308185081571,5790.711867805506,5778.7224779668195,0.020735557314712324,0.1275823916933706,3.5560920741687956,0
4.041999999999777,2.0,2.0,1.0,0.0,1.9867445962368835,1.9874023484948509,1.001075063828044,0.08192040169167762,0.08075607925589033,-0.010446362266558018,-0.0926142735405799,-0.09154675321739367,0.018708043458631772,0.5336737753764371,-0.5398257466283168,-0.0050282047860486755,2.4698937833412873,-2.4619976313102505,-0.12933997695994193,-0.04312886836309176,0.04289899308445922,0.00071550348066349,68.80699485333297,-0.0049496002852043265,0.004478666560106409,0.0005439243754900565,5410.1192362201255,5417.3257993792095,5790.683893776407,5778.954656719207,0.01831836004130277,0.11550594372028491,3.4868398437903037,0
4.061999999999775,2.0,2.0,1.0,0.0,1.988290307694583,1.9889248098127426,1.000866611484415,0.07351909590193823,0.07235814344183038,-0.01040057754063366,-0.08329345357340269,-0.08221829339716095,0.019037048557404818,0.4792758882986814,-0.4854916310211256,-0.004061155588396946,2.4199698511962886,-2.4125414682075377,-0.12639787155511417,-0.04372100548330079,0.04349295808549098,0.0007266444775561959,68.80813673182466,-0.00464181919931524,0.004206143902718201,0.0005113517636494303,5410.0910793617095,5417.33913205759,5790.651039120011,5779.181698399028,0.016140871941638858,0.10367704855832666,3.4165989792388975,0
4.0819999999997725,2.0,2.0,1.0,0.0,1.9896698833576485,1.990281207775116,1.0006592646409185,0.06528998017679787,0.06413285457339894,-0.010337606071172492,-0.07409574655062431,-0.0730135315537301,0.019329447164948412,0.4256047305472434,-0.43187675625307287,-0.0032080972120003192,2.3693939022932144,-2.362426934636948,-0.12345959591763538,-0.04427538479221134,0.044049276935442624,0.0007369186792138076,68.80915918888408,-0.0043350776568949765,0.003934439518050303,0.00047880901764754197,5410.0582602309105,5417.348047660125,5790.613269434767,5779.403308963628,0.014198621835298636,0.09210141500814273,3.345430662075595,0
4.10199999999977,2.0,2.0,1.0,0.0,1.9908867915832393,1.991475019784566,1.0004533619003861,0.05723526449726722,0.05608241427287027,-0.01025791911924118,-0.06502555431658463,-0.06393686401477633,0.019585496409223392,0.37268519122665456,-0.3790066079357228,-0.0024652969774261514,2.318209327308598,-2.3116969488904,-0.12052961650933627,-0.04479214478652909,0.04456808243634216,0.0007463272866636524,68.81005955926159,-0.004029595213025884,0.0036637476878204735,0.00044633451724258546,5410.020763182132,5417.352426781074,5790.570564906087,5779.619214597624,0.01248724919001694,0.08078575120281345,3.2733958737579365,0
4.121999999999768,2.0,2.0,1.0,0.0,1.9919445432892748,1.9925097656388762,1.0002492321029568,0.049357009924506666,0.04820887538882352,-0.010162018309554413,-0.056087121387879635,-0.054992529872209726,0.0198055339697685,0.32054126308002107,-0.32690574426017505,-0.0018288834836597012,2.266459321560749,-2.2603942717306884,-0.11761225677753762,-0.0452714503929638,0.04504953411160008,0.0007548734089611879,68.81083557246134,-0.0037255865832371187,0.0033942587167117887,0.00041396574021168933,5409.978586025603,5417.352166056756,5790.522920090606,5779.829161755227,0.011002550170032014,0.06973863141090943,3.2005553521597014,0
4.141999999999766,2.0,2.0,1.0,0.0,1.9928466889814156,1.993389004560955,1.0000471937420385,0.041657129105606955,0.040514142504816386,-0.010050433514787743,-0.04728453405973174,-0.04618461009372405,0.019989975027726026,0.26919604043012413,-0.2755977928328725,-0.0012948614194213657,2.2141868550912878,-2.2085614762107664,-0.11471169021393572,-0.045713492390670296,0.045493817627510716,0.0007625620009026237,68.81148534925912,-0.0034232615572206797,0.003126158842419307,0.00038173921524201076,5409.931739774857,5417.347178109008,5790.470343663018,5780.032917147251,0.009740500319437507,0.058972225344283424,3.1269695490181153,0
4.161999999999764,2.0,2.0,1.0,0.0,1.9935968157913937,1.994116332240162,0.9998475544228186,0.034137386891319926,0.032999972558125264,-0.00992372071930557,-0.0386217196524788,-0.03751702677221412,0.0201393090883362,0.21867171764227364,-0.22510544829432144,-0.0008591262359853659,2.161434643517129,-2.156240918101697,-0.1118319340287206,-0.046118486823700434,0.0459011442029064,0.0007693997976837122,68.8120073971826,-0.003122824919980705,0.0028596301519821323,0.00034969047815177273,5409.880248361562,5417.337391442488,5790.412858127286,5780.230267674638,0.008697215299824644,0.04850607802656752,3.0526985883296613,0
4.1819999999997615,2.0,2.0,1.0,0.0,1.9941985445289119,1.9946953778872039,0.9996506103636643,0.02679940106387343,0.02566797556678809,-0.00978245986897964,-0.030102445897067717,-0.028993542512050906,0.020254096688560555,0.16898958809914688,-0.17545047070219824,-0.0005174786461472781,2.1082451196588394,-2.103474706944867,-0.10897684343912024,-0.04648667440428752,0.04627175000789636,0.0007753952467765108,68.81240060499788,-0.0028244763802534136,0.002594850504342005,0.00031785403144596325,5409.824148319382,5417.322750297466,5790.350499494026,5780.4210203103885,0.0078687975231647,0.038376417083513255,2.977802225707384,0
4.201999999999759,2.0,2.0,1.0,0.0,1.994655526749291,1.995129801304741,0.9994566459406198,0.01964464317288547,0.01851961546307471,-0.009627252713624282,-0.021730320458279325,-0.020617759951049846,0.0203349660024894,0.12017004367883033,-0.12665368466023905,-0.00026563891562325235,2.0546604059500644,-2.0503046777431884,-0.10615010656977085,-0.04681831990775272,0.04660589555261652,0.0007805584372957607,68.81266423624743,-0.002528410506023805,0.0023319934590466376,0.0002862633072025675,5409.7634884387135,5417.303214459916,5790.283316925926,5780.605001931921,0.007251031877787668,0.028663080035162616,2.9023398087194905,0
4.221999999999757,2.0,2.0,1.0,0.0,1.9949714418390065,1.9954232899758209,0.9992659332750744,0.012674439477278256,0.01155621103139926,-0.009458720648407524,-0.013508790594248168,-0.012393121416821943,0.020382609357102913,0.07223257472823255,-0.07873497917424577,-9.926091482341416e-05,2.000722287631488,-1.996772363305181,-0.10335523996059506,-0.047113711559820186,0.046903865066898226,0.0007849010271238989,68.81279792188649,-0.0022348166669556835,0.0020712282110100736,0.00025495063327667686,5409.69832939408,5417.2787590306425,5790.211372353155,5780.782059105889,0.00683897110540458,0.019587108662843383,2.8263702382196048,0
4.241999999999755,2.0,2.0,1.0,0.0,1.9951499941212079,1.9955795561721967,0.9990787318645574,0.0058899719909825884,0.004778936948584493,-0.009277502560416734,-0.005441142950690089,-0.004322908716044434,0.020397779670850824,0.02519577052487178,-0.03171330821657609,-1.3945900621412301e-05,1.9464721867316346,-1.9429189672549747,-0.10059558467622237,-0.047373160417093683,0.047165965871750905,0.0007884361680618723,68.81280165206591,-0.0019438789835422852,0.0018127195312251903,0.00022394720280182796,5409.628743346026,5417.249374155423,5790.134740060665,5780.952057827664,0.006626584009613412,0.011983407786253647,2.7499519306841065,0
4.261999999999753,2.0,2.0,1.0,0.0,1.995194909983271,1.9956023340845548,0.9988952882564878,-0.0007077203698818156,-0.0018111750757143841,-0.009084252686365552,0.0024694965119007773,0.0035897569449550356,0.020381286827381294,-0.020922679779149096,0.014393308019462842,-5.2559994371587676e-06,1.891951136835768,-1.888785337720425,-0.0978743030094187,-0.04759699974144144,0.047392527743533655,0.0007911784292694449,68.81267576711083,-0.0016557762827760917,0.0015566277133101985,0.0001932830469599944,5409.554813519399,5417.215064718034,5790.053506249392,5781.114883217658,0.006606719580017775,0.00929004145020755,2.67314278156772,0
4.2819999999997505,2.0,2.0,1.0,0.0,1.9951099350283912,1.9954953769766346,0.998715835764594,-0.007117740540763819,-0.008213235060714794,-0.008879638487219826,0.010220162459965322,0.011341914910040175,0.02033399399656189,-0.06610598573640274,0.059567781193781214,-6.872736465632157e-05,1.8371997586431177,-1.8344119417106117,-0.09519437576949961,-0.04778558436899364,0.047583902271662336,0.0007931437192557327,68.8124209477451,-0.0013706820601361112,0.0013031085257697475,0.0001629870109845107,5409.4766337598785,5417.175849998195,5789.967768573332,5781.270439176756,0.006771516949154388,0.014034508905975412,2.5960001296859816,0
4.301999999999748,2.0,2.0,1.0,0.0,1.9948988312531635,1.9952624543651678,0.9985405942276012,-0.013339331965884693,-0.014426493420722835,-0.0086643385453046,0.01780804999952363,0.018930764895416872,0.02025681391474793,-0.11033825371144047,0.10379395224056555,-0.0001998829831241498,1.7822582363117954,-1.7798388401932272,-0.09255860014529442,-0.04793929007446176,0.047740462210692176,0.0007943492066752942,68.81203820461259,-0.0010887644476791107,0.0010523131698306188,0.0001330867333532166,5409.394308070694,5417.1317632964565,5789.8776356545395,5781.4186480031885,0.007113095418615599,0.021473990130897506,2.51858072263494,0
4.321999999999746,2.0,2.0,1.0,0.0,1.9945653742530596,1.9949073492275184,0.9983697698096807,-0.019371877161484436,-0.020450339538328657,-0.008439040489226267,0.025230514361901542,0.026353666686100584,0.020150705135997333,-0.15360448452032716,0.1470565881543815,-0.0003942451071694216,1.7271662945898028,-1.7251056638813547,-0.08996958813089491,-0.048058512931444086,0.04786260082758065,0.0007948132401812617,68.8115288671465,-0.0008101861880210654,0.0008043882427105496,0.00010360862812248953,5409.307950131344,5417.082851528074,5789.78322657801,5781.559449973163,0.007624165487002047,0.029405839834484766,2.440940683256768,0
4.341999999999744,2.0,2.0,1.0,0.0,1.9941133504576476,1.9944338552388612,0.9982035548420474,-0.02521489618778923,-0.026284300247132266,-0.008204438951704415,0.03248507046481543,0.03360813970883131,0.020016668265682987,-0.1958905706060738,0.189341378159254,-0.0006473472903328728,1.671963176729863,-1.6702515897384378,-0.08742976550118149,-0.04814366866937084,0.047950731244916084,0.0007945552675813575,68.81089457183876,-0.0005351046139947898,0.0005594757061710098,7.45778703466649e-05,5409.2176828002985,5417.029174787996,5789.684670368538,5781.692802887649,0.008298302569921293,0.03733588418337819,2.363135477155877,0
4.361999999999742,2.0,2.0,1.0,0.0,1.9935465543973512,1.9938457740406739,0.9980421277049905,-0.030868045032454144,-0.03192803822662699,-0.007961233565165253,0.039569392351212346,0.040691862483689285,0.019855742187659363,-0.2371832927532148,0.23063492927844198,-0.0009547460066904045,1.6166876231849627,-1.6153153182091904,-0.08494137132294882,-0.0481951920277157,0.048005285780869704,0.0007935957545366658,68.81013724996087,-0.00026367163376454653,0.0003177128601975158,4.601838452165626e-05,5409.123637603528,5416.9708058890365,5789.582105451501,5781.818681587681,0.009129880679853214,0.04511781321169816,2.2852198812721944,0
4.381999999999739,2.0,2.0,1.0,0.0,1.9928687860034855,1.9931469125422758,0.9978856527495367,-0.036331113908305304,-0.03738135031193933,-0.007710126999693777,0.046481312508374444,0.04760267195677337,0.019669000295819125,-0.2774703163443899,0.2709247613223663,-0.0013120318353713638,1.561377851080934,-1.5603350511835066,-0.08250645798637676,-0.048213536108083745,0.04802671528660955,0.0007919561030366899,68.8092591147889,3.966278820861028e-06,7.923232164703736e-05,1.7952835986009408e-05,5409.025954210709,5416.907829875369,5789.475679099618,5781.9370774406025,0.010113826430330047,0.05269498313230196,2.207247953516144,0
4.401999999999737,2.0,2.0,1.0,0.0,1.9920838479432565,1.9923410802570785,0.9977342802578459,-0.041604025468267705,-0.04264416572118839,-0.007451823047683584,0.05321882106989732,0.054338562716413914,0.019457546740547206,-0.316740187161517,0.3101993013118538,-0.0017148401935732388,1.5060715344617452,-1.5053484706994842,-0.08012689174059247,-0.04819917172475324,0.048015488481873723,0.0007896585698780314,68.8082626483837,0.0002676680888522923,-0.00015583799230169332,-9.597374792353731e-06,5408.924779901027,5416.840343513489,5789.365546867643,5782.047997799656,0.011245354639315901,0.06004123143269494,2.1292730034694953,0
4.421999999999735,2.0,2.0,1.0,0.0,1.991195542991342,1.9914320866751722,0.9975881464413624,-0.046686832940422154,-0.0477165442032876,-0.007187024759259425,0.059780064903256894,0.060897686095486056,0.019222512700216292,-0.35498232673390134,0.3484478773536194,-0.002158861603063441,1.4508057853026701,-1.4503927183908603,-0.07780435371615266,-0.0481525867542335,0.04797209128939687,0.0007867261853665101,68.80715058797824,0.0005272982001772466,-0.000387374876063968,-3.661211512009967e-05,5408.820269020333,5416.768454762693,5789.251872016984,5782.151465439269,0.01251976994786174,0.06714299878320446,2.0513475641524517,0
4.441999999999733,2.0,2.0,1.0,0.0,1.990207671439627,1.9904237386738042,0.9974473734756633,-0.05157971818618375,-0.052598674109064394,-0.006916432632277175,0.06616334658575966,0.06727834916248855,0.01896505268748671,-0.3921870272355076,0.3856607119845468,-0.0026398514768333514,1.3956171352860163,-1.3955043756833545,-0.0755403414164437,-0.04807428548437873,0.04789702616883352,0.0007831826724551639,68.80592591202314,0.0007827264506232373,-0.0006152598431013316,-6.307252025402765e-05,5408.7125824315135,5416.692282227314,5789.1348249321645,5782.2475179685,0.01393235018920486,0.07399273536337553,1.973523364862383,0
4.461999999999731,2.0,2.0,1.0,0.0,1.9891240285465879,1.9893198379672488,0.9973120695708734,-0.05628298968463749,-0.05729087038862061,-0.0066407428604371875,0.07236712327176538,0.07347901360413524,0.01868634089978586,-0.42834544593353524,0.4218289150010984,-0.003153639414227434,1.3405415183336695,-1.3407194447435484,-0.07333617065924108,-0.04796478796357194,0.04779081145080627,0.0007790523665229988,68.80459182594053,0.0010338281028377766,-0.0008393791290750384,-8.896099093287562e-05,5408.601886959788,5416.611954592671,5789.014582531039,5782.336207224943,0.015478294030450559,0.0805860919977212,1.8958513050802535,0
4.481999999999728,2.0,2.0,1.0,0.0,1.9879484020277767,1.9881241785975163,0.997182329076448,-0.06079708044610302,-0.06179357251789699,-0.006360645642770329,0.07839000545413416,0.07949829450228568,0.018387567622924966,-0.4634495991904327,0.45694447578980046,-0.003696137994507169,1.2856142538903343,-1.2860733301831788,-0.07119297794900128,-0.047824629350476947,0.04765398067168216,0.0007743601359910377,68.80315174763616,0.0012804838309492068,-0.0010596236908822587,-0.00011426118835384106,5408.488354834719,5416.527610046942,5788.891327670624,5782.417598651463,0.017152708739473683,0.08692058679212543,1.8183814294499738,0
4.501999999999726,2.0,2.0,1.0,0.0,1.9866845695887827,1.9868405444672803,0.9970582326190621,-0.06512254585803001,-0.06610734235743995,-0.006076823557482059,0.08423075562292662,0.08533495900811601,0.018069935696388043,-0.4974923560215574,0.49100025517448787,-0.0042633510604247,1.2308700309510854,-1.2316008215209104,-0.06911172325986241,-0.047654359264825585,0.047487081909642015,0.0007691313039645409,68.80160929281877,0.0015225797032493292,-0.0012758892017331437,-0.0001389580266855206,5408.372163130588,5416.439395690913,5788.765248550414,5782.491770658075,0.01895061878348956,0.09299491640484314,1.7411629038273513,0
4.521999999999724,2.0,2.0,1.0,0.0,1.9853362965019894,1.9854727069163463,0.9969398472722898,-0.06926006146634922,-0.07023286194639766,-0.005789950002864416,0.08988828682444071,0.09098792491649384,0.01773465704839268,-0.5304674312108123,0.5239899767956646,-0.004851381484970733,1.176342892826467,-1.1773360764028817,-0.06709319320881571,-0.047454541139703495,0.04729067712259283,0.0007633915710805081,68.79996826017442,0.0017600071610963095,-0.0014880760424479263,-0.00016303766321195027,5408.253493206784,5416.34746693774,5788.6365381148735,5782.5588139712445,0.020866982995460907,0.0988085751973982,1.6642439923982695,0
4.541999999999722,2.0,2.0,1.0,0.0,1.9839073332283892,1.984024422342927,0.9968272267567043,-0.07321042069542046,-0.0741709312347946,-0.005500687707709705,0.09536166112372092,0.09645625914357896,0.017382949308371327,-0.5623693779867698,0.5559082180370122,-0.005456438416023267,1.1220662226382594,-1.1233126045825934,-0.06513800459806977,-0.0472257515757612,0.04706534148843532,0.0007571669397322984,68.7982326164427,0.0019926629942246523,-0.0016960892891307395,-0.00018648748620513056,5408.13253014982,5416.251986904606,5788.505393456945,5782.618830972806,0.022896713636516637,0.1043616323362893,1.5876720358647292,0
4.56199999999972,2.0,2.0,1.0,0.0,1.9824014130856398,1.9824994298709198,0.9967204116689856,-0.07697453250973049,-0.07792246575715046,-0.0052096873133861046,0.10065008797372496,0.10173917611072687,0.017016032504067746,-0.5931935802620688,0.586750400513817,-0.006074843995156689,1.068072729538776,-1.0695632526599481,-0.06324660830526423,-0.046968579697765675,0.04681166274819044,0.0007504836398331726,68.79640648144047,0.002220449312647846,-0.0018998386973973025,-0.00020929610062560186,5408.009462218506,5416.153125798331,5788.372015224169,5782.671935030748,0.025034694243111343,0.10965459482697977,1.5114934307009087,0
4.581999999999717,2.0,2.0,1.0,0.0,1.9808222499635033,1.9809014490643286,0.9966194297385793,-0.08055341902049636,-0.0814884942505204,-0.004917586029462281,0.10575292249436286,0.10683603603781051,0.01663512584998173,-0.6229362444391309,0.6165127801377307,-0.006703039548370023,1.0143944356463956,-1.0161201895785492,-0.061419293499895306,-0.046683626513890124,0.046530240552434765,0.0007433680562719782,68.79449411307749,0.0024432735153291484,-0.0020992386833032085,-0.00023145331175283395,5407.884480293764,5416.05106029677,5788.236607029068,5782.718249823949,0.02727579512309741,0.11468831964705875,1.4357536094720826,0
4.601999999999715,2.0,2.0,1.0,0.0,1.9791735360877256,1.9792341776899096,0.9965242961104191,-0.08394821304033041,-0.08487015622003823,-0.004625006364500982,0.11066966366466256,0.11174634314911758,0.01624144463342369,-0.6515943907856282,0.6451924367720576,-0.007337591247959475,0.9610626636899549,-0.9630148928796843,-0.05965619216409534,-0.04637150427812124,0.04622168581150124,0.0007358466582047641,68.79249989240708,0.0026610482557932005,-0.002294208301140447,-0.0002529501068487934,5407.757777334534,5415.94597292792,5788.099374865377,5782.757908662955,0.029614886338319154,0.11946395512182773,1.3604970222248145,0
4.621999999999713,2.0,2.0,1.0,0.0,1.9774589398333673,1.9775012895290527,0.9964350136521941,-0.08716015558911401,-0.08806869945504346,-0.004332554933374275,0.1153999524313331,0.11646974379500946,0.01583619720397115,-0.6791658443835051,0.6727872634914355,-0.007975195246188532,0.908108025354484,-0.9102781357107386,-0.057957283895752686,-0.046032835856141804,0.045886620049847324,0.0007279459303171694,68.79042830875315,0.0028736914048394543,-0.0024846712182462066,-0.00027377863495962055,5407.629547841145,5415.838051448532,5787.960526531566,5782.79105380883,0.0320468484246316,0.12398290034626566,1.2857671189420015,0
4.641999999999711,2.0,2.0,1.0,0.0,1.9756821035885208,1.975706432239854,0.9963515732846168,-0.09019059335421592,-0.09108547749886799,-0.004040821342192221,0.11994356973701688,0.12100602449255392,0.015420582071642569,-0.7056492256558198,0.6992959554595493,-0.008612682282799164,0.8555604103207474,-0.8579399745851384,-0.05632240097187231,-0.04566825409503779,0.0455256747650024,0.0007196923061824634,68.78828394495395,0.003081126010513762,-0.0026705556869807963,-0.0002939321849612193,5407.499987327431,5415.727488223984,5787.820271063168,5782.817835792032,0.034566581229473,0.1282467760916501,1.2116063330735696,0
4.661999999999709,2.0,2.0,1.0,0.0,1.9738466416693015,1.973853225270279,0.9962739543331316,-0.09304097610817189,-0.09392194707534594,-0.0037503771516807626,0.12430043447153002,0.12535510988835846,0.014995785118632858,-0.7310439404761165,0.7247179984382328,-0.00924702176975553,0.8034489759909588,-0.8060297378903044,-0.0547512336500536,-0.04527840119715471,0.04513949079144418,0.0007111121038314241,68.78607146276059,0.0032832802554856543,-0.0028517945140071805,-0.0003134051619557297,5407.3692918028755,5415.614479611142,5787.678818175196,5782.838412733192,0.03716901124663241,0.13225740321949975,1.1380560661494608,0
4.681999999999706,2.0,2.0,1.0,0.0,1.971956138286919,1.9719452578232368,0.9962021248994858,-0.09571285408692033,-0.09657966547509494,-0.003461774919592937,0.12847060134939747,0.12951706064684607,0.014562976928978896,-0.7553501698655772,0.7490536569411174,-0.009875325357917719,0.7518021378930577,-0.7545760151394868,-0.053243335686000516,-0.04486392809842256,0.04472871766977347,0.0007022314636401171,68.78379558842774,0.0034800874119724763,-0.00302832502701948,-0.00033219306212624495,5407.237657265961,5415.499225345841,5787.536377716026,5782.852949667618,0.03984909777731696,0.13601678611972592,1.0651566734896911,0
4.701999999999704,2.0,2.0,1.0,0.0,1.9700141455675926,1.969986086874346,0.9961360422515823,-0.09820787533165988,-0.09906028790459563,-0.0031755473224940826,0.13245425871698407,0.13349207126722165,0.014123310240045876,-0.7785688592837259,0.7723039620447311,-0.010494849991602644,0.7006475607558923,-0.7036066469627753,-0.051798130045077835,-0.04442549385144743,0.04429401302149767,0.0006930762886326001,68.78146109853091,0.00367148579434118,-0.0032000890390425133,-0.00035029244615740506,5407.105279209824,5415.381927936584,5787.393159133915,5782.8616178753,0.04260183818378491,0.13952709958175732,0.992947451045297,0
4.721999999999702,2.0,2.0,1.0,0.0,1.968024181625998,1.9679792352431011,0.9960756532300187,-0.10052778299736362,-0.1013655648010711,-0.0028922063570224264,0.13625172629251758,0.1372804678323717,0.013677917519273112,-0.800701707519007,0.7944706988697754,-0.01110300045820218,0.6500121502476799,-0.6531487158320304,-0.05041491478608327,-0.04396376501366123,0.043836041929743746,0.0006836721872859122,68.77907280604447,0.003857418709517636,-0.003367032810435362,-0.0003677009113298249,5406.972352141267,5415.262792065961,5787.249370957366,5782.864594218032,0.04542227244287632,0.14279067805503542,0.9214666234113957,0
4.7419999999997,2.0,2.0,1.0,0.0,1.9659897286928867,1.9659281897180876,0.996020894669731,-0.10267441263094722,-0.1034973391161376,-0.0026122426204962797,0.13986345284228446,0.1408827056929421,0.013227908669135532,-0.8217511551861627,0.8155563937450879,-0.011697331441192544,0.5999220453701174,-0.6032285375139379,-0.04909286909561436,-0.043479415040801585,0.04335547632618183,0.0006740444189155973,68.77663554671139,0.00403783440531458,-0.003529107008712036,-0.00038441706239575216,5406.839069114141,5415.142024001279,5787.105220290377,5782.862060485319,0.04830548715725226,0.14581000660016147,0.8507513331051116,0
4.761999999999698,2.0,2.0,1.0,0.0,1.9639142312974442,1.9638363992368406,0.9959716938351535,-0.10464968942204879,-0.1054575435711645,-0.002336124670514609,0.14329001379626322,0.14429936708982274,0.012774368862830654,-0.8417203728379112,0.8355643010666671,-0.012275549085981994,0.5504026115005372,-0.5538716532448806,-0.04783105945167279,-0.04297312368598706,0.04285299438443844,0.0006642178417105053,68.7741541657348,0.004212686016793597,-0.003686266666300691,-0.00040044048134322825,5406.705621277952,5415.019831015757,5786.960912323612,5782.8542027505155,0.05124661914282029,0.14858771305418061,0.7808376312393831,0
4.781999999999695,2.0,2.0,1.0,0.0,1.9618010945049087,1.961707273120881,0.995927968867325,-0.10645562542933329,-0.10724819788724363,-0.0020642984629853037,0.14653210880643627,0.14753115871825448,0.012318356512748214,-0.8606132486990393,0.8544983898639457,-0.01283551208910434,0.501478434074539,-0.5051028226208475,-0.04662844589546043,-0.042445576404642825,0.04232927992024016,0.000654216863476271,68.77163350481922,0.0043819315107603675,-0.003838471136337115,-0.00041577169615507337,5406.572197442581,5414.896420821592,5786.816649862453,5782.841210738694,0.054240858680585084,0.1511265610796334,0.711760469854032,0
4.801999999999693,2.0,2.0,1.0,0.0,1.9596536822099053,1.9595441793664037,0.9958896292413763,-0.10809431678518781,-0.10887140599262675,-0.0017971868678048146,0.14959055925099185,0.1505789092367533,0.011860901373344052,-0.8784343760316321,0.8723633300853743,-0.013375232322272093,0.45317331290155094,-0.45694601719512207,-0.045483888390681716,-0.041897463765519005,0.041785021798543764,0.0006440653951380619,68.76907838958778,0.004545533628491788,-0.003985684046605045,-0.0004304121486683969,5406.438983659871,5414.772001016215,5786.6726328727245,5782.823277207546,0.057283452498347,0.15342944386494303,0.6435536963493904,0
4.821999999999691,2.0,2.0,1.0,0.0,1.9574753154858988,1.957350442991041,0.9958565762328604,-0.1095679408816233,-0.1103293532104456,-0.001535189261218465,0.1524663056875991,0.15344356672402107,0.011403002779590625,-0.8951890401407692,0.8891644786152603,-0.013892875003754178,0.4055102571057962,-0.40942441477605407,-0.04439615325007061,-0.04132948086803689,0.04122091334786229,0.0006337868070439306,68.76649361739919,0.0047034598267829625,-0.004127873251711267,-0.0004443641616389622,5406.30616282279,5414.646778542804,5786.529058044974,5782.800597342652,0.06036970653066295,0.1554993783104676,0.5762500508733088,0
4.841999999999689,2.0,2.0,1.0,0.0,1.9552692709911075,1.9551293444370588,0.9958287033914028,-0.11087875354014466,-0.1116243034294809,-0.001278681193699024,0.15516040525890185,0.15612619608698577,0.010945628021775206,-0.9108832050306372,0.9049078650336916,-0.014386758430437054,0.35851148068518873,-0.36256039441681437,-0.04336391960930859,-0.04074232676618353,0.04063765178199969,0.0006234038881014929,68.76388394558738,0.004855682217393249,-0.00426501078358444,-0.00045763090511340344,5406.173914282767,5414.520959166251,5786.386118377925,5782.773368168238,0.06349498849288801,0.15733949958077306,0.5098811683478759,0
4.861999999999687,2.0,2.0,1.0,0.0,1.9530387794311714,1.9528841180313008,0.9958058970201749,-0.11202908616829636,-0.11275859626069781,-0.0010280141320030305,0.15767402905333733,0.15862797642307802,0.010489710856992763,-0.9255234997215988,0.9196001771312905,-0.014855353284763945,0.3121983986806843,-0.3163755320886188,-0.04238578592898504,-0.040136703899183446,0.04003593762939252,0.0006129388077715028,68.76125408014396,0.005002177504974658,-0.004397072800381316,-0.0004702163622110308,5406.0424134858395,5414.394746965543,5786.244002781842,5782.741787974609,0.06665473029581577,0.15895305593615439,0.4444775886746753,0
4.881999999999684,2.0,2.0,1.0,0.0,1.9507870240788125,1.9506179505021355,0.9957880366597257,-0.11302134290553252,-0.11373464418221015,-0.000783515273893403,0.16000845942434444,0.16095019833981694,0.010036150157278514,-0.9391172042393487,0.9332487461904612,-0.015297281531523725,0.26659162394863695,-0.27089059702853735,-0.041460276505775,-0.03951331752914102,0.03941647417024488,0.0006024130809342983,68.75860866486181,0.0051429269235441204,-0.004524039533879337,-0.000482125294414735,5405.911831628012,5414.268343843546,5786.102895702256,5782.706055763202,0.069844430320597,0.16034340377953918,0.3800687831923041,0
4.901999999999682,2.0,2.0,1.0,0.0,1.948517139350669,1.9483339795536008,0.9957749955747337,-0.11385799776099989,-0.11455492967528323,-0.0005454874338581373,0.16216508727098145,0.16309426123474122,0.00958580869396175,-0.9516722352878876,0.9458615320447373,-0.015711314920177973,0.22171096452874275,-0.22612554875266058,-0.04058584797456945,-0.03887287518587154,0.03877996688162478,0.0005918475356356299,68.75595227095744,0.005277916171569112,-0.004645895235424044,-0.0004933632064689762,5405.782335330321,5414.141949055056,5785.962976764655,5782.666370710277,0.07305965556858102,0.16151400287155737,0.3166832177033533,0
4.92199999999968,2.0,2.0,1.0,0.0,1.9462322094414397,1.9460352924969102,0.9957666412422816,-0.1145415917457624,-0.11522200235392667,-0.0003142089980008809,0.16414540928292287,0.16506167053867135,0.00913951205741325,-0.9631971316185641,0.9574471079277946,-0.016096373109070066,0.17757542160011466,-0.182099534725052,-0.039760895783880666,-0.03821608611911212,0.03812712289068641,0.0005812622837111799,68.75328938718584,0.005407135345727798,-0.004762628120495718,-0.0005039363109805958,5405.654086333947,5414.015758753906,5785.824420440471,5782.622931650036,0.0762960436970017,0.1624684116786879,0.25434851037463263,0
4.941999999999678,2.0,2.0,1.0,0.0,1.9439352670154229,1.94372492493941,0.9957628358402902,-0.1150747300019313,-0.11573847609056999,-8.993394614284366e-05,0.16595102515275814,0.1668540349252537,0.008698047711036602,-0.9737010391080053,0.9680146451236294,-0.01645152142845508,0.13420318801806433,-0.13883088867260532,-0.03898376062746751,-0.03754366075829793,0.03745865043617491,0.0005706766942810084,68.7506244104618,0.005530578873390703,-0.004874230311961071,-0.0005138514928156598,5405.527241215632,5413.889965559878,5785.687395734766,5782.575936578011,0.0795493049487128,0.16321028282831782,0.19309188506034752,0
4.961999999999676,2.0,2.0,1.0,0.0,1.9416292919554814,1.9414058595310433,0.9957634367347897,-0.11546007893110288,-0.11610702614025413,0.00012710806095778156,0.16758363475846136,0.16847306348968266,0.00826216417798607,-0.9831936955582642,0.9775738974294377,-0.01677596829982205,0.09161164742412316,-0.0963371295356358,-0.03825273481577078,-0.036856310180099855,0.036775258338356,0.0005601093700972338,68.74796163699826,0.005648245443881021,-0.004980697782058821,-0.0005231162733835177,5405.401951123697,5413.764758146059,5785.552065895847,5782.525582175344,0.08281522398215432,0.1637433586511811,0.1329418239759274,0
4.981999999999673,2.0,2.0,1.0,0.0,1.9393172101694303,1.9390810247683261,0.9957682969647522,-0.11570036332443946,-0.11633038626571032,0.0003367115314820861,0.16904503531884366,0.16992056289945,0.00783257035877438,-0.9916854152329808,0.9861351854426289,-0.017069062329449495,0.04981737392181877,-0.054634961043753226,-0.037566068571421266,-0.03615474558389189,0.036077655477512766,0.0005495781267214732,68.7453052539715,0.005760137938553649,-0.005082030293179009,-0.0005317387748962519,5405.27836153473,5413.640320847224,5785.418588147059,5782.472063354641,0.08608966160624003,0.16407146679661302,0.07393746655377129,0
5.001999999999671,2.0,2.0,1.0,0.0,1.9370018924537764,1.9367532938557905,0.99577726572325,-0.11579836349666468,-0.11641134586563547,0.0005386949318452763,0.17033711852475303,0.1711984345199191,0.007409934977621662,-0.9991870731438207,0.9937093806834926,-0.017330289094544597,0.008836132310671966,-0.013740271906313758,-0.03692197623377638,-0.03543967777533691,0.035366550281132,0.0005390999745007138,68.74265933172072,0.005866263359741014,-0.005178231337473313,-0.0005397276846892372,5405.156612031155,5413.516833289733,5785.2871134408615,5782.415572827871,0.08936855642377567,0.16419851590980925,0.01633622675000632,0
5.021999999999669,2.0,2.0,1.0,0.0,1.9346861534147195,1.9344254836248036,0.9957901888337573,-0.11575691242617865,-0.11635274710840972,0.0007329004178347496,0.17146186764872126,0.17230867151747084,0.006994886155093036,-1.0057100891019108,1.0003078895649913,-0.017559267640662096,-0.03131712112917236,0.02633186339349106,-0.036318642358154664,-0.03471181665824815,0.034642650219912224,0.0005286911033045024,68.74002781648778,0.005966632758595158,-0.005269308075345221,-0.0005470922196853254,5405.03683609961,5413.394470043397,5785.157786235277,5782.356300696804,0.0926479263861954,0.16412849136313293,0.04091612196320878,0
5.041999999999667,2.0,2.0,1.0,0.0,1.9323727504462604,1.932100353509635,0.9958069092204578,-0.11557889290343136,-0.11615748207343894,0.0009191935101032635,0.17242135463570513,0.17325335594290897,0.006588011104299895,-1.0112664115493029,1.005942637221156,-0.017755746709382028,-0.07062823730933446,0.06556718321207713,-0.035754227696168206,-0.03397187073490823,0.0339066613127099,0.0005183668699785736,68.73741452370166,0.00606126116187438,-0.005355271272858593,-0.0005538420910825528,5404.91916095021,5413.273400295661,5785.030744292716,5782.294434066343,0.09592387026181635,0.1638654510356993,0.09637116395492042,0
5.0619999999996645,2.0,2.0,1.0,0.0,1.9300643827652357,1.92978060458059,0.9958272673714736,-0.11526723468962813,-0.1158284899022395,0.0010974627166118597,0.17321773717750752,0.17403465579776248,0.006189855947675418,-1.0158685011859485,1.0106260512056031,-0.017919600715449718,-0.10908387247034614,0.10395223677781242,-0.03522687504429863,-0.03322054661499071,0.03315928764053751,0.0005081417884654356,68.73482313180983,0.006150167497691342,-0.005436135238100255,-0.000559987469341624,5404.8037073565465,5413.15378754837,5784.906118501113,5782.2301566810465,0.09919256901937802,0.16341352113714874,0.15068293104295338,0
5.081999999999662,2.0,2.0,1.0,0.0,1.9277636905030398,1.9274688786339997,0.9958511017939858,-0.11482491168777384,-0.11536875396132004,0.0012676191046853986,0.17385325577341096,0.174654822086062,0.00580092565107476,-1.0195293144078976,1.0143710450717065,-0.018050825492742104,-0.1466714857913879,0.14147438165382492,-0.034734714948619655,-0.03245854853326491,0.03240123086971951,0.0004980295225345548,68.73225717665788,0.006233374520271551,-0.005511917756526279,-0.0005655389495467707,5404.6905895163445,5413.035789337372,5784.784032717286,5782.163648585072,0.10245028712831389,0.16277689207282225,0.20378292786267385,0
5.10199999999966,2.0,2.0,1.0,0.0,1.9254732538537789,1.9251677573388004,0.9958782494602655,-0.11425493912799796,-0.11478129901884902,0.001429595825404386,0.17433023077948995,0.17511618585411456,0.005421684071742706,-1.0222622865727804,1.0171910018459596,-0.0181495338285267,-0.18337933648055924,0.17812178064301168,-0.03427587125433952,-0.03168657787621926,0.03163318978431869,0.00048804288106133343,68.72972004641674,0.006310908733736061,-0.0055826400253288075,-0.0005705075172097191,5404.579914932559,5412.91955697509,5784.66460363231,5782.09508580568,0.10569337377697689,0.1619598143485629,0.2556467121877744,0
5.121999999999658,2.0,2.0,1.0,0.0,1.9231955922785378,1.922879761439411,0.9959085462436956,-0.11356037076903709,-0.11406918843703426,0.0015833475931080908,0.17465105944901646,0.17542115522074075,0.005052554116456545,-1.0240813151088213,1.019099757406118,-0.01821595080552248,-0.2191964803537418,0.21388339814714763,-0.03384846648961022,-0.030905332717770514,0.03085585982792919,0.000478193815787025,68.7272149770551,0.006382800314945273,-0.005648326586846194,-0.0005749045145834049,5404.471784314686,5412.805235316119,5784.54794065869,5782.024640060394,0.10891826400988373,0.16096659451415815,0.3062563988267577,0
5.141999999999656,2.0,2.0,1.0,0.0,1.9209331637654254,1.9206073500145744,0.9959418273439152,-0.1127442961176872,-0.11323552138207578,0.001728850122823219,0.17481821296630845,0.17557221240038057,0.00469391800597036,-1.0250007424838496,1.0201115837757078,-0.018250408971255856,-0.25411276591025456,0.24874899599214007,-0.033450627073834845,-0.03011550736419637,0.030069932654933056,0.0004684934214881383,68.72474504835408,0.006449083035427183,-0.005709005261043601,-0.000578741607548466,5404.366291500015,5412.69296254592,5784.4341458390745,5781.952478487805,0.11212147978491868,0.15980159114505232,0.3555966185173785,0
5.1619999999996535,2.0,2.0,1.0,0.0,1.9186883641450174,1.9183529197917895,0.9959779277002753,-0.11180983766797477,-0.11228343005349045,0.001866099528466143,0.17483423347631669,0.17557191072141773,0.0043461176417034205,-1.0250353390509352,1.0202411723465357,-0.01825334335413444,-0.28811882991364457,0.2827091287316097,-0.03308048834148892,-0.029317791908445592,0.02927609569132155,0.0004589519384783278,68.7223131804585,0.006509794182417369,-0.005764707077092334,-0.000582030753132021,5404.263523394447,5412.582869992499,5784.323313776115,5781.878763401975,0.11529963095137584,0.15846921086244511,0.40365361132094124,0
5.181999999999651,2.0,2.0,1.0,0.0,1.916463526460782,1.9161188045169242,0.9960166823928549,-0.11076014816173299,-0.1112160769345447,0.0019951116846886746,0.1747017311121843,0.1754228716420178,0.00400945507045281,-1.0242002857873933,1.0195036170408283,-0.01822528634553354,-0.3212060924861135,0.31575513844110026,-0.03273619937325904,-0.028512871793959668,0.028475031705169344,0.0004495787573623702,68.71992213095915,0.0065649744790347445,-0.0058154662040652665,-0.000584784167714532,5404.163559932582,5412.475081961021,5784.215531583145,5781.80365207032,0.1184494161496705,0.1569739043922715,0.45041493848821357,0
5.201999999999649,2.0,2.0,1.0,0.0,1.9142609203940426,1.9139072743785754,0.9960579270303401,-0.10959840787220738,-0.11003665206546848,0.002115921555250879,0.1744233810229601,0.17512778176570934,0.0036841930427677907,-1.0225111569439405,1.0179143974246907,-0.018166862467010388,-0.35336675172524884,0.34787914901533684,-0.03241592762708778,-0.02770142738814692,0.027667418386856595,0.00044038242595741134,68.7175744924978,0.006614668003619855,-0.005861319880779226,-0.0005870142959770863,5404.066474056546,5412.369715591135,5784.11087885521,5781.7272965147695,0.12156762363351813,0.15532016266385917,0.49586936699736794,0
5.221999999999647,2.0,2.0,1.0,0.0,1.912082751743001,1.9117205354866962,0.996101498124131,-0.10832782191225512,-0.1087483703410638,0.0022285824908109104,0.1740019204035839,0.17468938985889085,0.00337055566049173,-1.0199839026208748,1.0154893617845324,-0.01807878304152888,-0.38459377785191046,0.3790740599810428,-0.03211786336249879,-0.026884133565647284,0.026853927939120927,0.00043137065829309694,68.7152726908869,0.006658922108262907,-0.005902308344798007,-0.0005887337806375482,5403.9723317132275,5412.266880736834,5784.009427659993,5781.649843335981,0.12465113201537567,0.15351251294929927,0.5400068135940749,0
5.241999999999645,2.0,2.0,1.0,0.0,1.9099311619553128,1.9095607294049912,0.9961472334480932,-0.10695161756864248,-0.10735446883425998,0.002333165499017102,0.17344014552921097,0.17411050387238017,0.0030687291088732594,-1.016634831288089,1.0122447101781622,-0.017961840787296172,-0.4148809068983024,0.4093335398379204,-0.031840223852353515,-0.02606165930150714,0.026035226677027633,0.00042255034559974224,68.71301898373308,0.006697787336543323,-0.0059384747606230385,-0.0005899554330204284,5403.88119186929,5412.166679868519,5783.911242548103,5781.571433560303,0.1276969109359377,0.1515555150447553,0.5828183124209712,0
5.2619999999996425,2.0,2.0,1.0,0.0,1.9078082277136768,1.907429932736538,0.9961949723834344,-0.10547304166388713,-0.105858204147109,0.0024297584897782993,0.17274090879588416,0.17339398796907615,0.0027788624685492185,-1.0124805922657216,1.0081969774722241,-0.017816904352482843,-0.4442226339454651,0.4386520189404778,-0.03158125737696405,-0.025234667274404557,0.02521197463794673,0.00041392756918966553,68.71081545955415,0.006731317340514644,-0.005969865147093205,-0.00059069220450162,5403.793106543559,5412.069207996967,5783.8163805821705,5781.492202509104,0.1307020216584961,0.14945375749509185,0.624295992898526,0
5.28199999999964,2.0,2.0,1.0,0.0,1.9057159605738672,1.9053301567620764,0.99624455624824,-0.10389535794703483,-0.10426284979065638,0.0025184654985677744,0.17190711576951379,0.17254275955973816,0.002501068602619134,-1.0075381581821194,1.0033630163776728,-0.017644912808723705,-0.4726142059196138,0.46702468193345964,-0.03133924699625041,-0.024403813480033745,0.02438482520161089,0.00040550761513570024,68.70866403737709,0.006759568796954331,-0.00599652830401413,-0.0005909571588653147,5403.708120856133,5411.974552618794,5783.724891384182,5781.412279690091,0.1336636175889843,0.14721185386333177,0.6644330623180383,0
5.301999999999638,2.0,2.0,1.0,0.0,1.9036563066546262,1.9032633471303666,0.9962958286112594,-0.10222184451470445,-0.10257169359506527,0.002599405890591461,0.1709417222450626,0.17155978634884317,0.002235425113980326,-1.0018248074257132,0.9977599804949229,-0.017446870120878047,-0.5000516139569678,0.4944474597536941,-0.031112514096383572,-0.02356974685477727,0.02355442472033841,0.0003972949906474454,68.70656646680386,0.006782601322915899,-0.006018515738041979,-0.0005907634456068736,5403.626273093636,5411.882793682992,5783.636817200381,5781.331788710156,0.136578944722547,0.14483443904656243,0.7032237906279123,0
5.321999999999636,2.0,2.0,1.0,0.0,1.901631146378784,1.901231383600002,0.9963486355895912,-0.10045579126368183,-0.10078803515131658,0.0026727135486161787,0.1698477313177917,0.1704480833924189,0.0019819753680325822,-0.9953581066071797,0.9914053073803317,-0.01722383961006932,-0.5265315853469161,0.520917021211218,-0.03089942170809717,-0.022733108909772922,0.022721412159498227,0.0003892934420450535,68.70452432853126,0.0068004773906080946,-0.006035881587843632,-0.0005901242742115775,5403.547594790045,5411.794003578037,5783.552192983132,5781.250847209212,0.13944534201750786,0.14232616564001294,0.7406634961780498,0
5.341999999999634,2.0,2.0,1.0,0.0,1.8996422942649736,1.8992360798320285,0.9964028261299714,-0.0986004973762887,-0.0989151832857527,0.0027385360472135818,0.16862819046836405,0.16921071016970482,0.0017407295758398956,-0.9881558930481301,0.9843167016456017,-0.016976938426527283,-0.5520515750635895,0.5464307641626059,-0.03069837759457858,-0.02189453337548562,0.021886418748288443,0.00038150597422833356,68.70253903530957,0.006813262241635477,-0.006048682548559309,-0.000589052889435614,5403.472110822365,5411.70824713906,5783.471046489007,5781.169566814516,0.14226024169762513,0.13969170035112127,0.7767485317845823,0
5.3619999999996315,2.0,2.0,1.0,0.0,1.8976914987692624,1.8972791832326994,0.9964582522734227,-0.09665926883970354,-0.09695645356867896,0.002797033816129334,0.16728618866355727,0.16785076767043616,0.0015116659328131372,-0.980236257312268,0.9765121181016548,-0.016707332048222275,-0.57660975689612,0.5709868062894342,-0.03050783710756205,-0.021054645856888664,0.021050067640907295,0.00037393487153799615,68.7006118333249,0.00682102380063349,-0.006056977795592616,-0.0005875625476120387,5403.399839520568,5411.625581674521,5783.393398392434,5781.08805311486,0.14502116948356164,0.13693572046551641,0.8114762707857183,0
5.381999999999629,2.0,2.0,1.0,0.0,1.895780442176017,1.8953623748456734,0.9965147694030753,-0.09463541600035891,-0.09491516585818537,0.002848379295433373,0.16582485347428622,0.16637139549950078,0.001294731807979883,-0.9716175257947656,0.9680097449584782,-0.016416228820716257,-0.6002050141880916,0.5945839754948753,-0.03032630581094262,-0.020214063499351804,0.02021297358818236,0.00036658171990504486,68.69874380398807,0.006823832588332721,-0.006060828907758267,-0.0005856664940008008,5403.330792791013,5411.546057011736,5783.31926241414,5781.006405654009,0.14772574475452022,0.134062910366956,0.8448450928899238,0
5.401999999999627,2.0,2.0,1.0,0.0,1.893910740537283,1.8934872692929376,0.9965722364750264,-0.0925322511544931,-0.09279464188029989,0.002892756085048375,0.16424734821258913,0.16477576900066251,0.0010898449789129346,-0.9623182433852322,0.9588279870923435,-0.01610487455305761,-0.6228369301968937,0.617221799931408,-0.03015234187190567,-0.019373394665328957,0.019375742619722348,0.00035944743018390964,68.69693586611383,0.006821761634090799,-0.006060299789809957,-0.0005833779411985154,5403.264976252741,5411.469715560682,5783.248645463646,5780.924717942732,0.15037168064102366,0.13107795811340242,0.8768543697227024,0
5.421999999999625,2.0,2.0,1.0,0.0,1.892083943659945,1.891655414763719,0.9966305162321496,-0.09035308617588553,-0.09059820284653508,0.002930358091187242,0.16255686908918615,0.1630670964010017,0.0008968949074278434,-0.9523571562193929,0.9489854493917561,-0.015774547183924084,-0.644505778083926,0.6389004976726768,-0.02998455822022623,-0.018533238621933068,0.01853897173666558,0.00035253226256470014,68.69518877847214,0.006814886387929556,-0.006055456594389082,-0.00058071004862016,5403.2023893858395,5411.396592395351,5783.181547795041,5780.843077488723,0.15295678404985338,0.12798555207159712,0.9075044500041073,0
5.441999999999623,2.0,2.0,1.0,0.0,1.8903015351399146,1.8898682930506223,0.9966894754008252,-0.08810123018175937,-0.08832916710984136,0.0029613886721658956,0.1607566423931714,0.16124861597767165,0.0007157440511732375,-0.9417531945341969,0.9385009201933521,-0.01542655153156826,-0.6652125105467898,0.6596209660425099,-0.029821624477026527,-0.01769418523947982,0.017703248615072727,0.00034583585196003725,68.69350314269384,0.006803284632119364,-0.0060463676434156805,-0.0005776759030614442,5403.143025691206,5411.326715351973,5783.1179631752575,5780.761565843691,0.15547895562218295,0.12479037761272005,0.9367966443378279,0
5.4619999999996205,2.0,2.0,1.0,0.0,1.8885649324425722,1.8881273196322195,0.9967489848706,-0.0857799872377906,-0.08599084785993352,0.002986059785976998,0.15884992169535528,0.15932359324852557,0.00054622920631546,-0.9305254556407188,0.9273933548188631,-0.015062214140449294,-0.6849587491048241,0.6793847706141383,-0.029662268654896625,-0.01685681470107018,0.016869151320036975,0.0003393572342628054,68.69187940651167,0.0067870363923513265,-0.006033103348966878,-0.0005742885003474296,5403.086872860909,5411.260105143375,5783.057879064038,5780.680258666861,0.1579361896259742,0.1214971138720224,0.9647332095905466,0
5.481999999999618,2.0,2.0,1.0,0.0,1.886875487028669,1.8864338438012893,0.9968089198568403,-0.08339265410311895,-0.08358655085891087,0.003004591141935773,0.1568399850767352,0.15729531818812148,0.00038816287656654163,-0.9186931870288079,0.9156818592241509,-0.014682878236744492,-0.7037467730495568,0.6981941338926398,-0.029505278631873213,-0.016021697223290166,0.016037248030548405,0.0003330948733709774,68.69031786731824,0.0067662238485465855,-0.006015736133671068,-0.0005705607280697537,5403.0339129584345,5411.196775488713,5783.001276804791,5780.599225804145,0.16032657378373322,0.11811043057571984,0.9913173328631568,0
5.501999999999616,2.0,2.0,1.0,0.0,1.8852344845248816,1.8847891488378945,0.9968691600464841,-0.08094251801621395,-0.08111957221804653,0.0030172093586252756,0.15473013238352362,0.15516710247056814,0.00024133466387546258,-0.9062757696170363,0.9033856737711623,-0.01428989880422723,-0.7215795080718137,0.7160519236936219,-0.02934950340233845,-0.015189392788077365,0.015208096775176221,0.00032704668887789516,68.68881867602111,0.0067409312453445905,-0.005994340350660698,-0.0005665053494115361,5402.984122608056,5411.13673325782,5782.948131825523,5780.518531382146,0.16264828903674639,0.1146349849389695,1.0165531150590372,0
5.521999999999614,2.0,2.0,1.0,0.0,1.8836431449381927,1.8831944522264594,0.9969295897270397,-0.07843285452240802,-0.07859319621657848,0.00302414713028074,0.1525236825101285,0.15294227674063282,0.00010551267620350323,-0.89329270116102,0.8905241571334881,-0.013884637791276893,-0.7384605145774412,0.732961641231154,-0.029193854108442968,-0.014360450885816977,0.014382245178605991,0.0003212100843266657,68.68738184117571,0.006711244802321247,-0.0059689922031231435,-0.000562134988056299,5402.937473192559,5411.079978629323,5782.898413849029,5780.438233916205,0.16489960924694635,0.11107541863948302,1.0404455540528057,0
5.541999999999612,2.0,2.0,1.0,0.0,1.882102622913253,1.8816509059160067,0.9969900978990275,-0.07586692534386903,-0.07601069316329173,0.00302564240366316,0.15022397071143478,0.1506241879144843,-1.9555052121003787e-05,-0.8797635798327774,0.8771167703460756,-0.013468459459055037,-0.7543939757037662,0.7489274089279395,-0.0290373048561724,-0.013535410269710562,0.013560230219079764,0.0003155819759294014,68.68600723337634,0.006677252623987271,-0.005939769663495181,-0.0005574621141741498,5402.893931058541,5411.026505261789,5782.852087111504,5780.358386431678,0.16707890083758026,0.10743635487232023,1.0630005274763539,0
5.5619999999996095,2.0,2.0,1.0,0.0,1.880614008031873,1.8801595966226823,0.997050578372089,-0.07324797629274502,-0.07337531730164022,0.0030219375673816006,0.14783434594570155,0.14821619651140705,-0.0001341391318492903,-0.8657080879832756,0.8631830610094139,-0.013042725880141803,-0.7693846850490897,0.7639539579606744,-0.02887889332066548,-0.01271479872145878,0.012742577996762088,0.00031015882165368004,68.68469458988531,0.006639044609618631,-0.005906752392337888,-0.0005524990314758021,5402.85345772856,5410.976300477002,5782.809110588805,5780.279036597594,0.16918462237387624,0.10372239549277712,1.0842247751322607,0
5.581999999999607,2.0,2.0,1.0,0.0,1.8791783251537695,1.8787215461736901,0.99711092984504,-0.07057923522817636,-0.07069030475911635,0.003013278655523861,0.1453581682493451,0.14572167401778197,-0.0002385273863402303,-0.851145976099877,0.8487426476583427,-0.012608792596180822,-0.7834380341276731,0.77804661555354,-0.028717721145853546,-0.011899132828290217,0.01192980351307909,0.00030493665058057206,68.68344351948002,0.006596712362973658,-0.005870021656951249,-0.0005472578653223107,5402.81601011936,5410.929345454577,5782.769438229452,5780.200226871823,0.17121532408493378,0.09993811825618308,1.1041258810509138,0
5.601999999999605,2.0,2.0,1.0,0.0,1.8777965347976813,1.8773377118917531,0.997171055970168,-0.06786391005783343,-0.06795887154153661,0.0029999145673610555,0.14279880614484783,0.14314400028457924,-0.00033302341931774285,-0.836097046969843,0.833815204305429,-0.012168004442331895,-0.7965599995628219,0.7912112920327126,-0.02855295414392412,-0.011088917771357155,0.011122410461042126,0.0002999110924409687,68.68225350749859,0.006550349101950005,-0.005829660249764798,-0.0005417505518757938,5402.781540765394,5410.885615437065,5782.733019193667,5780.121994656953,0.17316964732807194,0.0960880741660912,1.1227122552039606,0
5.621999999999603,2.0,2.0,1.0,0.0,1.876469533561962,1.8760089870191803,0.9972308654021176,-0.06510518678460137,-0.06518421157287395,0.002982096304789567,0.1401596340829867,0.14048656095958567,-0.00041794518688519425,-0.820581140060638,0.8184204451685927,-0.011721691545581696,-0.808757130030807,0.8034544676547566,-0.028383822300516,-0.010284647125520277,0.01032089102658219,0.000295077407239152,68.68112392106329,0.006500049568241079,-0.005785752406564856,-0.0005359888282741713,5402.749998046953,5410.845079944649,5782.699798097555,5780.044372465982,0.17504632399690717,0.09217678494613525,1.1399931148959659,0
5.641999999999601,2.0,2.0,1.0,0.0,1.8751981545837337,1.8747362011806359,0.9972902718317341,-0.062306227598998,-0.06236949478122856,0.0029600762290732867,0.13744402992054727,0.13775274495553158,-0.0004936235776739472,-0.8046181161271783,0.8025781095924748,-0.011271165503214478,-0.8200365329684947,0.8147831792217035,-0.028209619591929858,-0.00948680267052411,0.009525725700903655,0.0002904305148754648,68.68005401446275,0.00644590993704873,-0.0057383837246042,-0.0005299842238105438,5402.721326422107,5410.8077029986625,5782.669715261686,5779.967388096971,0.17684417587443935,0.08820874065627375,1.155978465844261,0
5.6619999999995985,2.0,2.0,1.0,0.0,1.8739831680356853,1.8735201208836754,0.9973491940052683,-0.05947016901787695,-0.05951786523149348,0.0029341073383461944,0.1346553724346461,0.13494594195525686,-0.0005604010048713935,-0.7882278420557175,0.786307947172745,-0.010817715747001945,-0.8304058610576497,0.8252050064955814,-0.028029703620983837,-0.008695854213565807,0.00873738310386869,0.000285965024682489,68.67904293467231,0.0063880277269110705,-0.005687641080653013,-0.0005237480520956687,5402.695466661768,5410.773443352974,5782.642706963244,5779.89106481581,0.1785621139324468,0.08418839748208781,1.170679082970594,0
5.681999999999596,2.0,2.0,1.0,0.0,1.872825281659584,1.8723614500561094,0.9974075557293709,-0.056600120069933105,-0.05663243930523421,0.002904442567231066,0.1317970388747538,0.1320695399550122,-0.0006186300137095042,-0.7714301759535304,0.7696297030923133,-0.010362606097934268,-0.8398732984989834,0.8347280584250967,-0.027843495078462,-0.007912259423247628,0.007956319818409177,0.0002816752647923509,68.67808972699399,0.006326501709707322,-0.005633612549044962,-0.0005172914041801404,5402.672356087165,5410.742254732478,5782.61870569102,5779.81542154626,0.180199137578512,0.08012017573756454,1.184106490915882,0
5.701999999999594,2.0,2.0,1.0,0.0,1.871725141335555,1.8712608306192453,0.9974652858623373,-0.05369916052849411,-0.053716303928266707,0.002871334109826246,0.12887240255347254,0.1291269228469553,-0.0006686719078550438,-0.7542449524930434,0.7525631036781248,-0.009907071515586388,-0.8484475470891011,0.8433609591971155,-0.027650477037390722,-0.007136463674895342,0.007182980235960066,0.00027755531125570884,68.67719334079588,0.006261431820899631,-0.005576387319777072,-0.0005106251426108562,5402.65192880899,5410.714086077778,5782.597640402461,5779.740473066379,0.1817543338520149,0.07600845813953308,1.1962729443015547,0
5.721999999999592,2.0,2.0,1.0,0.0,1.8706833316861828,1.8702188430960494,0.997522318292077,-0.05077033919204929,-0.050772514846383024,0.0028350327672075665,0.12588483047708723,0.12612146804186422,-0.0007108953979622521,-0.7366919685185397,0.7351278421869196,-0.009452315045495645,-0.8561378121135448,0.8511128341255177,-0.02745019408763648,-0.006368899907214708,0.006417796412896122,0.00027359901683642334,68.67635263533269,0.0061929190700739725,-0.005516055616718468,-0.0005037598963946613,5402.6341159675885,5410.688881795264,5782.579436782019,5779.666230210548,0.18322687657044048,0.07185758843916946,1.2071914077508346,0
5.74199999999959,2.0,2.0,1.0,0.0,1.8697003767144724,1.86923600725326,0.9975785919013145,-0.04781667221293444,-0.047804094949640275,0.002795787320487398,0.1228376810168792,0.12305654413305452,-0.0007456752755011734,-0.7187909689230741,0.717343564828085,-0.008999504967223015,-0.8629537880692026,0.8579932953899355,-0.027242251318547496,-0.005609988490254409,0.0056611879379634055,0.00026980003940907664,68.67556638562827,0.006121065451843563,-0.005452708615996596,-0.0004967060568405395,5402.618845973477,5410.6665820117005,5782.56401750012,5779.5927000762285,0.1846160254273726,0.06767187053876106,1.2168755356875343,0
5.7619999999995875,2.0,2.0,1.0,0.0,1.8687767404747027,1.8683127827764787,0.9976340505205404,-0.04484114147455841,-0.04481403264559412,0.0027538439303690294,0.11973430162214804,0.11993550860244724,-0.0007733911147933944,-0.7005616328027002,0.6992298570313564,-0.008549772145078778,-0.8689056442293694,0.8640124276367985,-0.027026313157560905,-0.004860137104627443,0.004913561810656297,0.00026615186989038396,68.67483328840225,0.006045973857177033,-0.005386438364610743,-0.0004894737742502603,5402.606044747566,5410.647122832579,5782.5513024719985,5779.519886234666,0.18592112504354577,0.06345556829069114,1.2253396519351858,0
5.781999999999585,2.0,2.0,1.0,0.0,1.8679128277751988,1.867449569977254,0.9976886428692534,-0.04184669301752691,-0.04180528028182564,0.0027094455640292573,0.11657802657586236,0.11676170556970461,-0.0007944260060181729,-0.6820235598946508,0.6808062299668817,-0.008104207582820964,-0.8740040100647645,0.8691807734550446,-0.026802102072868234,-0.004119740631943164,0.004175312330524975,0.0002626478596385276,68.67415196802274,0.005967747985216057,-0.005317337699344493,-0.0004820729554259589,5402.595635960472,5410.6304366033355,5782.541209115768,5779.447788944724,0.18714160397235305,0.05921290628916615,1.232598729127932,0
5.801999999999583,2.0,2.0,1.0,0.0,1.8671089849120408,1.866646710531169,0.9977423224860468,-0.038836235514985995,-0.03878075261807709,0.0026628314500610154,0.11337217479382039,0.11353846358530759,-0.0008091653217789305,-0.6631962573055843,0.6620921073247961,-0.007663860182978011,-0.8782599605338203,0.8735093187387521,-0.026569397148373235,-0.0033891810563817398,0.0034468209973507876,0.0002592812472589554,68.67352098246772,0.005886492255641593,-0.005245500166032771,-0.0004745132619620731,5402.587541270272,5410.616452172724,5782.5336526090005,5779.3764053690575,0.18827697366120752,0.054948072158460544,1.2386683679531731,0
5.821999999999581,2.0,2.0,1.0,0.0,1.8663655004327215,1.8659044882459377,0.9977950476481097,-0.035812638797478105,-0.03574332534828008,0.0026142365621039825,0.11012004766816633,0.11026909346841823,-0.0008179955196449089,-0.6440991265355488,0.643106812361135,-0.007229734710810827,-0.8816850012555087,0.8770094779488576,-0.026328032539289628,-0.0026688273773494008,0.0027284564221522127,0.0002560451847580443,68.67293882927835,0.0058023117216577874,-0.005171019939252344,-0.0004668041092881412,5402.5816805581535,5410.605095157523,5782.528546143243,5779.305729791902,0.189326827370172,0.050665221181736456,1.2435647762479638,0
5.841999999999579,2.0,2.0,1.0,0.0,1.8656826059287601,1.8652231298585118,0.9978467812807199,-0.032778732427571025,-0.03269583367272742,0.0025638911316912525,0.10682492695607815,0.10695688619033053,-0.000821302982893104,-0.624751450802823,0.6238695552165924,-0.006802789962313871,-0.8842910535779794,0.8796930792860437,-0.026077895816812392,-0.0019590355331277494,0.0020205742489501355,0.00025293276299054746,68.67240395148777,0.005715311983650834,-0.005093991742495075,-0.0004589546664277338,5402.577972161376,5410.596288207802,5782.525801175814,5779.235753837677,0.19029083904927577,0.046368484737460615,1.2473047479571702,0
5.861999999999576,2.0,2.0,1.0,0.0,1.865060476856273,1.864602805860188,0.9978974908573209,-0.02973730432449076,-0.029641070920608397,0.002512020190740493,0.10349007271440519,0.10360511080428234,-0.0008194729015123204,-0.6051723826743562,0.6043994205142827,-0.006383937135061336,-0.8860904395561937,0.8815723497867529,-0.025818926210354184,-0.001260148335436196,0.00132351708722831,0.00024993703635004964,68.67191474350942,0.005625599103589311,-0.005014510768888983,-0.00045097385643843056,5402.576333103009,5410.589951272075,5782.525327678307,5779.166466689725,0.19116876217595125,0.04206198520334723,1.249905641981936,0
5.881999999999574,2.0,2.0,1.0,0.0,1.864499233383501,1.86404363134871,0.9979471482907762,-0.026691099438957557,-0.026581787223095406,0.0024588431440217377,0.10011872128099901,0.10021701242235992,-0.0008128881953389025,-0.5853809320060493,0.5847153552423152,-0.0059740384001337205,-0.8870958668516943,0.88265990035419,-0.025551112755870048,-0.0005724954148055114,0.0006376144550127895,0.0002470510466560479,68.67146955697031,0.0055332795202238825,-0.0049326726025301585,-0.00044287035749681643,5402.576679317947,5410.586001861562,5782.527034381249,5779.097855308465,0.19196042855402362,0.03774986239499611,1.2513853609264798,0
5.901999999999572,2.0,2.0,1.0,0.0,1.8639989412642846,1.8635456669063502,0.9979957298164058,-0.023642818478394598,-0.023520688237139115,0.0024045733718380453,0.09671408330344772,0.09679581024019528,-0.0008019284810209344,-0.5653959541966982,0.5648361569266535,-0.005573905672814306,-0.8873204135675645,0.8829687107360584,-0.025274492358799753,0.00010360682333424334,-3.681726751290817e-05,0.0002442678461944962,68.67106670647374,0.005438459965152056,-0.004848573140491417,-0.0004346526045922549,5402.5789258747,5410.584355312894,5782.530829014358,5779.029904648306,0.19266574707569872,0.0334363217751529,1.2517623297662095,0
5.92199999999957,2.0,2.0,1.0,0.0,1.863559612736481,1.8631089195029575,0.9980432158674108,-0.020595116682647803,-0.020460433920097703,0.002349417863062,0.09327934181588801,0.09334469561011624,-0.0007869690843302088,-0.5452361387589787,0.5447804620993746,-0.005184299579223754,-0.8867775130315121,0.8825121144606568,-0.024989147780136934,0.0007678552319715444,-0.0006994748739532968,0.00024158051987326174,68.67070447527827,0.005341247379802855,-0.004762308515568052,-0.000426328791792511,5402.582987192498,5410.5849250486,5782.53661854193,5778.962597872633,0.19328470244799079,0.029125726628975925,1.2510554744523126,0
5.941999999999568,2.0,2.0,1.0,0.0,1.8631812074443088,1.8627333434229534,0.9980895909432924,-0.017550602650324928,-0.0174036373552952,0.0022935768785807427,0.08981765036453429,0.08986683016337821,-0.0007683800991534579,-0.5249199982104592,0.5245667350670948,-0.004805928615566026,-0.8854809385399307,0.8813037837428274,-0.024695205554090563,0.0014199599453521012,-0.0013500683573103526,0.00023898220645721344,68.67038112087931,0.005241748833404069,-0.004673975019820952,-0.0004179068750444014,5402.58877725328,5410.587622834721,5782.544309392833,5778.895916566301,0.19381735388504834,0.024822786738844995,1.2492842004689522,0
5.961999999999565,2.0,2.0,1.0,0.0,1.8628636333836108,1.8624188412152523,0.9981348434718732,-0.014511837215832258,-0.014352863628573059,0.0022372436451152805,0.08633213118252729,0.08636534398206674,-0.0007465254943341609,-0.5044658572872107,0.5042132569839628,-0.004439448496190149,-0.8834447880756202,0.8793577143711245,-0.024392833845736196,0.0020596443914700393,-0.001988320925352542,0.0002364661188519674,68.67009488048085,0.005140071441987452,-0.004583669028986498,-0.00040939457547224884,5402.5962098081645,5410.5923590349485,5782.553807684703,5778.829840944966,0.19426383376782486,0.02053298256091497,1.246468371361309,0
5.981999999999563,2.0,2.0,1.0,0.0,1.8626067478690143,1.8621652646650944,0.9981789656655299,-0.01148133237715567,-0.011310628755868486,0.0021806040792919463,0.08282587341467261,0.08284333382122461,-0.0007217622693472267,-0.48389184248220407,0.4837381152332942,-0.004085461686230984,-0.8806834690117457,0.8766882105874395,-0.0240822402569648,0.002686645294344699,-0.0026139690058808707,0.0002340255634086607,68.66984397634528,0.005036322288489402,-0.004491486927803474,-0.00040079938313705406,5402.605198578006,5410.59904286069,5782.565019441901,5778.764350060777,0.1946243462725551,0.016263651193948632,1.2426282872505836,0
6.001999999999561,2.0,2.0,1.0,0.0,1.8624103585219796,1.8619724157867612,0.9982219533722373,-0.008461550274403885,-0.008279398661822366,0.0021238365417659013,0.0793019313925985,0.07930386138172156,-0.0006944396596314803,-0.46321587191031954,0.4631591931215356,-0.0037445171141781437,-0.8772116828144094,0.8733098699701537,-0.02376366958892404,0.003300712666230367,-0.0032267622419965432,0.00023165395822658983,68.66962662101041,0.0049306083440009505,-0.004397525036326605,-0.0003921285612194576,5402.615657447709,5410.6075826165215,5782.577850806858,5778.699422003821,0.19489916596949158,0.012027342054826187,1.2377846633500322,0
6.021999999999559,2.0,2.0,1.0,0.0,1.8622742242787202,1.8618400478361607,0.9982638059220226,-0.005454902219100083,-0.005261588209389573,0.0020671116211127384,0.07576332296082836,0.07574995163434664,-0.0006648983922206411,-0.44245564550142946,0.44249415988791013,-0.0034171100593360904,-0.8730444097560845,0.8692375683317708,-0.023437401569014873,0.00390160978990259,-0.0038264634775168923,0.0002293448504332525,68.66944102236266,0.0048230363902227414,-0.004301879537277542,-0.0003833891505896289,5402.627500653939,5410.617885940484,5782.5922082444085,5778.635034098839,0.19508863639335583,0.007855776165298353,1.231958608503724,0
6.041999999999557,2.0,2.0,1.0,0.0,1.862198056416978,1.8617678663422605,0.9983045259694218,-0.002463747774178402,-0.0022595602803932905,0.00201059194713297,0.07221302785422788,0.07218459119556768,-0.0006334699921669252,-0.4216286355226804,0.42176046103275355,-0.0031036822087807587,-0.8681968936519224,0.8644864446417982,-0.02310374855035294,0.004489113191192325,-0.004412848732674596,0.00022709193242649562,68.66928538855751,0.004713712943169367,-0.004204646404492856,-0.0003745879747275722,5402.640642965999,5410.629860038736,5782.607998738888,5778.571163096751,0.19519316858696129,0.003901044185006879,1.2251716037570377,0
6.061999999999554,2.0,2.0,1.0,0.0,1.862181519600639,1.8617555301563464,0.9983441193325221,0.0005096061153886674,0.0007243750930640935,0.00195443203313737,0.0686539861272481,0.06861072675536649,-0.0006004761400736722,-0.40075207743079033,0.4009753089671907,-0.002804621878088212,-0.8626846266307923,0.859071885985507,-0.022763053191433697,0.00506301260191546,-0.004985707170246497,0.00022488905706520462,68.66915793277708,0.004602744178181994,-0.004105921332525241,-0.0003657316449579694,5402.654999859497,5410.643411914095,5782.625129983552,5778.5077853605335,0.1952132396194654,0.0021457451480654953,1.2174454809784643,0
6.081999999999552,2.0,2.0,1.0,0.0,1.8622242329411869,1.8618026525180982,0.9983825948291641,0.003462905941436485,0.0036879615464523586,0.0018987781467163106,0.06508909663534661,0.06503126355751582,-0.0005662280809063942,-0.3798429610548245,0.3801556739864506,-0.00252026438980906,-0.8565233339526613,0.8530095125690211,-0.022415686123550802,0.005623110913382359,-0.005544841052267555,0.0002227302518002502,68.66905687781777,0.004490235856289644,-0.004005799667450373,-0.00035682656596390413,5402.670487682695,5410.658448588032,5782.64351056217,5778.444877045038,0.19514939108069104,0.005403529992310102,1.2088024015494883,0
6.10199999999955,2.0,2.0,1.0,0.0,1.8623257710749728,1.8619088021374635,0.9984199641108673,0.006393952401062901,0.006628997150075184,0.0018437682084274944,0.0615212155689361,0.06144906393263385,-0.0005310260840954767,-0.35891802210966633,0.3593182755688024,-0.0022508926033896607,-0.8497289588837346,0.8463151627810223,-0.022062043613312557,0.0061692241206571016,-0.006090065687493388,0.00022060973173963392,68.6689804604995,0.004376293251966782,-0.00390437633893075,-0.0003478789415446219,5402.687023815219,5410.674877315721,5782.663050122522,5778.382414270372,0.1950022275529743,0.009392854290851684,1.1992648351321367,0
6.121999999999548,2.0,2.0,1.0,0.0,1.8624856652553046,1.8620735042913235,0.9984562414950305,0.00930060111485646,0.009545335125920656,0.0017895317177758002,0.057953155040166966,0.05786694588430931,-0.0004951589547953642,-0.3379937340400917,0.33847957400173395,-0.0019967375899954255,-0.8423176476405089,0.8390048783211773,-0.021702545227379768,0.006701181257750864,-0.006621209369779788,0.00021852191164553454,68.6689269358902,0.004261021082332686,-0.003801745793586488,-0.00033889478058304315,5402.704526819001,5410.692605793763,5782.683659541549,5778.32037328849,0.19477241506197274,0.013446822209456387,1.1888555385358675,0
6.141999999999546,2.0,2.0,1.0,0.0,1.8627034044583497,1.8622962419339424,0.9984914437959465,0.012180763295093459,0.012434884514309028,0.0017361897058019724,0.054387681722815995,0.05428768172855391,-0.00045890359602148876,-0.31708630019508904,0.317655762336682,-0.0017579794454742625,-0.8343057344136798,0.8310948894052067,-0.021337631506314278,0.007218824323943132,-0.007138113307551442,0.00021646141686455211,68.66889458133946,0.0041445234378283445,-0.003698001929719558,-0.0003298799031896142,5402.722916581291,5410.711542360278,5782.705251082048,5778.258730642696,0.1944606795078728,0.017493190161598064,1.1775975346925114,0
6.161999999999543,2.0,2.0,1.0,0.0,1.8629784365018516,1.8625764568201992,0.9985255901551533,0.015032406364129497,0.015295610790575379,0.0016838547135402417,0.05082751554551236,0.05071399678680161,-0.0004225246212524779,-0.29621164633182434,0.29686275867328643,-0.0015347482345082035,-0.825709726482562,0.8226016000563314,-0.020967761654178695,0.007722008201415581,-0.007640631544541491,0.00021442309319463134,68.66888170031584,0.004026903714415998,-0.003593238033440742,-0.000320839946989861,5402.742114449578,5410.731596186991,5782.727738540715,5778.197463319747,0.19406780507842683,0.02151195754108395,1.1655140917571294,0
6.181999999999541,2.0,2.0,1.0,0.0,1.8633101691756713,1.8629135506406065,0.9985587018716324,0.0178535545232413,0.018125536432055094,0.0016326307955555088,0.047275328438495134,0.04714856813263582,-0.0003862740169429785,-0.27538541344840767,0.2761161987738282,-0.0013271250588383322,-0.8165462894304474,0.8135415734926489,-0.020593411250268784,0.008210600564405202,-0.00812863087199235,0.00021240201569619265,68.66888662604343,0.0039082645473334605,-0.0034875467162373878,-0.0003117803735239885,5402.762043358357,5410.752677463121,5782.751037387437,5778.136548894317,0.19359463264523635,0.025494116250199823,1.1526287023466284,0
6.201999999999539,2.0,2.0,1.0,0.0,1.8636979713831627,1.8633068861671258,0.9985908022323454,0.020642289272204593,0.02092274143566907,0.0015826135477250887,0.04373374313405627,0.043594023392385765,-0.000350390854278293,-0.25462295094438026,0.2554314290081929,-0.0011351432423118103,-0.8068322324710385,0.8039315176197683,-0.020215069989088494,0.008684481780075706,-0.008601990732509173,0.00021039349645710187,68.66890772493376,0.0037887077464398068,-0.003381019854024175,-0.00030270647472774255,5402.782627947642,5410.774697570766,5782.77506489574,5778.075965665618,0.19304205814469705,0.02943416180601512,1.1389650629320933,0
6.221999999999537,2.0,2.0,1.0,0.0,1.8641411742923988,1.8637557884087943,0.9986219163435855,0.023396749879923146,0.023685363786435102,0.0015338901583853931,0.04020533202078727,0.040052939599698356,-0.00031510104937512067,-0.23393931010765032,0.23482349962941107,-0.0009587896253898,-0.7965844938958254,0.7937882706378521,-0.01983323945439814,0.009143544801317688,-0.00906060311575922,0.00020839309132437837,68.66894339980976,0.0036683342331830294,-0.0032737485277179023,-0.0002936233794649101,5402.803794673174,5410.79756925162,5782.799740264318,5778.015692785959,0.19241103094501022,0.03332802396868807,1.1245470533943027,0
6.241999999999535,2.0,2.0,1.0,0.0,1.8646390724962767,1.8642595457761828,0.9986520709635999,0.02611513380645482,0.026411599877260737,0.0014865394819252892,0.03669261605170497,0.036527842104150755,-0.00028061717101378857,-0.21334923792638164,0.21430715837950967,-0.0007980059616701907,-0.7858201266519895,0.7831287867719959,-0.01944843093287686,0.009587695051688837,-0.009504372446228903,0.0002063966056179582,68.6689920929195,0.003547243979219552,-0.0031658229653683174,-0.0002845360600828281,5402.825471908285,5410.821206764793,5782.824984729624,5777.955710381103,0.19170255220065177,0.037172336776652624,1.109398716761023,0
6.261999999999532,2.0,2.0,1.0,0.0,1.8651909251805323,1.8648174112537197,0.9986812943369215,0.028795697076808614,0.029099704880401773,0.0014406321338726873,0.0331980637062953,0.03302120353393155,-0.00024713829488367655,-0.1928671712241614,0.19389684442513166,-0.000652690408919403,-0.7745562840601324,0.7719701221346623,-0.019061163272645013,0.010016850302707608,-0.009933215463239307,0.00020440009884414907,68.66905228873755,0.0034255359467123153,-0.003057332485880072,-0.0002754493389633876,5402.847590037456,5410.845526035622,5782.850721669506,5777.895999662279,0.1909176731956804,0.04096413571907687,1.093544239131733,0
6.28199999999953,2.0,2.0,1.0,0.0,1.8657959572987037,1.8654286035789167,0.9987096160308313,0.03143675460691686,0.031747993070999105,0.0013962306064904065,0.029724090006474566,0.029535442812580102,-0.00021484990322505814,-0.17250723111658725,0.17360668262209425,-0.0005226991070718694,-0.7628102056808448,0.7603294207286735,-0.018671960791589958,0.010430940543720757,-0.010347061093435306,0.00020239988842923423,68.6691225165535,0.00330330803033522,-0.002948365444355798,-0.0002663678950434617,5402.870081541541,5410.8704447953605,5782.876876697895,5777.836543029783,0.19005749367725439,0.04470071659557838,1.0770079298089568,0
6.301999999999528,2.0,2.0,1.0,0.0,1.8664533607530907,1.8660923084275385,0.9987370667743468,0.03403668048221517,0.03435483810313505,0.0013533894038694025,0.026273055586429762,0.026072924229736887,-0.0001839238286458285,-0.15228321778725978,0.15345047810779366,-0.00040784783564371674,-0.7505992033388036,0.7482239005990373,-0.018281351240130896,0.010829907844569536,-0.010745850315965144,0.00020039255249565356,68.66920135284629,0.0031806570009989387,-0.002839009179089203,-0.00025729627027938005,5402.892881074707,5410.895882711614,5782.903377750582,5777.777324168055,0.1891231601807195,0.048379563683641595,1.0598142016421763,0
6.321999999999526,2.0,2.0,1.0,0.0,1.8671622955807707,1.8668076796037816,0.9987636783001187,0.03659390818929116,0.03691867323887758,0.001312155195482041,0.022847265816257872,0.022635956565815324,-0.00015451824080945243,-0.13220860558097483,0.13344171122007523,-0.0003079137430174965,-0.7379406473128252,0.7356708401416622,-0.017889863822747692,0.011213706211272989,-0.011129536020568799,0.00019837493170509843,68.66928742344521,0.0030576784513265394,-0.002729349960231506,-0.0002482388760319446,5402.915925533205,5410.9217615095,5782.930155162174,5777.71832813222,0.188115864347601,0.05199831056430889,1.0419875516016313,0
6.341999999999524,2.0,2.0,1.0,0.0,1.8679218911437354,1.8675738402345154,0.9987894831895907,0.0391069308010916,0.0394379915308092,0.0012725669871404806,0.019448969979288445,0.019226792270474566,-0.0001267776746025546,-0.11229653841180759,0.11359353274095632,-0.00022263714008738633,-0.7248519526999657,0.7226875645767804,-0.01749802728228443,0.011582301434960108,-0.011498082858800083,0.0001963441301952109,68.66937940547801,0.0029344667428920983,-0.0026194729401558666,-0.00023919999934934373,5402.939154115976,5410.9480050835045,5782.957141734279,5777.659541426074,0.18703684123784065,0.05555471752607788,1.023552541586516,0
6.361999999999521,2.0,2.0,1.0,0.0,1.8687312473222253,1.8683898839666715,0.9988145147217614,0.04157430111620492,0.04191134595856367,0.0012346563082873748,0.016080360502934717,0.015847626694727564,-0.00010083309832081486,-0.09255982548358965,0.09391875946333146,-0.00015172335080744517,-0.7113505659614822,0.7092914325946816,-0.017106368050722083,0.011935670934277711,-0.011851467088606123,0.00019429751563802041,68.6694760291074,0.0028111149552357963,-0.0025094621055395025,-0.0002301838091266264,5402.96250837726,5410.974539599966,5782.984272795044,5777.600952071515,0.18588736763758287,0.0590466579033808,1.0045337794855467,0
6.381999999999519,2.0,2.0,1.0,0.0,1.8695894357103495,1.8692548761668604,0.9988388067258591,0.04399463175276365,0.044337349519920806,0.0011984474145346063,0.012743572242879322,0.01250059737648785,-7.680202033640438e-05,-0.07301093732018749,0.07442987007854909,-9.484461225907162e-05,-0.6974539516581347,0.6954998231810879,-0.016715408469798056,0.012273803591505268,-0.012189676412497956,0.00019223271845021252,68.66957607905822,0.002687714836674341,-0.002399400231178953,-0.0002211943621221161,5402.98593227132,5411.001293590326,5783.011486250192,5777.542549669499,0.1846687603638146,0.06247210947069345,0.9849559004961715,0
6.401999999999517,2.0,2.0,1.0,0.0,1.8704955008130915,1.870167855122316,0.9988623934382276,0.046366595197538,0.04671467527703571,0.0011639575043541769,0.009440681820362819,0.00918778337931623,-5.4788632651083056e-05,-0.0536620021028346,0.05513900138251687,-5.164201694641225e-05,-0.6831795793820257,0.6813301226293035,-0.01632566508453334,0.012596699582610232,-0.012512709809538516,0.00019014763018665795,68.66967839593707,0.0025643567569103493,-0.0022893688355558194,-0.0002122356088119139,5403.009372189385,5411.028198035055,5783.0387226256535,5777.484325452518,0.18338237456713583,0.06582914881360072,0.9648435487099105,0
6.421999999999515,2.0,2.0,1.0,0.0,1.871448461243806,1.8711278332422794,0.9988853093636892,0.048688923810818234,0.049042056358404196,0.0011311969488224849,0.0061737070123091195,0.005911204684094222,-3.48839896822592e-05,-0.034524802311662266,0.03605794479779148,-2.1727490139481015e-05,-0.668544910891852,0.6667997117459956,-0.015937647012412643,0.012904370201473614,-0.012820577361384372,0.0001880404011499549,68.66978187734823,0.002441129661456135,-0.0021794481381643433,-0.00020331139906550733,5403.03277698904,5411.055186438446,5783.065925102037,5777.426272328753,0.1820296020339265,0.06911594751035091,0.9442213589816901,0
6.441999999999513,2.0,2.0,1.0,0.0,1.8724473109213364,1.8721337982589363,0.9989075891416376,0.05096040978770892,0.05131828591719187,0.0011001695333145353,0.002944606193978995,0.0026728216333173974,-1.716622057740258e-05,-0.015610771668478312,0.017198143208863786,-4.68579521299423e-06,-0.6535673874581426,0.6519259532572304,-0.015551854390648549,0.01319683767852436,-0.013113300072615356,0.00018590943725028556,68.66988547880851,0.002318121027872346,-0.002069717018608171,-0.00019442548762650455,5403.056098016165,5411.082194894302,5783.093039541022,5777.368384917988,0.18061186948915645,0.07233076944296878,0.9231139390855382,0
6.46199999999951,2.0,2.0,1.0,0.0,1.8734910202658825,1.8731847144270513,0.9989292674170835,0.05317990507648374,0.0535422170465782,0.0010708727100470314,-0.0002447221661881077,-0.0005254655723420515,-1.7007733125883225e-06,0.003069007622312579,-0.001429311892321606,-7.65600735903364e-08,-0.6382644174247473,0.6367261794211463,-0.015168776903650533,0.013474134994013853,-0.013390909685590327,0.00018375339615056335,68.66998821446558,0.0021954168238300284,-0.001960252977477069,-0.00018558153938401611,5403.079289119671,5411.109162142651,5783.1200145039975,5777.310659579407,0.1791306369010617,0.07547196882663015,0.901545852167374,0
6.481999999999508,2.0,2.0,1.0,0.0,1.8745785373927712,1.8742795237214396,0.9989503787168628,0.05534632125467326,0.05571276265279139,0.0010432978603724466,-0.0033924399599235405,-0.003681817325579359,1.1459311205329423e-05,0.02150380733779555,-0.019813682953788277,-7.436317928205158e-06,-0.6226533639925295,0.6212176798533763,-0.01478889239251188,0.013736305686168517,-0.013653448490059419,0.00018157118273320365,68.67008915762378,0.0020731014669949695,-0.0018511320990066958,-0.00017678313442153642,5403.102306659204,5411.136029617649,5783.146801263035,5777.253094431444,0.17758739578889762,0.07853798870137446,0.879541599502795,0
6.501999999999506,2.0,2.0,1.0,0.0,1.8757087893032875,1.8754171470314427,0.9989709573311849,0.05745862936358264,0.057828895286532705,0.0010174305657340576,-0.00649676984108194,-0.006794455012527845,2.227309684940497e-05,0.03968325540894075,-0.03794458860723398,-2.628055582083363e-05,-0.6067515332309409,0.6054176895711085,-0.014412665548025484,0.013983403654453266,-0.0139009691277832,0.0001793619439253572,68.67018744108236,0.0019512577867377698,-0.0017424290155204102,-0.00016803377283154038,5403.1251095060525,5411.162741486796,5783.173353804527,5777.195689363868,0.17598366753495615,0.08152735972272385,0.8571256035747191,0
6.521999999999504,2.0,2.0,1.0,0.0,1.8768806830717486,1.8765964853515804,0.9989910372006884,0.05951585970195862,0.05988964693351165,0.0009932508861998503,-0.009555995576646811,-0.009861661361803137,3.071142362789589e-05,0.05759733780465993,-0.05581200561156019,-5.61057645528602e-05,-0.5905761623227999,0.5893433772613766,-0.01404054668844128,0.014215492958180007,-0.014133534392382255,0.00017712506292022416,68.67028225729135,0.0018299669876666958,-0.0016342168736607383,-0.000159336879285316,5403.147659037492,5411.189244681682,5783.199628825683,5777.138446042262,0.1743210017020104,0.0844386991444494,0.8343221914644218,0
6.5419999999995015,2.0,2.0,1.0,0.0,1.8780931070280065,1.87781642096757,0.9990106518091384,0.06151710157954775,0.061894108764835365,0.0009707336455095807,-0.012568462347271298,-0.01288178074300686,3.6756554541991305e-05,0.07523640013099946,-0.07340627049992068,-9.639148380253444e-05,-0.5741444080473633,0.57301183377897,-0.013672970622887705,0.014432647610697921,-0.014351217024667982,0.0001748601528327687,68.67037285833047,0.001709308614979485,-0.001526567302398394,-0.00015069580734889543,5403.169919124772,5411.215488920439,5783.225585724137,5777.081367905159,0.1726009743573364,0.08727070992235705,0.8111555785808442,0
6.561999999999499,2.0,2.0,1.0,0.0,1.8793449319345896,1.8790758186369214,0.9990298340818873,0.06346150303130918,0.06384143084801648,0.0009498487215811994,-0.015532576997868822,-0.015853219415205858,4.0401799812257244e-05,0.09259114894901567,-0.09071808093413904,-0.00014660233647101982,-0.5574733355064402,0.5564400608790487,-0.013310355601093863,0.014634951369400588,-0.01455409950368383,0.00017256704982848012,68.6704585557172,0.0015893605216276557,-0.0014195503828239224,-0.00014211384353714305,5403.191856115058,5411.241426722124,5783.251186580968,5777.024460154,0.17082518640442984,0.0900221798908959,0.7876498527208621,0
6.581999999999497,2.0,2.0,1.0,0.0,1.8806350121577018,1.8803735267633226,0.999048616290196,0.06534827049306625,0.06573082181938392,0.000930561341444514,-0.01844680823880343,-0.01877444572593477,4.1651120341946665e-05,0.10965265281496162,-0.10773849677051184,-0.00020619004650478942,-0.540579907098006,0.5396449601893252,-0.012953102349771966,0.014822497521776458,-0.014742273833702406,0.0001702458057638613,68.6705387200498,0.0014701988372903057,-0.0013132346197070547,-0.00013359421109961406,5403.213438807517,5411.267013413249,5783.276396137379,5776.967729736217,0.16899526192352488,0.09269198097946091,0.7638289584742218,0
6.601999999999495,2.0,2.0,1.0,0.0,1.881962186831317,1.8817083785640596,0.9990670299614944,0.0671766684394004,0.06756154851870098,0.0009128323795867191,-0.021309686798259272,-0.021643990261303384,4.051871229096386e-05,0.1264123430465083,-0.12445894084114432,-0.00027459543467599646,-0.5234809717415212,0.5226433224263892,-0.01260159319575036,0.014995388667738798,-0.014915841327408058,0.0001678966803778675,68.67061278049218,0.0013518979391468602,-0.0012076869148200066,-0.0001251400735327602,5403.234638423892,5411.2922071267285,5783.301181765317,5776.911185321643,0.16711284652198793,0.09527906844535762,0.7397166819796798,0
6.621999999999493,2.0,2.0,1.0,0.0,1.8833252810136272,1.8830791932297202,0.999085105795634,0.0689460189846103,0.06933293558681328,0.0008966186587203848,-0.02411980552640068,-0.024460445947820264,3.7028574634072895e-05,0.14286201421880185,-0.14087119945510707,-0.0003512503870428543,-0.5061932543588302,0.5054518168605192,-0.012256191275685693,0.015153736498466039,-0.015074912385503087,0.00016552013307352193,68.67068022410702,0.0012345304244365137,-0.0011029725420134324,-0.00011675453781441132,5403.255428573765,5411.3169687934815,5783.325513432361,5776.8548372725645,0.1651796056956408,0.09778248010728,0.7153366360365407,0
6.6419999999994905,2.0,2.0,1.0,0.0,1.8847231068351078,1.8844847770754498,0.9991028735871769,0.07065570144757698,0.07104436502716728,0.0008818732520081697,-0.026875819451964697,-0.02722246810657096,3.121406154880219e-05,0.1589938243942193,-0.15696742262383245,-0.0004355797910599975,-0.48873334561426796,0.48808698103304926,-0.01191723983193095,0.015297661571979764,-0.015219606272975906,0.00016311681432867758,68.67074059504414,0.001118167084795355,-0.0009991551240306185,-0.00010844065735772545,5403.275785214836,5411.341262126981,5783.349363661127,5776.798697607651,0.16319722320204802,0.1002013355679211,0.6907122455761265,0
6.661999999999488,2.0,2.0,1.0,0.0,1.8861544646374915,1.885923924683051,0.9991203621537329,0.07230515188139298,0.07269527573205638,0.0008685457858055843,-0.02957644579195355,-0.029928774460422067,2.3117421486361454e-05,0.17480029508978626,-0.17274012401526964,-0.0005270034345633817,-0.4711176919173086,0.4705652107301074,-0.011585061593893291,0.015427293085681621,-0.01535005089225653,0.00016068755677451878,68.6707934935915,0.0010028768823616878,-0.0008962966110468762,-0.00010020143468293267,5403.295686608501,5411.365053601003,5783.372707483551,5776.742779960105,0.1611673994467708,0.10253483541769136,0.665866733499418,0
6.681999999999486,2.0,2.0,1.0,0.0,1.8876181441029598,1.8873954200332261,0.999137599270353,0.07389386256862926,0.07428516297446874,0.0008565827420125274,-0.03222046391513202,-0.03257814509494905,1.2789324734952716e-05,0.19027431098628977,-0.1881821806414845,-0.0006249378631147216,-0.4533625856908321,0.45290275021628723,-0.011259958243982434,0.015542768646085519,-0.015466382553496855,0.00015823336598100763,68.67083857509557,0.0008887269276267268,-0.0007944572609196552,-9.203982380623043e-05,5403.315113270991,5411.388312420906,5783.395522390296,5776.687099530268,0.15909184988356623,0.10478226041391149,0.6408231068907246,0
6.701999999999484,2.0,2.0,1.0,0.0,1.8891129253728638,1.8888980376272873,0.9991546116099532,0.07542138148312919,0.07581357786642448,0.0008459277591538154,-0.034806715260046694,-0.035169422373809725,2.8838128099026826e-07,0.20540911938317444,-0.20328683228440836,-0.0007287981914552452,-0.4354841559077983,0.4351156827315518,-0.010942209967027407,0.01564423403595837,-0.015568745742199849,0.00015575541098691436,68.67087554875917,0.0007757824590239902,-0.0006936956211285595,-8.395873234645526e-05,5403.334047920392,5411.411010488718,5783.4177882756585,5776.631673033059,0.15697230342949606,0.10694297063157455,0.6156041436027635,0
6.721999999999482,2.0,2.0,1.0,0.0,1.8906375801553255,1.8904305435976738,0.9991714246897406,0.07688731171923338,0.07728012678470547,0.0008365219313434401,-0.03733410320832628,-0.037701510809317135,-1.4319349271014071e-05,0.22019832940342277,-0.21804768066463473,-0.0008379998650878474,-0.41749835889888554,0.4172199212544183,-0.010632075081827617,0.01573184297909157,-0.015657292884429543,0.00015325501461235224,68.67090417632383,0.0006641068242362437,-0.0005940685123883854,-7.596102335114495e-05,5403.3524754198315,5411.43312236233,5783.439487378243,5776.5765186405015,0.1548105008958659,0.10901640458303664,0.5902323792244064,0
6.7419999999994795,2.0,2.0,1.0,0.0,1.8921908728210715,1.8919916968066326,0.9991880628235864,0.07829131088935128,0.07868447076489317,0.0008283041043184959,-0.03980159291403575,-0.04017337688898352,-3.0960853986312454e-05,0.23463591095264685,-0.23245868835818523,-0.0009519603682783636,-0.3994209694333612,0.3992311995342183,-0.010329789753302085,0.015805756902925225,-0.015732184109820083,0.00015073364359097653,68.67092427064466,0.0005537614632038753,-0.0004956310139149329,-6.80495168445843e-05,5403.370382717116,5411.45462520916,5783.460604217734,5776.521655919698,0.152608193435907,0.1110020783049291,0.564730094434294,0
6.761999999999477,2.0,2.0,1.0,0.0,1.8937715614868809,1.893580249932441,0.9992045490802818,0.07963309049080915,0.08002632486464263,0.0008212111677654247,-0.04220821108988616,-0.04258404885883944,-4.955666740456507e-05,0.24871619343674667,-0.24651417746628798,-0.0010701008750410156,-0.38126757207522816,0.38116506339497347,-0.010035567783510559,0.015866144699236126,-0.015793587012609297,0.0001481928985581994,68.67093569416511,0.0004448058928159985,-0.0003984364503218716,-6.022699110150129e-05,5403.387758781128,5411.475498754544,5783.481125528089,5776.467105766559,0.1503671410100722,0.11289958441128461,0.5391193027422407,0
6.781999999999475,2.0,2.0,1.0,0.0,1.8953783990860384,1.8951949505425634,0.9992209052475901,0.08091241524291402,0.08130545749713168,0.0008151783431960884,-0.04455304575112537,-0.04493261646434463,-7.002137519959793e-05,0.2624338642424972,-0.26020882804328926,-0.0011918478399482618,-0.36305355281642687,0.36303686231317395,-0.009749600479640854,0.01591318248310507,-0.01584167641091888,0.00014563450393116116,68.67093835729968,0.000337297693264043,-0.00030253638012185744,-5.249618365090966e-05,5403.404594535282,5411.495725225224,5783.501040187465,5776.412890335617,0.14808911086980436,0.11470859111239597,0.5134217386241418,0
6.801999999999473,2.0,2.0,1.0,0.0,1.8970101344252124,1.8968345421531598,0.9992371518020035,0.08212910239518384,0.08252168973563459,0.0008101394666700449,-0.04683524591795184,-0.047218230649740525,-9.2264119097508e-05,0.2757839669855702,-0.27353767628787096,-0.001316634525881288,-0.34479409098864,0.34486174127150687,-0.009472056596888809,0.015947053350371478,-0.01587663410448586,0.00014306029771524105,68.67093221673223,0.00023129249603955385,-0.00020798058581650704,-4.4859792015651283e-05,5403.420882788301,5411.515289288248,5783.520339145185,5776.35903296626,0.14577587606059572,0.11642884119932821,0.48765884605416826,0
6.821999999999471,2.0,2.0,1.0,0.0,1.8986655132271875,1.898497765274376,0.9992533078840894,0.08328302100770332,0.08367489459017927,0.0008060272656956618,-0.04905402127732168,-0.04944010321670417,-0.00011618910148718156,0.28876189953049725,-0.2864961125028546,-0.0014439024661128364,-0.32650415145500816,0.3266546328903284,-0.009203082354001158,0.015967947133784632,-0.015898648631069368,0.00014047222127107733,68.67091727363758,0.00012684397355272606,-0.00011481706554166293,-3.732047419380324e-05,5403.436618162655,5411.534177985618,5783.5390153460585,5776.305558105724,0.14342921394514074,0.11806015099431395,0.4618517674358773,0
6.8419999999994685,2.0,2.0,1.0,0.0,1.9003432791589074,1.9001833584408692,0.9992693912793055,0.08437409120457329,0.0847649962572545,0.000802773629682626,-0.05120864180503165,-0.05159750644319232,-0.00014169608821694153,0.3013634117872145,-0.2990798788288988,-0.00157310285838861,-0.3081984770828346,0.3084302498384306,-0.008942801519106577,0.01597606015805336,-0.015907915021743272,0.00013787230907498022,68.67089357183427,2.400383035147066e-05,-2.3092026244231406e-05,-2.9880848889141806e-05,5403.4517970208935,5411.552380665003,5783.557063652383,5776.252491229155,0.14105090474735074,0.11960240926749986,0.4360213329446951,0
6.861999999999466,2.0,2.0,1.0,0.0,1.9020421748443017,1.901890059227041,0.9992854184041481,0.08540228340142768,0.08579196934354144,0.0008003098733574977,-0.05329843734898408,-0.05368977266337589,-0.00016868090812688125,0.31358460328885074,-0.31128506675748163,-0.0017036978889460911,-0.28989158149813365,0.2902030775244134,-0.00869131556332734,0.015971594993997116,-0.01590463455526799,0.00013526267850468728,68.67086119587599,-7.717820408285745e-05,6.71501216323825e-05,-2.2543495498451752e-05,5403.4664173902065,5411.569888906854,5783.574480763898,5776.199858757088,0.13864273011797276,0.12105557612069887,0.41018805027734684,0
6.881999999999464,2.0,2.0,1.0,0.0,1.9037609428613815,1.9036166052464654,0.9993014042974844,0.08636761750799922,0.08675583806464982,0.0007985669925939262,-0.05532279717455289,-0.05571629380958544,-0.00019703594791501224,0.32542192055551444,-0.3231081144285924,-0.0018351619846796877,-0.27159774212265103,0.27198736706973814,-0.008448703879542455,0.015954760211994698,-0.015889014511758507,0.00013264551968118117,68.67082026908956,-0.0001766543809847802,0.00015586676798684632,-1.5310953864281134e-05,5403.480478885454,5411.586696448282,5783.591265136019,5776.147687970693,0.13620647172253428,0.12241968183894882,0.3843720948202512,0
6.901999999999462,2.0,2.0,1.0,0.0,1.905498326723128,1.9053617351350316,0.9993173626169155,0.08727016210671967,0.08765667541984457,0.0007974759121489502,-0.057281169472990945,-0.057676520917206694,-0.00022665064100657324,0.33687215424890965,-0.33454580371863385,-0.0019669829919282795,-0.2533309934937809,0.2537971285642988,-0.008215024063563519,0.01592577013492561,-0.015861267925839716,0.00013002308539617226,68.67077095156664,-0.0002743789364233552,0.0002430171054474056,-8.185723802284591e-06,5403.493982630969,5411.60279910396,5783.607416896631,5776.096006925057,0.13374390985228957,0.12369482571079346,0.3585933002555614,0
6.92199999999946,2.0,2.0,1.0,0.0,1.9072530718416936,1.9071241895173197,0.999333305639999,0.08811003360834471,0.08849460234375292,0.0007969677248375689,-0.0591730608338291,-0.05956996359347495,-0.0002574119491442117,0.34793243612265395,-0.345595257124053,-0.002098663280623948,-0.235105120867579,0.23564612460511897,-0.007990312254886164,0.01588484459079894,-0.015821613339487912,0.00012739768115376936,68.67071343811693,-0.0003703080939174686,0.0003285621303377084,-1.1702644129008175e-06,5403.506931181362,5411.6181946844545,5783.622937761757,5776.044844360901,0.13125682205884184,0.12488117481829288,0.33287114960734526,0
6.9419999999994575,2.0,2.0,1.0,0.0,1.9090239264754756,1.9089027119557727,0.9993492442701567,0.08888739538559645,0.08926978683604495,0.0007969739217186014,-0.06099803568223423,-0.06139618945113666,-0.0002892048354879817,0.3586002357732637,-0.35625393444627584,-0.0022297207727995567,-0.21693365410488097,0.21754786411855,-0.0077745835340935305,0.015832208665249713,-0.015770274554753244,0.00012477165535327623,68.6706479561899,-0.00046440006556603574,0.00041246464225471764,5.733006812075027e-06,5403.519328441649,5411.632882912245,5783.6378309503325,5775.994229614993,0.1287469818130605,0.1259789627978424,0.3072247667670738,0
6.961999999999455,2.0,2.0,1.0,0.0,1.910809642658626,1.9106960498822243,0.9993651880470852,0.08960245688581861,0.08998244307008359,0.0007974266129038045,-0.06275571568230262,-0.06315482350795533,-0.0003219127280803696,0.368873357196823,-0.36651962928354126,-0.002359689894706031,-0.19882986184032928,0.1995155964661286,-0.007567832373912839,0.015768092454092646,-0.015707480386540792,0.0001221473896389416,68.6705747637721,-0.000556615051723193,0.0004946892422796437,1.2521715077418081e-05,5403.531179586893,5411.646865335793,5783.6521010984015,5775.944192529598,0.12621615718891027,0.12698848857293635,0.28167290853420224,0
6.981999999999453,2.0,2.0,1.0,0.0,1.912608977112599,1.9125029555113813,0.9993811451614749,0.09025547272364119,0.09063283048154115,0.0007982587386445076,-0.06444577910728329,-0.06484554755305343,-0.0003554179725850316,0.37874993515642014,-0.37639046533529347,-0.0024881224520383596,-0.18080674593391258,0.1815623058340244,-0.0073700331408619365,0.01569273081611595,-0.015633464415648623,0.00011952728944148731,68.67049414726763,-0.0006469152392445286,0.0005752023298608456,1.9193529555479556e-05,5403.54249098166,5411.660145241953,5783.665754173006,5775.894763361283,0.12366610957275542,0.127910115060059,0.25623395725461456,0
7.001999999999451,2.0,2.0,1.0,0.0,1.914420692139333,1.9143221867358644,0.9993971224738404,0.09084674175465124,0.09122125283797979,0.0007994042703890543,-0.06606796017772645,-0.06646809948109027,-0.0003896022732905232,0.3882284313655001,-0.3858648925247715,-0.0026145884280106414,-0.16287703620444247,0.16370070590579489,-0.007181140644370022,0.0156063631262876,-0.015548464742234895,0.0001169137747341513,68.67040641936767,-0.0007352647983267172,0.000653972098395166,2.5746164828607117e-05,5403.553270099489,5411.672727567016,5783.678797385997,5775.845972689354,0.12109859239869993,0.12874426784891996,0.2309259142037035,0
7.021999999999449,2.0,2.0,1.0,0.0,1.9162435564957156,1.9161525080024433,0.9994131255372615,0.09137660613106519,0.09174805729039298,0.0008007984015437692,-0.06762204836857223,-0.0680222725952894,-0.00042434712143229157,0.39730763049235324,-0.39494168294551485,-0.002738676704255929,-0.1450531854441908,0.14594323481795002,-0.007001090730214041,0.015509233029550287,-0.0154527237398892,0.00011430927102526109,68.67031191691638,-0.0008216298779696405,0.0007309685295373,3.2177382490851905e-05,5403.563525442629,5411.684618806747,5783.691239108033,5775.797851324241,0.11851534991047245,0.1294914338582787,0.20576639398041044,0
7.0419999999994465,2.0,2.0,1.0,0.0,1.9180763462489654,1.9179926911691112,0.9994291586238209,0.09184545034039769,0.09221363340770403,0.0008023777277080236,-0.06910788768619293,-0.06950791488033001,-0.00045953420994013314,0.4059866359909831,-0.4036199266374706,-0.002859995704753925,-0.1273473647137531,0.1283020503976259,-0.006829800915081653,0.015401588195375836,-0.015346487810487067,0.00011171620060753339,68.67021099877925,-0.0009059786000859461,0.0008061633862724782,3.848499289678328e-05,5403.573266462271,5411.69582692562,5783.703088783,5775.750430216105,0.11591811595035927,0.130152159968626,0.18077262051778326,0
7.061999999999444,2.0,2.0,1.0,0.0,1.9199178456126154,1.9198415163426716,0.9994452247545319,0.09225370022811874,0.09261841219521484,0.0008040804161972739,-0.07052537591641858,-0.0709249282461336,-0.0004950458338195646,0.41426486576370636,-0.4118990271984582,-0.0029781739632105198,-0.10977145891600323,0.11078902568145317,-0.006667171059049629,0.015283680073243227,-0.015230007139992903,0.0001091369740830667,68.67010404372036,-0.0009882810522862712,0.0008795302047793652,4.4666857044651735e-05,5403.58250347946,5411.706361265634,5783.714356843106,5775.703740363968,0.11330861277564064,0.13072705163300374,0.15596142595668866,0
7.081999999999442,2.0,2.0,1.0,0.0,1.9217668477627767,1.9216977726965292,0.9994613257325353,0.09260182200528716,0.09296286509799571,0.0008058463646994357,-0.07187446384457091,-0.072273267743577,-0.0005307652754078988,0.4221420476608547,-0.41977869723670114,-0.0030928606145248687,-0.0923370626478494,0.09341574471451285,-0.00651308407275608,0.015155763649208197,-0.01510353545537387,0.00010657398218167301,68.66999144829411,-0.0010685092793665464,0.0009510442851171247,5.0720888581216734e-05,5403.591247606931,5411.7162324549045,5783.725054624842,5775.657812725607,0.11068854990297501,0.1312167714672577,0.13134925559117228,0
7.10199999999944,2.0,2.0,1.0,0.0,1.9236221556344064,1.9235602592683871,0.9994774621793495,0.09289032124214522,0.0932475029902022,0.0008076173489517513,-0.07315515444854855,-0.07355294075316783,-0.000566577173842119,0.4296182148230019,-0.4272589536702212,-0.003203725811184172,-0.07505547632832744,0.07619349862807653,-0.006367406656043575,0.015018097203715185,-0.014967329782788598,0.00010402958788823115,68.66987362475749,-0.0011466372735231534,0.0010206826807662632,5.664505591519163e-05,5403.599510672012,5411.725452316344,5783.73519428603,5775.6126781284875,0.108059622981135,0.13162203782102386,0.1069521876329285,0
7.121999999999438,2.0,2.0,1.0,0.0,1.925482582697295,1.9254277857375908,0.999493633573953,0.09311974184865349,0.09347287515130118,0.0008093371593597411,-0.0743675020659968,-0.07476400614772964,-0.0006023678781317363,0.43669370087122467,-0.43434011287881685,-0.003310461065621376,-0.05793770260140639,0.05913328199463656,-0.006229990064858561,0.01487094207081729,-0.014821650207203137,0.00010150611889414747,68.6697509990082,-0.0012226409633266109,0.0010884241870546586,6.243738442635956e-05,5403.607305140837,5411.734033776678,5783.744788724159,5775.568367181996,0.10542351269248042,0.13194362333075488,0.0827859965848013,0
7.1419999999994355,2.0,2.0,1.0,0.0,1.9273469537115329,1.927299173181857,0.9995098382944764,0.09329066504293952,0.09363956823018196,0.0008109517265152907,-0.07551161153660896,-0.07590657343013653,-0.0006380257832986709,0.44336913495089664,-0.44102278571441966,-0.003412779519757373,-0.04099444301172008,0.04224578945853985,-0.006100670903209894,0.014714562398946078,-0.014666759633594185,9.900586038559776e-05,68.66962400855411,-0.0012964982014780834,0.001154249328503176,6.809595875717184e-05,5403.6146440439925,5411.7419907760595,5783.753851496214,5775.524910191194,0.10278188368352342,0.1321823534560933,0.05886638072775132,0
7.161999999999433,2.0,2.0,1.0,0.0,1.9292141054622234,1.9291732548131626,0.9995260736622831,0.09340370830862699,0.09374820519812252,0.0008124092356050368,-0.0765876373206025,-0.07698080184714971,-0.0006734416491191869,0.4496454366346154,-0.4473078723755891,-0.003510416143126632,-0.024236094951288284,0.025541412640367443,-0.005979271937015907,0.014549224913386588,-0.014502923549878187,9.653104818069677e-05,68.66949310051848,-0.001368188751377869,0.0012181403451170284,7.361892517370326e-05,5403.621540903796,5411.749338178487,5783.762396740142,5775.482337072324,0.10013638352491072,0.13233910500089704,0.03521011246002645,0
7.181999999999431,2.0,2.0,1.0,0.0,1.9310828874732262,1.9310488766925793,0.9995423359882157,0.09345952434200519,0.093799444291573,0.0008136602297345103,-0.07759578259441512,-0.07798689948040233,-0.0007085089010641665,0.4555238106898603,-0.45319655715190976,-0.0036031278611525367,-0.007672748875134251,0.009030237313016005,-0.005865602926703882,0.014375198680599456,-0.014330409791717241,9.408386222576209e-05,68.66935872968625,-0.001437694272535423,0.0012800811776583166,7.900449398292132e-05,5403.628009663326,5411.75609168329,5783.770439098152,5775.440677270304,0.09748864170112752,0.13241480462022068,0.011849736745538991,0
7.201999999999429,2.0,2.0,1.0,0.0,1.9329521626997432,1.9329248984238607,0.9995586206207883,0.09345879998998997,0.09379397794571206,0.0008146577022238904,-0.07853629832466615,-0.0789251223155829,-0.0007431239131041442,0.4610057417170405,-0.458690303044055,-0.0036906936152969047,0.008685814216438055,-0.007277959152723868,-0.005759461475468984,0.014192754874530117,-0.014149488309335203,9.166642045956749e-05,68.6692213565955,-0.001504998304846504,0.0013400574519254042,8.425094199320007e-05,5403.6340646173985,5411.762267737878,5783.777993641997,5775.399959678387,0.09484026863019472,0.132410427314549,0.01133190441577891,0
7.221999999999427,2.0,2.0,1.0,0.0,1.9348208081995708,1.9348001938256074,0.9995749219961034,0.09340225517981957,0.09373253171972182,0.0008153571779635394,-0.07940948232142962,-0.07979577329086586,-0.0007771862721089125,0.4660929886636137,-0.4637908462652822,-0.003772914356956315,0.024830125031287016,-0.023373710075477207,-0.005660633890150348,0.01400216654503922,-0.013960430936493158,8.928077305297444e-05,68.66908144567824,-0.0015700862517656117,0.0013980564620794359,8.935661500512402e-05,5403.639720345548,5411.76788345198,5783.785075800368,5775.360212560213,0.09219285471361051,0.13232699491257421,0.034100812272816305,0
7.2419999999994245,2.0,2.0,1.0,0.0,1.936687715782863,1.9366736515818561,0.9995912336892768,0.09329064184141807,0.09361586321471874,0.0008157167839468441,-0.08021567827185956,-0.08059920132563585,-0.0008105990236306503,0.470787579219987,-0.46850019063009485,-0.003849612977115918,0.04075102797711477,-0.039247861486022204,-0.00556889605174003,0.01380370838859506,-0.01376351116174048,8.692889703050397e-05,68.66893946345454,-0.0016329453624039296,0.0014540671530375454,9.431993031991846e-05,5403.6449916472175,5411.772956513534,5783.791701288555,5775.321463474404,0.08954796941675712,0.13216557454379824,0.05657773990543032,0
7.261999999999422,2.0,2.0,1.0,0.0,1.9385517926402709,1.938544175870955,0.9996075484671558,0.09312474282335007,0.09344476098526762,0.0008156973091256025,-0.08095527475520836,-0.08133580033055134,-0.0008432688989352117,0.47509180410294377,-0.472820601835809,-0.003920634173899695,0.05643968289404541,-0.05489157388814707,-0.005484014292605362,0.013597656521348287,-0.013559003902076972,8.461269127818065e-05,68.66879587678336,-0.0016935647125799085,0.001508080101968935,9.913937925286384e-05,5403.6498934791825,5411.777505106451,5783.7978860404855,5775.283739201885,0.08690716037997107,0.1319272771022316,0.07873069105677515,0
7.28199999999942,2.0,2.0,1.0,0.0,1.9404119619493392,1.9404106869726059,0.9996238583421181,0.09290537080327967,0.09322004344539606,0.0008152622537610823,-0.08162870424027645,-0.0820060081999876,-0.0008751065231867967,0.4790082112323492,-0.4767546016427571,-0.003985844260274034,0.07188756653088794,-0.07029632376048305,-0.005405746277576629,0.013384288254722269,-0.013347185279154676,8.233397194163336e-05,68.6686511511738,-0.0017519351848520872,0.0015600874989263895,0.00010381352963936336,5403.654440895398,5411.781547830391,5783.803646143253,5775.247065676113,0.08427195256044895,0.13161325570245128,0.10054547609434912,0
7.301999999999418,2.0,2.0,1.0,0.0,1.9422671634590585,1.9422721218529782,0.9996401546267448,0.09263336719383482,0.0929425577700139,0.0008143778684680255,-0.08223644206632293,-0.08261030578789842,-0.0009060266047684769,0.4825395998069157,-0.48030496195880745,-0.004045130914269252,0.0870864737679967,-0.08545390480230648,-0.005333841886130007,0.01316388187363193,-0.013128332398130537,8.009446821608535e-05,68.66850574915921,-0.0018080494475596982,0.0016100831266372127,0.00010834102832159284,5403.658648989282,5411.785103622736,5783.80899777423,5775.211467916297,0.08164384740513597,0.1312247041292639,0.12200990999047406,0
7.321999999999416,2.0,2.0,1.0,0.0,1.9441163540524953,1.944127434727804,0.999656427989162,0.09230960104476696,0.0926131787926331,0.0008130131831754389,-0.08277900540846614,-0.08314921586812643,-0.0009359481057661545,0.48568901428480915,-0.48347469883390193,-0.004098402874181345,0.10202851858977403,-0.10035642892645033,-0.005268044092978534,0.01293671641745897,-0.01290272312928917,7.789581852980638e-05,68.66836012873746,-0.00186190193290398,0.0016580623394873049,0.00011272060360395658,5403.662532838551,5411.7881916828965,5783.813957140856,5775.176969963813,0.07902432205472253,0.13076285528221032,0.14311261575133516,0
7.341999999999413,2.0,2.0,1.0,0.0,1.9459585082874287,1.9459755976033997,0.9996726685088533,0.09193496794228387,0.09223280790026936,0.0008111400262483804,-0.08325695222859551,-0.08362330208019109,-0.0009647943937053875,0.48845973827489636,-0.4862670663702594,-0.004145589581303667,0.1167061348099779,-0.1149963270026007,-0.005208089844472534,0.012703071463891555,-0.01267063589255288,7.573956712047421e-05,68.6682147418795,-0.001913488814096716,0.001704022041727932,0.0001169510676658731,5403.666107452679,5411.790831399078,5783.818540423191,5775.143594821882,0.07641482857884854,0.13022897961613206,0.1638427869549057,0
7.361999999999411,2.0,2.0,1.0,0.0,1.9477926189149555,1.9478156007955614,0.9996888657327497,0.09151038890641973,0.09180237192639443,0.0008087330340387149,-0.08367088021280897,-0.08403316786157435,-0.0009924933746838028,0.4908552883444334,-0.4886855505538838,-0.004186640772815571,0.13111207655311516,-0.1293663493543882,-0.005153710928304601,0.012463226915736573,-0.01243234944497937,7.36271610028025e-05,68.66807003310844,-0.0019628079816034166,0.0017479606649320014,0.00012103131892079253,5403.669387723024,5411.793042277646,5783.822763719282,5775.111364398646,0.07381679324259173,0.12962438357900333,0.18419011849482272,0
7.381999999999409,2.0,2.0,1.0,0.0,1.9496176973760257,1.9496464534263047,0.9997050087314076,0.09103680928729459,0.09132282204279596,0.000805769651150164,-0.08402142569638438,-0.08437945536751544,-0.0010189776080853487,0.49287940774897665,-0.49073386301297983,-0.004221526027522116,0.14523941849531555,-0.14345956601380697,-0.005104634834111768,0.012217462790820682,-0.012188142671354853,7.155994732554685e-05,68.66792643815114,-0.002009859018514159,0.0017898781447307412,0.00012496034431071608,5403.672388375676,5411.794843875214,5783.826642993393,5775.080299453718,0.07123161580430118,0.12895040804821883,0.2041447811821046,0
7.401999999999407,2.0,2.0,1.0,0.0,1.9514327742759001,1.9514671838984394,0.9997210861550909,0.09051519766110068,0.09079513265118674,0.0008022301217222073,-0.08430926257728356,-0.08466284437932302,-0.0010441844031169724,0.4945360600903208,-0.4924159347088469,-0.0042502342671964545,0.15908155586819817,-0.15726936673662234,-0.005060585602669463,0.01196605901507097,-0.011938294377984661,6.953917111340895e-05,68.66778438266394,-0.002054643175066823,0.0018297758968593703,0.00012873722152595732,5403.6751239270625,5411.796255733506,5783.83019402718,5775.050419548309,0.06866066884480844,0.1282084267665075,0.22369741074655883,0
7.421999999999405,2.0,2.0,1.0,0.0,1.953236899836531,1.953276840347979,0.9997370862895866,0.08994654472663954,0.09022030027539199,0.000798097472056353,-0.0845351012191806,-0.08488405120219848,-0.0010680558974607089,0.4958294229082187,-0.493735909564793,-0.004272773216323703,0.1726322042293404,-0.1707894607825408,-0.005021284661477652,0.01170929521888375,-0.011683083089776536,6.756597338977673e-05,68.66764428103363,-0.002097163342353783,0.001867656792540527,0.00013236112114023126,5403.677608642361,5411.797297317137,5783.8334323738045,5775.021742998971,0.06610529712803656,0.12739984477862668,0.24283910225533606,0
7.441999999999402,2.0,2.0,1.0,0.0,1.9550291443268903,1.9550744910744102,0.9997529971115776,0.089331862203219,0.08959934245492873,0.0007933574849209995,-0.08469968734499798,-0.08504382755356246,-0.0010905391183676026,0.49676388121166976,-0.49469813803858276,-0.0042891688230833865,0.18588539900307605,-0.18401387646403175,-0.004986451644647506,0.011447450536873198,-0.011422786850706286,6.564138967439866e-05,68.66750653525517,-0.0021374240252428926,0.001903525133231961,0.00013583130865162734,5403.679856496692,5411.797987954367,5783.836373315015,5774.99428683506,0.0635668169930019,0.12652609686997138,0.2615614067311924,0
7.4619999999994,2.0,2.0,1.0,0.0,1.9568085984712742,1.956859224948856,0.999768806343415,0.08867218173070479,0.08893329664077618,0.0007879986658851837,-0.08480380092191997,-0.08514295944285881,-0.0011115860265649357,0.49734402095548247,-0.4953071706438669,-0.004299464644435057,0.19883549479543952,-0.19693696046779005,-0.004955805195108864,0.011180803411091882,-0.01115768302776194,6.37663488492784e-05,68.66737153388655,-0.0021754313145393826,0.001937386624768016,0.00013914714642063517,5403.681881139153,5411.798346780873,5783.839031821256,5774.968066759909,0.06104651577719961,0.1255886460082155,0.2798563286643653,0
7.481999999999398,2.0,2.0,1.0,0.0,1.9585743738356427,1.9586301518001856,0.999784501507132,0.08796855377250555,0.08822321909412113,0.0007820122020457058,-0.08484825503884796,-0.08518226604380728,-0.0011311535433911903,0.49757462246784445,-0.4955677514260353,-0.004303721198191521,0.2114771644871826,-0.20955337695294748,-0.004929063747272491,0.010909631397808156,-0.010888048118442182,6.194167238520576e-05,68.66723965108186,-0.0022111928584177347,0.001969248350921811,0.0001423080954966006,5403.683695859667,5411.79839268663,5783.841422514737,5774.943097115798,0.05854565127133865,0.12458898178907976,0.2977163238394765,0
7.501999999999396,2.0,2.0,1.0,0.0,1.9603256031920575,1.9603864027791393,0.9998000699775533,0.08722204652225549,0.0874701837888466,0.0007753919135228098,-0.0848338947772471,-0.08516259856005882,-0.0011492035616131543,0.49746065383455484,-0.4954848113978575,-0.0043020152849732995,0.22380539810887126,-0.22185810643021708,-0.004905946288396524,0.010634210977930422,-0.01061415756189983,6.0168073920736974e-05,68.66711124570219,-0.002244717833155738,0.0019991187464167017,0.00014531371732484242,5403.68531355864,5411.798144265918,5783.843559635521,5774.919390852691,0.056065451205395044,0.12352861888730345,0.3151342972037063,0
7.521999999999394,2.0,2.0,1.0,0.0,1.9620614408612997,1.9621271307005501,0.9998154990343567,0.08643374481494248,0.08667528131851664,0.0007681341981066738,-0.08476159607632479,-0.08508483908520235,-0.001165702940397711,0.49700726424557373,-0.495063461940252,-0.004294439282939524,0.23581550150217398,-0.2338464444262672,-0.004886173097023951,0.010354817371153917,-0.010336285553802985,5.844615918420738e-05,68.66698666050543,-0.0022760169131984084,0.0020270075694132222,0.00014816367532690934,5403.686746719422,5411.797619770504,5783.8454570106,5774.896959500806,0.05360711276593987,0.12240909551387469,0.3321036006213261,0
7.541999999999391,2.0,2.0,1.0,0.0,1.9637810630337673,1.963851510363764,0.9998307759129575,0.08560474904321341,0.08583961780859327,0.0007602379694477867,-0.08463226459346927,-0.08494989945805548,-0.0011806234849638627,0.49621977730948175,-0.4943089881734716,-0.00428110041818283,0.24750309477153878,-0.2455139999376984,-0.004869466456976255,0.010071724353910483,-0.010054704864984382,5.677642624901265e-05,68.66686622141368,-0.002305102240581723,0.002052925873496703,0.000150857736347157,5403.688007383554,5411.796837065997,5783.84712802589,5774.875813146968,0.05117180214470308,0.12123197188055261,0.3486180304555932,0
7.561999999999389,2.0,2.0,1.0,0.0,1.9654836680687644,1.9655587388513662,0.9998458878540888,0.08473617407957275,0.08496431383460588,0.0007517045891904368,-0.0844468345608647,-0.08475872011416025,-0.001193941911458057,0.49510368434138974,-0.4932268423039283,-0.004262120013659843,0.25886411053052943,-0.25685669367908137,-0.0048555513455077045,0.009785204081187394,-0.00976968666396064,5.515926611117419e-05,68.66675023685892,-0.00233198739374431,0.002076885979196848,0.00015339577195922575,5403.689107128727,5411.795813591419,5783.848585601213,5774.855960414767,0.048760654118347735,0.11999882867269358,0.36467182493029926,0
7.581999999999387,2.0,2.0,1.0,0.0,1.967168476772301,1.9672480358063447,0.9998608221519615,0.08382914820517305,0.08405050334697639,0.0007425377934522712,-0.0842062676391832,-0.08451226893439409,-0.0012056397976203384,0.49366463762980806,-0.491822636951835,-0.004237632719505264,0.26989479194719007,-0.26787075612959865,-0.004844156094344204,0.009495526912293984,-0.009481500343376333,5.359496357834974e-05,68.66663899720562,-0.002356687355759698,0.002098901445062049,0.00015577775962672639,5403.690057049487,5411.794566321979,5783.849842168122,5774.837408448479,0.04637477165945731,0.11871126553137096,0.3802596612567231,0
7.601999999999385,2.0,2.0,1.0,0.0,1.9688347326535514,1.9689186436878297,0.9998755662008958,0.08288481204588011,0.08309933260318675,0.0007327436140579486,-0.08391155176924635,-0.08421154009159076,-0.0012157035198429292,0.4919084436879089,-0.4901021384647844,-0.004207785727546,0.28059169059287276,-0.2785527253829011,-0.004835013022450229,0.009202961240635757,-0.009190413350440891,5.208369845810321e-05,68.66653277425002,-0.0023792184820172787,0.0021189870383136467,0.00015800378371290088,5403.690867740565,5411.793111735021,5783.850909650612,5774.820162900747,0.04401522557877068,0.11737089954575568,0.3953766525114968,0
7.621999999999383,2.0,2.0,1.0,0.0,1.9704817021601186,1.9705698280055615,0.999890107540323,0.0819043175162783,0.08211195910795825,0.0007223302949384316,-0.08356370002253227,-0.08385755289605275,-0.0012241241772360059,0.48984105649455734,-0.48807126022233127,-0.004172737972792911,0.2909516640990405,-0.28889944480485946,-0.004827859039486987,0.008907773327554868,-0.00889669102141939,5.062554703292531e-05,68.66643182079457,-0.00239959846737962,0.0021371587051114403,0.00016007403633450137,5403.691549282855,5411.791465779175,5783.851799448595,5774.804227923929,0.0416830541987853,0.11597936375670168,0.41001834426804457,0
7.64199999999938,2.0,2.0,1.0,0.0,1.9721086748922725,1.972200877533259,0.9999044338980669,0.08088882677226412,0.08108955056209528,0.0007113082041061756,-0.08316374945138875,-0.08345135064082428,-0.0012308975033406386,0.48746857073043004,-0.4857360559365569,-0.004132659324641813,0.3009718736266279,-0.29890806050396046,-0.004822436219043316,0.008610227140304898,-0.008600596420228212,4.922048380955227e-05,68.66633637029682,-0.002417846312850293,0.0021534335404488625,0.0001619888180558953,5403.692111231904,5411.789643846638,5783.852522424126,5774.78960616513,0.03937926305894588,0.11453830567245697,0.4241807109666054,0
7.661999999999378,2.0,2.0,1.0,0.0,1.9737149637963405,1.973811104501065,0.9999185332318188,0.0798395111728597,0.08003328382062794,0.0006996897416183512,-0.08271275993980338,-0.08299399944757747,-0.001236023766139907,0.48479721501445977,-0.4831027129535658,-0.004087729770462952,0.310649781152615,-0.3085760186191531,-0.004818492340838752,0.008310584194205198,-0.008302390181193782,4.786838352873862e-05,68.66624663659103,-0.002433982291779172,0.0021678297577101733,0.00016374853841988205,5403.692562608925,5411.7876607485805,5783.853088890312,5774.776298764794,0.03710482465281507,0.11304938579739786,0.4378601520512299,0
7.681999999999376,2.0,2.0,1.0,0.0,1.9752999053374416,1.9753998447672625,0.9999323937687323,0.07875755025185971,0.0789443438608713,0.000687489243939024,-0.08221181305556262,-0.08248658711395128,-0.0012395076570381198,0.48183334514577353,-0.48017754556076575,-0.004038138594199041,0.3199831465785226,-0.3179010624300146,-0.004815781401214633,0.008009103399029225,-0.008002330356020793,4.6569023422108255e-05,68.66616281368123,-0.0024480279156344343,0.002180366657912146,0.00016535371631211179,5403.6929118942135,5411.785530693622,5783.853508602807,5774.764305358838,0.03486067819788701,0.11151427617465949,0.4510534878497157,0
7.701999999999374,2.0,2.0,1.0,0.0,1.9768628596517654,1.9769664579694652,0.9999460040430691,0.07764413069990818,0.07782392276100107,0.000674722885108634,-0.08166201090461837,-0.08193022196316459,-0.001241358169487248,0.47858343735620396,-0.4769669883047223,-0.0039840835525271475,0.32897002466560854,-0.32688122929414326,-0.0048140640913440945,0.007706040909672375,-0.007700672265009011,4.53220857017998e-05,68.66608507560376,-0.002460005899373191,0.0021910645986521057,0.00016680498015687116,5403.693167022896,5411.783267269337,5783.853790753822,5774.753624084225,0.032647729439115356,0.10993465894351233,0.4637579552215236,0
7.721999999999372,2.0,2.0,1.0,0.0,1.9784032106786174,1.9785103276555058,0.999959352931837,0.07650044535758403,0.0766732186897273,0.0006614085751251217,-0.08106447498846797,-0.08132603169671684,-0.001241588467955971,0.47505408157839946,-0.47347758932432044,-0.0039257700510695595,0.3376087618015885,-0.3355148474167432,-0.0048131082427045465,0.0074016499811479595,-0.007397668352571374,4.412716026900219e-05,68.66601357635763,-0.002469940126439596,0.002199944962793092,0.00016810306794229192,5403.6933353829845,5411.780883426709,5783.853943968605,5774.744251587887,0.030466850487867226,0.10831222491230941,0.4759712029700217,0
7.741999999999369,2.0,2.0,1.0,0.0,1.9799203662724465,1.9800308613942381,0.9999724296883684,0.07532769222005666,0.07549343490763114,0.0006475658559358502,-0.0804203450653326,-0.08067516225096265,-0.001240215747926488,0.4712519747344228,-0.4697160037038593,-0.003863410323062453,0.3458979926037723,-0.3438005324574109,-0.004812689239467392,0.007096180827943219,-0.00709356804708366,4.2983747626357725e-05,68.6659484499006,-0.002477855613419676,0.0022070301269076255,0.00016924882707373588,5403.693423815584,5411.7783914675,5783.853976304254,5774.736183038947,0.02831887969907915,0.10664867214780546,0.4876912870218203,0
7.761999999999367,2.0,2.0,1.0,0.0,1.9814137582951021,1.9815274908665048,0.9999852239737964,0.0741270734538548,0.07428577878070987,0.0006332157954360993,-0.07973077801590887,-0.07997877665834202,-0.0012372610876321332,0.46718391404968607,-0.4656889868506577,-0.0037972226128113458,0.35383663636354484,-0.3517371839791627,-0.004812590397568091,0.006789880487778414,-0.006788617625103363,4.189126197993875e-05,68.66588981020902,-0.002483778474384168,0.002212343429503646,0.0001702432140545729,5403.6934386172015,5411.77580303444,5783.853895250807,5774.729412144076,0.026204621591064774,0.10494570458162325,0.4989166653973854,0
7.781999999999365,2.0,2.0,1.0,0.0,1.9828828426885636,1.9829996719365135,0.9999977258863931,0.07289979442627446,0.0730514608066594,0.0006183808798606482,-0.07899694671444936,-0.07923805391402458,-0.0012327492922342656,0.46285679039694805,-0.4614033879016531,-0.0037274303661770126,0.361423893337164,-0.35932398174478103,-0.004812603310325499,0.0064829926897972245,-0.006483060079988328,4.084903451575378e-05,68.6658377513989,-0.002487735884946938,0.002215909139059914,0.00017108729399414917,5403.693385544087,5411.773129104166,5783.85370773451,5774.723931165959,0.024124846815310953,0.10320503063461853,0.5096461929491898,0
7.801999999999363,2.0,2.0,1.0,0.0,1.9843270995284021,1.9844468847038823,1.0000099259887394,0.07164706274793377,0.07179169365440399,0.0006030849049497847,-0.07822003890591213,-0.07845418784871215,-0.001226708731140657,0.45827758167500493,-0.4568661431633953,-0.003654261430246615,0.3686592408879043,-0.3665603818655986,-0.004812528160582606,0.006175757727218499,-0.0061771349949427765,3.985631683590764e-05,68.66579234790605,-0.0024897560460692652,0.0022177524218913746,0.00017178223994322983,5403.693269818454,5411.770379982826,5783.853420123142,5774.719730944692,0.022080292188560256,0.10142836185986999,0.5198791159085343,0
7.821999999999361,2.0,2.0,1.0,0.0,1.985746033058241,1.9858686335366287,1.0000218153327112,0.07037008732896488,0.07050769121736553,0.000587352866261305,-0.07740125608990323,-0.07762838600832851,-0.0012191711691785484,0.45345334622661937,-0.4520842695897497,-0.0035779472642522123,0.37554242948458966,-0.37344611280783807,-0.004812173999440216,0.005868412334478733,-0.005871078420516343,3.891228453972731e-05,68.66575365472283,-0.0024898681476423715,0.0022178993098709654,0.0001723293320577943,5403.693096136549,5411.767565304264,5783.853038233328,5774.7168009220395,0.020071660808403325,0.0996174116049951,0.5296150662210315,0
7.841999999999358,2.0,2.0,1.0,0.0,1.9871391717054956,1.9872644470853755,1.0000333854822623,0.06907007744931498,0.06920066768094671,0.0005712108489898612,-0.07654181241211905,-0.07676186854130364,-0.001210171592306471,0.44839121630010087,-0.44706485830154313,-0.003498722163702741,0.38207347856161455,-0.3799811712616819,-0.004811358991752316,0.00556118956887831,-0.005565122756575528,3.801604093449196e-05,68.66572170768899,-0.0024881023318715843,0.0022163766680302864,0.00017272995659241074,5403.692868678438,5411.764694030709,5783.852567339721,5774.71512916841,0.018099622290322828,0.09777389369446834,0.5388540556915069,0
7.861999999999356,2.0,2.0,1.0,0.0,1.988506068078681,1.988633878279073,1.0000446285340063,0.06774824184361072,0.06787183660468407,0.0005546859176478694,-0.07564293356398112,-0.07585586709415157,-0.0011997480285771242,0.4430983915588881,-0.4418150681522994,-0.003416822499597132,0.38825267224556825,-0.38616581787823984,-0.0048099106286445285,0.0052543186967613864,-0.005259496638768025,3.7166620861537125e-05,68.66569652383369,-0.002484489656498372,0.0022132121620637587,0.00017298560472504864,5403.692591119398,5411.7617744557965,5783.852012185948,5774.714702412435,0.016164813196968712,0.0958995211325924,0.5475964699425572,0
7.881999999999354,2.0,2.0,1.0,0.0,1.9898462989465762,1.9899765043025226,1.0000555371355897,0.06640578780102283,0.06652241001950886,0.0005378060059481264,-0.07470585569113332,-0.0749116237160135,-0.001187941365019445,0.43758213264332857,-0.4363421193440956,-0.0033324859744843028,0.3940805549536055,-0.39200057287960427,-0.004807665907406877,0.004948025084233897,-0.00495442482949104,3.636299462235664e-05,68.66567810176639,-0.0024790620578835766,0.0022084342257572167,0.00017309787121558824,5403.692266642841,5411.758814209943,5783.851376997215,5774.715506073018,0.014267837798807421,0.0939960048277487,0.5558430621896627,0
7.901999999999352,2.0,2.0,1.0,0.0,1.991159465199559,1.9912919265560227,1.000066104501868,0.06504392028054885,0.06515359754053571,0.0005205998072188694,-0.07373182431146087,-0.07393038977282687,-0.0011747951611234774,0.4318497547887655,-0.4306532870975125,-0.003245950897032827,0.39955792686873304,-0.39748621154719777,-0.004804471479197581,0.004642530092437524,-0.004650128113376277,3.560407199063144e-05,68.66566642211377,-0.0024718523139845355,0.002202072028366296,0.0001730684529006853,5403.691897954664,5411.755820267853,5783.850665494457,5774.717524293732,0.012409269457493379,0.0920650523385273,0.563594946850098,0
7.92199999999935,2.0,2.0,1.0,0.0,1.992445191793418,1.9925797705974393,1.0000763244289024,0.06366384104211585,0.06376660549578116,0.0005030966656692606,-0.07272209324326877,-0.07291342487176335,-0.0011603554596024477,0.4259086215039321,-0.4247558953795254,-0.003157455476667736,0.404685839297196,-0.40262375959361807,-0.004800183765076724,0.004338050977385968,-0.004346823197300295,3.48887062955027e-05,68.66566144799963,-0.0024628940072529237,0.0021941554419648616,0.00017289914702822414,5403.691487298892,5411.752798958123,5783.849880909943,5774.720739979419,0.010589653291931306,0.09010836664231235,0.5708535929810762,0
7.941999999999347,2.0,2.0,1.0,0.0,1.9937031276759642,1.9938396860670329,1.0000861913057904,0.0622667477938849,0.06236263607119578,0.000485326468811974,-0.0716779235442418,-0.0718619957965569,-0.0011446705950690556,0.4197661383135162,-0.4186573106931057,-0.0030672371397252023,0.4094655899131604,-0.40741448842319267,-0.004794669040965965,0.004034800794367593,-0.004044722614923889,3.421569856197079e-05,68.6656631255651,-0.00245222148748328,0.0021847150087902006,0.00017259184943485892,5403.691036474546,5411.749755974794,5783.849026004191,5774.72513483485,0.008809511777568044,0.08812764492687303,0.5776208175632425,0
7.961999999999345,2.0,2.0,1.0,0.0,1.9949329456967704,1.9950713465953698,1.0000957001243629,0.0608538333561236,0.060942886472376154,0.00046731954133326955,-0.07060058246179005,-0.0707773754543318,-0.0011277910012820875,0.41342974656867293,-0.41236493593218854,-0.002975531868468503,0.41389871789589927,-0.4118599102864515,-0.00478780349220465,0.0037329883069139374,-0.003744034635760359,3.358380169438499e-05,68.66567138452655,-0.002439869834638345,0.002173781908601208,0.00017214855257060847,5403.690546853615,5411.746696390763,5783.848103084116,5774.7306894053345,0.007069357977118856,0.08612457740548572,0.5838987786303693,0
7.981999999999343,2.0,2.0,1.0,0.0,1.9961343425003748,1.9962744496946498,1.0001048464867752,0.0594262848419938,0.05950854810330464,0.0004491065406905479,-0.06949134239536701,-0.06966084183451406,-0.0011097690175689815,0.4069069173291025,-0.40588620430557487,-0.0028825735642001122,0.41798699896469965,-0.41596177333372153,-0.004779473238441497,0.0034328179003379825,-0.0034449631787717185,3.299172468974086e-05,68.66568613876777,-0.002425874821682616,0.0021613879260762065,0.00017157134337486028,5403.690019400026,5411.743624672921,5783.847114022292,5774.737383119107,0.005369732373954244,0.08410084615608808,0.5896899682622612,0
8.001999999999342,2.0,2.0,1.0,0.0,1.9973070384032867,1.997448716633804,1.0001136266110333,0.05798528285558471,0.05806080576244721,0.0004307183547015158,-0.06835147987132772,-0.06851367698040098,-0.0010906586950477448,0.40020514532023815,-0.3992285733332179,-0.002788593435596457,0.42173244031670454,-0.419722056573049,-0.00476957432966665,0.003134489499829209,-0.003147707730494175,3.243813686692191e-05,68.66570728696387,-0.0024102728774487003,0.0021475654182733822,0.00017086240100846057,5403.689454689499,5411.740544698915,5783.846060277185,5774.745194331352,0.0037113339896506265,0.0820581239849405,0.5949972054328797,0
8.021999999999348,2.0,2.0,1.0,0.0,1.9984507772551499,1.9985938922977065,1.000122037334495,0.056532000707503555,0.0566008368565221,0.0004121860013769723,-0.06718227453088008,-0.06733716597393923,-0.001070515603221366,0.3933319429689344,-0.3923995189182588,-0.0026938194132831625,0.42513727547289987,-0.42314296473762725,-0.004758012714249245,0.0028381984931014183,-0.0028524632676711742,3.192167209936527e-05,68.66573471323414,-0.002393101049564997,0.002132347282168089,0.00017002399444688304,5403.688852930229,5411.737459775397,5783.844942914319,5774.754100369767,0.0020957392716225206,0.07999807331524644,0.5998236287364014,0
8.041999999999355,2.0,2.0,1.0,0.0,1.999565326284409,1.9997097450308579,1.0001300761153955,0.05506760364831902,0.05512981063223397,0.00039354053123116995,-0.06598500813165951,-0.06613259593424468,-0.0010493966375274976,0.38629483452093316,-0.3854065294980506,-0.0025984755915603,0.42820395903746183,-0.4262269230679055,-0.004744704179902102,0.002544135657580947,-0.0025594201843951677,3.144093303839612e-05,68.66576828782053,-0.0023743969674734707,0.0021157669222970645,0.00016905847993984503,5403.688213984228,5411.734372657684,5783.843762628177,5774.764077581446,0.000538617658393879,0.07792234510115861,0.604172688991677,0
8.061999999999362,2.0,2.0,1.0,0.0,2.000650475928847,2.000796066465905,1.0001377410324461,0.05359324812013499,0.0536488874262511,0.00037481293229154076,-0.06476096356344412,-0.06490125503038116,-0.0010273598283766184,0.37910135024326563,-0.3782571002773164,-0.0025027816980796942,0.4309351613756523,-0.42897657201353134,-0.004729574268547015,0.0022524870921186014,-0.0022687642237392133,3.099449531501112e-05,68.6658078677892,-0.002354198805561834,0.0020978582185245914,0.00016796829834297413,5403.687537389278,5411.731285570649,5783.842519764806,5774.775101381013,0.0010372142228907985,0.07583257776757381,0.6080481417291498,0
8.081999999999368,2.0,2.0,1.0,0.0,2.0017060396513537,2.0018526713373626,1.0001450307825686,0.05211008102655475,0.052159217933685435,0.0003560340380137811,-0.06351142387850625,-0.06364443150889522,-0.001004464152216707,0.37175902071462685,-0.37095872754647663,-0.0024069525921696783,0.43333376321545924,-0.43139476186026027,-0.0047125581661013926,0.001963434153209502,-0.0019806764138570595,3.058091170847661e-05,68.66585329775228,-0.0023325452464382427,0.0020786554939531267,0.00016675597232740464,5403.686822381366,5411.728200230793,5783.841214344973,5774.7871462998155,0.002522696236998898,0.07373039617609563,0.6114540395736074,0
8.101999999999375,2.0,2.0,1.0,0.0,2.0027318537413032,2.00287939728091,1.0001519446768181,0.05061923902127899,0.050661942495317816,0.0003372344382927443,-0.06223767133708079,-0.062363412736585404,-0.0009807693451269008,0.3642753712066252,-0.363518903088078,-0.0023111977923972174,0.43540285017813474,-0.43348454728693697,-0.004693600568250252,0.0016771533956980787,-0.0016953330085417995,3.0198716270366333e-05,68.66590441060687,-0.0023094754443746686,0.002058193483000039,0.00016542410347349706,5403.68606791753,5411.7251178693095,5783.83984608781,5774.800186036063,0.0039720323198581785,0.07161741061752117,0.6143947245290963,0
8.121999999999382,2.0,2.0,1.0,0.0,2.003727777101901,2.003876104618643,1.0001584826345662,0.04912184781556338,0.049158190403793954,0.00031844439374536084,-0.06094098646840676,-0.061059484258969565,-0.0009563357194174616,0.356657916158708,-0.35594510867411155,-0.0022157210338534425,0.4371457072427899,-0.43524918185763206,-0.004672655523305606,0.0013938165179406012,-0.0014129054322090892,2.9846428393032767e-05,68.66596102828844,-0.002285028988942689,0.002036507299658381,0.00016397536925489837,5403.68527269898,5411.7220392560985,5783.83841443477,5774.814193505748,0.005380113928308885,0.06949521583118463,0.6168748201670109,0
8.141999999999388,2.0,2.0,1.0,0.0,2.0046936910238986,2.0048426761306555,1.0001646451759998,0.047619021504744855,0.0476490792289992,0.0002996937534258477,-0.05962264714778952,-0.05973392887488743,-0.0009312239836912643,0.3489141537493967,-0.34824481065695606,-0.0021207198555465035,0.4385658131501507,-0.4366921124539751,-0.004649686253289887,0.001113590311406832,-0.0011335602292823059,2.9522556812615553e-05,68.6660229625363,-0.0022592458688679862,0.0020136324059622976,0.00016241251991964666,5403.684435194462,5411.718964724557,5783.836918573908,5774.829140894244,0.006746062226827339,0.06736539005146959,0.6188992237327416,0
8.161999999999395,2.0,2.0,1.0,0.0,2.0056294989460466,2.005779016813347,1.0001704334130221,0.046111861914028926,0.046135714162803175,0.00028101187611620954,-0.05828392769010627,-0.05838802572766916,-0.000905495066813212,0.34105156056640684,-0.34042545465652974,-0.002026385218185827,0.4396668347505785,-0.4378169736527026,-0.004624664954409012,0.0008366366146833111,-0.0008574590179565805,2.922560353639123e-05,68.66609001566789,-0.002232166436131735,0.0019896045806765336,0.00016073837527499446,5403.683553663702,5411.715894197054,5783.8353574642815,5774.844999708393,0.008069531663037385,0.0652294940817792,0.6204730981750015,0
8.181999999999402,2.0,2.0,1.0,0.0,2.006535126202677,2.0066850536248357,1.0001758490386148,0.04460145796371331,0.044619187383348684,0.00026242755532407354,-0.056926097960157504,-0.057023049413270264,-0.0008792099461756386,0.33307758637803914,-0.33249446034610686,-0.0019329011525434504,0.4404526213014086,-0.43862758205339913,-0.004597572578106809,0.0005631122718452336,-0.0005847584483019778,2.895406768511069e-05,68.66616198135962,-0.0022038313703359818,0.0019644598882310057,0.00015895582138279496,5403.682626180914,5411.71282721099,5783.83372986044,5774.861740829001,0.009350333648390772,0.06308907039623472,0.6216018641017359,0
8.201999999999408,2.0,2.0,1.0,0.0,2.007410519758806,2.007560735217876,1.0001808943147426,0.043088885054006786,0.04310057743904246,0.00024396894810082913,-0.055550422500258705,-0.0556402691057631,-0.0008524294806587976,0.3249996490081483,-0.3244592163392107,-0.0018404444384834925,0.4409271987186268,-0.43912793056136457,-0.004568398593912982,0.0002931690951653331,-0.00031561016467295157,2.870644924179976e-05,68.66623864543163,-0.002174281643361605,0.0019382346479138429,0.00015706780717248298,5403.681650658225,5411.709762945305,5783.832034336894,5774.8793345635795,0.01058835411589505,0.060945642269352965,0.622291191672178,0
8.221999999999415,2.0,2.0,1.0,0.0,2.0082556479331477,2.0084060316606727,1.000185572058878,0.04157520446958591,0.0415809486523888,0.00022566350778052403,-0.05415815967543363,-0.05424094770055204,-0.0008252142486326433,0.31682512931685275,-0.31632707517978287,-0.001749184314657426,0.4410947637878683,-0.43932218263049794,-0.004537140735313649,2.6953832117796462e-05,-5.016077239136465e-05,2.848125269855479e-05,68.66631978663395,-0.002143558484342941,0.0019109654033464772,0.00015507734097883682,5403.680624868989,5411.706700247339,5783.830269312478,5774.897750699206,0.011783527827664913,0.05880071293393656,0.6225469924355483,0
8.241999999999422,2.0,2.0,1.0,0.0,2.0090705001094427,2.0092209341459917,1.0001898856292246,0.0400614628040155,0.0400613505437908,0.00020753792072321302,-0.052750560836569184,-0.052826340975664965,-0.0007976243913351391,0.3085613662890407,-0.3081053484378256,-0.0016592822187737862,0.4409596783396778,-0.43921466647105284,-0.0045038047298865715,-0.00023539186336096678,0.00021144819134040848,2.827699059376511e-05,68.6664051774315,-0.002111703344977818,0.0018826888922576362,0.00015298748701166064,5403.679546470864,5411.70363765996,5783.828433074513,5774.916958555385,0.012935828358180258,0.05665576476739629,0.6223754111174266,0
8.261999999999428,2.0,2.0,1.0,0.0,2.0098550864364877,2.0100054546889665,1.00019383890872,0.038548691404143166,0.03854281727542748,0.00018961804713322656,-0.05132886950185743,-0.051397696771449584,-0.000769719461931969,0.30021565223258256,-0.2998013019124972,-0.0015708915582634542,0.4405264633939209,-0.438809869227057,-0.004468404014951237,-0.0004937314554023963,0.0004690802823391592,2.8092186932494184e-05,68.66649458478591,-0.002078757865198336,0.0018534420165713156,0.00015080136176467754,5403.678413028606,5411.700573448808,5783.826523802704,5774.9369270367815,0.014045263462325637,0.05451225850671251,0.6217828173600372,0
8.281999999999435,2.0,2.0,1.0,0.0,2.0106094375172794,2.010759625814008,1.0001974362878996,0.0370379058345616,0.03702636711529923,0.0001719288660083366,-0.04989432055684442,-0.049956254188994874,-0.0007415582805326425,0.29179522808809166,-0.29142215094460183,-0.001484157511078932,0.43979979327819274,-0.43811243112814535,-0.004430959439988913,-0.0007479335465675291,0.0007226041701955763,2.7925380483636725e-05,68.6665877709316,-0.0020447638392244436,0.0018232618128281128,0.0001485221303710105,5403.677222036511,5411.69750562962,5783.824539592688,5774.957624685716,0.015111872590063097,0.052371632492235067,0.6207757974331524,0
8.301999999999442,2.0,2.0,1.0,0.0,2.0113336040876657,2.011483500231211,1.0002006826467065,0.03553010536221718,0.035513001921517885,0.00015449442426025006,-0.048448139473380954,-0.04850324280756533,-0.0007131987954161541,0.2833072788518748,-0.28297505584026583,-0.001399216856285175,0.4387844897250092,-0.43712713962049665,-0.004391498957088707,-0.0009978718940980682,0.0009718936549336443,2.777512794742699e-05,68.66668449414402,-0.002009763182015134,0.0017921854229554222,0.00014615300291242534,5403.675970940415,5411.694431995465,5783.82247847915,5774.979019734286,0.01613572535403539,0.05023530194051902,0.6193611459100155,0
8.321999999999449,2.0,2.0,1.0,0.0,2.0120276566849125,2.012177150502674,1.000203583335329,0.03402627246122727,0.03400370664690224,0.00013733779003542525,-0.04699154154775384,-0.04703988192133202,-0.0006846979506936616,0.27475892911368266,-0.27446711740748325,-0.0013161978340234311,0.4374855159525111,-0.43585892348151767,-0.004350057300672784,-0.0012434254220990318,0.0012168276796236054,2.7640006988199664e-05,68.66678450949817,-0.0019737978961452767,0.0017602500654036815,0.00014369723068990381,5403.674657159206,5411.691350143871,5783.820338458443,5775.001080156043,0.01711692045519058,0.04810465824639885,0.6175458573207426,0
8.341999999999455,2.0,2.0,1.0,0.0,2.0126916853065917,2.0128406686991385,1.0002061441541514,0.03252737233795346,0.03249944886392445,0.00012048101024975115,-0.045525731158259336,-0.0455673797956565,-0.0006561115606048384,0.26615723871069136,-0.26590537260711333,-0.001235220034356255,0.4359079707333632,-0.4343128469228435,-0.004306675657746738,-0.0014844782297080252,0.0014572903389981813,2.751861912753761e-05,68.66688756961501,-0.0019369100391263628,0.0017274930066650237,0.00014115810246273503,5403.673278105769,5411.688257503711,5783.818117510657,5775.023773717056,0.018055584841673807,0.045981068314519744,0.6153371177932265,0
8.361999999999462,2.0,2.0,1.0,0.0,2.013325799060185,2.0134741660473394,1.0002083713329022,0.03103435247636256,0.031001178310036733,0.0001039450723385312,-0.044051901042458576,-0.04408693294316919,-0.0006274941906270124,0.2575091984990587,-0.25729679031976943,-0.001156394314432527,0.4340570824564496,-0.4324941036861764,-0.0042614013299121165,-0.0017209195953122698,0.001693170884132839,2.7409592493050368e-05,68.66699342539442,-0.00189914169118449,0.001693951533186416,0.00013853894066343078,5403.671831207341,5411.6851513617485,5783.815813621067,5775.047068026332,0.01895187299123972,0.04386587392057596,0.612742296677219,0
8.381999999999469,2.0,2.0,1.0,0.0,2.013930125803834,2.014077772568501,1.0002102715090821,0.029548142203692198,0.029509826453393423,8.77498702105804e-05,-0.04257123159434649,-0.042599725419868485,-0.0005988990455340036,0.24882172624429252,-0.24864826722999164,-0.0010798227433461653,0.4319382031859122,-0.43040801113640775,-0.004214287388363961,-0.0019526439768687133,0.0019243637232375873,2.7311584419252887e-05,68.66710182673236,-0.0018605349235200394,0.001659662923696447,0.0001358430975956782,5403.670313925169,5411.682028888818,5783.813424800875,5775.07093058543,0.019805966260412766,0.041760391102559566,0.6097689381717264,0
8.401999999999475,2.0,2.0,1.0,0.0,2.0145048117786097,2.0146516367083613,1.000211851705758,0.028069652276422802,0.028026306078968343,7.19141743813473e-05,-0.04108489018163343,-0.041106928141440825,-0.0005703778645384614,0.24010166263151608,-0.23996662382889075,-0.00100559857399996,0.42955680272201785,-0.4280600043564265,-0.00416539232308035,-0.0021795510083819185,0.0021507684186283875,2.722328389746293e-05,68.6672125232209,-0.001821131767064433,0.0016246644219567305,0.00013307395162255177,5403.668723773486,5411.678887165504,5783.810949107253,5775.095328837217,0.020618072269538924,0.0396659095824082,0.6064247529482725,0
8.421999999999482,2.0,2.0,1.0,0.0,2.015050021232739,2.015195924959147,1.0002131193088069,0.026599774486543548,0.026551510895052356,5.645560625330845e-05,-0.039594030483334854,-0.039609698219995326,-0.0005419808236157961,0.23135576739666078,-0.23125860053642477,-0.0009338062412289394,0.42691846266824907,-0.4254556302479059,-0.004114779687390591,-0.002401545492609952,0.0023722896799300537,2.714341387161215e-05,68.66732526482967,-0.0017809741817519586,0.0015889932099539717,0.00013023490335201967,5403.667058337702,5411.675723207288,5783.80838466258,5775.120230213671,0.02138842430637911,0.037583692218574466,0.6027176097904867,0
8.441999999999489,2.0,2.0,1.0,0.0,2.0155659360381684,2.0157108214738995,1.0002140820436864,0.025139381288084753,0.025086315160101944,4.139061649241339e-05,-0.038099791847836406,-0.03810917832137724,-0.0005137564450739692,0.22259071557944898,-0.22253085394430244,-0.0008645213853834564,0.42402887050896154,-0.42260054164233857,-0.0040625177390869495,-0.0026185373900567237,0.0025888373535791023,2.7070733378136353e-05,68.6674398025667,-0.0017401040263216466,0.0015526863815462772,0.00012732937182668495,5403.665315291807,5411.672533989048,5783.805729672854,5775.1456021826325,0.02211728073815852,0.03551497449024566,0.5986555272411638,0
8.461999999999495,2.0,2.0,1.0,0.0,2.016052755299889,2.016196527673567,1.000214747951824,0.023689325443875475,0.02363157332989515,2.673446744645794e-05,-0.03660329867159438,-0.03660649604322019,-0.00048575151443127257,0.2138130938989891,-0.213789953180449,-0.000797810900523012,0.4208938137018595,-0.41950049142648405,-0.00400867907921936,-0.0028304418043201647,0.0028003264086895368,2.7004039528037816e-05,68.66755588911778,-0.0016985630286661167,0.0015157809165727502,0.00012436079072460538,5403.66349241493,5411.669316468905,5783.80298244523,5775.171412293431,0.02280492442613103,0.03346096401426306,0.5942466652732042,0
8.481999999999502,2.0,2.0,1.0,0.0,2.0165106949584137,2.0166532618472566,1.0002151253666909,0.022250439692470775,0.02218811972493732,1.2501219536203603e-05,-0.03510565979860368,-0.035102763313866,-0.00045801100461741737,0.2050293972526258,-0.2050423763958073,-0.000733733006325651,0.4175191737894719,-0.4161613266863307,-0.003953340289684629,-0.0030371789638611825,0.0030066769193483017,2.694216933013397e-05,68.667673279463,-0.001656392756740217,0.0014783136554444333,0.00012133260457787576,5403.661587607018,5411.666067611306,5783.80014140466,5775.197628221329,0.023451662139099518,0.03142284009628858,0.5894993169884507,0
8.501999999999509,2.0,2.0,1.0,0.0,2.016939987385818,2.017081258746061,1.0002152228896515,0.020823536435179597,0.020756768218045223,-1.296278458209799e-06,-0.03360796794075582,-0.033599075812273,-0.0004305780075096921,0.19624602533863478,-0.19629450737418294,-0.0006723373427765772,0.41391092053373113,-0.41258898287359635,-0.003896581570691508,-0.003238674200263911,0.003207814043405776,2.6884001354813592e-05,68.66779173146925,-0.0016136345900479986,0.0014403212742247272,0.00011824826501557707,5403.65959890363,5411.662784409309,5783.797205109583,5775.224217810706,0.024057823963812414,0.0294017533185564,0.5844219003462513,0
8.521999999999515,2.0,2.0,1.0,0.0,2.0173408809757367,2.017480769170854,1.0002150493656592,0.019409407443110472,0.019338311942024646,-1.4646395301889104e-05,-0.03211129911918894,-0.03209651240901408,-0.00040349367278788876,0.18746927940323604,-0.18755263226571509,-0.0006136650866619279,0.4100751060776653,-0.40878947799871546,-0.0038384863791506977,-0.003434857923056853,0.0034036679978331746,2.682845723820015e-05,68.66791100645747,-0.001570329691717363,0.001401840260212002,0.00011511122703738319,5403.657524489789,5411.659463906011,5783.794172266639,5775.251149116897,0.024623762711028136,0.027398825167817335,0.5790229499309605,0
8.541999999999522,2.0,2.0,1.0,0.0,2.0177136397277264,2.0178520595544627,1.0002146138588763,0.018008823584138772,0.017933523017343175,-2.753871949706671e-05,-0.030616712126716496,-0.030596134628448766,-0.0003767971540627455,0.17870535911229748,-0.1788229364444596,-0.0005577490888601654,0.40601785913814625,-0.4047689068541762,-0.0037791410690039503,-0.003625665591168969,0.0035941740307231197,2.677450302690071e-05,68.66803086974406,-0.0015265189811779717,0.0013629068880326829,0.00011192494532410648,5403.655362712882,5411.6561032150785,5783.791041744414,5775.278390446675,0.025149853316633723,0.025415147709176942,0.5733111087631522,0
8.561999999999529,2.0,2.0,1.0,0.0,2.0180585428263815,2.018195411538611,1.000213925628288,0.016622534569687007,0.016543152299686843,-3.996405786503269e-05,-0.029125248011405196,-0.02909898613213523,-0.00035052556222406957,0.16996035954799255,-0.17011150149047113,-0.0005046140313939774,0.4017453792335309,-0.4005334352719927,-0.0037186345344704676,-0.0038110376810973658,0.0037792723899921312,2.672115036402685e-05,68.66815109115541,-0.0014822431074503406,0.0013235571962612197,0.00010869287059107576,5403.653112094613,5411.652699540337,5783.787812586135,5775.305910397282,0.025636492237553054,0.02345178331506998,0.5672951201573849,0
8.581999999999535,2.0,2.0,1.0,0.0,2.018375884215605,2.018511121546033,1.0002129941033848,0.015251268721195721,0.01516792914727685,-5.191443062988504e-05,-0.027637929581351757,-0.027606092223535536,-0.0003247139259298479,0.16124026833060223,-0.1614243022966466,-0.00045427660318001894,0.3972639309499608,-0.396089294419016,-0.0036570578571500727,-0.003990919651852284,0.003958908288875616,2.66674575181981e-05,68.66827144551478,-0.001437542423065528,0.0012838269645685247,0.00010541844599031018,5403.650771341936,5411.649250194373,5783.784484021357,5775.33367789398,0.02608409684243261,0.02150976446479694,0.5609838196398329,0
8.601999999999542,2.0,2.0,1.0,0.0,2.0186659721684204,2.0187995003481447,1.0002118288599795,0.013895732756150823,0.01380856120780948,-6.33830631226393e-05,-0.026155760930697554,-0.026118459374046984,-0.00029939515913158013,0.152550962865533,-0.15276720430052035,-0.0004067456933921842,0.39257983824999104,-0.3914427751336956,-0.0035945039578828574,-0.004165261906767384,0.0041330318682845455,2.6612530256525133e-05,68.66839171310113,-0.0013924569586166512,0.0012437516914139408,0.0001021051035669096,5403.648339357036,5411.645752616106,5783.781055476604,5775.361662226076,0.02649310479724973,0.019590093641248238,0.5543861269166773,0
8.621999999999549,2.0,2.0,1.0,0.0,2.0189291288527227,2.019060872628677,1.0002104395962284,0.012556611593520986,0.012465734224870583,-7.436437422944063e-05,-0.024679726986901965,-0.024637074770378714,-0.00027460003553630595,0.14389820771554226,-0.14414596084109668,-0.00036202260133628435,0.3876994788271188,-0.3866002223078261,-0.003531067254224312,-0.004334019752246926,0.004301598156093923,2.6555522563909434e-05,68.66851168007926,-0.001347026397957974,0.0012033665722865244,9.875626077513756e-05,5403.645815246281,5411.642204387354,5783.7775265849405,5775.3898330814,0.02686397344610967,0.01769374337261084,0.5475110379141631,0
8.641999999999555,2.0,2.0,1.0,0.0,2.019165689893349,2.0192955765436404,1.000208836108915,0.011234568178446284,0.011140111863664011,-8.485396171486571e-05,-0.02321079307927873,-0.023162905883275797,-0.00025035716985577147,0.1352876520980683,-0.13556621064070137,-0.000320101261719947,0.38262927850970996,-0.3815680293167228,-0.003466843324351532,-0.004497153353525749,0.004464567023448214,2.6495637211317497e-05,68.66863113890064,-0.0013012900540621947,0.0011627064785086022,9.537531705937509e-05,5403.643198328169,5411.638603248276,5783.7738971944955,5775.418160579159,0.02719717918755367,0.015821656508909685,0.5403676168819886,0
8.661999999999562,2.0,2.0,1.0,0.0,2.01937600393085,2.019503963278022,1.0002070282700632,0.009930243326007455,0.009832335555881104,-9.484858455632394e-05,-0.02174990452877986,-0.0216969000575779,-0.00022669300570616967,0.12672482750747396,-0.12703347541171586,-0.00028096848419116403,0.377375705717704,-0.3763526325011762,-0.0034019285781733593,-0.004654627687534376,0.004621903138169575,2.64321261751296e-05,68.66874988867505,-0.001255286845536321,0.0011218059365972958,9.196565050467049e-05,5403.640488140302,5411.634947111758,5783.770167375918,5775.4466153012045,0.027493216846767112,0.013974746911881865,0.532964988578064,0
8.681999999999569,2.0,2.0,1.0,0.0,2.0195604321773475,2.019686396599585,1.000205026003933,0.008644255583894856,0.008543024363528091,-0.00010434614243007489,-0.020297986259008437,-0.020239984123584263,-0.00020363180999103753,0.11821514546192813,-0.118553157588038,-0.0002446042060123841,0.3719452659754026,-0.37096050570445427,-0.00333641993637229,-0.004806412492931397,0.004773575915329156,2.6364290911602432e-05,68.66886773551252,-0.0012090552738142017,0.0010806991082072301,8.853061456178653e-05,5403.637684445311,5411.631234076669,5783.766337428795,5775.475168321623,0.027752599044108366,0.012153900937269976,0.5253123305199485,0
8.701999999999575,2.0,2.0,1.0,0.0,2.0197193479698514,2.0198432524101517,1.0002028392644586,0.007377201113783535,0.0072727748615158,-0.0001133456524936792,-0.018855942428410894,-0.018793064029679125,-0.0001811956735914631,0.10976389537454788,-0.11013053818092773,-0.00021098175673357086,0.3663444964835424,-0.3653981548675271,-0.0032704145180607286,-0.004952482217403226,0.00491955946508193,2.6291482489131133e-05,68.66898449283555,-0.0011626334010255866,0.0010394197706489897,8.507353485095009e-05,5403.634787235817,5411.627462440007,5783.7624078869785,5775.503791234699,0.027975855560398537,0.010359980583787037,0.517418865332398,0
8.721999999999582,2.0,2.0,1.0,0.0,2.019853136321407,2.0199749182947464,1.0002004780131768,0.006129653591210979,0.006022161038806427,-0.00012184722361297602,-0.017424656083594482,-0.01735702449616264,-0.00015940451816661504,0.10137624254838008,-0.10177077475886906,-0.00018006813372811723,0.360579960753752,-0.35967211268558946,-0.003204009337688575,-0.005092815962300944,0.0050598325378406585,2.6213101582566853e-05,68.66909998166145,-0.0011160588285508732,0.00099800129798991,8.159770604858972e-05,5403.631796738407,5411.623630707896,5783.758379522894,5775.532456181175,0.028163532699431188,0.008593830547053271,0.509293853173319,0
8.741999999999589,2.0,2.0,1.0,0.0,2.0199621934704455,2.0200817930689605,1.0001979521977014,0.004902164123743507,0.004791734217900804,-0.0001298520281855554,-0.016004988833702476,-0.015932728690210465,-0.00013827610887844863,0.09305722629467324,-0.09347889955099933,-0.00015182428745891805,0.35465824330840845,-0.353788933328876,-0.003137301011792223,-0.005227397424705936,0.005194378466867107,2.6128598333348973e-05,68.66921403085509,-0.0010693686762659397,0.0009564766427490622,7.810638886086496e-05,5403.628713416602,5411.619737605473,5783.754253350809,5775.561135872846,0.02831619264817609,0.006856295753564259,0.5009465842540087,0
8.761999999999595,2.0,2.0,1.0,0.0,2.0200469264286878,2.0201642863249036,1.0001952717307807,0.003695261187206727,0.0035820229924400366,-0.0001373622717142368,-0.014597780545750736,-0.014521017921872064,-0.00011782607280159756,0.08481175817382076,-0.08525981767348656,-0.0001262054153485214,0.3485859444487927,-0.34775518723066523,-0.003070385476129164,-0.005356214837000216,0.005323185108367938,2.6037472080089384e-05,68.669326477352,-0.0010225995624845293,0.0009148783181876027,7.460280708776995e-05,5403.625537972907,5411.615782085596,5783.75003062908,5775.589803615465,0.02843441283513268,0.005148272754403756,0.4923863714577013,0
8.781999999999602,2.0,2.0,1.0,0.0,2.0201077525279785,2.020222817976112,1.0001924464699918,0.0025094505797456667,0.0023935331826848683,-0.00014438116028663215,-0.013203849060836118,-0.01312271136101263,-9.806792281610979e-05,0.07664462035833401,-0.07711830547827564,-0.0001031612631373909,0.34236967509435906,-0.3415774559452625,-0.0030033577136946055,-0.0054792609040344555,0.005446244779180722,2.5939270963844627e-05,68.66943716635228,-0.0009757875845991524,0.0008732383811938017,7.109014478098669e-05,5403.622271349887,5411.611763336459,5783.745712861401,5775.618433329969,0.028518785287336507,0.0034709061105488194,0.4836225430506049,0
8.801999999999609,2.0,2.0,1.0,0.0,2.0201450989663914,2.020257817801753,1.0001894861981038,0.0013452153934707476,0.0012267478086272383,-0.00015091286611825736,-0.01182398993109592,-0.011738605775073609,-7.901308673843963e-05,0.06856046411703208,-0.06905900902344127,-8.263643262671325e-05,0.33601605169583054,-0.3352623270786875,-0.002936311494070463,-0.005596532737968392,0.005563554192130638,2.583359141334435e-05,68.6695459514853,-0.0009289683004284695,0.0008315884157781884,6.757154349878022e-05,5403.61891473034,5411.607680788055,5783.741301797058,5775.64699957201,0.028569915986470695,0.00182682493248872,0.4746644355064556,0
8.821999999999615,2.0,2.0,1.0,0.0,2.02015940235396,2.020269724990487,1.0001864006041523,0.00020301600343629209,8.212708047834042e-05,-0.00015696249131802068,-0.010458976177292776,-0.010369475287528155,-6.067094145382389e-05,0.06056380841965037,-0.061086442664356276,-6.457069471800246e-05,0.3295316912247182,-0.32881638929465307,-0.0028693391245100315,-0.005708031790883843,0.005675114389145069,2.5720077514407366e-05,68.66965269494592,-0.0008821767102670194,0.0007899595171690178,6.405009966062654e-05,5403.615469536542,5411.60353411751,5783.7367994302485,5775.675477549832,0.028588424224571227,0.0002694393784878151,0.46552138643043917,0
8.841999999999622,2.0,2.0,1.0,0.0,2.020151108258372,2.0202589876843304,1.0001831992652537,-0.0009167099263109212,-0.0010398915937301734,-0.00016253603003380914,-0.009109558066879398,-0.009016071156886667,-4.304885179035804e-05,0.05265903866095235,-0.05320498776476873,-4.8899306679881726e-05,0.32292320624179527,-0.32224622739836883,-0.0028025312131150924,-0.005813763785234853,0.005780930672218262,2.559842026983498e-05,68.66975726760253,-0.0008354472396501021,0.0007483822765160747,6.052886200431149e-05,5403.611937428659,5411.599323253335,5783.732207998446,5775.703843140482,0.028574941959788193,0.0013957612893209233,0.45620272759555586,0
8.861999999999629,2.0,2.0,1.0,0.0,2.0201206707509765,2.0202260625228483,1.0001798916291964,-0.002013547419883159,-0.0021388935837054535,-0.00016764032913840857,-0.007776462912397593,-0.007679121576092915,-2.6152213897008168e-05,0.0448504055033507,-0.04541889152688183,-3.555333259332184e-05,0.31619720004690677,-0.3155584175005689,-0.002735976444416419,-0.005913738642245849,0.005881012532291548,2.5468356753885965e-05,68.66985954907739,-0.0007888137228232134,0.0007068867662122732,5.701082914759341e-05,5403.6083203022645,5411.595048378565,5783.727529979874,5775.732072904377,0.028530113172674645,0.0029423361899157817,0.44671777809575414,0
8.881999999999636,2.0,2.0,1.0,0.0,2.020068551953425,2.020171414188029,1.0001764869978296,-0.003087104150183387,-0.00321448699589338,-0.0001722830476119861,-0.006460394890033378,-0.006359331492147707,-9.984502845745123e-06,0.03714202383702779,-0.03773226593934036,-2.445996594975529e-05,0.3093602619124506,-0.30875952226410364,-0.0026697613676227834,-0.006007970408320864,0.00597537357615901,2.5329669167940678e-05,68.66995942780001,-0.0007423093869290979,0.0006655025258202863,5.349894725670362e-05,5403.604620285066,5411.590709932845,5783.722768090084,5775.760144098264,0.02845459322346293,0.00446013678370312,0.4370758376138332,0
8.901999999999642,2.0,2.0,1.0,0.0,2.0199952215852797,2.020095514950147,1.0001729945112798,-0.004137010383303789,-0.004266302616208661,-0.00017647261478131087,-0.005162034878156061,-0.005057382445771154,5.452675794096222e-06,0.029537871856402987,-0.030149086842065177,-1.554285340201773e-05,0.3024189624027147,-0.30185608623529686,-0.002603970197758735,-0.006096477179564792,0.006064031451472478,2.518218380228464e-05,68.67005680103414,-0.0006959668369027557,0.0006242585486155766,4.999610782327262e-05,5403.600839732827,5411.586308613437,5783.717925277727,5775.788034686552,0.02834904821077678,0.005945362521192461,0.4272861798105139,0
8.921999999999649,2.0,2.0,1.0,0.0,2.0199011565129132,2.01999884421496,1.000169423133011,-0.00516291890698595,-0.005293993836791476,-0.00018021818756881018,-0.0038820403156464957,-0.003773932430919197,2.015953069034736e-05,0.022041790251826506,-0.0226731931067459,-8.722418695683783e-06,0.2953798487811975,-0.2948546312622116,-0.00253868462986727,-0.0061792810244957995,0.00614700776992996,2.502576990999536e-05,68.67015157487914,-0.0006498180410825954,0.0005831832687436237,4.6505145551346654e-05,5403.596981224545,5411.581845375245,5783.713004719466,5775.815723351116,0.028214154332244366,0.007396930510639512,0.41735804583878205,0
8.941999999999656,2.0,2.0,1.0,0.0,2.019786840300007,2.0198818880725278,1.000165781635753,-0.00616450494344502,-0.006297236567094866,-0.00018352960690767948,-0.0026210450798117057,-0.0025096157739355708,3.4138026047735004e-05,0.014657481515184935,-0.015308285931757159,-3.916185837875217e-06,0.28824944050789447,-0.287761652001837,-0.002473983666410192,-0.006256407905043228,0.006224328028738111,2.4860338498442996e-05,68.67024366424637,-0.0006038943175285748,0.0005423045489913403,4.30288363556204e-05,5403.59304755688,5411.577321429794,5783.708009814152,5775.843189499521,0.028050597247425316,0.008814192685454891,0.4073006379828131,0
8.961999999999662,2.0,2.0,1.0,0.0,2.0196527627599634,2.019745138847999,1.0001620785883067,-0.007141466046867233,-0.0072757291296132376,-0.00018641735347360894,-0.001379659383668767,-0.0012650430321408442,4.7391819762033734e-05,0.007388509358229746,-0.00805792825018206,-1.039100592122513e-06,0.2810342248284804,-0.280583611518141,-0.0024099434579563737,-0.006327887595901806,0.006296021530439512,2.468584104490899e-05,68.67033299281165,-0.0005582263210547007,0.0005016496691701748,3.9569895472029806e-05,5403.589041737924,5411.572738243275,5783.702944176247,5775.8704132717585,0.02785907144351657,0.01019664273649598,0.3971231134247342,0
8.981999999999669,2.0,2.0,1.0,0.0,2.019499419510538,2.0195890946546284,1.0001583223432398,-0.00809352198589596,-0.00822919214057004,-0.00018889250288314227,-0.0001584696923755298,-4.0800911608348395e-05,5.9926198696311596e-05,0.00023829824214356905,-0.0009255442495982581,-3.849420839918475e-09,0.2737406524571778,-0.273326936972807,-0.0023466371572067263,-0.006393753602343394,0.006362121301173326,2.4502268141573168e-05,68.6704194929444,-0.0005128440309691369,0.0004612453151149778,3.61309756813866e-05,5403.584966980286,5411.568097533636,5783.697811628541,5775.897375545504,0.027640279604235412,0.011543846057542799,0.38683457814797906,0
9.001999999999676,2.0,2.0,1.0,0.0,2.0193273115309776,2.0194142589493578,1.000154521025486,-0.009020414611429434,-0.009157368375888337,-0.0001909666805044028,0.0010419613414340244,0.0011625477960914878,7.174801135052236e-05,-0.006789866982949334,0.006085580997831471,-7.211750316712611e-07,0.2663751333550208,-0.26599801541039975,-0.0022841347863649555,-0.006454043076568739,0.00642266400748144,2.430964807586541e-05,68.67050310561467,-0.0004677767395161346,0.00042111756829139033,3.2714665646504366e-05,5403.580826693594,5411.563401266781,5783.692616194223,5775.924057939942,0.027394931982311868,0.012855416897435582,0.37644408096931026,0
9.021999999999682,2.0,2.0,1.0,0.0,2.0191369447219656,2.0192211400912283,1.0001506825218496,-0.009921907710057222,-0.01006002262277373,-0.00019265201602551883,0.0022210949236534435,0.0023444642584417256,8.286559820722367e-05,-0.013692841330078089,0.0129723017964278,-3.100187719898586e-06,0.2589440326051215,-0.2586031896395904,-0.0022225031178234496,-0.006508796732675242,0.006477689871716335,2.4108045352650184e-05,68.67058378027862,-0.00042305304102617996,0.0003812918960151994,2.932348836326058e-05,5403.576624476389,5411.558651651891,5783.687362088315,5775.9504428181945,0.027123745775990867,0.014131009255424428,0.3659606077111449,0
9.041999999999689,2.0,2.0,1.0,0.0,2.01892882946865,2.0190102509029226,1.0001468144714176,-0.010797786843470169,-0.010936941517245323,-0.00019396109791594324,0.003378416146307099,0.0035044336280758964,9.32887200191351e-05,-0.020467619820600077,0.01973161198078267,-7.0486717363569565e-06,0.2514536663864549,-0.25114875421199084,-0.002161805568096434,-0.0065580587603334545,0.006527242586161452,2.389755916375362e-05,68.67066147474388,-0.0003787008217639286,0.0003417931422766285,2.5959899725516123e-05,5403.572364107501,5411.553851135914,5783.682053708539,5775.976513288399,0.026827444509947694,0.015370312663578665,0.35539307551117183,0
9.061999999999696,2.0,2.0,1.0,0.0,2.018703480207039,2.0187821082357016,1.000142924256889,-0.011647859174182285,-0.01178793336795572,-0.00019490692791999443,0.0045134339970171675,0.004641965050696511,0.000103028484304095,-0.02711133752406283,0.026360644963843657,-1.2473385948599744e-05,0.24391029804755823,-0.2436409515000287,-0.002102102104895937,-0.006601876737264802,0.006571369225931165,2.3678321810355463e-05,68.67073615501542,-0.00033474725046857615,0.00030264551917144123,2.2626287203659465e-05,5403.568049536902,5411.549002397288,5783.676695625642,5776.002253203475,0.026506757421003307,0.01657304996491284,0.3447503272715238,0
9.081999999999702,2.0,2.0,1.0,0.0,2.0184614149940243,2.018537232538014,1.0001390189968051,-0.012471953277909006,-0.012612827966644907,-0.00019550287571240666,0.005625681350615691,0.0057565916550882355,0.00011209727033076837,-0.03362126949434289,0.032856673680970234,-1.9280358102312186e-05,0.236320134281469,-0.23608596787522126,-0.0020434491672113725,-0.006640301540582088,0.006610120160744708,2.345049708520602e-05,68.67080779512312,-0.0002912187695895556,0.00026387259893172275,1.9324968636544817e-05,5403.563684876143,5411.544108338877,5783.671292573224,5776.02764715963,0.026162418849018203,0.017738975992343437,0.3340411262549998,0
9.101999999999709,2.0,2.0,1.0,0.0,2.0182031550813018,2.018276147428045,1.0001351055386867,-0.013269918942950322,-0.013411476385579185,-0.0001957626338433412,0.006714714943185155,0.0068478705255177325,0.0001205086528449939,-0.0399948306037568,0.03921711043164668,-2.7375172030024745e-05,0.2286893214031114,-0.22848992998809226,-0.0019858995982197083,-0.006673387257101346,0.006643548965651936,2.321427861928044e-05,68.67087637693227,-0.0002481410872049676,0.0002254973065543949,1.6058191135984353e-05,5403.559274388312,5411.539172080226,5783.66584943712,5776.0526804936535,0.025795167633340638,0.01886787668504936,0.32327415081736505,0
9.121999999999716,2.0,2.0,1.0,0.0,2.017929224493448,2.0179993792704503,1.0001311904530719,-0.014041626956931954,-0.014183750762329087,-0.00019570017309271292,0.007780115328821165,0.007915382656813894,0.00012827732479212336,-0.04622957527684488,0.04543950662059197,-3.66632471948668e-05,0.22102394173025866,-0.22085890115089377,-0.0019295025908217327,-0.0067011910926911555,0.006671712330798679,2.2969888199321813e-05,68.67094188993761,-0.00020553916962315184,0.00018754191302448577,1.2828130103183723e-05,5403.554822477664,5411.534196949141,5783.660371244363,5776.077339279047,0.025405746515167475,0.01995956842828165,0.31245798929724095,0
9.141999999999722,2.0,2.0,1.0,0.0,2.0176401496103935,2.017707456757533,1.0001272800284342,-0.014786968881261102,-0.01492954407224502,-0.00019532969835619164,0.00882148681942218,0.008958732892434495,0.00013541901930852154,-0.0523231971255954,0.05152155240007076,-4.7050109998341746e-05,0.2133300100690839,-0.2131988778241918,-0.001874303645569321,-0.006723773280747762,0.006694669970302674,2.2717574061729518e-05,68.67100433104262,-0.00016343723465655835,0.00015002802913077109,9.636888355895671e-06,5403.550333678896,5411.5291864726505,5783.654863151789,5776.101610321034,0.024994901546167358,0.021013897510732047,0.3016011350417126,0
9.161999999999729,2.0,2.0,1.0,0.0,2.0173364587545395,2.0174009104951036,1.0001233802669816,-0.01550585681365836,-0.015648769888992844,-0.00019466560516922117,0.00983845740781953,0.00997754984583232,0.00014195043121090618,-0.05827352848791415,0.05746107621525458,-5.844165632272352e-05,0.20561347030524624,-0.20551578620828753,-0.001820344540720016,-0.006741196989881319,0.006712484530348258,2.2457609168080103e-05,68.67106370432464,-0.0001218587455653891,0.00011297659985870426,6.486495365222543e-06,5403.545812646123,5411.524144367369,5783.649330434323,5776.1254811505,0.024563381503708653,0.022030739644010148,0.29071198158886824,0
9.181999999999736,2.0,2.0,1.0,0.0,2.0170186817827513,2.017080272593254,1.0001194968813143,-0.016198223139128425,-0.016341362133514472,-0.0001937224369793957,0.010830678674560664,0.010971485805440558,0.00014788913823682228,-0.06407853987117976,0.0632560442544776,-7.074440482048327e-05,0.19788019210133623,-0.19781547894034135,-0.0017676633141280322,-0.006753528230884697,0.0067252214965480405,2.2190289468124254e-05,68.67112002078728,-8.082640566328663e-05,7.640789937018157e-05,3.3789066006114885e-06,5403.541264141589,5411.519074529369,5783.643778472987,5776.148940016951,0.02411193731302124,0.023009999513825406,0.27979881799744777,0
9.201999999999742,2.0,2.0,1.0,0.0,2.01668734968346,2.0167460762622818,1.0001156352919294,-0.016864020269737254,-0.01700727481178205,-0.0001925148432677816,0.011797825678675294,0.011940216623602742,0.00015325352226611317,-0.06973633930275402,0.06890455980632626,-8.386574050515657e-05,0.190135967701437,-0.1901037318979909,-0.001716294256655589,-0.0067608357630724114,0.006732949100672319,2.1915932155277652e-05,68.67117329810091,-4.0362153578527145e-05,4.034152655523034e-05,3.1600298149558144e-07,5403.53669302419,5411.51398102352,5783.638212742653,5776.171975880467,0.023641321476621634,0.023951610345579345,0.26886982432777545,0
9.221999999999749,2.0,2.0,1.0,0.0,2.0163429941790816,2.0163988554139745,1.0001118006255512,-0.01750322037356519,-0.017646481741716916,-0.00019105753861484252,0.0127395968327601,0.012883441589786639,0.00015806269075961687,-0.0752451715893954,0.07440486252553344,-9.771414824008521e-05,0.18238650884344515,-0.18238624111014476,-0.0016662679167648586,-0.006763191000073826,0.006735738226827094,2.1634873919464847e-05,68.67122356033266,-4.871591575120485e-07,4.796401148934054e-06,-2.7004095663018594e-06,5403.532104237783,5411.508868072408,5783.63263879963,5776.194578402793,0.023152287511298046,0.02485553347424669,0.2579330672798693,0
9.241999999999756,2.0,2.0,1.0,0.0,2.0159861473339777,2.01603914426847,1.0001079977142693,-0.018115815093207064,-0.01825897626964586,-0.00018936526280187896,0.01365571376271249,0.013800883288419975,0.00016233639862898384,-0.08060341748751287,0.07975532760961561,-0.00011219943576318746,0.17463744377972712,-0.1746686197755631,-0.0016176111159285234,-0.00676066791513836,0.006733662317138062,2.1347469203341684e-05,68.671270837667,3.877817998350389e-05,-3.0209239582071275e-05,-5.668600450982421e-06,5403.527502799408,5411.503740044867,5783.627062269088,5776.216737937554,0.022645589392964172,0.025721757912505038,0.24699649597569986,0
9.261999999999762,2.0,2.0,1.0,0.0,2.015617341168159,2.0156674769669083,1.0001042310954653,-0.01870181525419437,-0.018844770976670897,-0.00018745274203103515,0.014545921152467754,0.01469228744169336,0.00016609497075021604,-0.08580959278623852,0.0849544648883269,-0.00012723294592761802,0.16689431440657818,-0.16695639538972684,-0.0015703469744772095,-0.006753342946059176,0.006726797277052712,2.105408846523128e-05,68.67131516611764,7.741424128513953e-05,-6.465784360580555e-05,-8.586914654412772e-06,5403.522893787357,5411.49860144414,5783.621488832365,5776.23844551968,0.022121981009677504,0.02655029991347913,0.23606793790527442,0
9.281999999999769,2.0,2.0,1.0,0.0,2.0152371072769206,2.0152843871900505,1.000100505012499,-0.019261250563713625,-0.019403897375328685,-0.00018533465134397515,0.015409986574088028,0.01555742273768802,0.00016935922532989987,-0.09086234730536646,0.0900009178279679,-0.00014272775787940752,0.15916257350287538,-0.15925500698041822,-0.0015244949474832632,-0.006741294899767076,0.00671522138030137,2.0755116454853695e-05,68.67135658723241,0.00011540217944133781,-9.853254633642828e-05,-1.145377287290992e-05,5403.5182823292225,5411.493456895751,5783.615924214221,5776.259692854083,0.021582215623084343,0.027341202525921107,0.22515509502154288,0
9.301999999999776,2.0,2.0,1.0,0.0,2.014845976456611,2.014890407783078,1.0000968234161303,-0.019794169299998558,-0.019936405596918352,-0.00018302557831027412,0.016247700303557943,0.016396080644184012,0.00017215039832331182,-0.09576046381019349,0.09489346245262043,-0.00015859887693388564,0.15144758207822515,-0.1515698024523532,-0.0014800708702637424,-0.006724604856685569,0.006699015173614997,2.0450950505349893e-05,68.6713951477917,0.00015272392798675686,-0.00013181717230449015,-1.426767156158465e-05,5403.513673589904,5411.488311135096,5783.610374170058,5776.280472303653,0.021027045338575287,0.02809453514055996,0.2142655399943154,0
9.321999999999782,2.0,2.0,1.0,0.0,2.0144444783367157,2.014486070386739,1.0000931899666605,-0.020300637992773922,-0.02044236406987657,-0.0001805399880538992,0.01705887512264872,0.017208075208510143,0.00017449006907453653,-0.1005028568453267,0.09963100618441909,-0.00017476341295290547,0.14375460683082378,-0.14390603604110894,-0.0014370870130703118,-0.006703356074911285,0.006678261381270792,2.014199884661227e-05,68.67143089950193,0.0001893622002763967,-0.00016449623629511938,-1.702718288467934e-05,5403.509072759658,5411.483168994854,5783.604844473142,5776.300776876602,0.020457220584411958,0.02881039302693254,0.2034067126215485,0
9.34199999999979,2.0,2.0,1.0,0.0,2.014033141018419,2.0140719050750264,1.00008960803675,-0.020780741095129247,-0.020921859189580477,-0.00017789218967797946,0.017843346107221155,0.01799324284380926,0.00017640008737617499,-0.10508857148959735,0.10421258660501782,-0.00019114074706453823,0.13608881771516076,-0.13626886587650938,-0.0013955521445207738,-0.0066776338943025735,0.006653044809533613,1.9828678943459112e-05,68.67146389868476,0.00022530048987122816,-0.00019655494395764086,-1.97309545744242e-05,5403.504485042149,5411.478035392197,5783.599340901889,5776.320600213245,0.01987348960005872,0.029488896860387553,0.19258591639658718,0
9.361999999999796,2.0,2.0,1.0,0.0,2.013612490719826,2.0136484399995447,1.0000860807148937,-0.021234580647201712,-0.021374994979958397,-0.000175096304140909,0.018600970402333723,0.018751442102086516,0.0001779025021063633,-0.10951678203418126,0.10863737014038242,-0.00020765268660550095,0.1284552856196144,-0.12866335165555154,-0.0013554716033152526,-0.006647525640542862,0.006623452251067381,1.951141586283553e-05,68.6714942059633,0.00026052307034006046,-0.000227979191894687,-2.2377709701065967e-05,5403.499915642623,5411.4729153158805,5783.593869227225,5776.339936572231,0.019276597933971452,0.030130192239205576,0.1818103152374493,0
9.381999999999802,2.0,2.0,1.0,0.0,2.0131830514279905,2.013216201040739,1.0000826108095255,-0.021662275932047496,-0.021801892747289074,-0.00017216623363661067,0.019331626984533497,0.019482553434418123,0.00017901949159751014,-0.11378679058608616,0.11290465067110575,-0.00022422360820462158,0.12085898015391042,-0.12109445242486393,-0.001316847377769851,-0.006613120529248078,0.00658957238939424,1.9190640673987353e-05,68.6715218859463,0.0002950149944817365,-0.0002587555672445165,-2.4966246356773646e-05,5403.49536975619,5411.4678138132585,5783.588435200075,5776.35878081631,0.018667287951068964,0.030734449191948517,0.17108693036737738,0
9.40199999999981,2.0,2.0,1.0,0.0,2.012745344557916,2.012775711466122,1.000079200853715,-0.022063963124080224,-0.022202690726570037,-0.00016911563251858036,0.020035216411707475,0.020186478938704486,0.0001797732958957313,-0.11789802559920298,0.11701384807044019,-0.0002407805889626314,0.11330476754633172,-0.11356702447261845,-0.0012796781926930026,-0.006574509570194777,0.006551495703457231,1.886678888462404e-05,68.6715470069112,0.0003287620929851091,-0.0002888713467549788,-2.7495437256309177e-05,5403.490852556254,5411.462735977261,5783.583044539006,5776.377128397662,0.018046298350100347,0.03130186167526867,0.1604226373783298,0
9.421999999999816,2.0,2.0,1.0,0.0,2.012299888618661,2.012327491595657,1.0000758531104281,-0.022439794930455746,-0.02257754372083484,-0.00016595787980551463,0.020711660560874392,0.020863142095345334,0.00018018615103981606,-0.12185004033508014,0.12096450667225318,-0.0002572535257194185,0.10579740865048859,-0.10608581932972505,-0.0012439596031226152,-0.006531785471733587,0.006509314372377102,1.854029891665228e-05,68.671569640487,0.0003617509725342689,-0.00031831449537208535,-2.996422925730465e-05,5403.486369183116,5411.457686933341,5783.577702918063,5776.3949753428515,0.0174143636911264,0.03183264706248894,0.1498241634366139,0
9.441999999999823,2.0,2.0,1.0,0.0,2.011847198886687,2.0118720584744287,1.0000725695783246,-0.02278994022578015,-0.022926622733798387,-0.00016270605330185936,0.02136090235430636,0.021512487491226574,0.00018028022548722644,-0.12564251125565443,0.12475629367116538,-0.0002735752424349402,0.09834155706138184,-0.09865548188006923,-0.0012096840944374992,-0.006485042545452276,0.006463122180441044,1.821161062470654e-05,68.67158986133808,0.00039396901336668724,-0.00034707366433334364,-3.237164280311688e-05,5403.481924732802,5411.452671826504,5783.5724159548145,5776.412318237461,0.01677221393330864,0.032327045623321886,0.13929808467056903,0
9.46199999999983,2.0,2.0,1.0,0.0,2.0113877870865955,2.011409925552728,1.000069351998048,-0.02311458368051903,-0.023250114596208755,-0.00015937290535700187,0.021982905474360465,0.02213448053240889,0.00018007755881883762,-0.12927523635017119,0.12838899745707558,-0.00028968158574354326,0.09094175734042101,-0.09128054857947102,-0.0011768411883528406,-0.0064343766111634665,0.006413014422424209,1.7881163859896958e-05,68.67160774684966,0.0004254043663011413,-0.0003751381887952015,-3.471677129130236e-05,5403.477524246111,5411.447695808382,5783.567189198672,5776.429154210438,0.01612057398320714,0.032785319995136813,0.12885082374694615,0
9.481999999999836,2.0,2.0,1.0,0.0,2.0109221610793457,2.010941602373678,1.0000662018589874,-0.023413925383482404,-0.023548221586282284,-0.00015597084028411132,0.022577654067417473,0.022729107145905217,0.00017960000280910443,-0.13274813339851368,0.1318625258863754,-0.0003055115087740739,0.08360244334897608,-0.08396544578296954,-0.0011454175543079942,-0.00637988490227415,0.006359087809274733,1.7549397081833815e-05,68.6716233768157,0.0004560459492431145,-0.0004024980849862207,-3.699878037080809e-05,5403.4731726979435,5411.442764024435,5783.562028119467,5776.4454809182025,0.015460163253762312,0.03320775464621105,0.11848864762412181,0
9.501999999999843,2.0,2.0,1.0,0.0,2.010450824558097,2.0104675942685106,1.0000631204064712,-0.023688180458760314,-0.023821161044597167,-0.00015251189345374022,0.023145152437314385,0.02329637347094536,0.00017886916497560188,-0.13606123817322524,0.13517690449209233,-0.0003210071433593444,0.0763279366899766,-0.07671448817996229,-0.0011153971257541345,-0.006321665971601289,0.0063014403742545555,1.721674602128498e-05,68.67163683313042,0.0004858834431761972,-0.00042914404690850704,-3.9216907170862015e-05,5403.468874986921,5411.437881601312,5783.556938096357,5776.461296528584,0.014791695234150568,0.033594655331422474,0.10821766553880487,0
9.52199999999985,2.0,2.0,1.0,0.0,2.0099742767517674,2.0099884020596073,1.0000601086493597,-0.023937578677480614,-0.024069164983819523,-0.00014900771207138788,0.02368542472866284,0.023836305540117356,0.0001779063546867457,-0.13921470258246116,0.1383322746352334,-0.00033611386078834834,0.06912244525699848,-0.06953187733665822,-0.0010867612208506844,-0.00625981959770359,0.006240171379578225,1.688364239525524e-05,68.6716481994838,0.0005149072876590979,-0.00045506744258861303,-4.137045946487977e-05,5403.4646359253065,5411.433053634392,5783.551924407052,5776.476599704608,0.014115877070693937,0.03394634854085422,0.09804382723591801,0
9.541999999999856,2.0,2.0,1.0,0.0,2.0094930121364034,2.009504521771391,1.0000571673680048,-0.0241623640647595,-0.02429247969363283,-0.00014546953764209465,0.024198514600455426,0.024348948950786414,0.0001767325319047786,-0.1422087927561729,0.14132889159965661,-0.0003507803212833967,0.06199006189021114,-0.06242170034522746,-0.0010594886670814547,-0.006194446691776471,0.006175381223619868,1.655051267729533e-05,68.6716575610621,0.0005431086758293741,-0.0004802603098911471,-4.3458814772407376e-05,5403.46046022926,5411.4282851755415,5783.546992217404,5776.491389588177,0.013433409158985504,0.03426318094179124,0.08797292155505136,0
9.561999999999863,2.0,2.0,1.0,0.0,2.0090075201544697,2.0090164443491787,1.00005429712254,-0.024362794502212456,-0.024491365341240412,-0.0001419081901224752,0.024684484890343666,0.02483436852718391,0.00017536825863633085,-0.14504388707778088,0.1441671226326908,-0.00036495851241108245,0.054934763138483486,-0.05538792857896938,-0.0010335559293058617,-0.006125649205184815,0.006107171348746214,1.621777692389815e-05,68.67166500425414,0.0005704795489358271,-0.0005047153519058194,-4.5481419402374504e-05,5403.456352509482,5411.423581221132,5783.542146571386,5776.505665783699,0.012744984747442052,0.034545518814595465,0.07801057552044915,0
9.58199999999987,2.0,2.0,1.0,0.0,2.0085182849421264,2.008524655386056,1.0000514982614706,-0.024539141326391154,-0.024666095567807307,-0.00013833405375508027,0.02514341726999565,0.025292647973570486,0.0001738336531404172,-0.14772047416366124,0.14684744493386684,-0.00037860377666213264,0.04796040812688799,-0.04843441655274439,-0.0010089372407652058,-0.006053530037683235,0.006035644149834374,1.5885847659045716e-05,68.67167061636368,0.0005970125904050877,-0.0005284259319161303,-4.7437787440798906e-05,5403.45231726219,5411.418946700336,5783.5373923814595,5776.519428341695,0.01205128955245894,0.034793747482949146,0.06816225426726856,0
9.601999999999876,2.0,2.0,1.0,0.0,2.008025785064588,2.008029634857882,1.000048770930528,-0.024691688923508422,-0.02481695708120502,-0.0001347570645727175,0.025575411891916942,0.025723889518859105,0.00017214834694849267,-0.1502391507926693,0.14937044359397864,-0.00039167482845878373,0.041070737528778656,-0.041564900887853445,-0.0009856047365703394,-0.00597819294637425,0.005960902883525842,1.5555128818530756e-05,68.67167448532905,0.0006227012194531309,-0.0005513860679604958,-4.932749968610981e-05,5403.448358860525,5411.414386463745,5783.532734419371,5776.532677742435,0.011353001385428413,0.035008270738957285,0.05843326253697436,0
9.621999999999883,2.0,2.0,1.0,0.0,2.0075304932596136,2.0075318568664566,1.0000461150817566,-0.02482073432081129,-0.02494424924542066,-0.00013118669955858935,0.025980587028144396,0.026128213553112997,0.00017033144472217257,-0.15260061978809206,0.15173680948684537,-0.0004041337608718074,0.034269372641546184,-0.03478299938048503,-0.0009635285892049171,-0.005899742455479528,0.005883051578281662,1.5226014754189901e-05,68.67167669945012,0.000647539584262396,-0.0005735904269970253,-5.115020253536271e-05,5403.4444815463385,5411.409905272303,5783.528177307397,5776.545414879613,0.010650789791871855,0.03518951026360142,0.04882874975660708,0
9.64199999999989,2.0,2.0,1.0,0.0,2.0070328761892156,2.0070317893909504,1.0000435304827977,-0.02492658677495793,-0.025048283666987036,-0.00012763196744294367,0.026359078701197185,0.026505758256300783,0.0001684014869899823,-0.15480568785423657,0.15394733711599884,-0.0004159460423496444,0.027559814565101457,-0.028092210172781466,-0.0009426771455867363,-0.005818283766953304,0.005802194945281654,1.4898889300197606e-05,68.67167734712355,0.0006715225547263815,-0.0005950343186833806,-5.290560682441613e-05,5403.44068942244,5411.405507786633,5783.523725510018,5776.5576410441245,0.009945315703106172,0.03533790504303375,0.03935372396694131,0
9.661999999999896,2.0,2.0,1.0,0.0,2.0065333941996184,2.0065298940476226,1.0000410167263403,-0.025009567357751502,-0.025129383778788605,-0.0001241014011129271,0.026711040307689553,0.026856679219714383,0.0001663764157784571,-0.1568552633699962,0.1560029224186361,-0.00042708050378238607,0.02094544348207308,-0.02149591102552604,-0.0009230170652396593,-0.00573392267201472,0.005718438290225882,1.4574124900851576e-05,68.67167651658677,0.0006946457147835413,-0.0006157136887758488,-5.459348662528351e-05,5403.436986445254,5411.4011985567295,5783.5193833261,5776.569357907978,0.009237231100964414,0.03545391078120031,0.03001309335436093,0
9.681999999999903,2.0,2.0,1.0,0.0,2.006032501089537,2.0060266258578983,1.0000385732397088,-0.025070008539580007,-0.02518788442159255,-0.0001206030516069989,0.027036642234993497,0.027181149060441626,0.00016427354313253116,-0.1587503541416633,0.1579045605290856,-0.0004375093162410202,0.014429518038654063,-0.014997358691381647,-0.0009045134591388523,-0.005646765463621766,0.005631887426086938,1.4252081801886742e-05,68.6716742956708,0.0007169053543407987,-0.0006356251121689356,-5.621367800368606e-05,5403.4333764179255,5411.396982012073,5783.515154881523,5776.580567508332,0.00852717869644891,0.03553799930927705,0.020811817645282456,0
9.70199999999991,2.0,2.0,1.0,0.0,2.0055306438868072,2.0055224330248262,1.000036199294549,-0.025108253770907356,-0.02522413142365275,-0.00011714448366363176,0.027336071471345355,0.027479357029294924,0.00016210952255221603,-0.1604920651173114,0.15965334350406646,-0.00044720795974913545,0.008015174824963719,-0.008599688387560851,-0.0008871300288043958,-0.0055569188499707675,0.005542648586862144,1.3933107303808465e-05,68.67167077156294,0.0007382984608173902,-0.0006547657855756464,-5.7766077740124304e-05,5403.4298629839095,5411.392862452165,5783.511044122324,5776.591272231752,0.007815791623712579,0.03559065799240079,0.01175575038981227,0
9.721999999999916,2.0,2.0,1.0,0.0,2.0050282626334015,2.005017756717975,1.0000338940165907,-0.02512465706215724,-0.025238481178727495,-0.00011373277278873757,0.027609531209795257,0.027751508612578468,0.000159900323312936,-0.16208159606496245,0.16125045801205115,-0.00045615518345910693,0.0017054279537511744,-0.002305913366747702,-0.0008708292052301225,-0.005464489869032439,0.005450828342382049,1.361753507919871e-05,68.67166603057927,0.0007588227102995085,-0.0006731335198708464,-5.925064201715747e-05,5403.426449621007,5411.388844037523,5783.507054808337,5776.601474798646,0.0071036931518475436,0.03561238913417065,0.002868051757762419,0
9.741999999999923,2.0,2.0,1.0,0.0,2.0045257901788625,2.004513030866774,1.000031656395449,-0.025119582562325812,-0.025231300222850264,-0.0001103745038039049,0.027857240446379397,0.027997825128097682,0.00015766120767309313,-0.16352023921688252,0.16269718298893174,-0.00046433295761828797,-0.004496831263801086,0.0038810754149584455,-0.0008555722872486167,-0.0053695858042016615,0.0053565335141974035,1.3305684552426636e-05,68.67166015794749,0.0007784764583402284,-0.0006907267320938464,-6.066738507628684e-05,5403.42313963588,5411.384930781137,5783.503190507337,5776.6111782479775,0.00639149641906445,0.035603709379391876,0.005940053680609091,0
9.76199999999993,2.0,2.0,1.0,0.0,2.004023651982177,2.004008681962329,1.000029485294442,-0.025093404136656908,-0.02520296481018631,-0.00010707577083328459,0.028079433572911344,0.028218543315794455,0.00015540671092866495,-0.1648093768822343,0.16399488726228634,-0.00047172641772264337,-0.01058883454645132,0.00995850953435972,-0.0008413195789465815,-0.005272314101084478,0.005259871092622003,1.2997860342596359e-05,68.6716532376003,0.0007972587303967265,-0.0007075444371362362,-6.201637784701551e-05,5403.419936159045,5411.381126540394,5783.499454589705,5776.620385922198,0.005679804198329906,0.03556514911552852,0.01453600109960642,0
9.781999999999936,2.0,2.0,1.0,0.0,2.003522265922102,2.003505128867739,1.000027379460391,-0.02504650494370654,-0.02515386048830442,-0.0001038421786852094,0.02827635996477516,0.028413914923393613,0.00015315062429591798,-0.16595047903032484,0.16514502714646154,-0.0004783238012654871,-0.01656793677679267,0.015923743243077604,-0.0008280305257603263,-0.0051727822854783,0.005160948154943387,1.2694351768659663e-05,68.67164535197988,0.0008151692119374872,-0.0007235862391164614,-6.329774655140347e-05,5403.416842140359,5411.377435009511,5783.4958502236295,5776.629101452497,0.00496920871369956,0.03549725187332496,0.022979602284302632,0
9.801999999999943,2.0,2.0,1.0,0.0,2.0030220421159557,2.0030027826368926,1.0000253375333785,-0.02497927701212065,-0.025084381673187783,-0.00010067884558216391,0.02844828356410327,0.02858420628745481,0.00015090598057857716,-0.1669451008467451,0.16614914401069253,-0.0004841163774980877,-0.022431616042046028,0.02177425351644673,-0.0008156638488959713,-0.005071097882579918,0.005059871784867966,1.2395432416410862e-05,68.67163658185322,0.0008322082382153905,-0.0007388523224558307,-6.451167128653688e-05,5403.413860344984,5411.3738597124675,5783.492380370794,5776.637328744344,0.004260291551716994,0.035400573727050896,0.03126172564440801,0
9.82199999999995,2.0,2.0,1.0,0.0,2.0025233827468676,2.0025020463417817,1.0000233580564397,-0.024892120817443474,-0.0249949312243032,-9.759040718820995e-05,0.028595482458724536,0.02872969791020141,0.0001486850425691965,-0.16779488026456454,0.16700886182249597,-0.0004890983706260238,-0.028177473583183225,0.02750764001082081,-0.0008041776777351794,-0.004967368337465071,0.004956748993216786,1.2101359766550237e-05,68.67162700613896,0.0008483767837294811,-0.0007533434426641717,-6.565838458800497e-05,5403.410993349828,5411.370403996457,5783.489047782621,5776.645071963351,0.003553623781777283,0.035275682694817186,0.03937816927457826,0
9.841999999999956,2.0,2.0,1.0,0.0,2.0020266818994954,2.0020033149083014,1.0000214394851559,-0.02478544485927045,-0.024885920020042446,-9.458102188250494e-05,0.028718248457253064,0.028850684032512553,0.00014649929414341188,-0.1685015354728335,0.1677258846684833,-0.000493266876871152,-0.03380323365385036,0.03312162493075964,-0.0007935296799034061,-0.0048617009368724755,0.0048516866399365265,1.1812374883127645e-05,68.67161670174556,0.0008636764513839825,-0.0007670609168526163,-6.673816997693522e-05,5403.408243540503,5411.36707102584,5783.4858549970295,5776.652335521491,0.002849766621161936,0.03512315813940406,0.04732547428344504,0
9.861999999999963,2.0,2.0,1.0,0.0,2.0015323254041872,2.0015069749605336,1.0000195801971308,-0.02465966523905253,-0.02475776653384498,-9.165437722575104e-05,0.028816886660700203,0.02894747220345386,0.00014435943398114352,-0.16906686240458388,0.16830199425481696,-0.0004966217758336655,-0.03930674329061452,0.038614052807623124,-0.0007836771886950216,-0.00475420273234237,0.004744791357438292,1.1528702160656352e-05,68.67160574342114,0.0008781094613605013,-0.0007800066139781127,-6.775136049329966e-05,5403.405613108724,5411.363863776667,5783.482804335724,5776.659124063647,0.0021492738448398462,0.034943590170035115,0.05510049825734681,0
9.88199999999997,2.0,2.0,1.0,0.0,2.001040690689583,2.0010134046735017,1.0000177785013262,-0.02451520523885496,-0.02461089641130454,-8.881369756272653e-05,0.02889171503097598,0.029020382846717083,0.00014227537184717054,-0.16949273220649333,0.16873904738943432,-0.0004991656365915165,-0.04468597199608653,0.0439828901911257,-0.0007745773275663402,-0.004644980464725493,0.004636169475315175,1.1250549129745106e-05,68.67159420361479,0.0008916786397119184,-0.0007921829448344284,-6.869833721798745e-05,5403.403104050224,5411.360785031678,5783.479897901975,5776.665442454554,0.0014527016964158061,0.03473757904552387,0.06270032161469734,0
9.901999999999976,2.0,2.0,1.0,0.0,2.0005521466436225,2.0005229736343657,1.000016032647232,-0.02435249490136691,-0.024445742048558098,-8.606175270428261e-05,0.02894306395664939,0.029069748824341192,0.00014025622737027908,-0.1697810886923889,0.16903897344818425,-0.0005009036189763793,-0.04993901133651825,0.049226225255448716,-0.000766187131425439,-0.004534140490116336,0.0045259269464631505,1.0978106318970101e-05,68.67158215234986,0.0009043874066953846,-0.0008035928517980824,-6.957952778623487e-05,5403.400718163148,5411.357837375898,5783.477137578958,5776.671295766109,0.00076067363835123,0.034505734579211925,0.07012221825313955,0
9.921999999999983,2.0,2.0,1.0,0.0,2.0000670534829372,2.0000360427120367,1.0000143408338518,-0.02417197061145345,-0.024262742172248497,-8.340086762996555e-05,0.028971275816332572,0.029095914998075935,0.00013831033124060056,-0.16993394578270513,0.1692037718270012,-0.0005018433704655643,-0.0550640744555073,0.05434226732155377,-0.0007584636644652227,-0.004421788707223721,0.004414169274643123,1.07115471724115e-05,68.67156965710858,0.0009162397648503341,-0.0008142397983449938,-7.039540489467288e-05,5403.398457046874,5411.355023192724,5783.474525028565,5776.676689265074,7.746551607353627e-05,0.034248675546109754,0.07736364394166971,0
9.94199999999999,2.0,2.0,1.0,0.0,1.9995857626305962,1.9995529639351686,1.0000127012184843,-0.023974074679535128,-0.024062341421347607,-8.08329331513403e-05,0.028976704540047304,0.02909923778875292,0.00013644522874181592,-0.1699533849320339,0.16923550938219722,-0.0005019949191284233,-0.06005949550548214,0.05932934629736264,-0.0007513641343045087,-0.004308030486228453,0.004301001443512688,1.0451028020459051e-05,68.67155678272849,0.000927240286844275,-0.0008241277583446899,-7.114648480448584e-05,5403.3963221013555,5411.352344660568,5783.472061690736,5776.68162840117,0.0006095860582572052,0.03396702909264379,0.08442223074070133,0
9.961999999999996,2.0,2.0,1.0,0.0,1.999108616602156,1.999074080378492,1.0000111119252797,-0.023759254927074643,-0.023844989931119807,-7.835941747482095e-05,0.0289597151689285,0.029080084734019688,0.0001346676855446449,-0.16984155254684924,0.16913631786093733,-0.0005013705630635296,-0.06492372899867117,0.06418591203751578,-0.0007448460022196614,-0.004192970599144239,0.004186527847157366,1.0196688102848135e-05,68.67154359131061,0.000937394103091062,-0.0008332612051456444,-7.183332584282279e-05,5403.394314526892,5411.349803750043,5783.469748783285,5776.6861187955965,0.0012853073493637518,0.03366143014940442,0.09129578373556761,0
9.982000000000003,2.0,2.0,1.0,0.0,1.998635948899978,1.9985997260574435,1.0000095710535577,-0.02352796427444412,-0.023611142919499995,-7.598137860336069e-05,0.028920683413619665,0.029038834044787878,0.00013298369566372542,-0.16960065739546862,0.1689083913239641,-0.000499984756759613,-0.0696553490792918,0.06891053362444803,-0.0007388670892676244,-0.004076713151710622,0.00407085222214755,9.948649642088308e-06,68.6715301421387,0.000946706889154202,-0.0008416451004636715,-7.245652690455642e-05,5403.392435324339,5411.347402221657,5783.467587302207,5776.6901662299315,0.001954864221049604,0.03333252084728168,0.09798227880770582,0
10.00200000000001,2.0,2.0,1.0,0.0,1.9981680839157594,1.9981302258310352,1.0000080766858679,-0.023280660331440148,-0.023361260276154445,-7.369947751336484e-05,0.02885999521170255,0.028975874160745835,0.00013139849148618204,-0.16923296801230514,0.16855398356256326,-0.0004978539948085751,-0.07425304871872697,0.07350189857254699,-0.0007333856781192838,-0.0039593615168491665,0.003954077581143909,9.70701796527291e-06,68.67151649161026,0.0009551848529530412,-0.00084928488308027,-7.301672595660918e-05,5403.390685295774,5411.345141624067,5783.465578022458,5776.693776635477,0.0026176396267405043,0.032980949937367,0.10447986080184793,0
10.022000000000016,2.0,2.0,1.0,0.0,1.9977053368412205,1.997665895312914,1.0000066268957781,-0.023017804990708088,-0.023095806154486104,-7.151399204615196e-05,0.028778046284506063,0.028891603305276486,0.00012991655578616622,-0.16874081009841468,0.16807540551178296,-0.0004949966933933331,-0.07871563883548754,0.07795881195719555,-0.0007283606104404484,-0.0038410182697055924,0.0038363061480854795,9.47188167235348e-06,68.67150269317852,0.0009628347217812062,-0.0008561864573672453,-7.35145985467189e-05,5403.389065045587,5411.343023292823,5783.463721499211,5776.696956082992,0.0032731586607257506,0.03260737221499032,0.1107868418857383,0
10.042000000000023,2.0,2.0,1.0,0.0,1.9972480135868937,1.9972070407905458,1.000005219755378,-0.022739864024330095,-0.022815248566839724,-6.942483144949128e-05,0.028675241693628017,0.028786429040118564,0.00012854163561889313,-0.1681265639203239,0.16747502266184813,-0.0004914330699664179,-0.08304204734178078,0.082280195470524,-0.0007237513796754883,-0.0037217851242973277,0.0037176392949711127,9.243312849090952e-06,68.67148879730544,0.0009696637291477159,-0.0008623561816459056,-7.395085631850953e-05,5403.387574981975,5411.341048349654,5783.462018069534,5776.69971077286,0.003920979164627473,0.032212447948253266,0.11690169995739509,0
10.06200000000003,2.0,2.0,1.0,0.0,1.9967964107089378,1.9967539591524563,1.0000038533424864,-0.022447306683825663,-0.022520058983155997,-6.743155150772957e-05,0.028551995397505792,0.028660767820105206,0.00012727675799165073,-0.16739266170910433,0.1667552524697334,-0.00048718502152769554,-0.08723131811853767,0.0864650864057202,-0.0007195182191068524,-0.0036017628717926646,0.0035981774802675594,9.021367322408991e-06,68.67147485142557,0.0009756796014577115,-0.0008678008563936567,-7.432624553474696e-05,5403.386215318857,5411.339217702233,5783.460467854548,5776.702047025666,0.004560677622676138,0.03179684231141024,0.1228230770306705,0
10.082000000000036,2.0,2.0,1.0,0.0,1.9963508153439165,1.996306937823461,1.000002525747548,-0.02214060530380624,-0.022210711933317088,-6.553337019735102e-05,0.028408729808357094,0.028515044548305727,0.0001261242472213422,-0.16654158506160938,0.1659185617727664,-0.00048227600190067863,-0.09128260992076888,0.09051263657177255,-0.0007156221850813195,-0.003481051320437936,0.0034780201889519215,8.806084956159734e-06,68.67146089992046,0.0009808905445410855,-0.0008725277123051753,-7.464154561039742e-05,5403.384986078164,5411.337532044469,5783.459070761973,5776.703971273186,0.005191845844531507,0.031361224823439796,0.1285497776018053,0
10.102000000000043,2.0,2.0,1.0,0.0,1.9959115051514604,1.9958662547078023,1.0000012350802132,-0.021820234909519884,-0.021887684613419486,-6.372918380785086e-05,0.028245875349816766,0.028349692131894023,0.00012508574386383306,-0.1655758623457777,0.1649674642061656,-0.0004767308983975464,-0.09519519521514817,0.09442211114054543,-0.0007120252353112471,-0.0033597492371530307,0.003357265874219593,8.597489985081745e-06,68.67144698410327,0.0009853052300438992,-0.0008765443982263641,-7.489756765717308e-05,5403.383887092503,5411.335991857258,5783.457826489088,5776.705490049791,0.005814089936759165,0.030906268792140198,0.13408076693010265,0
10.12200000000005,2.0,2.0,1.0,0.0,1.9954787482647325,1.9954321781401185,0.9999999794755926,-0.02148667282851401,-0.02155145649620356,-6.201758346281021e-05,0.028063870015580417,0.02816515103905853,0.00012416222510674543,-0.16449806611185883,0.163904517626327,-0.00047057590825236675,-0.09896845895173341,0.09819288742809174,-0.0007086903021763953,-0.003237954290812114,0.0032360119008576394,8.395591384722453e-06,68.67143314221353,0.000988932781692142,-0.0008798589689598431,-7.50951530409928e-05,5403.3829180082075,5411.334597409716,5783.456734526109,5776.706609984251,0.00642702993595734,0.030432650764072713,0.13941516925914935,0
10.142000000000056,2.0,2.0,1.0,0.0,1.995052803248614,1.995004966844155,0.9999987571001716,-0.021140398306639503,-0.021202508945862175,-6.03968719833735e-05,0.027863158929368376,0.027961868857264618,0.00012335402653555365,-0.16331081051139124,0.16273232154169337,-0.0004638384151909831,-0.10260189727176404,0.10182445361214852,-0.0007055813609688423,-0.0031157629972230075,0.0031143544903244314,8.200383275119756e-06,68.67141940942147,0.0009917827614423693,-0.0008824798729703501,-7.523517195385505e-05,5403.382078288696,5411.333348760883,5783.455794159909,5776.707337791955,0.007030299671402103,0.0299410499806683,0.1445522659620318,0
10.162000000000063,2.0,2.0,1.0,0.0,1.9946339190655182,1.9945848698991304,0.9999975661573922,-0.02078189212861035,-0.020841324837444386,-5.886508103388813e-05,0.02764419390651086,0.02774029985317387,0.00012266086514336815,-0.16201674872572863,0.161453514552964,-0.0004565468664939741,-0.10609511615348281,0.1053164073877597,-0.0007026634930399024,-0.0029932706658211583,0.0029923886675178504,8.011845356015525e-06,68.67140581784176,0.000993865155528708,-0.0008844159399822437,-7.531852200144776e-05,5403.381367218185,5411.33224576186,5783.455004478121,5776.707680267489,0.007623546715823438,0.02943214784080221,0.14949149360425595,0
10.18200000000007,2.0,2.0,1.0,0.0,1.9942223350487456,1.9941721267136607,0.9999964048928824,-0.020411636243328504,-0.02046838818106316,-5.7419988489557576e-05,0.027407433017453364,0.027500904534519675,0.00012208186349723816,-0.16061857040587674,0.16007077180439358,-0.0004487306508965745,-0.1094478299979503,0.1086684545629883,-0.0006999029438242125,-0.0028705713480914772,0.002870208209271658,7.8299433711446e-06,68.67139239655644,0.0009951903604214368,-0.0008856763684915858,-7.534612680776792e-05,5403.380783905719,5411.331288058383,5783.454364373574,5776.707644277661,0.008206432370730647,0.028906627370133064,0.15423244193439758,0
10.202000000000076,2.0,2.0,1.0,0.0,1.993818280883272,1.9937669670071445,0.9999952715993415,-0.02003011339417532,-0.02008418375110902,-5.6059135969463844e-05,0.027153340153474044,0.02724414921422984,0.00012161557493666146,-0.15911899912535787,0.15858680244788956,-0.0004404199776561905,-0.11265986015683031,0.11188040759670397,-0.0006972671757318569,-0.002747757787723125,0.0027479055945785346,7.654629599537503e-06,68.67137917164622,0.000995769168702499,-0.0008862707132020025,-7.531893463772115e-05,5403.380327289478,5411.33047509382,5783.453872549054,5776.7072367548335,0.008778631663643115,0.028365172697492235,0.15877485179700843,0
10.222000000000083,2.0,2.0,1.0,0.0,1.9934219765938799,1.9933696107985086,0.999994164621069,-0.019637806754464446,-0.019689196720665332,-5.477984647811128e-05,0.02688238459489714,0.026970505577083824,0.00012126000971053685,-0.157520789847796,0.15700434712156947,-0.000431645757104375,-0.11573113340414033,0.11495218408042901,-0.0006947249159146891,-0.002624921372517812,0.002625571956544598,7.48584337117902e-06,68.67136616623036,0.0009956127548781256,-0.0008862088723885584,-7.523791703909296e-05,5403.379996141372,5411.329806112553,5783.453527522367,5776.706464690682,0.009339833346819693,0.027808468538600396,0.1631186129578743,0
10.24200000000009,2.0,2.0,1.0,0.0,1.9930336325405191,1.992980268402204,0.9999930823581453,-0.01923519956824492,-0.019283912301313044,-5.3579242100434396e-05,0.02659504058208353,0.02668045024918371,0.00012101266193065006,-0.15582672641087045,0.1553261754444248,-0.0004224394829859068,-0.11866168035396837,0.11788380516624357,-0.0006922461989276437,-0.00250215208804706,0.0025032970361004636,7.323511605197437e-06,68.67135340051432,0.000994732661131959,-0.00088550107520788,-7.510406750460263e-05,5403.379789071913,5411.329280163759,5783.453327631704,5776.705335130285,0.009889739892402554,0.027237199687378404,0.16726376187403183,0
10.262000000000096,2.0,2.0,1.0,0.0,1.992653449420792,1.9925991404313486,0.9999920232702527,-0.01882277479663477,-0.018868815388506655,-5.245426169751686e-05,0.026291786889468767,0.026374464370510466,0.000120870537253033,-0.15403961902823793,0.15355508352867597,-0.00041283311687281035,-0.12145163382616792,0.12067539394276129,-0.0006898024043201695,-0.0023795384730749105,0.00238116913745451,7.167549367780514e-06,68.67134089184502,0.0009931407830348175,-0.0008841578689591056,-7.491840015503202e-05,5403.379704535312,5411.328896105552,5783.453271041253,5776.703855166559,0.010428067481368711,0.02665205051510943,0.17121047938488693,0
10.282000000000103,2.0,2.0,1.0,0.0,1.9922816182794478,1.9922264178078937,0.9999909858801469,-0.018401014769860276,-0.01844439021269552,-5.140167855027831e-05,0.025973106402916793,0.02605303317083647,0.00012083018116845325,-0.15216230181102297,0.15169389151139043,-0.00040285897492624593,-0.12410122716204784,0.12332717376118468,-0.0006873662892066104,-0.002257167576745266,0.002259275085311027,7.017860447980738e-06,68.67132865477306,0.0009908493552195034,-0.0008821901063082199,-7.46819484442662e-05,5403.379740834806,5411.328652609464,5783.453355747073,5776.7020319350495,0.010954545984929877,0.02605370447770052,0.17495908832166415,0
10.30200000000011,2.0,2.0,1.0,0.0,1.9919183205247772,1.9918622817797096,0.9999899687767752,-0.017970400845167635,-0.018011119996358137,-5.041811790141952e-05,0.02563948570064641,0.02571664554924887,0.00012088770780299125,-0.15019763031037445,0.14974544110687033,-0.0003925496172635297,-0.1266107924920858,0.12583946651346412,-0.0006849120158774928,-0.0021351249175415934,0.0021377001838491405,6.8743379487430304e-06,68.67131670112192,0.000987870937034115,-0.0008796089324863007,-7.439576388690995e-05,5403.3798961282055,5411.328548165264,5783.453579583199,5776.69987260903,0.011468918937655927,0.0254428436312812,0.17851005106722787,0
10.322000000000116,2.0,2.0,1.0,0.0,1.9915637279517733,1.9915069039444586,0.9999889706180457,-0.017531413070767558,-0.017569486617109758,-4.9500074347836634e-05,0.025291414637986554,0.02536579365754127,0.00012103882913020173,-0.14814847908261064,0.14771259318131388,-0.00038193774017213625,-0.1289807589576875,0.12821269086457943,-0.0006824151745261417,-0.0020134944440206547,0.0020165281774638948,6.7368648912269875e-06,68.67130504006306,0.0009842183981823164,-0.0008764257724686577,-7.406091480922034e-05,5403.380168433621,5411.328581086088,5783.453940227949,5776.697384394916,0.011970943501980552,0.024820148156367617,0.18186396705133262,0
10.342000000000123,2.0,2.0,1.0,0.0,1.9912180027719555,1.9911604462801424,0.9999879901332506,-0.01708452985596638,-0.017119970277036614,-4.8643929036433594e-05,0.024929385936202163,0.02500097248771713,0.00012127888449082702,-0.14601773927838332,0.1455982253511659,-0.00037105607139635913,-0.13121165088902684,0.1304473604409724,-0.0006798528011770157,-0.0018923584973174355,0.0018958412132772421,6.605314830150662e-06,68.6712936781972,0.0009799049043614737,-0.0008726523181485361,-7.367848512381095e-05,5403.380555635373,5411.328749513856,5783.454435210419,5776.6945745279845,0.012460390423920453,0.02418629589081089,0.1850215701694331,0
10.36200000000013,2.0,2.0,1.0,0.0,1.990881297649714,1.9908230611821893,0.9999870261251488,-0.016630227647629853,-0.016663049178403465,-4.784596661926148e-05,0.024553894775633658,0.0246226794638468,0.00012160287032060765,-0.14380831625728976,0.14340522960658725,-0.00035993726870647656,-0.13330408594099566,0.1325440819771539,-0.0006772033909135178,-0.0017717977754297793,0.001775719805411234,6.479552477795297e-06,68.67128261964082,0.000974943902912003,-0.0008683005155111578,-7.32495731287773e-05,5403.381055490036,5411.329051424954,5783.455061917173,5776.691450268369,0.012937043979997072,0.023541961871738865,0.18798372615040002,0
10.382000000000136,2.0,2.0,1.0,0.0,1.9905537557450597,1.9904948915069556,0.9999860774717112,-0.016168980613119357,-0.016199199205873618,-4.710239192675715e-05,0.024165438393379573,0.02423141403850933,0.00012200547000085526,-0.14152312722929314,0.1411365099613882,-0.0003486138219439077,-0.13525877318929658,0.1345035534225077,-0.0006744469065136353,-0.0016518912992718896,0.0016562428010296055,6.35943433486001e-06,68.67127186611766,0.0009693491084835258,-0.0008633825518208213,-7.277529033151882e-05,5403.381665632649,5411.329484636179,5783.455817599042,5776.688018897337,0.013400701915397287,0.022887817886690975,0.19075142987907018,0
10.402000000000143,2.0,2.0,1.0,0.0,1.9902355107626386,1.9901760706215137,0.9999851431275367,-0.01570126032983285,-0.01572889361537409,-4.640934631780755e-05,0.023764515685748045,0.023827677294044586,0.00012248108372908516,-0.13916509892427897,0.13879498013075206,-0.00033711795871967814,-0.1370765111887073,0.13632656201031837,-0.0006715647826117956,-0.0015327163805008042,0.001537487348137986,6.244809325787757e-06,68.67126141705492,0.0009631344887324465,-0.0008579108428281663,-7.22567602976975e-05,5403.382383583019,5411.330046810904,5783.456699378106,5776.684287713817,0.013851175373472545,0.02222453203413661,0.19332580265043556,0
10.42200000000015,2.0,2.0,1.0,0.0,1.9899266870068841,1.989866722459585,0.9999842221249459,-0.015227535481476357,-0.015252602729731132,-4.576292366827371e-05,0.023351626815697267,0.023411971548833534,0.00012302385831988266,-0.136737165291032,0.13638356123804207,-0.00032548155392727647,-0.1387581859955401,0.13801398229103515,-0.0006685399255146938,-0.0014143485911076662,0.001419528865145805,6.135519436852775e-06,68.67125126968322,0.000956314250057324,-0.0008518980200071609,-7.169511752563954e-05,5403.383206752139,5411.3307354654635,5783.457704254742,5776.6802640311635,0.014288288816709233,0.021552768293558153,0.19570808938315487,0
10.442000000000156,2.0,2.0,1.0,0.0,1.989627399443167,1.9895669615834852,0.9999833135747576,-0.014748271561184556,-0.014770793641194952,-4.5159185964181987e-05,0.022927272825473258,0.022984799968820763,0.00012362771685839997,-0.13424226522689195,0.13390517955191492,-0.0003137360432147315,-0.14030476915631857,0.13956677413178953,-0.000665356708807514,-0.0012968617347718307,0.0013024410121811635,6.031400354699965e-06,68.67124141914074,0.0009489028233850392,-0.000845356917832753,-7.109150634632258e-05,5403.384132448691,5411.331547975721,5783.458829114798,5776.675955174175,0.014711879939316806,0.020873186105271214,0.19789965577138602,0
10.462000000000163,2.0,2.0,1.0,0.0,1.9893377537648083,1.9892768932519431,0.9999824166667597,-0.014263930581602123,-0.014283929920964967,-4.4594178464493645e-05,0.02249195525465042,0.022546666184479758,0.00012428638811205276,-0.13168334033926807,0.13136276425494847,-0.000301912340544585,-0.1417173156646865,0.14098598068416646,-0.000662000964895109,-0.0011803278199692764,0.001186295664147362,5.932282103715023e-06,68.67123185858009,0.0009409148500144055,-0.0008383005611031141,-7.044707984919285e-05,5403.385157885596,5411.332481583813,5783.460070736827,5776.671368476302,0.015121799571601629,0.02018643996014541,0.19990198541658863,0
10.48200000000017,2.0,2.0,1.0,0.0,1.9890578464658129,1.988996613493651,0.9999815306698814,-0.013774970792031273,-0.0137924713358204,-4.4063944402741165e-05,0.02204617576377038,0.02209807391341951,0.0001249934356264172,-0.12906333274018006,0.12875924524493237,-0.0002900407599544594,-0.14299696188855332,0.14227272632223228,-0.0006584599726298481,-0.0010648170348277759,0.0010711628855295892,5.837989680281237e-06,68.67122257927826,0.000932365167527845,-0.0008307421523231843,-6.976299883384483e-05,5403.3862801866435,5411.333533405039,5783.461425799389,5776.666511277056,0.015517911576303788,0.019493178999381768,0.20171667689350964,0
10.502000000000177,2.0,2.0,1.0,0.0,1.988787764919179,1.988726209186402,0.9999806549320753,-0.0132818464027428,-0.013296873571954033,-4.356453919915434e-05,0.021590435763772536,0.021639526588823243,0.00012574228642715603,-0.12638518287494652,0.12609755096995803,-0.00027815094161513836,-0.14414492346947552,0.14342821455280488,-0.000654722441184768,-0.000950397723720782,0.0009571109069215159,5.748343682088437e-06,68.67121357074895,0.00092326879578215,-0.0008226950591478477,-6.90404307876714e-05,5403.3874963931285,5411.334700434876,5783.462890888373,5776.661390919622,0.01590009273708849,0.018794046624494076,0.20334544079174338,0
10.522000000000183,2.0,2.0,1.0,0.0,1.9885275874606454,1.9884657581416716,0.999979788879924,-0.012785007316542614,-0.012797587966100131,-4.3092044156214946e-05,0.02112523605139263,0.02117152699390021,0.00012652625925076773,-0.12365182738608202,0.12338060629834417,-0.0002662717822672844,-0.1451624931962582,0.1444537258999424,-0.0006507784903364508,-0.0008371363655901015,0.0008442061032800761,5.663160930936017e-06,68.67120482085687,0.000913640922982843,-0.0008141728019026267,-6.828054888942666e-05,5403.388803470522,5411.335979556133,5783.464462504368,5776.656014748629,0.016268232639378214,0.018089680117635818,0.20479009670692017,0
10.54200000000019,2.0,2.0,1.0,0.0,1.9882773834777239,1.9882153291944964,0.9999789320179755,-0.012284898867677953,-0.012295061244040808,-4.26425796138559e-05,0.02065107645071028,0.02069457690252552,0.00012733859223970992,-0.12086619701343268,0.12061133042446201,-0.0002544313701027268,-0.14605103885475512,0.14535061576561842,-0.0006466196273275859,-0.0007250975539880028,0.000732512973889841,5.582255087131804e-06,68.6711963159334,0.0009034968918569281,-0.0008051890411843298,-6.748453103868723e-05,5403.390198315122,5411.337367546146,5783.466137070004,5776.650390108076,0.01662223354372982,0.0173807102724079,0.20605257022087828,0
10.562000000000197,2.0,2.0,1.0,0.0,1.9880372135038737,1.9879749822984987,0.9999780839278234,-0.011781961568161092,-0.011789735266568069,-4.221231754194924e-05,0.020168455461010034,0.02020917672623753,0.00012817247003249434,-0.11803121453154013,0.117792634811426,-0.0002426569241410501,-0.14681200105582662,0.14612031226853575,-0.0006422387204837281,-0.0006143439788196508,0.0006220941240237445,5.5054372544107395e-06,68.67118804089371,0.0008928521859263855,-0.0007957575655507279,-6.665355891103735e-05,5403.391677760713,5411.338861084092,5783.467910937316,5776.644524339401,0.016962010251958363,0.016667761035278138,0.20713488982576292,0
10.582000000000203,2.0,2.0,1.0,0.0,1.987807129317666,1.9877447686259113,0.9999772442669411,-0.011276630861581913,-0.011282046782972748,-4.179749355081043e-05,0.019677869911117536,0.019715825167752412,0.00012902105018485513,-0.11514979272517314,0.1149274211716012,-0.00023097473813749037,-0.1474468910434033,0.146764314063014,-0.0006376299697628117,-0.000504936409784834,0.000513010248293601,5.432516573245153e-06,68.67117997935443,0.0008817224158961823,-0.0007858922793094058,-6.578881703892076e-05,5403.393238585177,5411.340456758334,5783.46978039505,5776.638424779692,0.017287489966214133,0.015951449157742204,0.20803918383552017,0
10.60200000000021,2.0,2.0,1.0,0.0,1.9875871740467908,1.9875247306724475,0.999976412767283,-0.010769336884473466,-0.010772427192123924,-4.139441830277611e-05,0.019179814620364062,0.0192150188811488,0.00012987748886815438,-0.11222483240391891,0.11201857948582669,-0.00021941012904371738,-0.147957288484589,0.14728418813987534,-0.0006327888744194235,-0.0003969336814897061,0.0004053201156651223,5.363300801887733e-06,68.67117211375181,0.0008701233061600957,-0.0007756071904076248,-6.489149191784577e-05,5403.394877517073,5411.342151073791,5783.471741675937,5776.632098759988,0.017598612141222512,0.015232383859355639,0.20876767726967738,0
10.622000000000217,2.0,2.0,1.0,0.0,1.9873773822767515,1.9873149023668673,0.9999755892336623,-0.010260504235289028,-0.01026130231119698,-4.0999488309531826e-05,0.018674782066326737,0.018707252138869042,0.00013073496578660802,-0.10925922045669294,0.10906898606222153,-0.00020798739002909336,-0.1483448392437156,0.1476815676112317,-0.0006277121979684302,-0.00029039268022873336,0.0002990805561374517,5.297596883121853e-06,68.67116442545971,0.000858070681437962,-0.0007649163984393813,-6.396277113787607e-05,5403.396591242145,5411.343940459349,5783.4737909639025,5776.625553603706,0.017895328329899103,0.014511166501773804,0.20932268870829912,0
10.642000000000223,2.0,2.0,1.0,0.0,1.9871777801640957,1.9871153091850817,0.9999747735419228,-0.00975055175104165,-0.009749092152100782,-4.0609196102377355e-05,0.018163262059481405,0.01819301650567664,0.00013158670826207515,-0.10625582794698318,0.10608150163537788,-0.00019672974805635992,-0.1486112531422495,0.1479581494810609,-0.0006223979306348702,-0.0001853683324065909,0.00019434644905573403,5.235211496086284e-06,68.67115689490748,0.0008455804535458651,-0.0007538340827665839,-6.300384253993193e-05,5403.398376409776,5411.3458212752475,5783.475924401207,5776.618796625133,0.018177602022557405,0.013788390273947954,0.20970662713922045,0
10.66200000000023,2.0,2.0,1.0,0.0,1.9869883855540293,1.9869259682686466,0.9999739656369115,-0.009239892291651714,-0.009236210705649069,-4.022013976525044e-05,0.017645741424901468,0.017672800519699806,0.00013242601444436177,-0.10321750824958532,0.10305896950672376,-0.00018565932599255353,-0.14875830170642637,0.14811569240344252,-0.0006168452494783767,-8.191359459459947e-05,9.11707130549155e-05,5.175951591531895e-06,68.67114950169704,0.0008326686083119205,-0.0007423744907723945,-6.201589339679276e-05,5403.400229639329,5411.347789820459,5783.478138095493,5776.611835128018,0.01844540847991955,0.013064639888650356,0.20992198876791307,0
10.682000000000237,2.0,2.0,1.0,0.0,1.9868092081022584,1.986746888547485,0.9999731655302692,-0.008728932532040627,-0.008723065733513868,-3.982903182252501e-05,0.017122703691125694,0.017147089380686407,0.00013324627560013733,-0.10014709522956165,0.10000421372677899,-0.00017479710922325696,-0.1487878159044729,0.14815601443029558,-0.0006110544763813224,1.992055480483737e-05,-1.0395702400110732e-05,5.119624909834522e-06,68.67114222471876,0.0008193511926427982,-0.0007305519262412045,-6.100010961836762e-05,5403.402147526431,5411.349842340022,5783.480428126724,5776.604676404202,0.0186987345601534,0.012340491290540136,0.20997135383721993,0
10.702000000000243,2.0,2.0,1.0,0.0,1.9866402494009034,1.9865780708666858,0.9999723732980494,-0.008218072762003712,-0.008210058567992994,-3.943270747468351e-05,0.01659462878631366,0.016616364645586523,0.00013404099744233027,-0.09704740146410003,0.09692003732000046,-0.0001641629167260991,-0.1487016838752521,0.14808099075045097,-0.0006050270340903208,0.00012008512230195235,-0.00011030382387732857,5.066040480569797e-06,68.67113504226616,0.0008056443017471607,-0.0007183807378857385,-5.9957674980858704e-05,5403.404126649095,5411.3519750323385,5783.482790554015,5776.597327732319,0.018937578540152107,0.011616511376049233,0.20985738341753987,0
10.72200000000025,2.0,2.0,1.0,0.0,1.9864815031083292,1.9864195081172205,0.9999715890781814,-0.007707706693887775,-0.007697583919617269,-3.9028132178039726e-05,0.016061992741798585,0.01608110393157349,0.0001348038204684671,-0.09392121650791699,0.09380922055286052,-0.0001537753765477197,-0.14850184865014568,0.14789255142185892,-0.0005987654005002211,0.00021853310449059904,-0.00020850665928357946,5.015009102844902e-06,68.67112793214892,0.0007915640665242075,-0.0007058753080131693,-5.888977037948037e-05,5403.406163573787,5411.35418405638,5783.485221422337,5776.589796376523,0.019161949931278753,0.01089325772547653,0.20958281618969188,0
10.742000000000257,2.0,2.0,1.0,0.0,1.986332955082738,1.9862711853704207,0.9999708130677866,-0.007198221278093924,-0.007186029692616973,-3.861240856723985e-05,0.015525267403138565,0.015541780626605278,0.00013552853927271217,-0.09077130520279847,0.09067451924575284,-0.00014365190561722605,-0.14819030586996423,0.14759267909871485,-0.0005922730613692194,0.00031521949166696055,-0.00030495920161731707,4.966343805513068e-06,68.67112087180385,0.000777126641125176,-0.000693050041349636,-5.7797573104394835e-05,5403.408254861296,5411.356465538834,5783.487716769072,5776.5820895852485,0.01937186928979287,0.010171278347861308,0.20915046522439867,0
10.762000000000263,2.0,2.0,1.0,0.0,1.9861945835193637,1.9861330800160615,0.9999700455203658,-0.006689996526419365,-0.006675776808260823,-3.818278271968121e-05,0.014984920148765336,0.014998863607621295,0.00013620912080883042,-0.0876004060318285,0.08751866312930559,-0.00013380869381860016,-0.14776910149865577,0.14718340675525873,-0.0005855544616523149,0.00041010126992049027,-0.0003996184311973753,4.919860286531787e-06,68.67111383840358,0.0007623481906909328,-0.00067991935401947,-5.6682256139217425e-05,5403.410397072512,5411.358815581133,5783.490272630425,5776.574214589996,0.019567368022184974,0.009451111439514003,0.20856321476008638,0
10.78200000000027,2.0,2.0,1.0,0.0,1.9860663590911123,1.98600516190389,0.9999692867428679,-0.0061834053432460595,-0.0061671990360749555,-3.77366497640513e-05,0.014441413616317001,0.014452816966463305,0.00013683972157870055,-0.0844112295188204,0.08434435424560952,-0.0001242606922344094,-0.1472403295355476,0.1466668154079843,-0.0005786149556384087,0.0005031374217171271,-0.0004924433163920817,4.875377331014446e-06,68.6711068089629,0.0007472448792743495,-0.0006664976626898532,-5.5544987481909965e-05,5403.412586774031,5411.36123026639,5783.492885047677,5776.566178604105,0.01974848818563897,0.008733285157612982,0.20782401697162609,0
10.802000000000277,2.0,2.0,1.0,0.0,1.9859482450924966,1.9858873934884425,0.9999685370926524,-0.005678813364578457,-0.005660662832943413,-3.7271558836701215e-05,0.013895205436735274,0.013904099743603703,0.0001374147037282175,-0.08120645667343178,0.08115426539483322,-0.00011502160546371718,-0.14660612972784204,0.146045031837957,-0.0005714607560741455,0.000594288924998504,-0.0005833948128680286,4.832717207159487e-06,68.67109976044212,0.0007318328579527235,-0.0006527993738840484,-5.438692948742835e-05,5403.414820543614,5411.36370566619,5783.495550073266,5776.557988821552,0.01991528228384278,0.008018317411220385,0.20693588874159374,0
10.822000000000283,2.0,2.0,1.0,0.0,1.9858401975866995,1.985779729976994,0.9999677969743611,-0.005176578804926762,-0.005156527190085821,-3.6785217391951745e-05,0.013346747976205962,0.01335316566975062,0.00013792865003827356,-0.07798873748236433,0.0779510386276863,-0.00010610388790816473,-0.14586868528505187,0.14532022631492558,-0.0005640988824548247,0.0006835187508207366,-0.0006724358613779389,4.791706039762851e-06,68.67109266984762,0.0007161282531365349,-0.00063883887347137,-5.320923823177523e-05,5403.417094975463,5411.366237847266,5783.498263776682,5776.549652415714,0.020067813058372262,0.0073067156738119985,0.2059019084352899,0
10.84200000000029,2.0,2.0,1.0,0.0,1.9857421655556142,1.985682119480481,0.9999670668367103,-0.004677052312025985,-0.004655143487902148,-3.6275494872695585e-05,0.01279648808600745,0.012800462915403661,0.00013837637779163245,-0.07476068944707347,0.07473728378410978,-9.751874391191691e-05,-0.14503022059703607,0.14449461032488248,-0.0005565371086594319,0.0007707918595586232,-0.0007595313841203209,4.75217416082832e-06,68.671085514329,0.0007001471550781705,-0.0006246305163375705,-5.201306289685046e-05,5403.419406685337,5411.368822877999,5783.50102225018,5776.54117653813,0.02020615327587067,0.006598976824774705,0.20472521268278915,0
10.862000000000297,2.0,2.0,1.0,0.0,1.9856540910527058,1.9855945031672415,0.999966347169217,-0.0041805768293757635,-0.004156855358668973,-3.574042575099319e-05,0.01224486686032716,0.012246433848414548,0.00013875295151732006,-0.07152489616829981,0.07151557707854389,-8.927613163335607e-05,-0.14409299895726732,0.14357043430268462,-0.0005487839101033392,0.0008560751956980796,-0.0008446482796955635,4.713956436925778e-06,68.67107827127307,0.0006839056065886893,-0.0006101886162368083,-5.079954517573043e-05,5403.4217523154875,5411.371456834798,5783.503821614312,5776.532568317229,0.02033038551124127,0.005895587034150317,0.20340899315925157,0
10.882000000000303,2.0,2.0,1.0,0.0,1.985575909358535,1.9855168154194147,0.9999656384988698,-0.0036874874665806267,-0.0036619985570659256,-3.517821194912086e-05,0.011692319402103607,0.011691514799610708,0.00013905369460107207,-0.06828390597775497,0.06828845973211135,-8.138477051941111e-05,-0.1430593202929353,0.14254998537133995,-0.0005408484105781008,0.0009393376812471351,-0.000927755416677223,4.6768925733336566e-06,68.67107091839395,0.00066741959196501,-0.0005955274358364312,-4.9569818697862195e-05,5403.424128539405,5411.374135808258,5783.506658023228,5776.523834857018,0.020440601927077914,0.005197021719671572,0.2019564933944465,0
10.90200000000031,2.0,2.0,1.0,0.0,1.9855075491387892,1.9854489839918426,0.9999649413867598,-0.003198111377464695,-0.0031709008385057604,-3.4587224652358524e-05,0.011139274596938442,0.011136135836527058,0.00013927419976526715,-0.06504023061722002,0.0650584366519735,-7.385215224678198e-05,-0.14193151890345276,0.14143558508952003,-0.0005327403289432515,0.0010205502077874921,-0.0010088236258261835,4.640827394427766e-06,68.6710634338196,0.0006507050261332237,-0.000580661176956637,-4.8325008473625294e-05,5403.426532066365,5411.376855909184,5783.509527669803,5776.514983235748,0.020536904049554914,0.0045037456396220706,0.2003710055630062,0
10.922000000000317,2.0,2.0,1.0,0.0,1.9854489326046665,1.9853909301733235,0.999964256424681,-0.0027127676459291882,-0.002683881845236099,-3.396600552793418e-05,0.010586154895120761,0.010580720545284646,0.0001394103384170165,-0.0617963439652758,0.06182797515810696,-6.668455498844497e-05,-0.14071196120891163,0.140229587208832,-0.0005244699258306879,0.0010996856271958194,-0.0010878256909827083,4.6056111004184856e-06,68.67105579617431,0.0006337777440144316,-0.0005656039710057854,-4.706623035782933e-05,5403.428959645795,5411.3796132744055,5783.512426790522,5776.506020504515,0.020619402540990983,0.0038162132735893627,0.1986558673221434,0
10.942000000000323,2.0,2.0,1.0,0.0,1.9853999756754575,1.9853425689500535,0.9999635842317113,-0.0022317671795165114,-0.0022012530001756458,-3.331326736431513e-05,0.01003337610179665,0.010025685820653846,0.00013945826887664005,-0.05855468081187947,0.05859950375769186,-5.9887060858521494e-05,-0.13940304350999425,0.138934375442355,-0.0005160479505167245,0.001176718741061633,-0.0011647363386568872,4.571099500427529e-06,68.67104798465733,0.0006166534901148735,-0.0005503698696206915,-4.5794590531655974e-05,5403.431408071421,5411.382404072394,5783.515351670173,5776.496953685816,0.02068821696931254,0.003134869899713839,0.1968144586411304,0
10.96200000000033,2.0,2.0,1.0,0.0,1.9853605881431715,1.9853038091711104,0.9999629254507899,-0.0017554126106392696,-0.0017233174084424676,-3.262789414639898e-05,0.009481347175312247,0.00947144166432405,0.00013941444348496555,-0.05531763568090795,0.05537541096727625,-5.346357638382084e-05,-0.13800718976081866,0.13755236124590814,-0.0005074855881117567,0.0012516262888335131,-0.0012395322263456805,4.537154222071076e-06,68.67103997911698,0.0005993479083447018,-0.000534972835510589,-4.4511185002516576e-05,5403.433874185241,5411.385224508673,5783.518298646293,5776.487789772057,0.020743475574628016,0.002460154650282918,0.19485019866313366,0
10.982000000000337,2.0,2.0,1.0,0.0,1.9853306738390548,1.9852745537158218,0.9999622807452976,-0.0012839982054276252,-0.0012503697665271903,-3.1908940585489304e-05,0.008930470033751343,0.008918390991403348,0.00013927561461180309,-0.052087561700800006,0.05215804418283743,-4.741685584628907e-05,-0.13652684935615939,0.13608598161349053,-0.0004987944072117566,0.001324386934718053,-0.0013121919296048932,4.503642897404258e-06,68.67103176012075,0.0005818765320702603,-0.0005194267335149668,-4.321709912134045e-05,5403.436354881238,5411.388070831036,5783.521264113415,5776.478535723977,0.020785315033132943,0.0017925105648435968,0.19276654257427897,0
11.002000000000344,2.0,2.0,1.0,0.0,1.9853101308018481,1.9852546996628642,0.9999616507956511,-0.0008178097801432249,-0.0007826962790589856,-3.115563112018103e-05,0.008381139369681876,0.008366929445163708,0.00013903883957672544,-0.04886676952338016,0.04894970859782304,-4.1748527337033247e-05,-0.13496449493446153,0.13453769688830514,-0.0004899863081502188,0.0013949812533588886,-0.001382695927911902,4.4704393254830365e-06,68.6710233090211,0.0005642547744056575,-0.00050374532187162,-4.191340711692587e-05,5403.438847108949,5411.390939334522,5783.524244527075,5776.469198469051,0.020813880218561433,0.0011324296777730563,0.19056697851139853,0
11.02200000000035,2.0,2.0,1.0,0.0,1.9852988514476324,1.9852441384609447,0.9999610362959253,-0.0003571246251037762,-0.00032057458310698166,-3.036735840796717e-05,0.007833742473120143,0.007817445220035975,0.00013870148449488326,-0.0456575262908841,0.04575266616922143,-3.6459121359603944e-05,-0.1333226201980179,0.1329099885907228,-0.000481073471982636,0.0014633917143363202,-0.001451026589339279,4.437423612191259e-06,68.67101460801643,0.0005464979187406172,-0.0004879422436999607,-4.060117164670886e-05,5403.441347876779,5411.393826366185,5783.5272364075845,5776.459784899774,0.020829323961396008,0.000480861973591597,0.18825502447639272,0
11.042000000000357,2.0,2.0,1.0,0.0,1.985296722741116,1.9852427561009185,0.9999604379505097,9.778856394287586e-05,0.0001357263200440323,-2.954368132888268e-05,0.007288659062714656,0.007270318892857479,0.00013826122707329852,-0.04246205465119496,0.04256913463167033,-3.1548101817844896e-05,-0.13160373775165451,0.131205357264541,-0.0004720683103296075,0.0015296026655037555,-0.0015171681540751003,4.404482287013622e-06,68.67100564020797,0.0005286211095145777,-0.0004720310187084949,-3.928144336364567e-05,5403.44385425511,5411.396728329632,5783.530236343579,5776.450301871911,0.020831806806044288,0.00016987367746995879,0.18583422529414445,0
11.062000000000364,2.0,2.0,1.0,0.0,1.985303626368211,1.9852504332891818,0.9999598564708109,0.0005466697470604794,0.0005859461257101417,-2.8684322520751844e-05,0.006746261125146703,0.006725923262370549,0.0001377160583805243,-0.039282531821274676,0.03940128655958487,-2.7013899221788858e-05,-0.1298103769612339,0.12942632034283227,-0.0004629834161981985,0.001593600315201069,-0.0015811067168154508,4.371508397621903e-06,68.67099638965193,0.000510639343236353,-0.0004560250351210067,-3.795526049867342e-05,5403.446363379213,5411.399641689338,5783.53324099535,5776.440756202669,0.020821496766201934,0.0008018749683986701,0.18330814958069688,0
11.08200000000037,2.0,2.0,1.0,0.0,1.9853194389097548,1.9852670456222063,0.9999592925720076,0.0009892675940520314,0.0010298332792875549,-2.7789165468224715e-05,0.006206912762736079,0.006184623196957758,0.00013706428361142704,-0.03612108869870188,0.036251248477234856,-2.2853945943741323e-05,-0.12794508183324704,0.12757541003465397,-0.00045383151589441684,0.0016553727133719106,-0.0016428302080658261,4.338401582456345e-06,68.67098684140706,0.0004925674597529048,-0.00043993754182838565,-3.662364845835515e-05,5403.448872451932,5411.4025629747,5783.536247097907,5776.431154668794,0.02079856907859922,0.0014282784019535807,0.18068038675502307,0
11.102000000000377,2.0,2.0,1.0,0.0,1.9853440320162303,1.985292463762061,0.9999587469698707,0.0014253395311475195,0.0014671450224694963,-2.685825116796433e-05,0.0056709700492383695,0.005646775490599312,0.00013630452187422346,-0.03297980902122495,0.033121100016689595,-1.9064713355976373e-05,-0.12601040891673027,0.12565517123385167,-0.0004446254221330619,0.0017149097316165774,-0.0017023283743811666,4.305068121878511e-06,68.67097698157767,0.00047442013376988696,-0.00042378164076636594,-3.5287619437259085e-05,5403.45137874617,5411.405488783898,5783.539251463849,5776.421504004586,0.020763205955344765,0.002045685376998294,0.17795454407380742,0
11.122000000000384,2.0,2.0,1.0,0.0,1.9853772725833418,1.9853265536127784,0.9999582203776535,0.0018546517805298865,0.0018976474322798555,-2.589177439271422e-05,0.005138780893809803,0.0051127287270312325,0.00013543570503231884,-0.029860728574200513,0.03001287312348752,-1.5641750681198584e-05,-0.1240089252287093,0.12366815945115277,-0.0004353779884442709,0.0017722030422120962,-0.0017595927575689914,4.2714209683366364e-06,68.67096679735218,0.00045621186662561045,-0.0004075702795241948,-3.394817204467451e-05,5403.453879607144,5411.408415787481,5783.5422509859845,5776.411810899865,0.020715596335065884,0.0026535767161026663,0.1751342437033448,0
11.14200000000039,2.0,2.0,1.0,0.0,1.985419022928301,1.9853691764974244,0.9999577135030594,0.0022769793927818415,0.002321115453006724,-2.489007957778901e-05,0.004610684913116218,0.004582823152074489,0.00013445707562954453,-0.026765834445737765,0.026928551309891115,-1.257972538719627e-05,-0.12194320620433546,0.12161693877071784,-0.0004261020649693745,0.0018272460961301262,-0.0018146166728919084,4.237379756108625e-06,68.6709562770369,0.000437956978323263,-0.0003913162441850395,-3.2606290945277886e-05,5403.456372454458,5411.411340731726,5783.54524263972,5776.402081997835,0.02065593563305114,0.003251589091106249,0.17222311982717764,0
11.162000000000397,2.0,2.0,1.0,0.0,1.9854691409666885,1.9854201893357295,0.9999572270452995,0.002692106272340206,0.00273733292112309,-2.385365635313263e-05,0.004087013311547495,0.004057390554103148,0.00013336818392738792,-0.023697064329357132,0.02387006895549852,-9.872464957836494e-06,-0.1198158336728392,0.11950407983226925,-0.0004168104557313608,0.0018800341000892932,-0.0018673951863094455,4.202870791515731e-06,68.67094541008542,0.0004196695998161117,-0.00037503215239538074,-3.126294651332049e-05,5403.458854783943,5411.414260441767,5783.548223485246,5776.392323892907,0.02058442549058877,0.0038394005651350266,0.16922481578547105,0
11.182000000000404,2.0,2.0,1.0,0.0,1.985527480389744,1.9854794448221416,0.9999567616922391,0.0030998251960473754,0.003146092583285296,-2.27831347457824e-05,0.0035680887695064382,0.00353675415261181,0.00013216888409949457,-0.02065630587392683,0.020839310655028347,-7.512999873798938e-06,-0.11762939386039456,0.11733215783989089,-0.0004075158774585766,0.0019305639926652737,-0.0019179250907742705,4.167827023700456e-06,68.67093418712346,0.0004013636655586151,-0.00035873044667215616,-2.991909450010813e-05,5403.461324169315,5411.417171824464,5783.551190669458,5776.3825431284195,0.020501273523704164,0.00441671075121314,0.16614298125874402,0
11.20200000000041,2.0,2.0,1.0,0.0,1.9855938908419566,1.985546791604164,0.999956318117646,0.0034999378248942586,0.00354719610750424,-2.1679280076810008e-05,0.0030542253397218737,0.0030212284948382224,0.00013085932960835942,-0.01764539608061539,0.01783811061298111,-5.4936076380695314e-06,-0.11538647542094657,0.1151037505985482,-0.0003982309200330742,0.001978834419500981,-0.001966204881627656,4.13218799723796e-06,68.67092259996929,0.000383052906312303,-0.00034242338794436523,-2.8575675714209802e-05,5403.463778263618,5411.420071871062,5783.5541414277,5776.372746194322,0.020406693071484454,0.004983235394239714,0.1629812694787878,0
11.222000000000417,2.0,2.0,1.0,0.0,1.9856682180988132,1.9856220744608417,0.9999558969785437,0.0038922547090521433,0.003940454087587207,-2.054298757660036e-05,0.002545728351541378,0.002511119360392994,0.00012943996780407767,-0.01466612074657553,0.014868252084914666,-3.8058576833442738e-06,-0.1130896674960192,0.11282143657934593,-0.00038896800862813077,0.002024845707641889,-0.0020122347311268855,4.095899786920228e-06,68.6709106416497,0.00036475084221782294,-0.0003261230493297883,-2.7233615714283007e-05,5403.466214800462,5411.4229576595735,5783.557073085263,5776.36293952477,0.020300902944186166,0.005538704465022474,0.15974333449896877,0
11.242000000000424,2.0,2.0,1.0,0.0,1.9857503042445752,1.985705134481265,0.9999554989126749,0.004276595286293843,0.004325686040952115,-1.937527674367472e-05,0.0020428943231480326,0.002006723673837919,0.00012791153378849195,-0.011720213955014231,0.011931466865005865,-2.4406570009725087e-06,-0.11074155780448142,0.11048779301450469,-0.0003797393675924352,0.002068599839033319,-0.0020560164621216443,4.058914915605958e-06,68.67089830641186,0.0003464707761277217,-0.00030984131015396126,-2.5893824514048875e-05,5403.468631595092,5411.425826356963,5783.559983058674,5776.353129495669,0.020184127171311156,0.006082861363617257,0.15643282848871012,0
11.26200000000043,2.0,2.0,1.0,0.0,1.9858399878499537,1.985795809242956,0.9999551245360796,0.004652787873909256,0.004702720399918964,-1.8177285471153564e-05,0.0015460108816411676,0.0015083294251579957,0.00012627504357773955,-0.008809357611325275,0.009029434819545476,-1.3882963339893178e-06,-0.10834473076321507,0.10810539402299309,-0.00037055698613154987,0.002110100423209233,-0.0020975535209382086,4.021192255837732e-06,68.67088558973066,0.0003282257872049853,-0.0002935898502000671,-2.4557196299238416e-05,5403.471026545241,5411.428675221078,5783.562868856781,5776.343322422156,0.020056594749837647,0.006615462536596976,0.1530533990842604,0
11.282000000000437,2.0,2.0,1.0,0.0,1.9859371041495497,1.9858939329900112,0.9999547744407946,0.005020669654221799,0.005071394496586739,-1.695026396541891e-05,0.0010553566909206327,0.001016215598058365,0.00012453178660565167,-0.005935181024879644,0.006163783466010375,-6.38496780044121e-07,-0.10590176563958503,0.10567680876772122,-0.0003614325858303458,0.0021493526692095413,-0.002136850949478371,3.9826969161884295e-06,68.67087248831217,0.00031002872478409,-0.0002773801442045708,-2.322460915613824e-05,5403.473397631812,5411.431501602346,5783.565728081634,5776.3335245560165,0.019918539392789647,0.007136277266774491,0.1496086867793299,0
11.302000000000444,2.0,2.0,1.0,0.0,1.986041485218937,1.985999336810871,0.9999544491926756,0.005380086653816792,0.005431554541406759,-1.569556848224555e-05,0.0005712013873010067,0.0005306521060200933,0.00012268331761123574,-0.003099260536085623,0.00333608759728101,-1.8045665365385363e-07,-0.10341523473658189,0.10320459964516476,-0.00035237759005343387,0.002186363356754301,-0.002173915356583626,3.943400112902769e-06,68.67085900009309,0.00029189220249823837,-0.0002612234565867823,-2.189692481153924e-05,5403.4757429193705,5411.434302945262,5783.568558429158,5776.323742083063,0.019770199278323766,0.007645087539703122,0.14610232235294027,0
11.32200000000045,2.0,2.0,1.0,0.0,1.9861529601512606,1.9861118488155942,0.9999541493293461,0.005730893716594698,0.005783055595566694,-1.4414654901974229e-05,9.380552278743116e-05,5.189973603834507e-05,0.00012073144794541976,-0.0003031191882701218,0.0005478689506026652,-2.898461160584845e-09,-0.10088770161145855,0.10069132050824167,-0.00034340309525373984,0.0022211408067119775,-0.00220875488868551,3.903279027933161e-06,68.67084512423605,0.0002738285926699124,-0.0002451308364204277,-2.0574988383803563e-05,5403.478060556471,5411.437076789636,5783.571357689639,5776.313981120459,0.01961181679950858,0.00814168794505143,0.14253792437133184,0
11.342000000000457,2.0,2.0,1.0,0.0,1.9862713552332307,1.9862312943125102,0.9999538753582781,0.00607295447076577,0.006125761537301956,-1.3109072170223322e-05,-0.0003765794840684773,-0.00041978990003431905,0.00011867823634431325,0.002451773556071758,-0.0021994040791879503,-9.411584602326899e-08,-0.09832171932865838,0.0981395149232416,-0.0003345198442132466,0.0022536948508903466,-0.0022413791997849407,3.862316653970914e-06,68.67083086112142,0.0002558500209686121,-0.00022911311264335393,-1.9259628144898143e-05,5403.480348775796,5411.4398207716295,5783.574123748015,5776.304247713995,0.019443638314971524,0.008625885593007546,0.13891909669722124,0
11.362000000000464,2.0,2.0,1.0,0.0,1.9863964941203902,1.986357495984136,0.9999536277550025,0.006406141289904534,0.006459545022254111,-1.1780455626552536e-05,-0.0008397113898136067,-0.0008841744066230544,0.00011652597921033752,0.005164002055147923,-0.00490431668264587,-4.420203666161239e-07,-0.09571982874778225,0.09555171446155677,-0.00032573820123300693,0.0022840368011864767,-0.0022717994207831676,3.820501627530876e-06,68.67081621233528,0.00023796836133142674,-0.00021318088950666477,-1.795165529311313e-05,5403.482605894156,5411.442532624577,5783.57685458399,5776.294547835338,0.01926591390057975,0.009097500035717633,0.135249426091508,0
11.38200000000047,2.0,2.0,1.0,0.0,1.9865281980115381,1.986490274062232,0.9999534069614571,0.006730335248185973,0.006784287437998329,-1.0430520243939943e-05,-0.0012953571603243532,-0.0013410206381305433,0.00011427720044030525,0.007832204684366134,-0.007565507835409963,-1.0341879735046123e-06,-0.09308455684731075,0.09293043702693092,-0.00031706812928361305,0.0023121794181272556,-0.0023000281282111743,3.7778280508704673e-06,68.67080118065395,0.0002201952311485765,-0.00019734454226003227,-1.6651863736327934e-05,5403.484830312304,5411.445210179595,5783.5795482719695,5776.284887379228,0.01907889710232655,0.00955636318847861,0.13153247983551206,0
11.402000000000477,2.0,2.0,1.0,0.0,1.9866662858221966,1.9866294465018879,0.9999532133844672,0.007045426069926443,0.00709987885286435,-9.06105380225706e-06,-0.0017432929977167968,-0.0017901047252939003,0.00011193464084771019,0.010455073989996577,-0.010181670455149835,-1.857905058212721e-06,-0.09041841508475838,0.0902781852189062,-0.00030851916912115723,0.0023381368788334207,-0.0023260793123698986,3.7342953035864013e-06,68.6707857700251,0.00020254198671250067,-0.00018161421307886586,-1.5361029885605445e-05,5403.487020514608,5411.447851365989,5783.582202980819,5776.275272160666,0.01888284469058161,0.010002319247796761,0.12777180341227615,0
11.422000000000484,2.0,2.0,1.0,0.0,1.9868105743570068,1.9867748291545213,0.9999530473943665,0.007351312073556122,0.007406217959177648,-7.673910017725088e-06,-0.002183304360028124,-0.0022312120942935693,0.00010950124721562097,0.013031356800554648,-0.012751551516307028,-2.9002139507536516e-06,-0.0877238977938993,0.08759744473311323,-0.000300100420367645,0.002361924744439176,-0.0023499683449346538,3.6899078448859017e-06,68.67076998554572,0.0001850197189308176,-0.0001659998072260492,-1.407991245909694e-05,5403.489175068583,5411.450454211464,5783.584816973465,5776.265707912078,0.018678016415864983,0.010435224604700777,0.12397091825183203,0
11.44200000000049,2.0,2.0,1.0,0.0,1.986960878480942,1.9869262359396838,0.9999529093237529,0.007647900110150743,0.007703212011049762,-6.271001650374096e-06,-0.00261518597376963,-0.0026641374787131147,0.00010698016102920295,0.015559854296481235,-0.01527395212321802,-4.147957748651844e-06,-0.08500348061966558,0.08489068279900058,-0.0002918205245492877,0.0023835599270009347,-0.0023717119460445204,3.6446750072354863e-06,68.67075383343688,0.00016763924929897588,-0.00015051098944835855,-1.280925229588452e-05,5403.491292624264,5411.45301684214,5783.587388606346,5776.256200280444,0.018464674766303524,0.010854947752407045,0.1201333195084139,0
11.462000000000497,2.0,2.0,1.0,0.0,1.987117011289238,1.9870834790155614,0.9999527994663845,0.007935105496652878,0.00799077675684865,-4.854293609354389e-06,-0.0030387418394535425,-0.00308868492445334,0.00010437470692092039,0.018039422038724284,-0.01774772754221757,-5.587824365814277e-06,-0.08225961899128315,0.08216034665557806,-0.00028368765008040446,0.00240306065592835,-0.0023913281509101623,3.59861078250921e-06,68.67073732101578,0.00015041112613613814,-0.00013515718061130354,-1.154977217990795e-05,5403.493371913478,5411.45553748239,5783.589916328695,5776.246754824438,0.018243084726916055,0.01126136918784611,0.11626247391486429,0
11.482000000000504,2.0,2.0,1.0,0.0,1.9872787842759239,1.987246368948069,0.9999527180762121,0.008212851943914929,0.008268836366481715,-3.4257960783868093e-06,-0.003453785230196911,-0.003504667787706639,0.00010168838087771254,0.020468969956839222,-0.020171787193326594,-7.2063896953826325e-06,-0.07949474663417376,0.07940886206570166,-0.00027570947917551785,0.0024204464439636086,-0.002408836275974099,3.5517336010391313e-06,68.67072045666481,0.00013334562108107344,-0.00011994755456634048,-1.0302176673717384e-05,5403.495411748943,5411.4580144544825,5783.592398681694,5776.237377011552,0.01801351354088303,0.011654381306804601,0.11236181767220701,0
11.50200000000051,2.0,2.0,1.0,0.0,1.9874460075008633,1.9874147148784336,0.9999526653665481,0.00848107147969775,0.008537323353626518,-1.9875576791732654e-06,-0.0038601386835151585,-0.003911908726102522,9.892483824834852e-05,0.022847462297255094,-0.022545094602183253,-8.99015978661929e-06,-0.07671127412111112,0.07663863186939478,-0.00026789319666686287,0.0024357380527563646,-0.0024242568846561644,3.5040661052532055e-06,68.67070324979818,0.00011645272584123391,-0.00010489103525009738,-9.067151961903318e-06,5403.497411023286,5411.460446178068,5783.594834297489,5776.228072215224,0.01777623047293845,0.012033888292588762,0.10843475440511374,0
11.522000000000517,2.0,2.0,1.0,0.0,1.9876184897551996,1.987588324689167,0.9999526415093737,0.008739704366760331,0.008796178493044675,-5.416586935233543e-07,-0.004257633986415554,-0.004310239683135698,9.608788158686228e-05,0.025173917532355733,-0.02486666731286206,-1.092561194188596e-05,-0.07391158746308696,0.0738520345766592,-0.0002602454806999162,0.0024489574580456117,-0.002437611752714912,3.455634917771802e-06,68.67068571082615,9.974214920540105e-05,-8.99962940149456e-05,-7.845365704378833e-06,5403.499368707927,5411.462831169498,5783.597221898069,5776.218845711979,0.017531506575028638,0.012399805998210835,0.10448465316436666,0
11.542000000000524,2.0,2.0,1.0,0.0,1.9877960387251097,1.9877670051683356,0.9999526466347786,0.008988699016177664,0.009045350733117212,9.09795638804084e-07,-0.004646112153908297,-0.004699501865996993,9.318144837903517e-05,0.027447408231076508,-0.027135576762269128,-1.299923464589992e-05,-0.07109804674030307,0.07105142300020229,-0.00025277249527470846,0.0024601278144968743,-0.002448923833258175,3.406470405540651e-06,68.6706678511169,8.322331430506018e-05,-7.527174718751082e-05,-6.63746689916982e-06,5403.50128385186,5411.465168040969,5783.599560294041,5776.209702678576,0.017279614454372188,0.012752061822162935,0.10051484651347639,0
11.56200000000053,2.0,2.0,1.0,0.0,1.987978461153773,1.987950562172025,0.999952680830535,0.009228011896024846,0.009284797103740226,2.3646817284603342e-06,-0.005025423401051242,-0.005079545716921695,9.020959868334916e-05,0.029667060891684416,-0.0293509481167917,-1.5197566245597105e-05,-0.06827298477366998,0.06823912292845802,-0.0002454798845963438,0.0024692734202198113,-0.0024582172214241698,3.356606440558258e-06,68.67064968295641,6.690535613092713e-05,-6.072555385833199e-05,-5.444085754839693e-06,5403.503155580336,5411.467455499551,5783.6018483832695,5776.200648189179,0.01702082804405762,0.01309059457788372,0.0965286286243199,0
11.582000000000537,2.0,2.0,1.0,0.0,1.988165563001465,1.988138800784916,0.9999527441418027,0.009457607435567839,0.009514482619721052,3.820864134413099e-06,-0.00539542710865307,-0.005450230878181649,8.717650272824012e-05,0.03183205573747693,-0.03151196007193128,-1.75072323051851e-05,-0.0654387058371604,0.06541743183925956,-0.0002383727691940588,0.0024764196809938708,-0.002465517118786198,3.306080157875901e-06,68.67063121950638,5.07971193007478e-05,-4.6365613891365274e-05,-4.265833572491646e-06,5403.504983093447,5411.469692346031,5783.604085149424,5776.191687212564,0.01675542237630376,0.013415354357052399,0.0925292534775689,0
11.602000000000544,2.0,2.0,1.0,0.0,1.9883571496036871,1.9883315254788785,0.9999528365709617,0.009677457925100863,0.009734380179816681,5.2762019355386455e-06,-0.005755991782757821,-0.005811426150845287,8.408642850176382e-05,0.03394162647612287,-0.03361784461563836,-1.991498156719688e-05,-0.06259748441132401,0.06258861765446706,-0.00023145574376417765,0.0024815930742406044,-0.002470849797486987,3.2549317119469438e-06,68.67061247476055,3.4907156074668905e-05,-3.21995661613085e-05,-3.10330263727491e-06,5403.506765664635,5411.471877473654,5783.6062696604295,5776.182824609346,0.016483673358509112,0.013726302386863412,0.08851993310008711,0
11.62200000000055,2.0,2.0,1.0,0.0,1.988553025827246,1.988528540269502,0.9999529580775715,0.00988754341157278,0.00994447046155675,6.728554960456573e-06,-0.006106995008038678,-0.0061630094474326245,8.094372936904388e-05,0.035995060023384616,-0.035667886756096105,-2.2407720456616804e-05,-0.05975156397823873,0.059754917535837546,-0.00022473287668850616,0.0024848211127685114,-0.002474242564148344,3.2032040319463565e-06,68.67059346349923,1.9243724614574986e-05,-1.8234787010349602e-05,-1.957066119375667e-06,5403.508502639103,5411.474009866721,5783.608401066806,5776.174065129262,0.01620585755221241,0.014023410881449734,0.08450383584858172,0
11.642000000000557,2.0,2.0,1.0,0.0,1.9887529962241988,1.9887296488704749,0.9999531085784537,0.010087851590145185,0.010144741811994392,8.175789862307422e-06,-0.006448323395228979,-0.006504867738596711,7.77528317495475e-05,0.03799169619198723,-0.037661424214699486,-2.4972546071393837e-05,-0.056903155858138224,0.05691853672237281,-0.0002182077111765746,0.0024861323083194228,-0.0024757237235854307,3.1509425767588035e-06,68.67057420124274,3.814787490523261e-06,-4.478388921143204e-06,-8.276779846117668e-07,5403.510193432174,5411.476088599073,5783.610478599956,5776.165413408479,0.015922251955081294,0.014306662887632528,0.08048408478752996,0
11.662000000000564,2.0,2.0,1.0,0.0,1.988956865183589,1.9889346548457354,0.9999532879478933,0.010278377691825326,0.010335190134529345,9.61578602447578e-06,-0.006779872522725085,-0.006836896993964057,7.451822289092269e-05,0.039930927346405645,-0.03959784708501707,-2.7596777608885792e-05,-0.05405443808792222,0.05408164740936168,-0.0002118832679768911,0.0024855561349518052,-0.0024753225423459796,3.0981950905145467e-06,68.67055470420333,-1.1371989575017524e-05,9.062780588752013e-06,2.8432708555135235e-07,5403.511837527564,5411.478112832456,5783.61250157033,5776.15687396698,0.015633133786040768,0.014576052125182115,0.07646375609462501,0
11.68200000000057,2.0,2.0,1.0,0.0,1.9891644370808919,1.9891433617593195,0.9999534960179567,0.010459124367318624,0.010515818771947807,1.1046441285416637e-05,-0.00710154687249436,-0.007159002117268174,7.124443877084005e-05,0.04181219802435052,-0.041476597458512114,-3.026798618393544e-05,-0.05120755434171684,0.05124638766928385,-0.0002057620495993024,0.002483122992284701,-0.0024730692121189444,3.0450113592310586e-06,68.67053498923643,-2.630923872426184e-05,2.238213986549431e-05,1.378433764409396e-06,5403.513434475621,5411.480081814793,5783.614469365578,5776.148451205995,0.015338780273649648,0.014831582821781132,0.07244587753125682,0
11.702000000000577,2.0,2.0,1.0,0.0,1.989375516425096,1.9893555733228274,0.9999537325789218,0.010630101567244862,0.01068663838582459,1.2465677470060685e-05,-0.007413259760423606,-0.007471096875916152,6.793605215448915e-05,0.04363500452576735,-0.043297169017813976,-3.297402300040215e-05,-0.048364612893626126,0.048414860414721934,-0.00019984604598823435,0.002478864168635546,-0.002468994813025885,2.991442969392659e-06,68.67051507379061,-4.0989890745880196e-05,3.547337380160033e-05,2.454146140837762e-06,5403.514983891467,5411.481994878346,5783.61638144858,5776.140149405498,0.015039468447832964,0.015073269542884054,0.06843342700943825,0
11.722000000000584,2.0,2.0,1.0,0.0,1.9895899080033523,1.9895710935404407,0.999953997379817,0.010791326418863614,0.01084766683243317,1.3871445718107826e-05,-0.00771493326124824,-0.007773103825123171,6.459766084043895e-05,0.045398894470133254,-0.0450591065983576,-3.570304584398756e-05,-0.04552768562277619,0.04558913240339005,-0.0001941367415839673,0.0024728118040786185,-0.0024631312768343756,2.9375430689408404e-06,68.67049497585718,-5.540717562536521e-05,4.8330434312734126e-05,3.5109877706121857e-06,5403.516485453156,5411.483851437799,5783.61823735547,5776.131972721777,0.014735474935066363,0.015301137016671042,0.06442933116349953,0
11.74200000000059,2.0,2.0,1.0,0.0,1.9898074170231181,1.9897897268514184,0.9999542901290642,0.010942823099454256,0.0109989290353098,1.5261731599178596e-05,-0.008006498128200928,-0.008064954226759773,6.123387612213825e-05,0.047103466322895145,-0.04676200571920128,-3.8443543870150844e-05,-0.04269880706072497,0.04277123328535117,-0.00018863512370713016,0.0024649988534542356,-0.0024555113501202107,2.8833661314785315e-06,68.67047471391912,-6.955462286612717e-05,6.094754060993075e-05,4.548501718034241e-06,5403.517938899725,5411.485650988267,5783.6200366935755,5776.123925185086,0.014427075757116162,0.015515219954295912,0.06043646401185753,0
11.762000000000597,2.0,2.0,1.0,0.0,1.9900278492517356,1.990011278270012,0.9999546104952206,0.011084622706496176,0.0111404568546178,1.6634560006494248e-05,-0.008287893707522495,-0.008346587963052323,5.7849311490313457e-05,0.048748368891865373,-0.0484055120838552,-4.1184360666723074e-05,-0.03987997348127499,0.03996315469246603,-0.00018334169219967787,0.0024554590493555545,-0.0024461685574046032,2.828967724207183e-06,68.6704543068996,-8.34260615866917e-05,7.33191792705436e-05,5.566250587983814e-06,5403.519344029274,5411.487393103206,5783.621779139342,5776.116010697374,0.014114546133418214,0.01571556286562966,0.05645764571568331,0
11.782000000000604,2.0,2.0,1.0,0.0,1.9902510111533784,1.990235553522731,0.9999549581078182,0.011216763124794861,0.011272288953458394,1.7987999820263804e-05,-0.008559067847978555,-0.008617953445281375,5.4448571599708623e-05,0.05033330079441824,-0.04998932105195823,-4.391471557654613e-05,-0.037073142032696536,0.03716684937008826,-0.00017825647025400905,0.002444226865120065,-0.0024351371642933745,2.77440428006307e-06,68.67043377411031,-9.701562039440301e-05,8.544010410800742e-05,6.563816548242109e-06,5403.520700696958,5411.489077432285,5783.623464436193,5776.108233030107,0.013798160287192447,0.015902219870702183,0.0524956413360854,0
11.80200000000061,2.0,2.0,1.0,0.0,1.990476710023311,1.9904623591829047,0.9999553325582924,0.01133928889069973,0.011394470661274409,1.9320168334680686e-05,-0.008819976805526953,-0.008879007517624693,5.103624152801381e-05,0.05185800989634028,-0.051513177082648624,-4.662422327103836e-05,-0.034280229912337375,0.03438423035097855,-0.00017337901636059287,0.0024313374778554297,-0.0024224521406495574,2.7197328748406806e-06,68.67041313519974,-0.00011031772704126842,9.730533585160372e-05,7.540801342084315e-06,5403.522008813009,5411.490703699185,5783.62509239239,5776.100595822173,0.01347819125537166,0.01607525450704573,0.048553159721475656,0
11.822000000000617,2.0,2.0,1.0,0.0,1.9907047541193965,1.9906915028024799,0.9999557334009954,0.011452251053558803,0.01150705383449289,2.062923544209043e-05,-0.009070585143280279,-0.00912971535628946,4.761687634741525e-05,0.05332229272317669,-0.052976873150470734,-4.93029115709883e-05,-0.03150311358356488,0.03161717017139888,-0.00016870843730336726,0.002416826731523459,-0.0024081491238128563,2.665011009511258e-06,68.67039241010156,-0.00012332710786535972,0.00010891016162383629,8.49682629113599e-06,5403.523268340704,5411.492271699349,5783.626662878852,5776.093102577909,0.013154910702429863,0.01623473953314346,0.044632852408327574,0
11.842000000000624,2.0,2.0,1.0,0.0,1.990934952790812,1.990922793041004,0.9999561601542936,0.011555707034556552,0.011610096714552631,2.1913427569127092e-05,-0.009310865626915365,-0.009370050364085567,4.419499102492029e-05,0.05472599384495717,-0.05438025013470308,-5.19412375162087e-05,-0.028743628034950976,0.028867500129292335,-0.00016424340213109815,0.0024007311001115607,-0.002392264381918762,2.6102963985119396e-06,68.67037161898313,-0.00013603878702138017,0.00012025013424180182,9.43153228838299e-06,5403.524479294351,5411.493781297693,5783.6281758269615,5776.085756665208,0.012828588738178605,0.016380756728187906,0.04073731270468417,0
11.86200000000063,2.0,2.0,1.0,0.0,1.9911671166039058,1.9911560397917392,0.9999566123017383,0.011649720483078834,0.01170366378346202,2.3171031360353783e-05,-0.009540799115673222,-0.009599994060584543,4.077505067552943e-05,0.05606900523514323,-0.055723196182944856,-5.4530101690693174e-05,-0.026003566081590747,0.0261370095844424,-0.0001599821570326753,0.0023830876509133266,-0.002374834777314673,2.555646764119546e-06,68.67035078219449,-0.00014844808550300395,0.00013132107132649687,1.0344579781330397e-05,5403.525641737242,5411.495232426271,5783.629631226356,5776.078561313741,0.012499493739614361,0.016513396688352198,0.036869074735243645,0
11.882000000000637,2.0,2.0,1.0,0.0,1.9914010574651633,1.9913910543048639,0.9999570892933078,0.011734361130749956,0.011787825617032502,2.4400397106253927e-05,-0.009760374449103364,-0.00981953596801839,3.7361461185682014e-05,0.05735126560469505,-0.05700564604985832,-5.706086081493243e-05,-0.02328467770840413,0.02342744530047451,-0.0001559225410434536,0.0023639340079493463,-0.0023558977301103706,2.501119637693868e-06,68.67032992021778,-0.0001605506199631272,0.0001421190542288406,1.1235648745265114e-05,5403.526755779623,5411.496625081927,5783.6310291227255,5776.0715196133115,0.012167892176871736,0.01663275861977808,0.03303061275717936,0
11.902000000000644,2.0,2.0,1.0,0.0,1.991636588741221,1.9916276493077132,0.9999575905467171,0.01180970464328607,0.01186265873593191,2.5599941912354916e-05,-0.009969588329697906,-0.010028673493066815,3.395856021682532e-05,0.05857275971212237,-0.058227580411915114,-5.9525338621698346e-05,-0.02058866945525325,0.020740510828526838,-0.00015206200251005058,0.002343308315545621,-0.0023354911818937204,2.446772167705795e-06,68.67030905361733,-0.00017234230133373381,0.0001526404267833431,1.2104438646593052e-05,5403.527821576679,5411.497959323899,5783.632369615599,5776.064634512285,0.01183404844336178,0.01673895012848357,0.02922434055636856,0
11.92200000000065,2.0,2.0,1.0,0.0,1.9918735253759048,1.9918656391220195,0.9999581154487851,0.011875832470308023,0.01192824545470192,2.6768152608859244e-05,-0.010168445201572864,-0.010227411804685792,3.0570608609463425e-05,0.05973351765041036,-0.05938902515906432,-6.191583503622564e-05,-0.017917203843669943,0.018077865932390615,-0.0001483976162406139,0.002321249202102829,-0.002313653559628304,2.3926609354678e-06,68.67028820299048,-0.00018381933325216975,0.00016288179388630216,1.295066839615356e-05,5403.528839326485,5411.49923527143,5783.633652856134,5776.057908816198,0.011498224690138613,0.01683208700739256,0.02545261125699997,0
11.942000000000657,2.0,2.0,1.0,0.0,1.9921116840042334,1.992104839778111,0.9999586633568595,0.01193283169325614,0.011984673728882381,2.7903588398838445e-05,-0.010356957125340297,-0.010415763708128252,2.720178219719166e-05,0.060833614111698436,-0.06049005066416006,-6.422513368596093e-05,-0.015271898844966476,0.015441126054900983,-0.0001449261012681413,0.0022977957440717127,-0.0022904237397528967,2.3388417783185357e-06,68.67026738891919,-0.0001949782102951541,0.00017284001990026308,1.3774076292585143e-05,5403.529809268026,5411.500453101352,5783.634879044933,5776.051345186424,0.011160680664566665,0.016912293020687266,0.021717717709282665,0
11.962000000000664,2.0,2.0,1.0,0.0,1.9923508830633685,1.9923450691260327,0.9999592336002903,0.011980794871548952,0.012032037000385137,2.900488324460461e-05,-0.010535143649330295,-0.010593749515310662,2.3856164042646915e-05,0.06187316763060814,-0.061530771031075376,-6.644650776927704e-05,-0.012654327389474735,0.012831861825325601,-0.00014164383915482375,0.002272987430163922,-0.002265841012512253,2.2853696209571744e-06,68.67024663192292,-0.00020581571602598745,0.00018251222689473972,1.45744199555668e-05,5403.530731679202,5411.501613045684,5783.636048429854,5776.044946139033,0.010821673553329258,0.01697969968568416,0.018021894367944144,0
11.98200000000067,2.0,2.0,1.0,0.0,1.9925909429004651,1.9925861469435584,0.9999598254819498,0.012019819887127086,0.012070434041258465,3.007074799329503e-05,-0.010703031677311094,-0.01076139691167764,2.0537737103954442e-05,0.06285233980710639,-0.0625113433223679,-6.857372431638992e-05,-0.010066016916629984,0.010251598607467697,-0.0001385468927659318,0.0022468641258171465,-0.0022399450465504767,2.2322983148959735e-06,68.67022595241218,-0.00021632892086078466,0.00019189579272610379,1.535147624906742e-05,5403.531606874851,5411.5027153892015,5783.637161303849,5776.03871404373,0.010481457829833462,0.017034446052432463,0.014367322971826007,0
12.002000000000677,2.0,2.0,1.0,0.0,1.992831685877399,1.9928278950410614,0.9999604382797901,0.012050009787521371,0.012099968795982663,3.10999722427928e-05,-0.010860655332860326,-0.010918740819718699,1.7250377343110655e-05,0.06377133450980167,-0.06343196676738819,-7.060104687944284e-05,-0.0075084489655940535,0.007701816088184165,-0.00013563102544284164,0.002219466037939859,-0.002212775853767239,2.1796804864317198e-06,68.67020537064371,-0.00022651517975527395,0.0002009883489575356,1.610504119448676e-05,5403.532435204825,5411.503760467049,5783.638218002841,5776.032651122966,0.010140285106052008,0.01707667848123248,0.010756150626584965,0
12.022000000000684,2.0,2.0,1.0,0.0,1.9930729364723385,1.9930701373632145,0.9999610712484369,0.012071472627584555,0.01212075022243581,3.209142595035374e-05,-0.011008055820541112,-0.011065823259288355,1.3997847275574497e-05,0.06463039706055547,-0.06429288195172854,-7.252323669218438e-05,-0.00498305880608408,0.005183947905991077,-0.00013289172050559177,0.002190833679954151,-0.002184373754476005,2.1275673932277743e-06,68.67018490667654,-0.000236372129718284,0.0002097877786229039,1.6834929873640556e-05,5403.533217052064,5411.504748662335,5783.6392189035905,5776.026759451153,0.009798403988847989,0.0171065504182702,0.007190562650992028,0
12.04200000000069,2.0,2.0,1.0,0.0,1.9933145213781402,1.9933127000874993,0.9999617236208121,0.012084321310024055,0.012132892131667907,3.304406078591096e-05,-0.011145281284033961,-0.011202693204885046,1.078378997450833e-05,0.06542981340131446,-0.06509436998889177,-7.433555234291538e-05,-0.0024912351090508084,0.0026993813193989307,-0.0001303242010167779,0.002161007837160333,-0.002154779342881231,2.0760087896397806e-06,68.67016458032973,-0.00024589768715643,0.00021829221384336029,1.7540976321739337e-05,5403.533952830734,5411.505680403767,5783.640164421639,5776.021040954048,0.009456059940814656,0.017124222169562733,0.0036732699060532965,0
12.062000000000697,2.0,2.0,1.0,0.0,1.9935562695975402,1.9935554117194958,0.9999623946097801,0.012088673424871929,0.01213651302662004,3.3956911233516586e-05,-0.011272386661378107,-0.011329406440040156,7.611723529163739e-06,0.0661699092440455,-0.06583675167507567,-7.603374800739117e-05,-3.431965682559991e-05,0.000249456914604149,-0.0001279234497397699,0.0021300295324428466,-0.0021240334528910606,2.0250528010586597e-06,68.67014441114144,-0.0002550900450544701,0.00022650003329632805,1.822303341016488e-05,5403.534642984374,5411.506556163289,5783.641055009254,5776.015497408244,0.009113495145671105,0.01712986067340722,0.00025180678343502007,0
12.082000000000704,2.0,2.0,1.0,0.0,1.9937980125351282,1.9937981031849374,0.999963083409814,0.01208465108802708,0.012131735939923996,3.482909544556619e-05,-0.011389433537474233,-0.011446025408970115,4.485035957268516e-06,0.06685104920466615,-0.0665203866279603,-7.761407029115218e-05,0.002386392907669053,-0.0021645316478637773,-0.0001256842292258102,0.0020979399923381605,-0.002092177124289258,1.974745807190747e-06,68.67012441832954,-0.00026394766999602724,0.0002344098595427902,1.888097271923884e-05,5403.535287984092,5411.507376453766,5783.6418911534265,5776.0101304408445,0.008770948378239416,0.01712363927152424,0.0032218113226318264,0
12.10200000000071,2.0,2.0,1.0,0.0,1.9940395840860798,1.9940406079185131,0.9999637891986765,0.012072380779003335,0.01211868827091617,3.565981585366195e-05,-0.011496489993998932,-0.011552619065643916,1.4069805773551198e-06,0.0674736359218583,-0.06714567241037375,-7.907325373329812e-05,0.004769655293069022,-0.004541337847964396,-0.00012360110196639912,0.002064780613480817,-0.0020592515692853942,1.9251323343540896e-06,68.67010462075376,-0.0002724692990281915,0.00024202055621652292,1.9514684400869612e-05,5403.535888326815,5411.508141826676,5783.642673373906,5776.00494152923,0.008428654879038155,0.017105737479084525,0.006585845495904683,0
12.122000000000718,2.0,2.0,1.0,0.0,1.9942808207216365,1.9942827619494043,0.9999645111391097,0.012051993178015178,0.012097501621998347,3.6448359541016724e-05,-0.011593630456882907,-0.011649262720419684,-1.619328162746027e-06,0.06803810916166221,-0.06771304363972444,-8.040851502606934e-05,0.00711426773352716,-0.006879762482879381,-0.00012166845054889717,0.002030592929451625,-0.002025298139459834,1.8762549569775662e-06,68.67008503687967,-0.00028065393637566,0.0002493312250812863,2.0124077031132005e-05,5403.536444533564,5411.50885286987,5783.643402221281,5775.999932001021,0.008086846233513328,0.017076340753805843,0.00989666291243164,0
12.142000000000724,2.0,2.0,1.0,0.0,1.994521561571325,1.9945244039835381,0.9999652483805297,0.012023623002531845,0.012068311634476006,3.71940983823501e-05,-0.011680935541505453,-0.011736037884397298,-4.590918399120393e-06,0.06854494490870759,-0.06822297108408797,-8.16175460066531e-05,0.009419078124950778,-0.009178653806124402,-0.00011988049775535669,0.0019954185780414135,-0.001990358293125901,1.8281542081056613e-06,68.67006568474417,-0.0002885008500105111,0.00025634120295770304,2.0709077452914902e-05,5403.536957147779,5411.509510205336,5783.644078275102,5775.995103034148,0.007745750255935957,0.017035640264304607,0.013151681168303406,0
12.162000000000731,2.0,2.0,1.0,0.0,1.9947616485018993,1.9947653754825578,0.9999660000607224,0.01198740884342817,0.012031257824003484,3.789648895820856e-05,-0.01175849189575245,-0.011813032111642268,-7.504964117297324e-06,0.0689946544449882,-0.06867596074580883,-8.269850547952213e-05,0.011682982124005738,-0.01143690762952419,-0.00011823132654666158,0.0019592992689516204,-0.0019544735631175773,1.7808684990775727e-06,68.67004658192293,-0.0002960095680794967,0.000263050058524325,2.126963060854741e-05,5403.537426733707,5411.510114487035,5783.644702142063,5775.990455657081,0.00740559087798748,0.01698383265788439,0.016349156716182766,0
12.182000000000738,2.0,2.0,1.0,0.0,1.9950009261930033,1.9950055207394963,0.9999667653075347,0.011943493000859786,0.01198648341576323,3.855507224854368e-05,-0.011826392041087819,-0.011880338839427787,-1.0358787966938251e-05,0.06938778341703758,-0.06907255293349138,-8.365000992921466e-05,0.013904923210398292,-0.013653467388557983,-0.0001167148998760502,0.0019222767519449608,-0.0019176855250348551,1.7344340481615941e-06,68.67002774549945,-0.00030317987519522976,0.0002694575890014783,2.1805699362528998e-05,5403.537853874823,5411.510666398763,5783.645274454216,5775.985990749204,0.0070665880420599835,0.016921119827941346,0.01948753595780595,0
12.202000000000744,2.0,2.0,1.0,0.0,1.9952392422095515,1.9952446869511542,0.9999675432405561,0.01189202131998734,0.01193413517950502,3.916947311434997e-05,-0.011884734211788591,-0.01193805722664549,-1.3149863632333988e-05,0.06972491089238358,-0.06941332132325537,-8.447112318490539e-05,0.01608389271296116,-0.015827324171597375,-0.00011532508027852075,0.0018843927854673584,-0.0018800357659456046,1.6888848182593742e-06,68.67000919203622,-0.0003100118085978426,0.000275563816713274,2.2317264314467414e-05,5403.538239172303,5411.511166652073,5783.645795867262,5775.981709041332,0.006728957599292235,0.016847708681163646,0.022565367022526418,0
12.222000000000751,2.0,2.0,1.0,0.0,1.9954764470708193,1.9954827242871729,0.9999683329727899,0.01183314302667381,0.011874363264568623,3.973939957296201e-05,-0.011933622192488412,-0.01198629199053018,-1.5875817767528803e-05,0.07000664840613156,-0.06969887201010225,-8.516134509924071e-05,0.018218929800091068,-0.017957516713585024,-0.00011405564918485917,0.0018456891057509336,-0.001841565853578075,1.6442524633167028e-06,68.66999093754742,-0.00031650565418644733,0.0002813689855465246,2.2804323602209045e-05,5403.538583243568,5411.51161598425,5783.646267058865,5775.977611116373,0.006392911212382785,0.016763810904699868,0.02558127828385834,0
12.242000000000758,2.0,2.0,1.0,0.0,1.9957123943162522,1.995719485955815,0.9999691336123062,0.01176701056327565,0.011807321035011989,4.02646418765424e-05,-0.01197316515417716,-0.012025153241848791,-1.853443150315116e-05,0.07023363899855209,-0.06992984255025278,-8.572059930493616e-05,0.02030912143510179,-0.020043131354711648,-0.00011290032591145771,0.001806207396419391,-0.0018023173059991352,1.6005662836728505e-06,68.66997299747392,-0.000322661942433027,0.0002868735572916801,2.326689269536053e-05,5403.538886720863,5411.512015156328,5783.6466887270635,5775.973697410135,0.00605865626320398,0.016669642733468007,0.028533971178330852,0
12.262000000000764,2.0,2.0,1.0,0.0,1.9959469405679906,1.9959548282664472,0.9999699442638739,0.011693779424648065,0.01173316490496471,4.074507140093453e-05,-0.012003477488801985,-0.012054756318697827,-2.1123641528919947e-05,0.07040655624451685,-0.07010690099530491,-8.614922011334067e-05,0.022353602297076294,-0.022083301964668657,-0.00011185278627944262,0.0017659892586070823,-0.0017623315618123358,1.557853189936826e-06,68.66995538665972,-0.00032848144417754147,0.0002920782078897263,2.370500417922954e-05,5403.539150249888,5411.512364951185,5783.647061588687,5775.96996821227,0.005726395765279318,0.016565424717774713,0.031422217248292895,0
12.282000000000771,2.0,2.0,1.0,0.0,1.996179945590118,1.9961886106887319,0.99997076403057,0.01161360799448133,0.01165205417432447,4.118063935288026e-05,-0.012024678642612788,-0.012075221619051406,-2.364154076784653e-05,0.07052610327561264,-0.07023074491904609,-8.64479386196866e-05,0.024351554667812494,-0.024077209833074074,-0.00011090668081947583,0.0017250761816048933,-0.0017216499508751675,1.5161376752562994e-06,68.66993811933087,-0.0003339651663109189,0.00029698382357509334,2.4118707529347158e-05,5403.539374488505,5411.512666171669,5783.647386377876,5775.966423667366,0.00539632828119426,0.016451381491410698,0.03424485673541986,0
12.302000000000778,2.0,2.0,1.0,0.0,1.9964112723446434,1.9964206959085413,0.9999715920153606,0.01152665738208389,0.011564150864912331,4.1571375305586175e-05,-0.012036892948396409,-0.012086674432207343,-2.608637864798121e-05,0.07059301179579433,-0.070302100437762,-8.661786808013841e-05,0.02630220828547691,-0.026024083526679658,-0.00011005565252089783,0.001683509514048238,-0.0016803136655573524,1.4754417959560037e-06,68.66992120907584,-0.0003391143473520016,0.00030159149692639395,2.450806887662384e-05,5403.539560105489,5411.512919638815,5783.647663844634,5775.96306377617,0.005068647845041625,0.016327741540385996,0.0370007977808278,0
12.322000000000784,2.0,2.0,1.0,0.0,1.9966407870442227,1.9966509498805973,0.9999724273226499,0.011433091259725414,0.011469619557200338,4.191738556985361e-05,-0.012040249456738237,-0.012089244769268757,-2.845656098203688e-05,0.07060804109138132,-0.07032172122485203,-8.666048862578782e-05,0.02820484016559593,-0.027923198713986488,-0.00010929335408656583,0.00164133043566013,-0.0016383637325504447,1.4357851601627242e-06,68.66990466882811,-0.00034393045292174237,0.0003059025228279542,2.48731707633894e-05,5403.539707779326,5411.513126190106,5783.647894753443,5775.95988839696,0.0047435438900751935,0.016194736972465318,0.03968901576337938,0
12.342000000000791,2.0,2.0,1.0,0.0,1.9968683592016334,1.9968792418778563,0.9999732690597959,0.011333075700650699,0.011368627227722772,4.221885141171627e-05,-0.01203488176645214,-0.012083067192804772,-3.0750649470854866e-05,0.07057197703623537,-0.07029038752057332,-8.657763137875064e-05,0.030058774390025047,-0.029773877957902574,-0.00010861346465752997,0.0015985799295591368,-0.0015958409852349451,1.3971849243098346e-06,68.6698885108506,-0.0003484151711206345,0.00030991839434198047,2.5214111890360763e-05,5403.5398181970795,5411.513286677786,5783.648079881944,5775.956897247037,0.004421201181815235,0.016052603287660647,0.042308552863016644,0
12.362000000000798,2.0,2.0,1.0,0.0,1.9970938616760217,1.997105444537648,0.9999741163385887,0.011226779017873723,0.011261343087280192,4.247602712390121e-05,-0.012020927854318422,-0.012068280645825347,-3.2967360839060425e-05,0.07048563109290988,-0.07020890513772937,-8.637146203521806e-05,0.03186338186455286,-0.03157549047710338,-0.00010800970597425527,0.0015552987551469626,-0.0015527860366311246,1.3596557972262172e-06,68.66987274672205,-0.0003525704078139211,0.00031364079850445907,2.5531006854798362e-05,5403.539892053311,5411.513401967271,5783.648220019665,5775.954089904363,0.004101799757015926,0.015901579149835504,0.044858517589157085,0
12.382000000000804,2.0,2.0,1.0,0.0,1.997317170715931,1.9973294339045902,0.9999749682766879,0.01111437160385791,0.011147938420043064,4.268923796249883e-05,-0.011998529904262931,-0.012045028280210382,-3.51055656174834e-05,0.07034983931058993,-0.07007810446408107,-8.604446397988441e-05,0.033618080045810406,-0.03332745187675418,-0.00010747585794369654,0.0015115274215844548,-0.001509239252927993,1.3232100517075034e-06,68.6698573873253,-0.00035639828182943084,0.00031707161204183354,2.58239858798974e-05,5403.539930049065,5411.513472935596,5783.648315966826,5775.951465809318,0.0037855148691535883,0.015741906159571436,0.0473380843209207,0
12.402000000000811,2.0,2.0,1.0,0.0,1.9975381659991376,1.9975510894702955,0.9999758239990189,0.010996025771187188,0.011028586423659384,4.285887795604557e-05,-0.0119678341361148,-0.012013457284726168,-3.716428658740001e-05,0.07016546132060046,-0.06989883946228173,-8.559942099556242e-05,0.03532233263816349,-0.035029223849277334,-0.00010700577358455863,0.0014673061618659632,-0.0014652407276124616,1.2878575429562315e-06,68.66984244283748,-0.00035990112007313165,0.0003202128970155959,2.6093194535764636e-05,5403.539932890879,5411.513500469938,5783.648368533173,5775.949024266595,0.0034725169415459173,0.015573828628444468,0.04974649285358365,0
12.422000000000818,2.0,2.0,1.0,0.0,1.9977567306693107,1.9977702942098916,0.9999766826391225,0.010871915594329507,0.010903462050468502,4.2985407598959754e-05,-0.011928990634074425,-0.011973718712762604,-3.9142696897854514e-05,0.06993337933026353,-0.06967198666810612,-8.503939963099923e-05,0.03697564926128466,-0.036680313845848626,-0.00010659339332537696,0.0014226749075049456,-0.001420830256201454,1.2536057341222347e-06,68.66982792272195,-0.00036308145256718193,0.0003230668963977994,2.6338793452032604e-05,5403.5399012898815,5411.513485466197,5783.648378536904,5775.946764447207,0.00316297153002875,0.015397593354855764,0.05208304786779716,0
12.442000000000824,2.0,2.0,1.0,0.0,1.9979727513695194,1.997986934615381,0.9999775433404581,0.010742216752592522,0.010772741849920636,4.306935143696062e-05,-0.011882153175022869,-0.01192596730992405,-4.104011787360144e-05,0.06965449711588097,-0.06939844418773858,-8.436773128897977e-05,0.03857758508910382,-0.03828027471933147,-0.00010623275863307988,0.0013776732638347553,-0.0013760473115933256,1.22045972813759e-06,68.66981383572238,-0.00036594200741438916,0.00032563602958686163,2.656095802235407e-05,5403.539835960936,5411.5134288276695,5783.64834680363,5775.944685390626,0.0028570392986613036,0.015213449401557298,0.05434711843738934,0
12.462000000000831,2.0,2.0,1.0,0.0,1.9981861182726155,1.99820090072586,0.999978405257657,0.010607106374367974,0.010636603812299453,4.3111295555904655e-05,-0.011827479056801891,-0.011870361341601013,-4.2856016527947316e-05,0.06932973901558727,-0.06907913069487615,-8.358799409568092e-05,0.04012774046085356,-0.039828704339344864,-0.00010591802495216215,0.0013323404859375031,-0.0013309310200333422,1.1884223058517436e-06,68.6698001898582,-0.00036848570569517037,0.00032792288785593794,2.6759878101082507e-05,5403.539737621822,5411.51333146375,5783.648274165394,5775.942786007028,0.002554876015004833,0.015021647875009769,0.05653813743075146,0
12.482000000000838,2.0,2.0,1.0,0.0,1.998396725108514,1.9984120861546308,0.9999792675577251,0.010466762882760175,0.010495227213842504,4.311188498158127e-05,-0.011765128926592004,-0.01180706242065206,-4.4590002794436345e-05,0.06896004892282843,-0.06871498442838937,-8.270399461102505e-05,0.04162576046493245,-0.041325245180199616,-0.00010564347393726364,0.0012867154552103754,-0.0012855201377238318,1.1574939703088573e-06,68.66978699242223,-0.00037071565630373714,0.0003299302297561363,2.6935757692274037e-05,5403.539606992492,5411.51319428873,5783.648161459751,5775.941065079662,0.002256632578012496,0.014822441706707198,0.05865560094977894,0
12.502000000000844,2.0,2.0,1.0,0.0,1.9986044691884022,1.9986203881132307,0.9999801294211921,0.010321365842689757,0.010348792463351422,4.307182100150669e-05,-0.011695266609512459,-0.011736235335321426,-4.62418264954642e-05,0.06854638928120174,-0.06830696219126652,-8.17197494383824e-05,0.04307133449631613,-0.042769583882424564,-0.00010540352496468081,0.0012408366565687164,-0.0012398530280624694,1.1276729962712107e-06,68.66977424997977,-0.0003726351507220305,0.0003316609764605473,2.7088814631284347e-05,5403.539444794358,5411.51301822063,5783.648009528908,5775.939521267319,0.00196245510627278,0.014616085436597804,0.06069906767112947,0
12.522000000000851,2.0,2.0,1.0,0.0,1.9988092514259104,1.9988257074324105,0.9999809900432067,0.010171095809562746,0.010197480950381988,4.2991858418355335e-05,-0.011618058937568095,-0.011658047877512668,-4.7811374062345775e-05,0.06808974008135997,-0.06785603835156935,-8.06394667904612e-05,0.04446419578825738,-0.044161450788617475,-0.00010519274591074888,0.0011947421563030787,-0.0011939676395295322,1.0989554853885609e-06,68.66976196836953,-0.00037424765774362933,0.0003331182070663717,2.721928025920281e-05,5403.539251749649,5411.512804180147,5783.647819218908,5775.938153106916,0.001672485150741165,0.014402834998728502,0.06266815819083858,0
12.542000000000858,2.0,2.0,1.0,0.0,1.999010976355271,1.999027948580095,0.9999818486345763,0.010016134179591803,0.010041474895100712,4.287280274305475e-05,-0.011533675579061447,-0.011572670671543458,-4.929866502321102e-05,0.06759109786071214,-0.06736320384609436,-7.946752806661834e-05,0.0458041209190216,-0.04550061945436842,-0.00010500586318772899,0.0011484695805863158,-0.001147901484227809,1.0713354260214246e-06,68.66975015270604,-0.00037555681814624073,0.0003343051538513432,2.7327399090410494e-05,5403.539028580799,5411.5125530896,5783.647591378862,5775.936959016167,0.0013868601965731791,0.014182947509235874,0.06456255433683376,0
12.562000000000864,2.0,2.0,1.0,0.0,1.9992095521465045,1.9992270196763597,0.9999827044227494,0.009856663041853992,0.009880957199892876,4.271550733812316e-05,-0.01144228886858982,-0.011480277003496374,-5.070384827634151e-05,0.06705147470659271,-0.0668294651874368,-7.820846949504899e-05,0.04709092929440972,-0.046786906135003914,-0.00010483777103025176,0.0011020560946451566,-0.0011016916170787404,1.0448047579322787e-06,68.66973880738382,-0.000376566439321951,0.0003352251974948598,2.7413428473503175e-05,5403.538776009886,5411.512265871996,5783.64732686024,5775.935937296366,0.0011057149392239513,0.013956681056803312,0.06638199842501012,0
12.582000000000871,2.0,2.0,1.0,0.0,1.9994048906176674,1.9994228325054608,0.9999835566527411,0.00969286503216696,0.009716111302803672,4.252087051982276e-05,-0.01134407363774445,-0.011381042651285887,-5.202719816301338e-05,0.06647189726360268,-0.06625584347514399,-7.686696389152474e-05,0.04832448260683243,-0.048020169248909846,-0.0001046835400276688,0.0010555383825968706,-0.0010553746156831186,1.0193534412130679e-06,68.66972793608295,-0.00037728048986753637,0.00033588186226222837,2.7477638245908593e-05,5403.538494758126,5411.511943450122,5783.647026516223,5775.935086135256,0.000829185068221838,0.0137242944957001,0.06812629247920657,0
12.602000000000878,2.0,2.0,1.0,0.0,1.9995969072441957,1.999615302524953,0.9999844045879998,0.009524923188862448,0.009547121032891695,4.228983262853755e-05,-0.011239207046622915,-0.011275145715552824,-5.326911035991269e-05,0.0658534057457735,-0.0656433734116061,-7.544780258434151e-05,0.04950468427169862,-0.04920030881819571,-0.0001045384249001572,0.0010089526279537567,-0.0010089865608451784,9.949695290928074e-07,68.66971754177628,-0.0003777030941394651,0.00033627881116056067,2.752031038240473e-05,5403.538185545419,5411.511586745722,5783.646691201069,5775.934403609984,0.0005574218635512015,0.013486047241514332,0.06979529748004788,0
12.622000000000885,2.0,2.0,1.0,0.0,1.9997855211653888,1.9998043488719388,0.9999852475112158,0.009353020810533933,0.009374170467571536,4.2023373074821525e-05,-0.01112786841626922,-0.011162766451499214,-5.443009760392041e-05,0.0651970529542151,-0.06499310232335512,-7.395587755318408e-05,0.05063147884188739,-0.050327265887464,-0.00010439787151881299,0.0009623344948045087,-0.0009625630177696303,9.71639244479628e-07,68.66970762673773,-0.00037783852677941227,0.0003364198410661872,2.7541738637937445e-05,5403.537849089891,5411.511196678707,5783.6463217695555,5775.933887690135,0.00029068568993525975,0.01324219906968838,0.07138893248885206,0
12.642000000000891,2.0,2.0,1.0,0.0,1.9999706551880683,1.9999898943664838,0.9999860847250691,0.009177341315832185,0.009197443792019276,4.17225073717755e-05,-0.011010239062148928,-0.011044087101772406,-5.5510785265922805e-05,0.06450390330088435,-0.06430608918839728,-7.239616382746791e-05,0.051704851401079874,-0.05140102192146283,-0.00010425752317191733,0.000915719109670054,-0.0009161390179337401,9.493470596505447e-07,68.6696981925524,-0.00037769120721276527,0.0003363088778337034,2.7542228184964293e-05,5403.537486107541,5411.510774166445,5783.645919076455,5775.933536240863,3.401289009294866e-05,0.01299300991696134,0.07290717382743196,0
12.662000000000898,2.0,2.0,1.0,0.0,2.000152235787455,2.0001718655122467,0.9999869155529195,0.008998068105379876,0.009017125160712278,4.1388284160800194e-05,-0.010886502128764712,-0.010919291730506153,-5.651190679628528e-05,0.06377503183910506,-0.06358340367019749,-7.077370218756932e-05,0.05272482693672713,-0.05242159818238642,-0.00010411322608194866,0.0008691410440423485,-0.000869749041636469,9.280757790514168e-07,68.66968924012758,-0.0003772656941275282,0.00033594997138292835,2.752209524568096e-05,5403.5370973118825,5411.510320123095,5783.645483976052,5775.933347026068,0.0002299667194121944,0.012738739685819426,0.07435005417702663,0
12.682000000000905,2.0,2.0,1.0,0.0,2.000330193105314,2.0003501924943614,0.9999877393394367,0.008815384425873705,0.008833398561171756,4.1021782239058303e-05,-0.010756842425521688,-0.010788566058621024,-5.743429904891041e-05,0.06301152330143796,-0.06282612515895326,-6.9093582210145e-05,0.0536914696934364,-0.05338905508760864,-0.00010396103417981186,0.0008226342976042516,-0.0008234270012229066,9.078066246007676e-07,68.66968076970528,-0.0003765666799353704,0.0003353472907719188,2.7481666719437153e-05,5403.536683413635,5411.509835459008,5783.645017321697,5775.933317711669,0.0004814692032740549,0.012479648052051227,0.07571766165746656,0
12.702000000000911,2.0,2.0,1.0,0.0,2.0005044609453972,2.000524809174621,0.9999885554511697,0.008629473236440128,0.008646447679973971,4.06241075962921e-05,-0.010621446263934896,-0.010652097300488153,-5.827889750508086e-05,0.062214471145509743,-0.06203534182069951,-6.736092569639872e-05,0.054604882507555456,-0.05430349154862865,-0.00010379721314496096,0.0007762322821327376,-0.0007772062249946821,8.885193232398116e-07,68.6696727808756,-0.0003755989852193041,0.0003345051192627552,2.7421279805678607e-05,5403.536245120455,5411.509321080152,5783.644519965411,5775.93344586891,0.0007280360519201255,0.012215994275501348,0.07701013891215562,0
12.722000000000918,2.0,2.0,1.0,0.0,2.0006749767662466,2.000695653084008,0.9999893632770593,0.008440517077307697,0.008456455771093323,4.019639046916328e-05,-0.010480501296288159,-0.01051007400205445,-5.9046731412865715e-05,0.06138497660837498,-0.06121214965488219,-6.558087051993266e-05,0.05546520612374462,-0.05516504429200409,-0.0001036182437216241,0.000729967806088506,-0.0007311194418020666,8.701921965212171e-07,68.66966527259164,-0.00037436755317558044,0.0003334278493767136,2.7341281622722522e-05,5403.535783136686,5411.508777887634,5783.643992757511,5775.933728977762,0.0009693502917612551,0.011948037014111866,0.07822768213087801,0
12.742000000000925,2.0,2.0,1.0,0.0,2.000841681671394,2.000862665412615,0.99999016222889,0.008248697940856352,0.008263605526637744,3.9739782420562896e-05,-0.010334196355833145,-0.01036268588052454,-5.9738918857158576e-05,0.0605241477699689,-0.06035765156092067,-6.375855492834753e-05,0.056272618494316536,-0.05597388716306471,-0.00010342082432358297,0.0006838730598914268,-0.00068519876631734,8.528022517667814e-07,68.66965824318507,-0.0003728774440490805,0.0003321199779495794,2.7242028822756005e-05,5403.535298163177,5411.508206777214,5783.64343654629,5775.934164430347,0.0012052868670249706,0.011676034141337225,0.07937054005939388,0
12.762000000000931,2.0,2.0,1.0,0.0,2.001004520397007,2.0010257909970064,0.9999909517416855,0.008054197145101489,0.008068078950034101,3.925545345025507e-05,-0.01018272129862554,-0.010210123665694334,-6.035666177503465e-05,0.05963309862620609,-0.059472956414325324,-6.189910233045217e-05,0.05702733406213385,-0.05673023041317752,-0.00010320187294132109,0.000637979601880784,-0.0006394756849896428,8.363252744704259e-07,68.66965169038274,-0.00037113382956992225,0.0003305861011835677,2.7123887203342098e-05,5403.534790897067,5411.507608638917,5783.642852177699,5775.9347495344155,0.0014357542507409283,0.011400242567014525,0.08043901298699224,0
12.782000000000938,2.0,2.0,1.0,0.0,2.0011634412970327,2.0011849783050772,0.9999917312740452,0.007857195209668127,0.007870057231718804,3.8744589143650416e-05,-0.01002626684708674,-0.010052578943028826,-6.090124093094523e-05,0.058712948172266854,-0.058559178152887505,-6.0007606598504544e-05,0.05772960302784786,-0.05743431997135552,-0.00010295852836718972,0.0005923183449639507,-0.0005939810426892753,8.207359218435331e-07,68.66964561132436,-0.000369141987394586,0.00032883090970916765,2.698723131582357e-05,5403.534262031667,5411.506984356667,5783.642240495093,5775.93548151689,0.0016606738412384989,0.011120918061767612,0.08143345172503458,0
12.802000000000945,2.0,2.0,1.0,0.0,2.0013183963258925,2.001340179418448,0.9999925003084257,0.007657871734307004,0.007669720627385792,3.820838786557808e-05,-0.009865024435385285,-0.009890243998570225,-6.137401086841779e-05,0.05776481949657574,-0.05761743487349316,-5.8089117912517355e-05,0.058379710602267945,-0.05808643670098783,-0.00010268815075552473,0.0005469195439490634,-0.0005487450300269437,8.06007816953162e-07,68.66964000258078,-0.00036690729555760934,0.00032685918364977733,2.6832444071039706e-05,5403.533712256314,5411.506334807946,5783.641602338986,5775.936357527412,0.0018799749974752603,0.010838315085018915,0.08235425654260481,0
12.822000000000951,2.0,2.0,1.0,0.0,2.0014693410187694,2.001491350012453,0.9999932583513654,0.007456405280002767,0.007467248338841403,3.7648058005083913e-05,-0.00969918605671569,-0.009723311665761939,-6.17763948484392e-05,0.05678983888597136,-0.056648847940013874,-5.614862917116909e-05,0.05897797624463861,-0.058686895642472335,-0.00010238832153651242,0.0005018127835554267,-0.000503797171358602,7.92113643026287e-07,68.66963486017322,-0.0003644352269286014,0.0003246757876999635,2.6659916342433095e-05,5403.533142256274,5411.505660863529,5783.640938546839,5775.937374641954,0.00209359340343533,0.010552686616679867,0.08320187609277482,0
12.842000000000958,2.0,2.0,1.0,0.0,2.001616234469551,2.00163844933378,0.999994004933656,0.007252973252720799,0.007262818397513571,3.70648152764364e-05,-0.009528944112563277,-0.00955197517427359,-6.21098797945494e-05,0.05578913494256751,-0.05565454110279411,-5.419106299154234e-05,0.05952475288761104,-0.05923604524253132,-0.00010205684270345663,0.0004570269671159221,-0.0004591663134640751,7.790252382685167e-07,68.66963017959296,-0.00036173134369417285,0.00032228566621799566,2.647004656735129e-05,5403.532552712669,5411.504963387236,5783.640249952859,5775.938529866436,0.0023014704040570763,0.010264283992586935,0.0839768063196555,0
12.862000000000965,2.0,2.0,1.0,0.0,2.0017590393064735,2.001781440175805,0.9999947396104585,0.007047751789837526,0.007056607550658994,3.645988008255988e-05,-0.00935449126403019,-0.009376428000905965,-6.237601124901543e-05,0.054763837712765794,-0.054635639630174176,-5.2221259317416004e-05,0.060020426149690276,-0.059734266570983914,-0.00010169173549446969,0.00041259030595089337,-0.00041488061491077986,7.667136901778976e-07,68.66962595582189,-0.0003588012918546676,0.00031969383833757125,2.626324034650518e-05,5403.531944302408,5411.504243235713,5783.63953738785,5775.939820140374,0.0025035526863616798,0.009973356743746371,0.08467958935337869,0
12.882000000000971,2.0,2.0,1.0,0.0,2.0018977216655274,2.0019202888516805,0.9999954619613702,0.00684091564929509,0.0068487911503101635,3.58344749457075e-05,-0.009176020285308837,-0.009196863722651842,-6.257638836397143e-05,0.05371507782886478,-0.05359326945255332,-5.0243963653527966e-05,0.060465413535928415,-0.06018197252575527,-0.00010129123849107276,0.00036853030942154096,-0.00037096753608068596,7.551494294658672e-07,68.66962218335344,-0.0003556507957458566,0.00031690539309928487,2.603991004215803e-05,5403.531317698145,5411.503501258271,5783.638801679049,5775.9412423405565,0.00269979210079128,0.009680152439447011,0.0853108123645177,0
12.902000000000978,2.0,2.0,1.0,0.0,2.0020322511616775,2.0020549651652413,0.9999961715904385,0.006632638101520192,0.006639543045001,3.518982200967287e-05,-0.00899372391936563,-0.009013475871990933,-6.271265892946449e-05,0.05264398566372321,-0.052528556319360944,-4.826381594076536e-05,0.06086016362764457,-0.060579607026883864,-0.0001008538051566071,0.0003248737756542317,-0.00032745382987975336,7.443023231815808e-07,68.6696188562141,-0.00035228565258859864,0.00031392548460853624,2.5800474375329688e-05,5403.5306735682625,5411.502738296731,5783.638043650012,5775.942793284716,0.0028901455449880753,0.009384916534297554,0.08587110645627014,0
12.922000000000985,2.0,2.0,1.0,0.0,2.0021626008579467,2.002185442379763,0.9999968681261268,0.0064230908241426085,0.006429035474307577,3.4527140618380286e-05,-0.008807794735914174,-0.00882645779448561,-6.278651445619869e-05,0.051551690498867146,-0.05144262496939892,-4.6285340084963407e-05,0.06120515526193601,-0.06092764420030171,-0.0001003781008387918,0.0002816467829402319,-0.00028436553310395607,7.341417671431238e-07,68.66961596798512,-0.00034871172707039757,0.00031075932721979274,2.5545358022415903e-05,5403.530012576842,5411.501955185309,5783.637264120489,5775.944469735207,0.0030745748770667014,0.009087892219240362,0.08636114546525621,0
12.942000000000991,2.0,2.0,1.0,0.0,2.002288747232429,2.002311697184653,0.9999975512212322,0.006212443799547645,0.006217438966237002,3.384764497469849e-05,-0.008618424991745314,-0.008636002508750922,-6.279968532164605e-05,0.05043931970647084,-0.05033659831494925,-4.431293414969012e-05,0.06150089670174492,-0.061226587552144524,-9.986299926156581e-05,0.00023887468179154412,-0.00024172795847401919,7.246367765820735e-07,68.66961351182498,-0.0003449349459586007,0.00030741219075268065,2.5274991211564862e-05,5403.529335383671,5411.501152750538,5783.636463906335,5775.946268402722,0.00325304684319182,0.008789320276590823,0.08678164482449871,0
12.962000000000998,2.0,2.0,1.0,0.0,2.002410670143285,2.0024337096601164,0.9999982205527592,0.006000865215293394,0.006004922237496092,3.31525418831736e-05,-0.008425806493480122,-0.008442302568863906,-6.275393599421829e-05,0.04930799794559197,-0.04921159664003374,-4.2350861221109916e-05,0.06174792479724511,-0.06147696913434901,-9.930757853161442e-05,0.0001965820876673779,-0.00019956568732813006,7.1575607594186e-07,68.6696114804917,-0.0003409612927564437,0.00030388939574160274,2.4989809319186935e-05,5403.528642644267,5411.500331811189,5783.635643819426,5775.948185949957,0.0034255330119417043,0.008489438939148252,0.08713336035883158,0
12.982000000001005,2.0,2.0,1.0,0.0,2.002528352791778,2.0025514632398616,0.9999988758217455,0.0057885213674212545,0.005791652096667665,3.244302858030191e-05,-0.008230130462806608,-0.008245549929272249,-6.265106033733076e-05,0.04815884637301156,-0.0480687368131812,-4.0403240950779415e-05,0.06194680413929889,-0.06167934870229159,-9.871111668615047e-05,0.00015479287435159805,-0.00015790256296807417,7.07468186653258e-07,68.66960986636562,-0.0003367968023971834,0.0003001963087228667,2.4690252466932904e-05,5403.527935009873,5411.499493178247,5783.634804667579,5775.950218995307,0.0035920097115448527,0.008188483753420461,0.0874170871001825,0
13.002000000001011,2.0,2.0,1.0,0.0,2.0026417816834052,2.0026649446718983,0.9999995167530493,0.005575576566685617,0.005577793350320372,3.172029065494164e-05,-0.008031587404266096,-0.008045935812267445,-6.249287701429242e-05,0.0469929818690604,-0.04690913151508805,-3.8474041780147394e-05,0.062098126205734884,-0.0618343128652129,-9.807308680878013e-05,0.00011353016797960395,-0.00011676168465341487,6.997415129913667e-07,68.66960866147227,-0.0003324475559825526,0.00029633833756150153,2.4376765119503275e-05,5403.527213127498,5411.498637654868,5783.633947254496,5775.952364116533,0.003752457967863454,0.007886687447001509,0.08763365808210762,0
13.022000000001018,2.0,2.0,1.0,0.0,2.002750946587189,2.0027741439774926,1.0000001430950938,0.005362193047726074,0.005363508712075367,3.098550006151454e-05,-0.007830366975639607,-0.007843650578077059,-6.228122499279955e-05,0.04581151627875051,-0.04573388848146663,-3.6567073848315406e-05,0.062202508501185395,-0.0619424742301662,-9.739315174086975e-05,7.281634171208455e-05,-7.616540223820366e-05,6.925444259775761e-07,68.66960785750528,-0.0003279196755724385,0.00029232092682054126,2.4049795683681513e-05,5403.526477639942,5411.497766036397,5783.633072379701,5775.954617854419,0.003906863441931534,0.007584279800139514,0.08778394312373829,0
13.042000000001025,2.0,2.0,1.0,0.0,2.0028558404931838,2.0028790544083366,1.0000007546195733,0.00514853088120294,0.005148958714650524,3.023981322850295e-05,-0.007626657860996973,-0.007638883597631234,-6.201795916244225e-05,0.04461555566853422,-0.04454410976144829,-3.468598258266322e-05,0.062260593691224456,-0.06200447054022502,-9.667115841591702e-05,3.267301105046008e-05,-3.613531144453226e-05,6.858453451004093e-07,68.66960744584951,-0.000323219319023132,0.00028814955317545983,2.370979610891592e-05,5403.525729185841,5411.496879110369,5783.632180838491,5775.956976716419,0.0040552163663756715,0.007281487521528825,0.08786884761282727,0
13.062000000001031,2.0,2.0,1.0,0.0,2.0029564595682574,2.0029796724019886,1.0000013511211236,0.004934747888914447,0.0049343016248999585,2.9484369265049508e-05,-0.0074206476464523715,-0.007431823128056348,-6.170494607647408e-05,0.043406199599,-0.04334089099179691,-3.2834242969882445e-05,0.062273048731529654,-0.06202096380767179,-9.590713184495129e-05,-6.878970223081093e-06,3.30775023273417e-06,6.796128172471098e-07,68.6696074176038,-0.00031835267488043457,0.0002838297208773739,2.3357221489807943e-05,5403.524968399691,5411.495977656539,5783.631273421896,5775.95943718026,0.004197511480322784,0.0069785341283586854,0.08788931126843287,0
13.082000000001038,2.0,2.0,1.0,0.0,2.003052803110207,2.003075997535652,1.0000019324169558,0.004720999561911288,0.004719693361865046,2.872028826470176e-05,-0.007212522698683198,-0.007222656190943548,-6.134405981386526e-05,0.042184540413784055,-0.04212532068726547,-3.1015154503112886e-05,0.06224056399278795,-0.061992639442888645,-9.51012687811394e-05,-4.5819513472731385e-05,4.21437069995875e-05,6.738155934691118e-07,68.66960776360405,-0.0003133259573301305,0.0002793669572663997,2.2992529670790778e-05,5403.524195911899,5411.495062446918,5783.630350916626,5775.961995697524,0.004333747962590939,0.0066756398306497605,0.0878463069219527,0
13.102000000001045,2.0,2.0,1.0,0.0,2.0031448735002746,2.0031680324783427,1.0000024983464582,0.0045074389816219425,0.004505287417849719,2.7948669710021256e-05,-0.007002468046253651,-0.007011568453440674,-6.093717797831117e-05,0.04095166254498074,-0.04089847954733795,-2.9231836798989403e-05,0.0621638523820631,-0.0619202053796575,-9.425393109149856e-05,-8.412929802225136e-05,8.035324762073386e-05,6.684227027071042e-07,68.66960847444584,-0.00030814540120855744,0.00027476680833747564,2.2616180853463012e-05,5403.523412348822,5411.494134245825,5783.629414105033,5775.96464869722,0.0044639293630498724,0.006373021419908975,0.08774083925158412,0
13.122000000001051,2.0,2.0,1.0,0.0,2.003232676154111,2.00325578294152,1.000003048770769,0.004294216743999836,0.004291234782530915,2.7170590978761966e-05,-0.00679066726378689,-0.006798744112208386,-6.048617784201946e-05,0.03970864183529067,-0.0396614397796131,-2.7487225876644506e-05,0.06204364846131968,-0.06180439119757361,-9.336563886424887e-05,-0.0001217897733576924,0.00011791782766517248,6.634035226858838e-07,68.6696095405071,-0.00030281725707429397,0.0002700348343641687,2.222863720677554e-05,5403.522618332789,5411.493193809947,5783.628463765072,5775.967392589286,0.004588063532107312,0.006070892162134478,0.08757394357144872,0
13.142000000001058,2.0,2.0,1.0,0.0,2.0033162194712646,2.0033392576282205,1.000003583572317,0.004081480886700563,0.004077683870112634,2.63871059510841e-05,-0.006577302359030478,-0.006584365780282643,-5.999293262644401e-05,0.0384565448771523,-0.038415264440091336,-2.5784071089054066e-05,0.06188070756380557,-0.06164594724226219,-9.243706327955355e-05,-0.00015878316072492378,0.00015481967115573087,6.587278479257966e-07,68.66961095197034,-0.000297347786348137,0.0002651766055771884,2.18303624805419e-05,5403.521814482153,5411.492241888396,5783.627500670255,5775.970223768072,0.004706162548320432,0.005769461695205129,0.08734668455286737,0
13.162000000001065,2.0,2.0,1.0,0.0,2.003395514783239,2.003418468180782,1.0000041026543378,0.003869376819295606,0.0038647804495293364,2.559924371914213e-05,-0.006362553662846773,-0.006368614376881249,-5.945930793878641e-05,0.03719642836907723,-0.037161006790550295,-2.412493269545572e-05,0.06167580490897596,-0.06144564374408134,-9.146901927165365e-05,-0.00019509245413716218,0.0001910417716236259,6.543659544602731e-07,68.66961269884476,-0.0002917432565181698,0.00026019769790580264,2.1421821622435523e-05,5403.521001411318,5411.491279222778,5783.62652558961,5775.973138615777,0.004818242644158385,0.005468935930694869,0.08706015499635116,0
13.182000000001072,2.0,2.0,1.0,0.0,2.0034705763001934,2.0034934291271957,1.0000046059403664,0.003658047256526153,0.0036526675777026,2.4808007398838107e-05,-0.0061465997221706635,-0.006151669020189845,-5.888715836437736e-05,0.03592933848939607,-0.035899709673256584,-2.2512180062099753e-05,0.061429734716633023,-0.06120426993598488,-9.046245801010515e-05,-0.0002307014207922304,0.0002265678925821684,6.502886615396966e-07,68.66961477098792,-0.0002860099364177188,0.0002551036887780342,2.100348039893443e-05,5403.520179730752,5411.490306547268,5783.625539287623,5775.976133505834,0.004924324129958405,0.00516951696016266,0.08671547457409745,0
13.202000000001078,2.0,2.0,1.0,0.0,2.0035414210563416,2.0035641578261605,1.0000050933737028,0.0034476321545990362,0.0034414855358520678,2.4014373043225915e-05,-0.005929617195960357,-0.005933706923159522,-5.8278324209870464e-05,0.034656310287602146,-0.03463240490316449,-2.0947990477093424e-05,0.06114330932094832,-0.06092263317121279,-8.941845922741279e-05,-0.00026559460091721954,0.00026138256741514666,6.464673898342265e-07,68.66961715812717,-0.00028015409157311304,0.0002499001529921842,2.0575805020411347e-05,5403.519350047026,5411.489324588686,5783.624542524198,5775.979204806254,0.005024431316132829,0.004871402965985964,0.08631378857531477,0
13.222000000001085,2.0,2.0,1.0,0.0,2.0036080688541085,2.003630674410898,1.0000055649168607,0.003238268650523158,0.0032313717688600124,2.3219288657453116e-05,-0.005711780754178134,-0.005714903292345405,-5.7634628413554094e-05,0.03337836709346471,-0.03336011267781696,-1.9434348563798417e-05,0.060817358285024825,-0.06060155804145733,-8.833822341991184e-05,-0.00029975730704153553,0.0002954710987134723,6.428742164781162e-07,68.66961984988045,-0.00027418197963112695,0.0002445926586463145,2.0139261770802186e-05,5403.518512962812,5411.488334066559,5783.623536054583,5775.982348882905,0.0051185924336908375,0.0045747881368334775,0.08585626667115256,0
13.242000000001092,2.0,2.0,1.0,0.0,2.0036705422071046,2.0036930017317864,1.0000060205509984,0.0030300910044843894,0.003022460827686132,2.242367331471075e-05,-0.005493262979818707,-0.005495431229813229,-5.695787362176367e-05,0.032096519944068834,-0.03208384100505247,-1.7973046275913882e-05,0.06045272751664165,-0.06024188549615236,-8.722306394847743e-05,-0.0003331756227136553,0.0003288195570427433,6.394819266145095e-07,68.66962283577689,-0.0002680998458602036,0.0002391867631441657,1.9694316641969712e-05,5403.517669076896,5411.487335693201,5783.622520629321,5775.985562102744,0.005206839553140498,0.004279862587920234,0.08534410164493288,0
13.262000000001098,2.0,2.0,1.0,0.0,2.0037288662819885,2.0037511652978788,1.0000064602753291,0.0028232305452529994,0.0028148843148272477,2.162841637157927e-05,-0.005274234274021208,-0.005275461638139961,-5.624983942594847e-05,0.030811767028934376,-0.030804585148727977,-1.6565683456279745e-05,0.06005027838581534,-0.059844471963510656,-8.607439906494129e-05,-0.00036583640066941244,0.00036141477917358644,6.362640613996446e-07,68.66962610527672,-0.00026191391873214707,0.0002336880092633835,1.9241434973211483e-05,5403.516818984168,5411.486330173775,5783.621496994168,5775.988840836991,0.005289208501857188,0.0039868122862638964,0.08477850816911171,0
13.282000000001105,2.0,2.0,1.0,0.0,2.0037830688392626,2.00380519321736,1.0000068841065197,0.00261781561861695,0.0026087708328142774,2.083437678129397e-05,-0.005054862764275837,-0.005055163128525995,-5.5512279766859154e-05,0.02952509315331561,-0.029523327092522672,-1.5213668940246574e-05,0.05961088684479947,-0.059410188473938336,-8.489374388976754e-05,-0.0003977272604642241,0.00039324436576591534,6.331949624471356e-07,68.66962964779086,-0.0002556304055845301,0.00022810192130372044,1.8781081096053902e-05,5403.5159632756195,5411.485318206367,5783.6204658900115,5775.992181464228,0.00536573877997859,0.00369581898129132,0.08416072154643181,0
13.302000000001112,2.0,2.0,1.0,0.0,2.0038331801730758,2.0038551161370104,1.000007292078077,0.0024139715388312136,0.0024042459357372426,2.0042382503706164e-05,-0.0048353142157516555,-0.004834701932042985,-5.474692051204566e-05,0.028237469219822186,-0.02824103502197715,-1.3918222183552357e-05,0.05913544255113555,-0.0589399197864317,-8.368270236550078e-05,-0.000428836585567724,0.0004242966785291067,6.302498131078733e-07,68.6696334526997,-0.00024925548837075994,0.00022243400130511607,1.831371798480559e-05,5403.515102538317,5411.484300482034,5783.619428052786,5775.995580373456,0.0054364734749193615,0.0034070601413671306,0.08349199648184685,0
13.322000000001118,2.0,2.0,1.0,0.0,2.003879233050088,2.0039009671807313,1.0000076842397203,0.00221182054307154,0.0022014320837858243,1.9253230011833693e-05,-0.004615751945758837,-0.004614241814028794,-5.395545719763264e-05,0.026949851728427673,-0.02695866282484567,-1.2680375393666485e-05,0.058624847994357084,-0.05843456351855526,-8.244295921003456e-05,-0.0004591535199513139,0.000454560836869629,6.274046757402546e-07,68.66963750937158,-0.00024279531949033804,0.00021668972534029504,1.7839806912838115e-05,5403.514237355361,5411.483277684865,5783.618384213379,5775.999033967053,0.005501459174580726,0.0031207088972124214,0.0827736058421693,0
13.342000000001125,2.0,2.0,1.0,0.0,2.003921262647453,2.0039427818871967,1.0000080606567487,0.002011481748879552,0.0020004486007922638,1.84676838892752e-05,-0.004396336741358884,-0.004393943991648611,-5.313955293861681e-05,0.02566318229497721,-0.025677149609840823,-1.1500976142783907e-05,0.05808001762692245,-0.05789502928058151,-8.117627189336788e-05,-0.0004886679641635689,0.0004840267140255093,6.24636525603936e-07,68.66964180718048,-0.0002362560177074684,0.00021087453988660024,1.7359807115054517e-05,5403.513368305858,5411.482250492028,5783.617335097513,5776.002538663706,0.005560745879331728,0.002836933993915879,0.08200683943858902,0
13.362000000001132,2.0,2.0,1.0,0.0,2.003959306489987,2.0039805981466827,1.0000084214093994,0.0018130711145832386,0.00180141163476074,1.7686476520668485e-05,-0.0041772267801366905,-0.004173967054626691,-5.230083651232941e-05,0.0243783871882192,-0.024397419243851033,-1.0380690439892675e-05,0.05750187699996703,-0.0573222378143761,-7.988446265990377e-05,-0.0005173705709062799,0.0005126849327088235,6.219232813810271e-07,68.66964633552315,-0.00022964366416177592,0.0002049938582762623,1.6874175456797533e-05,5403.512495964857,5411.481219573794,5783.6162814256395,5776.006090901227,0.00561438691284855,0.002555899754653767,0.08119300279893525,0
13.382000000001138,2.0,2.0,1.0,0.0,2.003993404386579,2.0040144561371522,1.0000087665922002,0.0016167014026754684,0.0016044341213652365,1.691030786929413e-05,-0.003958577554142419,-0.003954466889167171,-5.144090060017927e-05,0.023096376885469123,-0.02312037990767774,-9.320006238731815e-06,0.05689136190442409,-0.056717120137578896,-7.85694106182851e-05,-0.0005452527401294065,0.0005405268602646097,6.192438319500052e-07,68.66965108383565,-0.00022296429846474324,0.00019905305722494593,1.6383366109234023e-05,5403.51162090329,5411.480185593586,5783.615223912809,5776.009687139334,0.0056624388318996305,0.002277766062115708,0.08033341595404517,0
13.402000000001145,2.0,2.0,1.0,0.0,2.004023598365892,2.0040443982596265,1.000009096313321,0.001422482146131272,0.001409625750396535,1.613984534152082e-05,-0.0037405417970065944,-0.0037355966050574164,-5.0561300203489684e-05,0.021818045646866343,-0.021846923670312098,-8.319237357837601e-06,0.05624941751807377,-0.05608061669363591,-7.723304391940222e-05,-0.0005723066136476902,0.0005675446033528039,6.165780598284798e-07,68.66965604160902,-0.0002162239148935354,0.000193057473443329,1.588783023173148e-05,5403.510743687897,5411.47914920798,5783.614163268523,5776.013323862326,0.005704961335135892,0.0020026883698795656,0.079429412242722,0
13.422000000001152,2.0,2.0,1.0,0.0,2.0040499326114376,2.00407046907293,1.000009410693921,0.0012305196176423663,0.001217092935136483,1.5375723735527377e-05,-0.003523269414237683,-0.0035175064659697026,-4.9663551220168463e-05,0.020544271108316123,-0.020577926081804893,-7.378527788494313e-06,0.055576997559048276,-0.055413676508212426,-7.587733204272001e-05,-0.0005985250693000271,0.0005937310021724718,6.139068609350217e-07,68.66966119840451,-0.00020942845867077576,0.0001870124003284203,1.5388015661058526e-05,5403.509864881124,5411.478111066727,5783.613100196604,5776.016997581702,0.005742017170996988,0.0017308177706050528,0.07848233711360739,0
13.442000000001158,2.0,2.0,1.0,0.0,2.0040724533960548,2.0040927152278503,1.0000097098674965,0.0010409168017462159,0.0010269387846366335,1.4618545269464812e-05,-0.0033069074167009892,-0.0033003438229567777,-4.874912917844793e-05,0.019275913893090264,-0.019314245784722954,-6.497856365954318e-06,0.05487506344632008,-0.054717256352515675,-7.450427820987502e-05,-0.0006239017146509261,0.0006190796242292587,6.11212161171624e-07,68.66966654386806,-0.0002025838223455179,0.00018092308474341749,1.488436660800235e-05,5403.508985041036,5411.477071812743,5783.612035395018,5776.0207048387,0.00577367204479457,0.0014623011856024503,0.07749354692966255,0
13.462000000001165,2.0,2.0,1.0,0.0,2.004091209015865,2.0041111854007743,1.000009993979231,0.0008537733698242911,0.0008392630788757276,1.3868879687276514e-05,-0.0030915998572748713,-0.0030842530511390248,-4.781946813590531e-05,0.018013817242072773,-0.01805672414416856,-5.677041779010107e-06,0.05414458346768469,-0.053992319914030314,-7.311591194343772e-05,-0.0006484308802572022,0.0006435847576712585,6.084769295228898e-07,68.66967206774395,-0.00019569584226545377,0.00017479472387668682,1.4377323361272454e-05,5403.508104721212,5411.476032082094,5783.610969555721,5776.024442206751,0.005799994525053847,0.0011972818500290028,0.07646440780169096,0
13.482000000001172,2.0,2.0,1.0,0.0,2.004106249723765,2.004125930226861,1.0000102631853476,0.0006691856579433754,0.0006541622467694942,1.3127264440417251e-05,-0.0028774877706896893,-0.0028693754895838053,-4.687595972964211e-05,0.01675880666265344,-0.01680618489639306,-4.9157478928178974e-06,0.053386531955733556,-0.05323983697516524,-7.171428178802446e-05,-0.0006721076125029762,0.0006672414041931974,6.056851879296062e-07,68.66967775988783,-0.00018877029515007902,0.0001686324621892025,1.386732199912659e-05,5403.507224470605,5411.474992503979,5783.609903364464,5776.028206293846,0.005821055949208756,0.0009359006437476734,0.07539629443800883,0
13.502000000001178,2.0,2.0,1.0,0.0,2.0041176276625,2.0041370022328033,1.0000105176524645,0.0004872466475114588,0.00047172934700402696,1.2394204940576171e-05,-0.002664709116534587,-0.0026558493843693034,-4.591995237857405e-05,0.01551168959622414,-0.015563433815917786,-4.213489359685595e-06,0.052601888472299005,-0.05246078260029146,-7.030144820977498e-05,-0.0006949276660205823,0.0006900452715267346,6.028220179480593e-07,68.66968361027905,-0.00018181289475855284,0.00016244138844832292,1.335479410865368e-05,5403.506344833418,5411.473953700684,5783.608837500614,5776.031993744841,0.005836930328710404,0.0006783004412884532,0.07429058896308637,0
13.522000000001185,2.0,2.0,1.0,0.0,2.0041253967973867,2.004144455769241,1.0000107575569592,0.00030804594871851386,0.0002920540516624675,1.167017488027618e-05,-0.0024533987254310033,-0.0024438098348245605,-4.495275064035964e-05,0.014273255104228942,-0.014329258401155384,-3.5696374925170998e-06,0.05179163700183898,-0.051656136331644086,-6.887947668943633e-05,-0.0007168874957128623,0.0007119927655234888,5.998735639343793e-07,68.6696896090322,-0.00017482928865544502,0.00015622653285035705,1.2840166512996876e-05,5403.505466348957,5411.472916287541,5783.607772636945,5776.035801243667,0.0058476942536452945,0.000424645815469891,0.07314867980297816,0
13.542000000001192,2.0,2.0,1.0,0.0,2.0041296128487294,2.0041483469428742,1.0000109830843391,0.00013166978673016734,0.00011522263261382653,1.0955616619339418e-05,-0.00224368824836039,-0.002233388742937638,-4.397561470690166e-05,0.013044273572720502,-0.013104427578458254,-2.9834263756075464e-06,0.050956765154217744,-0.050826881394535284,-6.745043102285075e-05,-0.0007379842483724834,0.0007330809818571426,5.968270337937234e-07,68.66969574640798,-0.00016782505507984604,0.00014999286422658593,1.2323861006672432e-05,5403.504589551467,5411.47188087286,5783.606709439428,5776.039625515453,0.005853426796927285,0.0001753089083290936,0.07197196055651044,0
13.562000000001198,2.0,2.0,1.0,0.0,2.004130333223996,2.004148733548333,1.0000111944286159,-4.179900939798464e-05,-5.86820493700874e-05,1.0250941631192753e-05,-0.002035706109133411,-0.0020247147659160133,-4.2989760036958734e-05,0.011825496435329548,-0.01188969142451958,-2.453959187571353e-06,0.05009826337732838,-0.049974003912324504,-6.601636684181093e-05,-0.000758215753931385,0.000753307697335889,5.936706962418075e-07,68.6697020128233,-0.00016080569991410365,0.0001437452873430661,1.1806294099133036e-05,5403.503714969977,5411.470848057855,5783.605648567018,5776.043463328576,0.005854209418148648,7.277239799025661e-05,0.07076182886527634,0
13.582000000001205,2.0,2.0,1.0,0.0,2.004127616949796,2.004145674999863,1.0000113917916968,-0.00021228101512052813,-0.0002295805528040293,9.556531009138864e-06,-0.001829577459989329,-0.0018179132718885438,-4.1996357134777246e-05,0.010617655914584816,-0.010685780907060733,-1.9802147113631724e-06,0.049217124179973995,-0.04909849213157031,-6.457932536748044e-05,-0.0007775805163418091,0.0007726713608542457,5.903938753353702e-07,68.66970839886066,-0.0001537766537495959,0.00013748864028826927,1.1287876766478276e-05,5403.5028431281125,5411.469818436561,5783.604590671409,5776.047311496626,0.005850125867163127,0.0003128286861707766,0.06951968533510568,0
13.602000000001212,2.0,2.0,1.0,0.0,2.0041215246037254,2.0041392322628706,1.000011575382782,-0.0003797002161524993,-0.0003973968610211121,8.872736026493189e-06,-0.001625424140305115,-0.001613106298729169,-4.0996531452496335e-05,0.009421464781467322,-0.009493407643685232,-1.5610540065618973e-06,0.04831434136542853,-0.048201335657776845,-6.314132740704231e-05,-0.0007960777040992498,0.0007911710839884332,5.869869423256798e-07,68.66971489527687,-0.00014674326905942626,0.00013122769195034496,1.0769014211814105e-05,5403.501974543911,5411.46879259573,5783.603536396803,5776.051166880277,0.005841262087476405,0.0005497046886649991,0.06824693245865412,0
13.622000000001218,2.0,2.0,1.0,0.0,2.0041121182461206,2.004129467785396,1.000011745417775,-0.0005439840116072363,-0.0005620583850849457,8.199878747035425e-06,-0.0014233646384014436,-0.0014104125159890369,-3.999136342015694e-05,0.008237616133120722,-0.008313263678824042,-1.1952272194063814e-06,0.04739090927607152,-0.04728352470213066,-6.170436760353156e-05,-0.0008137071404280048,0.0008088066312514585,5.834413047104209e-07,68.66972149301094,-0.00013971081747011555,0.00012496713958472835,1.025010563397265e-05,5403.501109729626,5411.467771114729,5783.602486379666,5776.055026389085,0.00582770611952421,0.0007822374774581342,0.06694497352642176,0
13.642000000001225,2.0,2.0,1.0,0.0,2.0040994613517817,2.0041164454295473,1.0000119021187042,-0.000705063214560534,-0.0007234959641208415,7.538252683384281e-06,-0.0012235140564191992,-0.0012099471899085054,-3.898188859494444e-05,0.0070667831885508695,-0.0071460212786179315,-8.813805064015643e-07,0.046447822049481106,-0.04634604933961213,-6.02704089476532e-05,-0.0008304692931352207,0.0008255784100215745,5.797493928137124e-07,68.66972818319135,-0.0001326844871375605,0.00011871160647155259,9.731544004953408e-06,5403.500249191508,5411.466754565405,5783.601441248464,5776.058886983188,0.005809548003900331,0.0010102560922256782,0.06561521159051942,0
13.662000000001232,2.0,2.0,1.0,0.0,2.00408361874171,2.00410023040296,1.0000120457131618,-0.00086287205008088,-0.0008816438631064272,6.8881234991574075e-06,-0.0010259840782491309,-0.001011822151494822,-3.796909792991804e-05,0.005909619102231242,-0.005992332743635201,-6.1806304776157e-07,0.04548607288635483,-0.04538989877885056,-5.8841377559327845e-05,-0.000846365264148548,0.0008414874601514957,5.759046439300174e-07,68.66973495714262,-0.0001256693802233779,0.00011246563966605143,9.21371585596503e-06,5403.499393429616,5411.465743511958,5783.600401623403,5776.062745674948,0.005786879684614842,0.0012336496757221415,0.06425904842709171,0
13.682000000001239,2.0,2.0,1.0,0.0,2.004064656514912,2.0040808891903272,1.0000121764337542,-0.0010173481507668725,-0.001036439768163228,6.249729751389354e-06,-0.0008308829404872445,-0.0008161457676332847,-3.6953938150004584e-05,0.0047667567954259435,-0.004852830239264381,-4.037341274062399e-07,0.04450665333061241,-0.044416060644079845,-5.741915774577572e-05,-0.0008613967787518725,0.0008565354432677212,5.719014840149762e-07,68.66974180639107,-0.00011867051047787945,0.00010623370784146637,8.697001072354721e-06,5403.498542937562,5411.464738510793,5783.599368116156,5776.06659953047,0.005759794912449908,0.0014523235562439198,0.06287788352849058,0
13.702000000001245,2.0,2.0,1.0,0.0,2.004042641980324,2.0040584894850526,1.000012294517567,-0.0011684325498349723,-0.0011878247793916101,5.623283669259191e-06,-0.0006383154063932294,-0.0006230229152127309,-3.593731222931479e-05,0.0036388088051181014,-0.003728125643649075,-2.3677025677372383e-07,0.04351055256202249,-0.04342552026953315,-5.600558734177653e-05,-0.0008755661745232496,0.0008707246317930406,5.677353075676126e-07,68.6697487226701,-0.00011169280092529305,0.00010002019921946275,8.18177269728206e-06,5403.497698202308,5411.463740110367,5783.59834132959,5776.07044567107,0.005728389148488749,0.0016661914509952952,0.06147311308621035,0
13.722000000001252,2.0,2.0,1.0,0.0,2.0040176435888952,2.0040331001210707,1.000012400205649,-0.0013160696718002413,-0.0013357434012936,5.008971966170153e-06,-0.00044838274281952094,-0.00043255495823224174,-3.492007997358489e-05,0.0025263671503500756,-0.0026188104129754534,-1.1547232027464346e-07,0.04249875670167683,-0.04241926000659858,-5.460245333688906e-05,-0.0008888763900069929,0.0008840578976802801,5.634024547701409e-07,68.66975569792467,-0.00010474108164909847,9.382941959375763e-05,7.668396744225057e-06,5403.496859703912,5411.462748851012,5783.597321857484,5776.074281274653,0.005692759467874232,0.0018751732999730847,0.06004612902302807,0
13.742000000001259,2.0,2.0,1.0,0.0,2.003989730865888,2.0040047910048893,1.00001249374251,-0.001460207320795075,-0.0014801435308275561,4.406956681059587e-06,-0.0002611827000860657,-0.0002448397278627453,-3.390305869012426e-05,0.001430003215821513,-0.0015254554639664876,-3.807272084956492e-08,0.04147224813062299,-0.04139825854405413,-5.321148779347573e-05,-0.0009013309531057959,0.0008965387008799469,5.5890018742933e-07,68.66976272431513,-9.782008768610352e-05,8.766559044791942e-05,7.157232018456211e-06,5403.496027915295,5411.461765264771,5783.596310284239,5776.07810357699,0.005653004463881458,0.0020791944865311144,0.05859831803363815,0
13.762000000001265,2.0,2.0,1.0,0.0,2.0039589743434356,2.003973633047889,1.0000125753756377,-0.001600796666571841,-0.0016209764431415854,3.817376046723576e-06,-7.680949476698601e-05,-5.9971505425786536e-05,-3.288702394881496e-05,0.00035026765252463624,-0.0004486110733852387,-2.7425047517798163e-09,0.040432004821953346,-0.040363490241672025,-5.183436405815597e-05,-0.0009129339692315695,0.00090817107756055,5.542266624752531e-07,68.66976979422044,-9.093445701971837e-05,8.15328471619887e-05,6.648629947421382e-06,5403.495203301981,5411.460789875199,5783.595307184589,5776.081909872931,0.005609224152352048,0.0022781854993146073,0.057131060624828554,0
13.782000000001272,2.0,2.0,1.0,0.0,2.0039254454934023,2.0039396980989412,1.0000126453550302,-0.0017377922282357221,-0.0017581967750318799,3.2403453790617255e-06,0.00010464620464500614,0.00012195899173332017,-3.187271041864445e-05,-0.000712309704716479,0.0006111932056525071,-7.598445392610864e-09,0.03937899968663274,-0.03931592447748023,-5.047269326857152e-05,-0.0009236901092055176,0.0009189596280837571,5.493809043550217e-07,68.66977690024085,-8.408872868013675e-05,7.543523731071383e-05,6.142934420044443e-06,5403.494386321861,5411.459823197175,5783.594313123307,5776.0856975175375,0.0055615198765695175,0.002472081759992407,0.05564573021124458,0
13.802000000001279,2.0,2.0,1.0,0.0,2.0038892166606015,2.003903058877378,1.0000127039327493,-0.001871151855755614,-0.0018917625061746453,2.67595798619806e-06,0.0002830972892260168,0.00030086462152356056,-3.0860812783929325e-05,-0.0017572199030691613,0.001653448610729216,-5.071006682647049e-08,0.03831419993332884,-0.03825652500894425,-4.912802115655401e-05,-0.0009336045969414707,0.0009289095047532184,5.443627752650983e-07,68.66978403519987,-7.72873409424295e-05,6.937671905485547e-05,5.640481634956497e-06,5403.493577424923,5411.458865736696,5783.593328654906,5776.089463927124,0.005509994212636304,0.0026608235206072948,0.05414369218847686,0
13.822000000001285,2.0,2.0,1.0,0.0,2.003850360996398,2.003863788906359,1.0000127513624888,-0.002000836709301616,-0.0020216349381796802,2.1242860947539863e-06,0.0004584602183018258,0.0004766618255673343,-2.985198673008378e-05,-0.002783974921052297,0.0026776672207835723,-1.3010658823546002e-07,0.03723856644250352,-0.037186249348322105,-4.780182514739654e-05,-0.0009426831969044784,0.0009380263993501505,5.391729445258179e-07,68.66979119214567,-7.05346296348204e-05,6.336115962080936e-05,5.141599957733641e-06,5403.492777052997,5411.457917990666,5783.592354323346,5776.093206580216,0.005454750875404871,0.0028443557922927104,0.052626303089823384,0
13.842000000001292,2.0,2.0,1.0,0.0,2.003808952392752,2.0038219624466844,1.000012787899164,-0.002126811236458306,-0.0021477786715158637,1.585381786472749e-06,0.0006306550253584653,0.0006492706348809859,-2.8846849986241644e-05,-0.0037921077016692915,0.0036833819905875216,-2.4378377158271287e-07,0.0361530531549959,-0.03610604815243553,-4.649551175485361e-05,-0.0009509322013745257,0.0009463165304639963,5.338128562312419e-07,68.66979836435202,-6.383482654016319e-05,5.739233387358751e-05,4.646609786928273e-06,5403.491985639489,5411.456980446684,5783.59139066172,5776.0969230184555,0.005395894625035077,0.003022628288556032,0.05109490965299128,0
13.862000000001299,2.0,2.0,1.0,0.0,2.003765065416741,2.0037776544310923,1.0000128137985196,-0.0022490431473639427,-0.002270161580358611,1.059277945445932e-06,0.0007996053212190046,0.0008186146728156444,-2.7845983432410547e-05,-0.004781172169541134,0.00467014676925572,-3.897106554391721e-07,0.03505860647532764,-0.035016864627078634,-4.521041426981416e-05,-0.0009583584175174645,0.0009537866306296435,5.282846959491121e-07,68.66980554531867,-5.7192057907113916e-05,5.147392298094043e-05,4.155823429105853e-06,5403.491203609131,5411.456053582811,5783.590438191975,5776.100610847396,0.0053335311742337,0.0031955953751548055,0.04955084805976014,0
13.882000000001305,2.0,2.0,1.0,0.0,2.003718775245602,2.003730940399078,1.0000128293167547,-0.002367503387826997,-0.0023887547854104943,5.459892123518958e-07,0.0009652382945280502,0.0009846211552979756,-2.684993225264015e-05,-0.005750743232270956,0.005637536303030034,-5.658361588480468e-07,0.033956164689937424,-0.03391963394627302,-4.394779074035028e-05,-0.0009649691542761684,0.0009604439332981887,5.225913564582745e-07,68.66981272877102,-5.061034305953664e-05,4.560951316150487e-05,3.6695449827080654e-06,5403.4904313776915,5411.455137867346,5783.5894974246,5776.104267737238,0.005267767096232005,0.0033632160225442053,0.047995443042610886,0
13.902000000001312,2.0,2.0,1.0,0.0,2.0036701576023312,2.0036818964322807,1.0000128347101704,-0.002482166110470683,-0.002503532624747188,4.551294052817515e-08,0.001127484709589587,0.0011472208884171216,-2.5859207137459384e-05,-0.006700416766310452,0.0065851462226057715,-7.700955399774422e-07,0.03284665740053785,-0.03281528268656889,-4.2708822239946484e-05,-0.0009707722091024684,0.0009662961596278106,5.167364024033782e-07,68.66981990865963,-4.409359310601673e-05,3.9802594531382414e-05,3.1880702306762137e-06,5403.489669351742,5411.454233758595,5783.588568858328,5776.107891423492,0.005198709733556603,0.003525453758768385,0.046430007131637176,0
13.922000000001319,2.0,2.0,1.0,0.0,2.0036192886918847,2.0036305990904792,1.000012830234833,-0.0025930086439586984,-0.002614472622740899,-4.4216984616863353e-07,0.0012862789015944949,0.0013063482633928194,-2.487428552245024e-05,-0.007629809587532588,0.00751259301521207,-1.000416695197961e-06,0.03173100497277995,-0.03170472827656819,-4.149461141975586e-05,-0.000975775854532418,0.0009713515051339423,5.107240342881665e-07,68.66982707915905,-3.764560975088484e-05,3.4056560031616595e-05,2.7116865418979345e-06,5403.488917928371,5411.453341704631,5783.587652979847,5776.111479707568,0.005126467107659891,0.00368227662163238,0.04485583985596236,0
13.942000000001325,2.0,2.0,1.0,0.0,2.003566245138011,2.0035771253482193,1.0000128161462591,-0.0027000114603542365,-0.002721555457114557,-9.170934994072022e-07,0.0014415587692896046,0.001461941248981777,-2.3895612864907997e-05,-0.008538559406844054,0.008419513981749583,-1.254726285152925e-06,0.030610118000388504,-0.030588878461845725,-4.030618134035441e-05,-0.0009799888246215807,0.0009756186261893452,5.04559051917752e-07,68.66983423466607,-3.127008420626944e-05,2.837470445027017e-05,2.2406727813585997e-06,5403.488177494928,5411.452462143053,5783.586750263497,5776.115030457269,0.005051147829440829,0.0038336571095045433,0.043274226981686134,0
13.962000000001332,2.0,2.0,1.0,0.0,2.0035111039207605,2.0035215525321304,1.0000127926991182,-0.0028031581406663857,-0.002824764924180499,-1.379306796039655e-06,0.0015932657651271972,0.0016139413813548499,-2.2923603944756616e-05,-0.009426324771027521,0.00930556717921274,-1.5309556752888872e-06,0.02948489678492504,-0.029468630785411863,-3.914447457746679e-05,-0.0009834203012545318,0.0009791066264066258,4.982468171524445e-07,68.66984136979796,-2.4970596200131192e-05,2.2760223526266895e-05,1.7752992288809464e-06,5403.487448428773,5411.451595500746,5783.585861171001,5776.118541607249,0.00497286101073459,0.003979572130386875,0.04168643978945423,0
13.982000000001339,2.0,2.0,1.0,0.0,2.0034539423147035,2.003463958258951,1.000012760146954,-0.0029024353386369775,-0.002924087902317791,-1.8288719956388343e-06,0.0017413448829448831,0.0017622937515023806,-2.195864419152684e-05,-0.01029278498914878,0.010170431348688575,-1.8270466792653981e-06,0.028356230831309594,-0.028344872083863413,-3.80103525960265e-05,-0.0009860799003406902,0.0009818250428921568,4.91793216201651e-07,68.66984847938997,-1.8750613080857896e-05,1.721621314641603e-05,1.31582750636227e-06,5403.486731097005,5411.450742193645,5783.584986151162,5776.122011159382,0.004891716176803767,0.004120002949055107,0.040093734360766346,0
14.002000000001345,2.0,2.0,1.0,0.0,2.0033948378278885,2.003404420374304,1.000012718741925,-0.0029978327428230086,-0.0030195143137423767,-2.2658639097185936e-06,0.0018857446432253176,0.0019069469902105517,-2.1001091026627185e-05,-0.011137640044779075,0.011013805829220973,-2.1409570945896026e-06,0.02722499835923426,-0.027218477999343852,-3.6904595385589264e-05,-0.0009879776578967305,0.0009837838324053638,4.852046220825637e-07,68.66985555849251,-1.2613489026448962e-05,1.1745668622485219e-05,8.625105136781041e-07,5403.486025856226,5411.449902626479,5783.584125639597,5776.125437183054,0.004807823179884547,0.0042549351321701815,0.03849735088056001,0
14.022000000001352,2.0,2.0,1.0,0.0,2.0033338681415778,2.0033430168922597,1.0000126687345652,-0.0030893430370287616,-0.0031110370846259288,-2.690368981248277e-06,0.0020264170759802407,0.0020478532506583652,-2.005127522072311e-05,-0.011960610494322333,0.011835410457800451,-2.4706660207563283e-06,0.026092065830577566,-0.026090312507432156,-3.582790135013413e-05,-0.0009891240160511557,0.0009849933574176165,4.784878563001536e-07,68.66986260236811,-6.562464339988854e-06,6.351484059777833e-06,4.1559237268447155e-07,5403.485333052283,5411.44907719254,5783.58328005846,5776.128817815415,0.004721292113838784,0.004384358491323576,0.03689851296740219,0
14.042000000001359,2.0,2.0,1.0,0.0,2.0032711110507933,2.003279825935707,1.0000126103735583,-0.0031769618591432976,-0.0031986521036177834,-3.1024843799533577e-06,0.0021633177013135807,0.0021849681886875754,-1.9109502256554268e-05,-0.012761437351752924,0.012634985455799167,-2.8141789511233933e-06,0.024958287492914785,-0.02496122746105072,-3.4780887444619875e-05,-0.0009895298089558652,0.0009854643720982308,4.7165015104042564e-07,68.66986960648796,-6.006648482158903e-07,1.03645180558952e-06,-2.4691620280645168e-08,5403.48465302003,5411.44826627344,5783.582449816185,5776.132151261537,0.0046322332299528176,0.004508267024016994,0.035298427037582895,0
14.062000000001365,2.0,2.0,1.0,0.0,2.003206644405702,2.0032149256775744,1.0000125439055374,-0.0032606877584382427,-0.003282358178826388,-3.5023171142903844e-06,0.00229640550770982,0.002318250940795183,-1.817605369965276e-05,-0.013539881960053724,0.013412291302121291,-3.1695326306725364e-06,0.023824504939212517,-0.023832062150483203,-3.3764089550058494e-05,-0.0009892062486368224,0.0009852080082252287,4.6469911111333854e-07,68.66987656652806,5.268898610031433e-06,-4.196738017373622e-06,-4.581150338483502e-07,5403.483986083093,5411.447470238857,5783.581635307221,5776.13543579453,0.0045407568539302485,0.0046266588526022384,0.033698281691307765,0
14.082000000001372,2.0,2.0,1.0,0.0,2.0031405460538747,2.003148394282932,1.0000124695748938,-0.0033405221513817824,-0.0033621569933158717,-3.889983162450294e-06,0.002425642928101092,0.002447664099897968,-1.7251188556892052e-05,-0.01429572584964329,0.014167108593380901,-3.53479967273804e-06,0.02269154668377459,-0.022703642879570652,-3.2777963078651206e-05,-0.0009881649107862992,0.000984235761038977,4.576426760994077e-07,68.6698834783654,1.1043330602281026e-05,-9.345497893164075e-06,-8.844603330184796e-07,5403.483332553637,5411.44668944633,5783.580836911795,5776.138669755594,0.004446973304125512,0.004739536161223396,0.032099247094190736,0
14.102000000001379,2.0,2.0,1.0,0.0,2.0030728937834357,2.0030803098519887,1.0000123876236087,-0.0034164692760249014,-0.003438053059173872,-4.265606623585363e-06,0.002550995813768656,0.0025731736889294133,-1.633514463860173e-05,-0.015028770584144738,0.014899237891432727,-3.908092928721643e-06,0.021560227754500932,-0.02157678255814966,-3.182288379988392e-05,-0.0009864177205073127,0.0009825594750530484,4.5048908292860985e-07,68.66989033807353,1.6719851426257264e-05,-1.440734321559308e-05,-1.303518902550469e-06,5403.4826927321565,5411.445924241002,5783.580054995661,5776.141851553986,0.0043509928110438125,0.00484690513081459,0.03050247440065287,0
14.122000000001385,2.0,2.0,1.0,0.0,2.0030037652671506,2.003010750364035,1.0000122982910995,-0.003488536145015669,-0.0035100536702071324,-4.629318891251958e-06,0.002672433406125674,0.0026947491323122807,-1.5428139903200775e-05,-0.015738837593748847,0.015608499558529818,-4.287569605683217e-06,0.020431349301503834,-0.02045228031077362,-3.089914887818158e-05,-0.0009839769380262388,0.0009801913298260142,4.4324682868860135e-07,68.66989714191809,2.229579734606452e-05,-1.9379892508831003e-05,-1.7150910626431804e-06,5403.482066907245,5411.4451749554,5783.579289909889,5776.144979666971,0.004252925438170983,0.004948775872214132,0.02890909522435294,0
14.142000000001392,2.0,2.0,1.0,0.0,2.0029332380074623,2.0029397936223416,1.0000122018140842,-0.0035567324972980135,-0.0035781688533212228,-4.981257851010747e-06,0.00278992830644147,0.0028123632253683733,-1.4530373794659916e-05,-0.016425767996530796,0.016294733580459544,-4.671435127631946e-06,0.019305698222110042,-0.019330921101755053,-3.0006978112689364e-05,-0.0009808551443817439,0.000977143825710859,4.3592463392475566e-07,68.66990388635216,2.7768620738157384e-05,-2.4260867569757298e-05,-2.1189860769121446e-06,5403.481455355411,5411.444441909223,5783.57854199063,5776.148052639685,0.004152881004152264,0.00504516235746122,0.027320221083930264,0
14.162000000001399,2.0,2.0,1.0,0.0,2.002861389282508,2.0028675172000403,1.0000120984264578,-0.00362107074855128,-0.0036424113186408545,-5.321567103528712e-06,0.0029034564435560014,0.0029259921017199784,-1.3642028550718524e-05,-0.017089422408038672,0.01695779937794296,-5.057946737195641e-06,0.01818404680227459,-0.018213475376544688,-2.914651536889179e-05,-0.000977065227098838,0.0009734297695930125,4.2853140663245997e-07,68.66991056801135,3.313589014778842e-05,-2.904809353120928e-05,-2.5150221527817178e-06,5403.480858340868,5411.443725409116,5783.577811558923,5776.151069084943,0.004050969006361338,0.005136082349344992,0.025736942944245625,0
14.182000000001405,2.0,2.0,1.0,0.0,2.00278829609314,2.002793998387023,1.0000119883591871,-0.0036815659404266037,-0.003702796408427641,-5.650395214132639e-06,0.0030129970396475273,0.0030356151987347164,-1.2763270496324324e-05,-0.01772968073945582,0.017597575606664983,-5.4454168352223e-06,0.01706715237440936,-0.01710069871946198,-2.831783019206103e-05,-0.0009726203658655628,0.0009690622606182869,4.210762066876519e-07,68.66991718370878,3.8395290261320344e-05,-3.373949884707866e-05,-2.903026434571616e-06,5403.480276115355,5411.443025748469,5783.577098920501,5776.15402768302,0.003947298545899757,0.005221557329278301,0.024160330674986935,0
14.202000000001412,2.0,2.0,1.0,0.0,2.002714035110977,2.0027193141378694,1.0000118718402213,-0.003738235688637121,-0.0037593420448516963,-5.967894989931445e-06,0.0031185325741002216,0.003141215221073668,-1.1894251310425501e-05,-0.01834644198468675,0.01821395994620892,-5.832216056695104e-06,0.015955756991620936,-0.015993331527767978,-2.752091959210749e-05,-0.0009675340182178006,0.0009640546759398292,4.1356821108546016e-07,68.66992373042986,4.354462179156255e-05,-3.8333115203965346e-05,-3.282834989289644e-06,5403.479708917972,5411.442343207213,5783.5764043656045,5776.156927181353,0.0038419782540537735,0.005301612423570833,0.02259143261733231,0
14.222000000001419,2.0,2.0,1.0,0.0,2.002638682627502,2.002643541020834,1.0000117490944127,-0.003791100129957643,-0.0038120686766734318,-6.274222786682878e-06,0.003220048745535697,0.0032427781023976,-1.1035109261853398e-05,-0.018939623996686566,0.0188068688782687,-6.2167760821813495e-06,0.014850587118343922,-0.01489209870206712,-2.6755709989089978e-05,-0.0009618199052369215,0.000958420656475125,4.060166802429906e-07,68.66993020532705,4.858180127834789e-05,-4.2827077355966246e-05,-3.654292785311251e-06,5403.479156975003,5411.4416780516385,5783.575728168815,5776.159766394206,0.0037351162202444083,0.005376276328176516,0.021031275200155707,0
14.242000000001426,2.0,2.0,1.0,0.0,2.002562314504239,2.002566755167913,1.000011620343453,-0.003840181868190473,-0.0038609992248926253,-6.569537844525448e-06,0.00331753443206031,0.0033402929652872676,-1.0185970408612956e-05,-0.019509163253360766,0.019376237454441822,-6.5975921848126245e-06,0.013752353337341486,-0.013797709353010898,-2.6022059308618772e-05,-0.0009554919972875192,0.0009521740926951446,3.984309247555758e-07,68.66993660571453,5.3504860808755895e-05,-4.7219622886016254e-05,-4.017253664179984e-06,5403.478620499779,5411.441030534202,5783.575070588906,5776.162544202288,0.0036268199215045687,0.0054455812319923955,0.01948086245317132,0
14.262000000001432,2.0,2.0,1.0,0.0,2.0024850061240076,2.0024890322260025,1.0000114858058238,-0.003885505919153331,-0.003906159027420547,-6.854001655191052e-06,0.003410981649789759,0.0034337520794408775,-9.34694977235088e-06,-0.020055014613403973,0.01992201905396236,-6.973225513595846e-06,0.012661750073025444,-0.012710856524262562,-2.531975921663858e-05,-0.0009485644997894128,0.0009453291104515304,3.9082027328885156e-07,68.66994292906263,5.831194765645047e-05,-5.150909189679151e-05,-4.37158030559885e-06,5403.478099692531,5411.440400893366,5783.5744318686975,5776.165259552322,0.0035171961534963625,0.005509562738785475,0.017941175707764736,0
14.282000000001439,2.0,2.0,1.0,0.0,2.002406832343304,2.0024104473091797,1.0000113456967579,-0.003927099654745403,-0.003947575782831422,-7.12777736033681e-06,0.003500385509704172,0.003523150818197699,-8.518152464769947e-06,-0.020577151062363495,0.020444185131684795,-7.342305114557113e-06,0.011579455331052903,-0.011632216931672736,-2.4648537482267506e-05,-0.0009410518390368532,0.000937900056852724,3.8319404166755236e-07,68.66994917299247,6.300132383890417e-05,-5.569392662982509e-05,-4.717144185792414e-06,5403.477594740269,5411.439789353431,5783.573812234932,5776.167911456568,0.0034063509631190093,0.005568259787824979,0.01641317319572039,0
14.302000000001446,2.0,2.0,1.0,0.0,2.0023278674457994,2.0023310749521177,1.000011200228212,-0.0039649927461471906,-0.003985279493249526,-7.391029181506942e-06,0.003585744172895265,0.003608487613455033,-7.699674780321705e-06,-0.021075563449320146,0.02094272495667814,-7.703529691988741e-06,0.010506130454132134,-0.010562450718606783,-2.4008060457907382e-05,-0.0009329686480829825,0.000929901486196137,3.7556150270605125e-07,68.66995533527037,6.757136559969943e-05,-5.9772671013205784e-05,-5.0538255294533155e-06,5403.477105816665,5411.439196124386,5783.5732118981705,5776.170498992309,0.0032943895827171233,0.00562171457329767,0.014897789799231148,0
14.322000000001452,2.0,2.0,1.0,0.0,2.0022481850969864,2.002250989064648,1.0000110496088521,-0.003999217106209923,-0.0040193024064272805,-7.643921883300446e-06,0.0036670588042618515,0.0036897639090306793,-6.891605242077538e-06,-0.021550260214490823,0.021417645341759217,-8.055669112719326e-06,0.00944241989396444,-0.009502201227346626,-2.3397935665675527e-05,-0.0009243297526887074,0.0009213481459722827,3.679318573895821e-07,68.66996141380233,7.202056281314299e-05,-6.374397014653566e-05,-5.38151325539508e-06,5403.476633081965,5411.438621401783,5783.572631052688,5776.173021301292,0.0031814163659182938,0.005669972462583567,0.013395936728171652,0
14.342000000001459,2.0,2.0,1.0,0.0,2.0021678582999876,2.002170262887493,1.0000108940440475,-0.004029806831089456,-0.004049678957069983,-7.886620267603076e-06,0.003744333524713217,0.003766984112533665,-6.094025608965557e-06,-0.02200126710811951,0.02186897036431276,-8.39756565701305e-06,0.008388950999235192,-0.008452094786488193,-2.281771447932624e-05,-0.0009151501573500735,0.0009122549629407001,3.603142071876243e-07,68.66996740662849,7.63475183147594e-05,-6.760656971261612e-05,-5.7001049160837905e-06,5403.476176682884,5411.43806536659,5783.572069876403,5776.175477589129,0.0030675347251254708,0.005713081913469289,0.011908501345121548,0
14.362000000001466,2.0,2.0,1.0,0.0,2.0020869593525394,2.00208896894918,1.0000107337358757,-0.004056798141179985,-0.004076445707462421,-8.11928870218491e-06,0.0038175753619375174,0.0038401555457989517,-5.307011829862555e-06,-0.02242862690098163,0.022296741078731776,-8.728135020312695e-06,0.007346333819564519,-0.00741274051423743,-2.226689489051204e-05,-0.0009054450314155189,0.000902637029296917,3.5271752746427446e-07,68.66997331191767,8.055094715869492e-05,-7.135931533045472e-05,-6.0095066312623e-06,5403.475736752555,5411.4375281851035,5783.571528530808,5776.177867124668,0.002952847070688943,0.005751094390376427,0.01043634715579779,0
14.382000000001472,2.0,2.0,1.0,0.0,2.00200555980516,2.002007179024147,1.0000105688831347,-0.004080229321401826,-0.0040996412874520025,-8.342090682384185e-06,0.003886794199797282,0.003909288393948556,-4.530634952348375e-06,-0.022832399086866878,0.022701015220841364,-9.046367070662885e-06,0.0063151609253035,-0.0063847301375023376,-2.1744924349048462e-05,-0.0008952296952981349,0.000892509588929595,3.4515064219997293e-07,68.66997912796185,8.462967580621716e-05,-7.500115183972318e-05,-6.3096330158487115e-06,5403.4753134104585,5411.437010008832,5783.571007160927,5776.180189239312,0.0028374547517695716,0.00578406427968131,0.008980313835260495,0
14.402000000001479,2.0,2.0,1.0,0.0,2.0019237304205224,2.0019249640920576,1.000010399681367,-0.004100140660897833,-0.004119306333842755,-8.555188424359408e-06,0.0039520027264064025,0.003974395653135683,-3.7649619871720534e-06,-0.023212659577370495,0.023081866904622803,-9.351326367183578e-06,0.005296007243068515,-0.0053686378266664635,-2.1251202666117927e-05,-0.0008845196067884289,0.0008818880237862184,3.376222001764479e-07,68.66998485317083,8.858264123904553e-05,-7.853112252622427e-05,-6.60040710214376e-06,5403.474906762386,5411.4365109744185,5783.570505895287,5776.182443326332,0.0027214579989275653,0.005812048804202674,0.007541217723682043,0
14.422000000001486,2.0,2.0,1.0,0.0,2.001841541134041,2.0018423942983357,1.0000102263228878,-0.004116574392191859,-0.004135483429254525,-8.758742492434723e-06,0.004013216380951154,0.0040354930770298975,-3.010056716571845e-06,-0.023569500389332265,0.02343938631160392,-9.642152445515918e-06,0.004289429906885547,-0.004365020045918729,-2.078508497005576e-05,-0.0008733303474865724,0.0008707878403439073,3.301406522102793e-07,68.66999048606687,9.240889001052954e-05,-8.19483682858647e-05,-6.881760256776804e-06,5403.474516900411,5411.436031203568,5783.570024845898,5776.184628840114,0.002604955868452317,0.005835107936933008,0.00611985366805579,0
14.442000000001492,2.0,2.0,1.0,0.0,2.001759061015673,2.0017595389159233,1.0000100489968238,-0.004129574629863137,-0.004148217040500646,-8.952911458902822e-06,0.004070453299313454,0.004092599122109099,-2.2659804556824688e-06,-0.023903029325306996,0.023773679373255138,-9.918059876668242e-06,0.0032959681248051396,-0.0033744154190090882,-2.0345884704612306e-05,-0.0008616776093537825,0.0008592246562082147,3.227142297619448e-07,68.66999602527937,9.610757723054874e-05,-8.525212672948313e-05,-7.153632092371201e-06,5403.474143902871,5411.435570802993,5783.569564108262,5776.186745295399,0.0024880461884469692,0.005853304314088991,0.004716999569974146,0
14.462000000001499,2.0,2.0,1.0,0.0,2.00167635823296,2.0016764663082816,1.0000098678891531,-0.004139187308789043,-0.004157553456537123,-9.13785159521588e-06,0.004123734258552738,0.004145734891807909,-1.5327927580978503e-06,-0.02421336964735632,0.024084867446720695,-1.0178338106110829e-05,0.0023161430608506623,-0.0023973446102836873,-1.9932876659225364e-05,-0.0008495771813908162,0.0008472141868360049,3.153509251148056e-07,68.67000146953991,9.967796548202563e-05,-8.844173123069226e-05,-7.415970374170202e-06,5403.473787834379,5411.435129864379,5783.569123761389,5776.188792266487,0.0023708255067069377,0.005866703147555349,0.0033334336594179233,0
14.482000000001506,2.0,2.0,1.0,0.0,2.0015935000153022,2.0015932438936304,1.0000096831827574,-0.004145460122008747,-0.004163540726036075,-9.313716597071416e-06,0.004173082620310553,0.0041949240795911315,-8.105520713342187e-07,-0.02450065974456266,0.024373086984259332,-1.0422351080460196e-05,0.0013504577321429333,-0.0014343102208491413,-1.9545300021567143e-05,-0.0008370449364569436,0.0008347722323932469,3.0805847266401473e-07,68.670006817677,0.00010311942367922294,-9.151660991811227e-05,-7.668730921798964e-06,5403.4734487458345,5411.434708464336,5783.568703867841,5776.190769386411,0.002253389040398249,0.005875372136796326,0.0019700208517001673,0
14.502000000001512,2.0,2.0,1.0,0.0,2.0015105526194836,2.001509938110446,1.0000094950574754,-0.004148442458259634,-0.004166228594635257,-9.480657338892024e-06,0.004218524273190617,0.004240192911002285,-9.931634361461022e-08,-0.024765052794557485,0.02463848919670244,-1.0649536669416327e-05,0.00039939692103898303,-0.0004857966997071588,-1.9182361442707592e-05,-0.0008240968182315455,0.0008219146647575085,3.0084433179616055e-07,68.67001206861129,0.00010643142586381872,-9.447628461186871e-05,-7.911877506435839e-06,5403.473126674444,5411.434306664413,5783.568304473776,5776.192676346085,0.0021358306275833633,0.0058793813803079045,0.0006289009339269899,0
14.522000000001519,2.0,2.0,1.0,0.0,2.0014275812964493,2.001426614384216,1.0000093036901607,-0.004148185339237778,-0.004165668441915136,-9.638821659715715e-06,0.004260087574174686,0.004281570084753145,6.008564298589438e-07,-0.02500671641944873,0.024881239711281995,-1.0859405891032302e-05,-0.0005365728978834011,0.000447729730312147,-1.8843238105394958e-05,-0.0008107488283276329,0.0008086574146723708,2.9371567109337075e-07,68.67001722135076,0.00010961354994196055,-9.732036971009317e-05,-8.145381743395823e-06,5403.4728216438,5411.4339245110905,5783.5679256090325,5776.194512893431,0.002018242680619456,0.005878803286683261,0.0006988365468022655,0
14.542000000001526,2.0,2.0,1.0,0.0,2.0013446502593335,2.001343337095453,1.000009109254745,-0.004144741356633093,-0.00416191321815452,-9.788354180628304e-06,0.0042978032891392735,0.004319086712909216,1.2899077073840704e-06,-0.02522583233646838,0.025101518224208433,-1.1051541948707377e-05,-0.0014570036161773456,0.0013658211319945376,-1.8527080786476827e-05,-0.0007970170135691766,0.0007950164590597004,2.866793537457522e-07,68.67002227498611,0.00011266547636608667,-0.00010004857102249601,-8.369222980512708e-06,5403.472533663902,5411.433562035808,5783.567567287203,5776.196278832484,0.0019007161414762344,0.005873712485363206,0.00199707967318902,0
14.562000000001532,2.0,2.0,1.0,0.0,2.0012618226527574,2.0012601695489787,1.0000089119223052,-0.004138164608989156,-0.00415501738091452,-9.92939614992833e-06,0.0043317045325193095,0.004352776260230811,1.9677779528322604e-06,-0.025422596003688413,0.025299518148267107,-1.122559908854863e-05,-0.0023614655353991444,0.002268047898750225,-1.8233016904561907e-05,-0.0007829174534280683,0.0007810078084959356,2.7974192462876784e-07,68.67002722868617,0.0001155869867604013,-0.0001026606845564745,-8.5833881823051e-06,5403.472262731265,5411.433219254994,5783.567229505748,5776.197974022459,0.0017833404390480462,0.0058641857371420315,0.0032742267202923478,0
14.582000000001539,2.0,2.0,1.0,0.0,2.0011791605233884,2.001177173944477,1.0000087118611312,-0.004128510638437071,-0.004145036831500791,-1.0062085318239081e-05,0.0043618267061853715,0.004382674482725839,2.6344062475592933e-06,-0.02559721626113292,0.02547544625582283,-1.1381301286045966e-05,-0.003249547396697797,0.0031539987853780064,-1.7960153544487692e-05,-0.0007684662476387918,0.0007666474948590243,2.7290959860774307e-07,68.6700320816937,0.00011837796249414456,-0.00010515659525337085,-8.787871810315687e-06,5403.472008828995,5411.432896170113,5783.5669122461195,5776.199598376828,0.0016662034485611466,0.005850301844498892,0.004528494938332729,0
14.602000000001546,2.0,2.0,1.0,0.0,2.001096724791764,2.001094411348322,1.0000085092367972,-0.004115836367352284,-0.004132028851352538,-1.0186555840438847e-05,0.004388207437589684,0.004408819365473202,3.289729941142454e-06,-0.02574991496763038,0.025629522317554717,-1.1518440771206616e-05,-0.0041208563963196325,0.004023280924786919,-1.7707580450211847e-05,-0.0007536795039879584,0.000751951559157315,2.661882503399748e-07,68.67003683332116,0.00012103838320136862,-0.00010753627568233409,-8.982675699586367e-06,5403.471771926902,5411.432592767758,5783.566615473888,5776.201151862347,0.0015493914532218641,0.0058321415618235225,0.005759188022586664,0
14.622000000001552,2.0,2.0,1.0,0.0,2.001014575225383,2.001011941666671,1.000008304212235,-0.004100200034981866,-0.00411605203840679,-1.0302938205654119e-05,0.0044108865172369635,0.004431251059777389,3.933684364955843e-06,-0.02588092663376002,0.025761978737248704,-1.1636876401491303e-05,-0.004975018187243914,0.004875519830881976,-1.747437297869877e-05,-0.0007385733262953076,0.0007369360395343705,2.5958340518517524e-07,68.67004148294667,0.00012356832525632514,-0.00010979978468445195,-9.167808931670855e-06,5403.471551981615,5411.432309019708,5783.566339138907,5776.20263449808,0.0014329891083488756,0.005809787505604113,0.0069657375361059795,0
14.642000000001559,2.0,2.0,1.0,0.0,2.000932770413068,2.0009298236198347,1.0000080969478062,-0.004081661134090263,-0.004097166243484958,-1.0411359192326913e-05,0.004429905835538051,0.0044500118197044695,4.566202589807821e-06,-0.025990498051185022,0.02587306018298618,-1.1736531892028567e-05,-0.005811676867161287,0.005710359387829176,-1.7259595007036987e-05,-0.0007231638025814515,0.0007216169594755961,2.5310023170564377e-07,68.67004603001037,0.00012596796019583538,-0.00011194726598065597,-9.34328770417236e-06,5403.4713489367305,5411.432044883043,5783.566083175489,5776.204046354415,0.001317079408411542,0.005783324064644474,0.008147624941568187,0
14.662000000001566,2.0,2.0,1.0,0.0,2.0008513677405872,2.000848114717921,1.0000078876013794,-0.004060280347669199,-0.004075432506748457,-1.0511941848029687e-05,0.004445309319103212,0.004465145938061318,5.187215228902568e-06,-0.026078887918734493,0.025963023215061033,-1.181739391273577e-05,-0.006630494953018263,0.006527461825925258,-1.706230178577725e-05,-0.0007074669934326062,0.0007060103162004614,2.467435354457974e-07,68.67005047401051,0.00012823755310039885,-0.00011397894673502928,-9.509135197132501e-06,5403.471162722935,5411.431800300256,5783.565847502572,5776.205387552039,0.0012017436576584072,0.005752837310375823,0.00930436570595788,0
14.682000000001572,2.0,2.0,1.0,0.0,2.0007704233675487,2.000766871237744,1.000007676328403,-0.004036119485758098,-0.004050912994269391,-1.0604805494365053e-05,0.004457142866526471,0.004476699681872069,5.796650294452378e-06,-0.026146366465548652,0.026032135910924657,-1.1879510062032076e-05,-0.007431153342358101,0.007326507684293369,-1.6881542731792095e-05,-0.0006914989205721495,0.000690132069262044,2.405177538631884e-07,68.67005481450028,0.0001303774609290342,-0.00011589513608008371,-9.665381436348688e-06,5403.470993258206,5411.43157519939,5783.565632023937,5776.206658260928,0.0010870614456240392,0.005718414907328463,0.010435504508490538,0
14.70200000000158,2.0,2.0,1.0,0.0,2.0006899922055505,2.0006861482010065,1.000007463281978,-0.004009241422419525,-0.004023670934761048,-1.0690065753371199e-05,0.004465454283723927,0.004484721227406246,6.394433101988592e-06,-0.026193215071605876,0.026080677487527033,-1.1922986726922799e-05,-0.00821335126169431,0.008107195760642364,-1.671636415437834e-05,-0.0006752755556359393,0.0006739981293490049,2.3442695266655524e-07,68.67005905108438,0.00013238813081481855,-0.00011769622360352896,-9.812063153874757e-06,5403.470840447952,5411.431369494178,5783.565436628425,5776.207858699305,0.000973110629909523,0.005680146023826429,0.011540613586225556,0
14.722000000001586,2.0,2.0,1.0,0.0,2.000610127897595,2.0006059993537333,1.0000072486129352,-0.00397971003291408,-0.003993770556512664,-1.0767834595844614e-05,0.004470293218872815,0.004489260594817744,6.98048620816512e-06,-0.02621972588597708,0.026108937921326573,-1.1947986839234896e-05,-0.008976806202158022,0.00886924304832973,-1.6565811908682763e-05,-0.000658812809162869,0.0006576243473024989,2.2847482333395458e-07,68.67006318341599,0.00013427009831915246,-0.00011938267780059068,-9.949223645795492e-06,5403.470704185225,5411.431183084211,5783.56526119016,5776.2089891325895,0.0008599673310879683,0.0056381212429679394,0.012619291622996878,0
14.742000000001592,2.0,2.0,1.0,0.0,2.00053088279875,2.0005264771469773,1.000007032469905,-0.003947590131117803,-0.003961277024571666,-1.0838220410850223e-05,0.004471711097012814,0.004490369582443931,7.554729406416271e-06,-0.02622620144309496,0.026117217566328045,-1.1954727537798414e-05,-0.009721253842663835,0.009612384660972936,-1.6428933970744736e-05,-0.000642126519801555,0.000641026503347737,2.2266468191603426e-07,68.67006721119391,0.00013602398564771704,-0.00012095504449235019,-1.0076912627531574e-05,5403.47058435092,5411.431015855116,5783.565105568805,5776.2100498723485,0.000747705950177586,0.0055924324739526085,0.01367116359926005,0
14.7620000000016,2.0,2.0,1.0,0.0,2.000452307958063,2.000447632718773,1.0000068149993881,-0.0039129474072246906,-0.003926256378215967,-1.0901328093173108e-05,0.004469761054358103,0.004488101700819906,8.117079755327665e-06,-0.02621295427735982,0.02610582677043178,-1.1943477746322878e-05,-0.010446447960847937,0.010336373744861592,-1.6304782929159474e-05,-0.0006252324437387142,0.0006242202965497187,2.1699946898211054e-07,68.6700711341599,0.00013765049983159784,-0.00012241394521149602,-1.0195186086772512e-05,5403.470480813983,5411.4308676787505,5783.564969609818,5776.211041275218,0.0006363992332332419,0.005543172863815649,0.014695880248975047,0
14.782000000001606,2.0,2.0,1.0,0.0,2.0003744531017196,2.0003695158773316,1.0000065963458253,-0.0038758483657754706,-0.0038887754687581817,-1.095725914968546e-05,0.004464497872372697,0.004482512106465521,8.66745164754895e-06,-0.026180306536418244,0.026075085490400888,-1.1914555676681263e-05,-0.011152160332037827,0.011040981379422849,-1.6192418388678466e-05,-0.0006081462443607093,0.0006072213344862055,2.1148175047374162e-07,68.67007495209606,0.0001391504308750918,-0.0001237600755557005,-1.0304106134304285e-05,5403.470393431646,5411.430738413407,5783.564853144722,5776.211963741828,0.0005261184474676656,0.005490436709627739,0.015693117872302688,0
14.802000000001613,2.0,2.0,1.0,0.0,2.0002973666174313,2.0002921750854865,1.0000063766516631,-0.0038363602640539484,-0.003848901897721863,-1.1006111822301836e-05,0.004455977911667985,0.004473657535490611,9.205756921886494e-06,-0.02612858959338029,0.026025322905790738,-1.1868326267218575e-05,-0.011838180616515577,0.011725996466006335,-1.6090909281428503e-05,-0.0005908834821344724,0.0005900451231611643,2.0611372013307137e-07,68.67007866482268,0.00014052464987008705,-0.0001249942035166871,-1.0403740852785398e-05,5403.470322049665,5411.430627904033,5783.564755991405,5776.21281771573,0.0004169338645732838,0.005434319371218119,0.01666257818446502,0
14.82200000000162,2.0,2.0,1.0,0.0,2.000221095540057,2.000215657446361,1.000006156057418,-0.0037945510508899153,-0.003806703955430359,-1.1047981226158823e-05,0.004444259045765796,0.0044615962370760315,9.731905007663688e-06,-0.026058143658311286,0.025956877032093376,-1.1805198565586828e-05,-0.012504316235336677,0.01239122560524657,-1.5999336081605627e-05,-0.0005734596047338125,0.0005727070571414093,2.0089720247284732e-07,68.67008227219603,0.00014177410708013133,-0.00012611716777519537,-1.0494164143678741e-05,5403.470266502567,5411.4305359824775,5783.564677954406,5776.213603682288,0.00030891628161537366,0.005374917184477178,0.017603988011197717,0
14.842000000001626,2.0,2.0,1.0,0.0,2.000145685538442,2.000140008690267,1.0000059347017365,-0.003750489305908024,-0.0037622505600465026,-1.1082959502593723e-05,0.004429400594782347,0.004446387906878161,1.0245803105748842e-05,-0.025969317389276964,0.02587009433342054,-1.1725623065484212e-05,-0.013150392234980119,0.013036492963280178,-1.5916792920360682e-05,-0.0005558899373952692,0.0005552224099363861,1.9583365720890395e-07,68.6700857741064,0.00014289982999640555,-0.0001271298759775016,-1.0575455572547802e-05,5403.470226613915,5411.430462467729,5783.564618825232,5776.214322167591,0.0002021433405930824,0.005312327375293433,0.01851709916886127,0
14.862000000001633,2.0,2.0,1.0,0.0,2.0000711809034613,2.0000652731628117,1.000005712721454,-0.003704244179260161,-0.0037156111971016472,-1.1111135984859196e-05,0.0044114632590861215,0.004428093620408864,1.0747356400894081e-05,-0.025862467503245272,0.02576532933503476,-1.1630089006528045e-05,-0.01377625114110629,0.013661640127085817,-1.5842389597843087e-05,-0.0005381896735231661,0.0005376063246152018,1.9092418422715425e-07,68.6700891704765,0.00014390292136953932,-0.0001280333029830048,-1.0647700212823746e-05,5403.470202196586,5411.430407166187,5783.564578382691,5776.214973737362,9.674679316346064e-05,0.005246647974178637,0.01940168815403685,0
14.88200000000164,2.0,2.0,1.0,0.0,1.9999976245372728,1.9999914938142118,1.0000054902516493,-0.0036558853318784355,-0.0036668558595505368,-1.1132597375250748e-05,0.004390509052969383,0.004406775766440034,1.1236468303191438e-05,-0.025737958387132064,0.025642944235960523,-1.1519121646273202e-05,-0.014381752801695114,0.014266525949226751,-1.577525348934299e-05,-0.0005203738655328883,0.0005198738046690622,1.861695298736063e-07,68.67009246125974,0.0001447845572132146,-0.00012882848909264686,-1.0710988488226172e-05,5403.4701930530455,5411.430369871933,5783.564556393215,5776.215558995832,1.039908087304232e-05,0.005177977731633106,0.02025755592204204,0
14.902000000001646,2.0,2.0,1.0,0.0,1.9999250579437502,1.999918712189799,1.0000052674256932,-0.0036054828762845607,-0.00361605498838834,-1.1147427932670041e-05,0.004366601238394928,0.004382497980480457,1.17130407224403e-05,-0.025596161709269365,0.025503308522035282,-1.139327951324635e-05,-0.014966774219851264,0.014851026382275489,-1.5714531343500044e-05,-0.0005024574159437622,0.0005020397051171855,1.8157009392206572e-07,68.67009564643888,0.00014554598478581154,-0.0001295165382536146,-1.0765416013922183e-05,5403.470198975632,5411.430350367015,5783.564552611208,5776.216078584649,0.00011068769423768992,0.0051064160343022285,0.021084527747565092,0
14.922000000001653,2.0,2.0,1.0,0.0,1.9998535212200965,1.999846968421707,1.0000050443752964,-0.003553107317990857,-0.0035632794138649084,-1.1155709670017913e-05,0.004339804258854571,0.004355325078375731,1.217697436644884e-05,-0.025437456031592476,0.025346798579613375,-1.1253151649592027e-05,-0.015531209376560015,0.01541503430320526,-1.5659390970543098e-05,-0.0004844550687248186,0.0004841187238652139,1.7712593729672398e-07,68.67009872602486,0.0001461885205537297,-0.00013009861624921741,-1.08110834366961e-05,5403.4702197468805,5411.430348421764,5783.564566779405,5776.216533181753,0.00021189653758136494,0.005032062821973894,0.021882452815020322,0
14.94200000000166,2.0,2.0,1.0,0.0,1.9997830530496261,1.9997763012217271,1.0000048212305526,-0.0034988294975265644,-0.00350860029733015,-1.115752255917217e-05,0.0043101836733922165,0.004325322990074627,1.2628169060556561e-05,-0.025262226422799575,0.025173797310231557,-1.1099354851717444e-05,-0.01607496904368555,0.0159584593280358,-1.560902281914735e-05,-0.00046638140089135346,0.0004661253933103522,1.7283679068419826e-07,68.67010170005572,0.00014671354813465879,-0.00013057594886709036,-1.0848096274244716e-05,5403.47025513981,5411.430363795082,5783.564598629237,5776.216923500284,0.00031165745128482306,0.004955018505464623,0.0226512041044632,0
14.962000000001666,2.0,2.0,1.0,0.0,1.9997136906956934,1.9997067478753194,1.0000045981199766,-0.0034427205331229254,-0.003452089073743573,-1.1152944743239371e-05,0.004277806090837399,0.004292558693611239,1.3066524095348344e-05,-0.025070864072771825,0.024984693746503965,-1.0932530917068924e-05,-0.016597980587497608,0.016481227617021924,-1.5562641440511425e-05,-0.0004482508143546624,0.0004480740722074608,1.6870206390556985e-07,68.67010456859572,0.00014712251622088092,-0.0001309498200565464,-1.0876564753593502e-05,5403.470304918251,5411.430396234779,5783.564647881206,5776.217250287445,0.00040986701388319273,0.004875383885441474,0.023390677972589227,0
14.982000000001673,2.0,2.0,1.0,0.0,1.999645469996762,1.9996383442367658,1.0000043751705376,-0.0033848517640885064,-0.003393817394880177,-1.1142052753172647e-05,0.004242739104293107,0.0042571001493473285,1.3491938591058177e-05,-0.02486376590851343,0.02477988266950269,-1.0753343904888459e-05,-0.01710018776302231,0.016983281670678804,-1.55194868389872e-05,-0.0004300775280306562,0.00042997893778396655,1.6472085589248078e-07,68.67010733173456,0.00014741693649018622,-0.0001312215700679797,-1.0896603648977918e-05,5403.470368837168,5411.430445477903,5783.56471424526,5776.2175143234035,0.0005064637759935471,0.004793260072224738,0.024100793961992228,0
15.00200000000168,2.0,2.0,1.0,0.0,1.9995784253626032,1.999571124725454,1.0000041525076906,-0.00332529469490606,-0.003333857073263752,-1.1124921729975118e-05,0.004205051225921173,0.004219016234517234,1.390431187653721e-05,-0.024641334211859177,0.02455976422787632,-1.0562477418511501e-05,-0.017581550499514046,0.017464580116932735,-1.547882570883304e-05,-0.00041187557021001736,0.0004118539781133199,1.6089196518805348e-07,68.67010998958689,0.00014759838150364219,-0.00013139259357941352,-1.0908332119290075e-05,5403.470446642989,5411.430511251083,5783.564797421191,5776.217716420185,0.0006013953935085441,0.004708748406615566,0.024781494449554197,0
15.022000000001686,2.0,2.0,1.0,0.0,1.9995125897715962,1.9995051223232703,1.0000039302554014,-0.0032641209400810596,-0.00327228002685725,-1.110162564934599e-05,0.0041648118220730685,0.004178376678122823,1.430354388903413e-05,-0.024403976239226674,0.024324743558986162,-1.0360631916497723e-05,-0.01804204467734564,0.017925097489702706,-1.5439952556998055e-05,-0.0003936587711822902,0.0003937129847531836,1.5721390129023762e-07,68.67011254229178,0.00014766848258855096,-0.0001314643378175266,-1.0911873545071401e-05,5403.47053807395,5411.430593270873,5783.564897099029,5776.217857420535,0.0006946136282751721,0.004621950381790852,0.02543274436137354,0
15.042000000001693,2.0,2.0,1.0,0.0,1.9994479947691295,1.9994403685730922,1.0000037085361655,-0.003201402169770374,-0.0032091582245396097,-1.1072237548800998e-05,0.004122091048803013,0.0041352519962178525,1.4689535586515904e-05,-0.024152103843643306,0.024075230412275512,-1.0148522059531772e-05,-0.018481661896611257,0.01836482399920158,-1.540219071193686e-05,-0.00037544075612592294,0.0003755695456365014,1.5368489633680593e-07,68.67011499001248,0.00014762892771224995,-0.00013143830066221165,-1.0907355365357725e-05,5403.470642860429,5411.430691244122,5783.5650129594405,5776.217938196844,0.0007860730641179678,0.004532967566306317,0.02605453079666503,0
15.0620000000017,2.0,2.0,1.0,0.0,1.999384670467078,1.9993768935783627,1.0000034874710269,-0.003137210056219481,-0.003144563632396818,-1.1036829755343469e-05,0.004076959787809524,0.004089713427624789,1.5062189368239388e-05,-0.023886133099299347,0.023811638775141492,-9.926874099747342e-06,-0.01890040923775024,0.018783765294260967,-1.5364893219373212e-05,-0.0003572349382618918,0.0003574370382296168,1.503029172272467e-07,68.67011733293621,0.00014748145934964744,-0.0001313160287486437,-1.0894908914462155e-05,5403.4707607253,5411.430804868332,5783.565144674147,5776.217959650013,0.0008757306716256721,0.004441901528247599,0.026646862760708514,0
15.082000000001706,2.0,2.0,1.0,0.0,1.9993226455443418,1.9993147260037285,1.0000032671795889,-0.0030716162210348767,-0.0030785681608539953,-1.099547411421447e-05,0.004029489582843155,0.004041832870124851,1.542140950628117e-05,-0.023606483928865264,0.023534386501529683,-9.69642331877483e-06,-0.01929830901448816,0.0191819422169813,-1.5327443625657064e-05,-0.00033905451226778476,0.0003393286229520682,1.470656783037176e-07,68.67011957127414,0.00014722787234159487,-0.00013109911556167367,-1.087466925876338e-05,5403.470891384282,5411.4309338320445,5783.565291906332,5776.217922708359,0.000963545631004772,0.004348853760567205,0.027209770741774185,0
15.102000000001713,2.0,2.0,1.0,0.0,1.999261947248432,1.999253893076727,1.000003047780021,-0.003004692183317431,-0.00301124361267459,-1.094824221515955e-05,0.003979752576622001,0.0039916828171598865,1.5767102585178196e-05,-0.023313579733798773,0.023243894943494617,-9.457911520483001e-06,-0.019675398519400113,0.01955939055000449,-1.5289256649935535e-05,-0.00032091244796005633,0.00032125723685629513,1.4397065426501191e-07,68.67012170526144,0.00014687001174934277,-0.00013078919952378177,-1.0846775033694667e-05,5403.4710345463045,5411.431077815215,5783.5654543110595,5776.217828326518,0.0010494792489687326,0.004253925607644072,0.027743306409572174,0
15.12200000000172,2.0,2.0,1.0,0.0,1.9992026013980837,1.9991944205905032,1.0000028293890606,-0.0029365093086818755,-0.0029426616318512654,-1.089520561703401e-05,0.00392782144829087,0.003939336295085888,1.6099177948165612e-05,-0.023007847027874152,0.022940588585935628,-9.212084584033182e-06,-0.020031729762399794,0.019916160756715214,-1.524977874669692e-05,-0.00030282148423817234,0.0003032355875782337,1.4101509350687043e-07,68.67012373515745,0.00014640977070552467,-0.00013038796208292012,-1.0811368280997002e-05,5403.471189913865,5411.4312364895995,5783.565631535703,5776.217677484341,0.001133494914318406,0.004157218193101042,0.02824754220354709,0
15.142000000001726,2.0,2.0,1.0,0.0,1.999144632386875,1.9991363329075393,1.000002612122013,-0.002867138759185648,-0.0028728936534124345,-1.0836436069253428e-05,0.0038737693514667056,0.0038848668010150115,1.6417548138748165e-05,-0.022689715074149165,0.02262489468475688,-8.959690082526502e-06,-0.020367369202456322,0.020252317714670284,-1.520848856025065e-05,-0.0002847941232963704,0.000285276147543792,1.3819603168756442e-07,68.67012566124596,0.00014584908826310573,-0.00012989712579475294,-1.0768594286423121e-05,5403.471357183381,5411.431409519152,5783.565823220361,5776.217471185806,0.0012155580707494808,0.004058832348913754,0.02872257098092941,0
15.162000000001733,2.0,2.0,1.0,0.0,1.9990880631878432,1.9990796529643768,1.0000023960927449,-0.002796651444190291,-0.0028020108541670337,-1.0772005729711698e-05,0.0038176698528997193,0.0038283482412840805,1.6722129349145774e-05,-0.022359615525591264,0.02229724290862342,-8.701474972144796e-06,-0.02068239747284656,0.020567940442562157,-1.5164897273380295e-05,-0.00026684262509964126,0.0002673911484452936,1.355103054805449e-07,68.67012748383559,0.00014518994724498798,-0.0001293184524083935,-1.0718601417900686e-05,5403.471536045577,5411.431596560434,5783.566028998299,5776.217210457931,0.0012956361976293983,0.00395886854584349,0.029168505632702905,0
15.18200000000174,2.0,2.0,1.0,0.0,1.9990329153590698,1.9990244022773127,1.0000021814136724,-0.002725117972176826,-0.002730084104409309,-1.0701987377477527e-05,0.0037595968717925436,0.0037698548705835315,1.701284187138705e-05,-0.022017982069561605,0.02195806498456056,-8.438183356352504e-06,-0.020976909100243215,0.020863121821014297,-1.5118548852215985e-05,-0.000248979002126569,0.00024959257597971627,1.3295456653144634e-07,68.67012920326017,0.00014443437209456746,-0.0001286537409495115,-1.0661540964389085e-05,5403.471726185836,5411.431797262992,5783.566248496361,5776.216896349686,0.00137369879442378,0.0038574268252247303,0.029585478673447765,0
15.202000000001746,2.0,2.0,1.0,0.0,1.9989792090502179,1.9989706009490547,1.000001968195748,-0.002652608603535947,-0.0026571839206040197,-1.0626454619969906e-05,0.0036996246198083634,0.003709461231781564,1.7289610537277415e-05,-0.021665250076359808,0.021607794347577345,-8.17055432934511e-06,-0.02125101221794449,0.021137968307519055,-1.5069020189889092e-05,-0.00023121501437280064,0.00023189216485530327,1.305252957035667e-07,68.67013081987939,0.00014358442672774503,-0.00012790482581011265,-1.0597566975405742e-05,5403.471927284574,5411.432011269791,5783.5664813354215,5776.216529930925,0.0014497173666059167,0.003754606732136838,0.029973641821294764,0
15.222000000001753,2.0,2.0,1.0,0.0,1.9989269630100046,1.9989182676763055,1.0000017565484398,-0.0025791932043521515,-0.002583380419072061,-1.0545482093496484e-05,0.003637827541801899,0.0036472420964788264,1.7552365160623944e-05,-0.021301856252035792,0.02124686579451172,-7.899319902580209e-06,-0.02150482827354888,0.021392599645813262,-1.5015921151684838e-05,-0.00021356216462683404,0.00021430139405244304,1.282188170314027e-07,68.67013233407926,0.00014264221239344225,-0.0001270735748375167,-1.0526836101482115e-05,5403.472139017609,5411.432238217608,5783.566727130807,5776.216112291311,0.001523665411921597,0.003650507249987848,0.030333165629698927,0
15.24200000000176,2.0,2.0,1.0,0.0,1.9988761945945863,1.9988674197582685,1.0000015465797114,-0.0025049412012011184,-0.002508743270694527,-1.0459145656485006e-05,0.0035742802573060194,0.0035832724063236967,1.780104096642123e-05,-0.020928238295644355,0.020875715142289253,-7.625203017855209e-06,-0.021738491731378956,0.0216271485699957,-1.4958894524669016e-05,-0.00019603169400273337,0.00019683148235923853,1.2603131208469598e-07,68.67013374627281,0.0001416098655366591,-0.00012616188743204887,-1.0449507435493965e-05,5403.472361056536,5411.432477737455,5783.566985492725,5776.215644539253,0.0015955184063827994,0.0035452267365371484,0.03066423903666845,0
15.262000000001766,2.0,2.0,1.0,0.0,1.998826919776837,1.9988180731060436,1.0000013383959936,-0.002429921536977092,-0.002433341656653013,-1.0367522575286867e-05,0.003509057502805593,0.0035176272151211043,1.803557901899884e-05,-0.020544834561134716,0.020494778890779504,-7.348915650042768e-06,-0.021952149769951905,0.021841760503688672,-1.4897615874677562e-05,-0.00017863457773817693,0.00017949338416047106,1.239588341720762e-07,68.67013505690083,0.0001404895556696394,-0.0001251716926510251,-1.0365742355017156e-05,5403.472593069091,5411.432729454982,5783.567256026706,5776.2151278008505,0.0016652537896481479,0.003438862861381985,0.030967068932262358,0
15.282000000001773,2.0,2.0,1.0,0.0,1.998779153156497,1.9987702422528981,1.0000011321021547,-0.0023542026277671717,-0.0023572442252226575,-1.027069170153461e-05,0.0034422340748281725,0.003450381631764712,1.8255926637294285e-05,-0.020152083724049422,0.02010449389042326,-7.071157002229407e-06,-0.022145961974803036,0.02203659325454237,-1.4831793314170917e-05,-0.00016138152125789396,0.00016229778549037047,1.2199732238581271e-07,68.67013626643255,0.00013928348325388466,-0.00012410494731783135,-1.0275704365899785e-05,5403.472834719516,5411.432992990907,5783.56753833403,5776.214563218846,0.0017328509495925651,0.003331512544932024,0.031241879742412625,0
15.30200000000178,2.0,2.0,1.0,0.0,1.9987329079711738,1.998723940365392,1.0000009278014672,-0.002277852320787857,-0.0022805190496330047,-1.0168733639670227e-05,0.0033738847738817336,0.003381610764021064,1.846203779764295e-05,-0.019750424453199487,0.019705297014807034,-6.792611795649983e-06,-0.022320100026959635,0.02221181670437794,-1.4761167184322655e-05,-0.00014428295649208746,0.00014525510034545312,1.2014261582164237e-07,68.67013737536645,0.00013799387759097417,-0.00012296363414197853,-1.0179558946996838e-05,5403.473085668944,5411.433267961418,5783.567832012158,5776.213951951582,0.0017982912059525858,0.0032232718988942717,0.03148891299277744,0
15.322000000001786,2.0,2.0,1.0,0.0,1.9986881961081722,1.99867917925533,1.00000072559557,-0.002200937853398321,-0.00220323358701149,-1.00617309052469e-05,0.0033040843492666283,0.0033113896631953347,1.865387352698309e-05,-0.019340295087488902,0.019297624838343286,-6.513948656458955e-06,-0.02247474738736193,0.022367612495270126,-1.4685509654811186e-05,-0.0001273490384602831,0.00012837546725759095,1.1839046738266179e-07,68.67013838423112,0.00013662299472580645,-0.0001217497598509094,-1.0077473396235458e-05,5403.47334557574,5411.433553978602,5783.568136655156,5776.213295171974,0.0018615577929933244,0.003114236168290057,0.031708426853047755,0
15.342000000001793,2.0,2.0,1.0,0.0,1.9986450281171322,1.9986359693925262,1.0000005255844295,-0.0021235258132036674,-0.0021254546384224834,-9.949768073203713e-06,0.0032329074447887385,0.003239793269704459,1.8831402279674978e-05,-0.01892213331803904,0.01888191331921418,-6.23581860102869e-06,-0.022610098977528855,0.022504173711864143,-1.4604624245132544e-05,-0.00011058964210702477,0.00011166874612163792,1.1673655773319285e-07,68.67013929358596,0.00013517311536142995,-0.00012046535333059897,-9.969616678045872e-06,5403.473614095884,5411.433850650851,5783.56845185412,5776.212594066476,0.0019226358411635626,0.003004499675023889,0.03190069566147973,0
15.3620000000018,2.0,2.0,1.0,0.0,1.9986034132234531,1.998594319918354,1.0000003278662977,-0.0020456820992605994,-0.002047248310014703,-9.832931915558828e-06,0.0031604285453999833,0.0031668963595837037,1.8994600298031615e-05,-0.01849637587576532,0.01845859748773158,-5.958853621127274e-06,-0.022726360856763814,0.02262170456021807,-1.4518345271222978e-05,-9.401435940087088e-05,9.514451527728594e-05,1.151765087036717e-07,68.67014010402214,0.00013364654279223668,-0.00011911246378007171,-9.856159272361523e-06,5403.473890883328,5411.434157583281,5783.568777197606,5776.211849834075,0.0019815123577354063,0.002894155763023712,0.03206600954252298,0
15.382000000001806,2.0,2.0,1.0,0.0,1.9985633593424794,1.998554238660062,1.0000001325376642,-0.001967471884397144,-0.001968679975287841,-9.71131152777592e-06,0.0030867219247929035,0.0030927734919518383,1.9143451961101e-05,-0.018063458224552704,0.018028111140269164,-5.683665369997199e-06,-0.022823749896192472,0.022720420043465122,-1.4426537221357862e-05,-7.763249668121463e-05,7.881206885090178e-05,1.1370589676202942e-07,68.6701408161634,0.00013204560084851248,-0.0001176931588816862,-9.737273025070268e-06,5403.474175590343,5411.434474378149,5783.569112272038,5776.2110636852785,0.0020381762064322208,0.0027832967449706422,0.03220467386384574,0
15.402000000001813,2.0,2.0,1.0,0.0,1.998524873094431,1.998515732145831,0.9999999396932115,-0.0018889595786562594,-0.0018898142384891302,-9.584998444147969e-06,0.0030118615939685772,0.003017498957459002,1.927795010904524e-05,-0.017623814260171056,0.017590886538879382,-5.410843950017112e-06,-0.022902493449921374,0.02280054563458171,-1.4329094065203302e-05,-6.145307226209887e-05,6.268041433957712e-05,1.1232026602096284e-07,68.67014143066685,0.0001303726318608415,-0.0001162095229816776,-9.61313100017263e-06,5403.474467867878,5411.434800635256,5783.569456662124,5776.210236841121,0.0020926180860564164,0.0026720138506356322,0.03231700882953719,0
15.42200000000182,2.0,2.0,1.0,0.0,1.99848795982005,1.998478805620551,0.9999997494257626,-0.0018102087938733744,-0.0018107148991489293,-9.45408674170082e-06,0.0029359212508052396,0.002941146727738994,1.9398096356878917e-05,-0.017177876015057148,0.017147354116754873,-5.1409568023252515e-06,-0.02296282902360815,0.022862316946551695,-1.4225938500296642e-05,-4.5484814283715556e-05,4.675827045414573e-05,1.1101514107017566e-07,68.6701419482239,0.00012862999464192346,-0.00011466365529341358,-9.483907333612424e-06,5403.474767365921,5411.43513595236,5783.569809951274,5776.209370532174,0.002144830508137681,0.0025603971768404475,0.032403348978876825,0
15.442000000001826,2.0,2.0,1.0,0.0,1.9984526235969433,1.9984434630622954,0.9999995618262305,-0.0017312823093955146,-0.001731444917763758,-9.31867313183073e-06,0.002858974230647156,0.0028637904058880347,1.950390137980467e-05,-0.016726073369091918,0.016697942189648696,-4.874547698462766e-06,-0.02300500394072516,0.02290597940020839,-1.4117021139867269e-05,-2.9736158811768408e-05,3.105406519795442e-05,1.0978603946680048e-07,68.670142369561,0.00012682006248752645,-0.00011305766811046043,-9.349777088907523e-06,5403.475073733827,5411.435479925577,5783.570171721992,5776.2084659975735,0.0021948077736266168,0.0024485356390595483,0.032464042725837146,0
15.462000000001833,2.0,2.0,1.0,0.0,1.9984188672565983,1.9984097071994682,0.9999993769835642,-0.0016522420389503737,-0.0016520663826342192,-9.178857039931974e-06,0.0027810934579340398,0.002785503177991368,1.959538518325166e-05,-0.01626883376649805,0.01624307667337175,-4.612135833798812e-06,-0.023029275006801565,0.022931787890036536,-1.4002319646339151e-05,-1.4215248184079437e-05,1.557593420467201e-05,1.0862848378154018e-07,68.67014269544045,0.00012494522119904503,-0.00011139368504554764,-9.210916114608807e-06,5403.475386620658,5411.435832149789,5783.570541556278,5776.207524484048,0.002242545948655147,0.002336516924681172,0.03249945191425292,0
15.48200000000184,2.0,2.0,1.0,0.0,1.9983866924020501,1.9983775395286014,0.9999991949846938,-0.001573148998670738,-0.0015726404778640905,-9.034740673217336e-06,0.0027023513988900065,0.0027063577657150594,1.9672577351610392e-05,-0.015806581938958862,0.01578318080747836,-4.354215022203488e-06,-0.023035908171923004,0.02294000644821436,-1.3881837814695199e-05,1.0700704014754576e-06,3.31719303563985e-07,1.0753801336940817e-07,68.67014292666119,0.00012300786712738865,-0.00010967383928240501,-9.067500903681988e-06,5403.475705675543,5411.436192219038,5783.570919036027,5776.206547244965,0.002288042839394251,0.0022244274479457345,0.03250995128614146,0
15.502000000001846,2.0,2.0,1.0,0.0,1.9983560994261738,1.9983469603327795,0.9999990159144738,-0.0014940632762807517,-0.0014932274525260361,-8.88642907577397e-06,0.0026228200152917367,0.0026264263799838207,1.9735517271525536e-05,-0.015339739635080502,0.015318674885254874,-4.101252991165624e-06,-0.023025178191763217,0.022930907907172577,-1.3755604609838133e-05,1.6112246060048534e-05,-1.4671032663378533e-05,1.0651019572920845e-07,68.67014306405949,0.00012101040523881346,-0.00010790027185386293,-8.919708454820184e-06,5403.4760305479695,5411.436559726905,5783.571303743408,5776.205535539386,0.0023312979660384697,0.002112352306583797,0.03249592805233153,0
15.522000000001853,2.0,2.0,1.0,0.0,1.9983270875305807,1.9983179687006711,0.9999988398556268,-0.0014150440014476114,-0.0014138865909986247,-8.734030172396597e-06,0.00254257071933257,0.0025457806757582567,1.9784254337057815e-05,-0.01486872535627534,0.014849975990109005,-3.853690776269567e-06,-0.022997368287424467,0.022904773560934438,-1.3623673162300956e-05,3.090402515170294e-05,-2.9425070802379215e-05,1.055406373154757e-07,68.67014310850972,0.00011895524720745655,-0.00010607512993298068,-8.767716135877601e-06,5403.476360888136,5411.436934266915,5783.571695261246,5776.204490631133,0.0023723125359436403,0.00200037524017911,0.03245778137284825,0
15.54200000000186,2.0,2.0,1.0,0.0,1.9982996547450949,1.9982905625461351,0.9999986668886843,-0.0013361493173034715,-0.0013346761844777945,-8.577654797929158e-06,0.0024616743295978144,0.0024644917079329007,1.9818848126741417e-05,-0.014393954099191518,0.014377497738449065,-3.6119422137023307e-06,-0.02295276980435314,0.02286189282551532,-1.3486119726417856e-05,4.543845198669627e-05,-4.39234408782855e-05,1.0462499421813016e-07,68.67014306092491,0.00011684480952842043,-0.00010420056515631019,-8.611701549255494e-06,5403.476696347251,5411.437315432914,5783.57209317339,5776.20341378786,0.0024110894159570756,0.0018885785902907426,0.032395921925102406,0
15.562000000001866,2.0,2.0,1.0,0.0,1.9982737979477847,1.998264738628388,0.9999984970919292,-0.0012574363531391002,-0.0012556535036659861,-8.41741671596095e-06,0.002380201028168258,0.0023826298883653603,1.9839368560878578e-05,-0.013915837104748833,0.013901650029152385,-3.376393529205075e-06,-0.02289168187059766,0.022802562898644137,-1.334304260517272e-05,5.970886929120093e-05,-5.8159485809615514e-05,1.037589819825292e-07,68.6701429222574,0.00011468151166185046,-0.00010227873196217623,-8.451842399555032e-06,5403.477036577854,5411.4377028194285,5783.572497065086,5776.20230628015,0.0024476331039625944,0.001777043262379562,0.03231077135648081,0
15.582000000001873,2.0,2.0,1.0,0.0,1.998249512885532,1.998240492572702,0.9999983305413368,-0.0011789611982719703,-0.001176874772640145,-8.253432624524e-06,0.0022982203188624726,0.0023002649440536146,1.9845896031237774e-05,-0.013434781613880528,0.013422838799684748,-3.147403021654348e-06,-0.022814411054672815,0.022727088419064304,-1.3194561045955875e-05,7.370891845128788e-05,-7.212684592749414e-05,1.0293838524233689e-07,68.67014269349934,0.0001124677742001849,-0.0001003117859565286,-8.288316363321095e-06,5403.477381234113,5411.438096022051,5783.572906523323,5776.201169380609,0.0024819496996771892,0.0016658486896047194,0.03220276187847597,0
15.60200000000188,2.0,2.0,1.0,0.0,1.9982267941951053,1.9982178188916164,0.9999981673105163,-0.0011007788770891831,-0.001098395143899664,-8.085822150050552e-06,0.0022158009866353277,0.0022174658764711024,1.9838521509227772e-05,-0.012951190630037104,0.012941465788972477,-2.9253008392400254e-06,-0.022721271023287637,0.022635781125681258,-1.3040814111279118e-05,8.743253953199924e-05,-8.581945901580555e-05,1.021590668516305e-07,68.67014237568327,0.00011020601706459765,-9.83018823041563e-05,-8.121300961090011e-06,5403.47772997212,5411.438494637794,5783.573321137191,5776.200004362981,0.002514046874730527,0.001555072798587876,0.03207233569758392,0
15.622000000001886,2.0,2.0,1.0,0.0,1.9982056354247228,1.9981967110066308,0.999998007470652,-0.0010229433252655863,-0.0010202686745943014,-7.914707828978114e-06,0.002133011058141401,0.00213430092207619,1.9817346629016946e-05,-0.012465462688549166,0.012457928307078028,-2.710388845999246e-06,-0.022612582199191277,0.022528959516799524,-1.2881959528487284e-05,0.00010087397107242705,-9.923156012681957e-05,1.0141697632693842e-07,68.67014196988238,0.0001078986577310605,-9.625117414341137e-05,-7.950973431690055e-06,5403.47808245018,5411.438898265444,5783.573740498214,5776.198812501277,0.0025439338420622072,0.0014447919772977167,0.03191994462040798,0
15.642000000001893,2.0,2.0,1.0,0.0,1.998186029056078,1.9981771612703618,0.9999978510904464,-0.0009455073671558267,-0.0009425483039309021,-7.740215077178419e-06,0.0020499177634744053,0.0020508375140020282,1.9782483743955362e-05,-0.011977991632884323,0.011972619011743933,-2.502940576262868e-06,-0.02248867141938952,0.02240694850970892,-1.2718172522573902e-05,0.00011402774966753608,-0.00011235768118745805,1.0070815800391333e-07,68.67014147721095,0.00010554810948427519,-9.416181102697843e-05,-7.777510608862716e-06,5403.478438329095,5411.439306505902,5783.574164200681,5776.1975950689,0.00257162132466552,0.0013350810452996496,0.03174604948197742,0
15.6620000000019,2.0,2.0,1.0,0.0,1.998167966526803,1.9981591609891416,0.9999976982360614,-0.0008685226943592637,-0.0008652858317573814,-7.5624721491255605e-06,0.001966587499093976,0.0019671422449399,1.97340559621439e-05,-0.011489166397874553,0.01148592569187133,-2.303201274402276e-06,-0.022349871593976733,0.022270079100858528,-1.2549644635947864e-05,0.00012688870933357573,-0.00012519265038310164,1.000287584950707e-07,68.67014089882471,0.0001031567797040869,-9.203593739315959e-05,-7.601088800273662e-06,5403.478797272429,5411.439718962537,5783.574591841979,5776.196353337811,0.0025971215237122467,0.0012260132267810754,0.03155111976029546,0
15.682000000001906,2.0,2.0,1.0,0.0,1.9981514382533483,1.9981427004460288,0.9999975489710641,-0.000792039845454589,-0.0007885318983211694,-7.3816100838036835e-06,0.0018830857919475326,0.001883280831221989,1.9672197152165494e-05,-0.01099937079994883,0.010998231057978248,-2.1113880170845494e-06,-0.02219652136582618,0.02211868802686775,-1.2376582538987454e-05,0.00013945198066619632,-0.0001377315913393867,9.937503380140778e-08,68.6701402359209,0.00010072706818146266,-8.987569106244973e-05,-7.421883668936927e-06,5403.479158946775,5411.4401352414925,5783.575023022889,5776.195088577685,0.002620448086092991,0.0011176601270624024,0.031335633012697546,0
15.702000000001913,2.0,2.0,1.0,0.0,1.998136433654256,1.9981277689242107,0.9999974033563703,-0.0007161081869010954,-0.0007123359651987433,-7.197762640841957e-06,0.0017994772647947188,0.0017993180781152702,1.959705192857759e-05,-0.010508983334439037,0.010509912539681268,-1.9276899150987333e-06,-0.022028964771375215,0.021953117426602112,-1.219920683512333e-05,0.00015171298979299607,-0.0001499699220980273,9.874335582332867e-08,68.67013948973845,9.826136546579614e-05,-8.768320176017482e-05,-7.240070116998368e-06,5403.479523022019,5411.440554952032,5783.575457347903,5776.1938020550815,0.0026416160714038137,0.0010100917138801968,0.031100074430990512,0
15.72200000000192,2.0,2.0,1.0,0.0,1.9981229411738006,1.998114354730778,0.9999972614501911,-0.0006407758951024676,-0.0006367462973921454,-7.011066225296021e-06,0.0017158256027416017,0.0017153178463278286,1.950877561246148e-05,-0.010018376979967053,0.010021342090242679,-1.752268391664431e-06,-0.021847550902739772,0.021773714504552795,-1.2017750864136335e-05,0.00016366745712040334,-0.0001619033538895702,9.813021820724174e-08,68.6701386615581,9.57620512480029e-05,-8.546058967271253e-05,-7.05582217212431e-06,5403.479889171574,5411.440977706832,5783.5758944255085,5776.19249503265,0.002660641918411273,0.0009033763058861964,0.03084493639188831,0
15.742000000001926,2.0,2.0,1.0,0.0,1.9981109483059776,1.9981024452208402,0.9999971233079816,-0.0005660899396281173,-0.0005618099465870719,-6.821659802254711e-06,0.001632193520991259,0.001631343019738371,1.940753416357873e-05,-0.009527919009975704,0.009532885998221732,-1.5852575340184454e-06,-0.02165263357138731,0.021580831195748836,-1.1832459507222946e-05,0.00017531139588906176,-0.00017352788970768137,9.753224195033031e-08,68.67013775270225,9.323149277391037e-05,-8.320996403268922e-05,-6.869312876291742e-06,5403.480257072632,5411.441403122292,5783.576333868481,5776.191168768315,0.0026775434110314646,0.0007975805732807136,0.030570717908672555,0
15.762000000001933,2.0,2.0,1.0,0.0,1.9981004416188126,1.9980920268219673,0.9999969889823904,-0.000492096067586219,-0.00048757273556715295,-6.629684801272454e-06,0.0015486427338132225,0.0015474554743500984,1.9293504094706834e-05,-0.00903797081141035,0.009044904706244415,-1.4267645149474818e-06,-0.021444570973590177,0.021374823832421085,-1.1643587997169848e-05,0.00018664111052933333,-0.00018483982269204297,9.694618015152259e-08,68.67013676453492,9.067204329348917e-05,-8.093342173155733e-05,-6.680714177194666e-06,5403.480626406384,5411.441830818831,5783.576775294152,5776.1898245145085,0.0026923396438522577,0.0006927695611982542,0.030277924244109602,0
15.78200000000194,2.0,2.0,1.0,0.0,1.9980914067789735,1.9980830850589262,0.999996858523211,-0.000418838789141877,-0.00041407924377738465,-6.43528501092902e-06,0.0014652339247379093,0.0014637160484750416,1.916687235913898e-05,-0.00854888771058683,0.008557752636927556,-1.2768700808452342e-06,-0.021223725357880474,0.021156052812639145,-1.1451400737048501e-05,0.00019765319483377585,-0.00019583573432629264,9.63689225408239e-08,68.6701356984616,8.808604054365468e-05,-7.863304596520852e-05,-6.490196822149694e-06,5403.480996858247,5411.442260421165,5783.577218324671,5776.188463517399,0.0027050509872342423,0.0005890067608357788,0.029967066393308574,0
15.802000000001946,2.0,2.0,1.0,0.0,1.9980838285766558,1.998075604578698,0.9999967319773363,-0.0003463613641735588,-0.0003413727940297586,-6.238606464585807e-06,0.0013820267179779403,0.0013801845141493282,1.9027836215286203e-05,-0.008061018806248425,0.008071778025968406,-1.1356291027757074e-06,-0.02099046269471786,0.020924882271133177,-1.1256170130481008e-05,0.00020834452994023735,-0.00020651249244497968,9.57974992441831e-08,68.67013455592884,8.547580526647002e-05,-7.631090491093234e-05,-6.297930254611048e-06,5403.481368118075,5411.442691558586,5783.57766258727,5776.187087016127,0.00271569905201977,0.00048635429401463353,0.02963866060211197,0
15.822000000001953,2.0,2.0,1.0,0.0,1.998077690950726,1.9980695691757446,0.9999966093887155,-0.00027470579005952066,-0.00026949544034279757,-6.039797317187874e-06,0.0012990796510777792,0.0012969195497835912,1.887660306936816e-05,-0.00757470680983632,0.007587322762407917,-1.0030711869548764e-06,-0.020745152348582232,0.02068167975251082,-1.1058175426640735e-05,0.00021871228213639663,-0.00021686724906257775,9.522908417255559e-08,68.67013333842395,8.284363976362579e-05,-7.396905043518502e-05,-6.104082513334979e-06,5403.481739880353,5411.443123865223,5783.578107714491,5776.1856962420825,0.0027243066538847243,0.00038487341114893417,0.029293227963588582,0
15.84200000000196,2.0,2.0,1.0,0.0,1.9980729770140955,1.998064961817508,0.9999964907983118,-0.00020391279058552158,-0.00019848795690634148,-5.839007713392236e-06,0.001216450148792846,0.0012139787140473712,1.8713390298191338e-05,-0.007090287892967034,0.007104722236074609,-8.792013409971707e-07,-0.020488166752693958,0.020426815887073537,-1.0857701582827356e-05,0.00022875390048686384,-0.00022689743802966342,9.466099779633271e-08,68.67013204747458,8.019182648744568e-05,-7.160951683465813e-05,-5.908820134154904e-06,5403.482111844419,5411.443556980298,5783.578553344431,5776.184292418163,0.0027308977773624413,0.00028462605153482617,0.02893129388855566,0
15.862000000001967,2.0,2.0,1.0,0.0,1.9980696690793034,1.9980617646701184,0.9999963762440658,-0.00013402180596473113,-0.0001283898281619428,-5.636389648296153e-06,0.001134194498198902,0.0011314184209886271,1.853842504554867e-05,-0.006608091542123087,0.006624305192213567,-7.640006922269298e-07,-0.020219881086560112,0.02016066406942799,-1.0655038147361433e-05,0.00023846711429223154,-0.000236600772513439,9.409070955581739e-08,68.67013068464809,7.752262666644845e-05,-6.923431961037343e-05,-5.71230805436661e-06,5403.482483714605,5411.443990548369,5783.578999120961,5776.18287675808,0.0027354975395722145,0.00018568134353717032,0.028553387711179,0
15.882000000001973,2.0,2.0,1.0,0.0,1.9980677486842886,1.9980599591242894,0.9999962657608581,-6.507098395950724e-05,-5.923923998903372e-05,-5.432096820257578e-06,0.0010523678250298418,0.0010492939163860107,1.835194400499478e-05,-0.00612844042054338,0.006146393593289737,-6.574272543143997e-07,-0.019940672956540787,0.01988360014008857,-1.0450478165451573e-05,0.0002478499303762176,-0.00024597524231492746,9.351583962917785e-08,68.67012925155102,7.483827897062181e-05,-6.68454542724669e-05,-5.514709519874633e-06,5403.48285520046,5411.444424219558,5783.57944469394,5776.181450465651,0.0027381321536840636,8.81647785898736e-05,0.028160042200627528,0
15.90200000000198,2.0,2.0,1.0,0.0,1.9980671966183243,1.9980595258213718,0.9999961593804791,2.9028279054183727e-06,8.92692801421072e-06,-5.2262844773211176e-06,0.0009710240712429779,0.0009676592553353815,1.8154193175400117e-05,-0.005651650237321765,0.005671302487960127,-5.594167384754735e-07,-0.019650922079625713,0.01959600207025861,-1.0244317110545144e-05,0.00025690063021315923,-0.0002550191110210685,9.293416022437597e-08,68.67012774982831,7.214099821379356e-05,-6.444489518270353e-05,-5.316185994962968e-06,5403.483226016881,5411.444857649784,5783.579889719406,5776.180014734132,0.0027388288921540876,1.0743858853189734e-05,0.027751793106239656,0
15.922000000001987,2.0,2.0,1.0,0.0,1.9980679929480996,1.998060444679558,0.9999960571315982,6.986408905000746e-05,7.607310916668917e-05,-5.019109256822843e-06,0.0008902159738083963,0.0008865672810631354,1.7945427602889558e-05,-0.005178029623670486,0.00519933988719496,-4.69883405454414e-07,-0.019351009970601296,0.019298249649972087,-1.0036851843383224e-05,0.00026561776689886256,-0.0002637309130053316,9.234359655781855e-08,68.67012618116253,6.943297409222372e-05,-6.203459442487611e-05,-5.11689707478576e-06,5403.48359588429,5411.445290500973,5783.580333859789,5776.178570745541,0.002737616049751881,0.00010340841520304962,0.027329178771768138,0
15.942000000001993,2.0,2.0,1.0,0.0,1.998070117043923,1.998062694920201,0.9999959590397381,0.0001357785714775833,0.00014216505526882538,-4.810729019526374e-06,0.0008099950447178587,0.0008060696049659448,1.772591110244449e-05,-0.004707880016346108,0.004730806647521341,-3.8872095451280007e-07,-0.01904131963278737,0.018990724179772846,-9.828379600985571e-06,0.00027400016196660874,-0.0002721094502650519,9.174222716353275e-08,68.67012454727295,6.671636996293109e-05,-5.961648071623343e-05,-4.917000400535974e-06,5403.483964528769,5411.445722441252,5783.580776784061,5776.177119670021,0.0027345229064192392,0.0001966465522855173,0.02689273962950899,0
15.962000000002,2.0,2.0,1.0,0.0,1.998073547606024,1.998066255094236,0.9999958651272531,0.00020061336435840262,0.00020716984110836028,-4.601302678267343e-06,0.0007304115522133414,0.000726216587871365,1.7495915961304957e-05,-0.004241495548205516,0.0042659963613899425,-3.1580344565693436e-07,-0.018722235252516192,0.018673808166107524,-9.619197017554242e-06,0.00028204690205443895,-0.00028015378912072796,9.112828387394528e-08,68.67012284991466,6.399332166079744e-05,-5.7192458348041796e-05,-4.716651577435761e-06,5403.484331682213,5411.446153145143,5783.5812181679385,5776.175662665206,0.0027295796899882135,0.00028842024375968735,0.026443017829481462,0
15.982000000002007,2.0,2.0,1.0,0.0,1.9980782626909388,1.9980711031086806,0.9999957754133086,0.00026433687757077316,0.00027105586792084156,-4.390990021755661e-06,0.0006515145032236698,0.0006470573225148067,1.7255722627517398e-05,-0.003779162945865746,0.003805195254597337,-2.5098625135134064e-07,-0.01839414189752028,0.018347885020595305,-9.409599179170182e-06,0.0002897573354315874,-0.00028786325676835757,9.050015134526637e-08,68.67012109087744,6.126593635304693e-05,-5.4764406162484524e-05,-4.516004095329763e-06,5403.484697082451,5411.446582293756,5783.581657694013,5776.1742008755955,0.0027228175387844123,0.00037863511349524597,0.025980556760877467,0
16.00000000000201,2.0,2.0,1.0,0.0,1.998083585900265,1.9980765486674599,0.9999956982737696,0.00032071285238335895,0.0003275717075380192,-4.201083460004066e-06,0.0005811335432180759,0.0005764466817992593,1.7031067279254528e-05,-0.0033667588850009177,0.003394132660577061,-1.9944272327648807e-07,-0.018091473938349256,0.0180471704766694,-9.22084800372909e-06,0.0002964088525576284,-0.0002945151140870106,8.992148764131021e-08,68.67011945651484,5.88092990353932e-05,-5.257724527611875e-05,-4.3352911021967115e-06,5403.485024231868,5411.446966939609,5783.5820514224015,5776.17288210883,0.002715202853409293,0.0004584513129717066,0.02555389952613079,0
