time,target_x,target_y,target_z,target_yaw_deg,x,y,z,vx,vy,vz,desired_ax,desired_ay,desired_az,desired_roll_deg,desired_pitch_deg,desired_yaw_deg,roll_deg,pitch_deg,yaw_deg,wx,wy,wz,Fz,Tx,Ty,Tz,rpm1,rpm2,rpm3,rpm4,position_error_norm,speed_norm,tilt_deg,allocator_saturated
0.002,0.0,0.0,1.0,0.0,-2.8934450268103295e-21,9.011160570596688e-22,1.0,-1.4467225134051648e-18,4.505580285298344e-19,6.067135997116186e-19,0.0,0.0,0.0,0.0,0.0,0.0,4.836496603675076e-18,0.0,0.0,1.2946582387745944e-17,4.0157998269138925e-17,1.0492655553818155e-18,68.67,0.0,0.0,0.0,5403.489759977534,5411.453029202406,5783.588075757559,5776.137873091601,3.030517162377437e-21,1.632210145765881e-18,0.0,0
0.022000000000000006,0.0,0.0,1.0,0.0,-1.9096733428147313e-19,5.709912904383764e-20,1.0,-1.5913945416970474e-17,4.59141285484044e-18,6.67384949412025e-18,1.7440237875149953e-17,-5.102401586985109e-18,-1.2134271840171186e-17,2.9800823273710516e-17,1.0186055290013242e-16,5.297996399274376e-35,3.1920561192751675e-16,0.0,0.0,1.4240193024779857e-16,4.417379179330363e-16,1.1541425588164828e-17,68.67,-8.574354516957902e-17,-2.2936813716991674e-16,-9.773057529618885e-19,5403.489759977534,5411.453029202406,5783.588075757559,5776.137873091601,1.99320930411577e-19,1.785707136705453e-17,0.0,0
0.04200000000000002,0.0,0.0,1.0,0.0,-6.683857365667727e-19,1.788164180292225e-19,1.0,-3.0381173257992857e-17,6.911301565523751e-18,1.2740985615884738e-17,3.502515138231308e-17,-8.252543917352268e-18,-2.426854393977476e-17,4.819938192769054e-17,2.04566090827048e-16,1.7208875112653277e-34,1.1172252610279184e-15,0.0,0.0,2.718804680666305e-16,8.433179771160737e-16,2.2034682517977797e-17,68.67,-1.7985411935411084e-16,-4.586785374779041e-16,-1.3372574946538222e-18,5403.489759977534,5411.453029202406,5783.588075757559,5776.137873091601,6.918921911704951e-19,3.366176603100279e-17,0.0,0
0.06200000000000004,0.0,0.0,1.0,0.0,-1.4279736015095496e-18,3.163298135415609e-19,1.0,-4.3629214325826725e-17,6.588624348496587e-18,1.8777732343160538e-17,5.166909006097946e-17,-8.181314871072617e-18,-3.635781325652813e-17,4.778336523752071e-17,3.017758197528514e-16,2.5167410824405024e-34,1.6612667399843917e-15,1.0117118808150309e-15,2.645284247102168e-17,4.013469285881663e-16,1.2428899975957016e-15,3.252758058134583e-17,68.67,-2.716700168154374e-16,-7.003393626282561e-16,-2.0627366907243136e-18,5403.489759977534,5411.453029202406,5783.588075757559,5776.137873091601,1.4625912475956475e-18,4.7953326740132463e-17,0.0,0
0.08200000000000006,0.0,0.0,1.0,0.0,-2.4021955183721303e-18,4.247012940627137e-19,1.0,-5.224610163678787e-17,3.443719281347014e-18,2.4874461896422648e-17,6.319916420671615e-17,-4.679852225615025e-18,-4.858082271565884e-17,2.7332903289770237e-17,3.691177755146884e-16,1.7608732347160871e-34,2.195164817770257e-15,2.6862455372414822e-15,6.998017160418803e-17,4.976640677544538e-16,1.6462474086339723e-15,4.145207711810308e-17,68.67,-3.4110308914272123e-16,-9.56463060589572e-16,-3.508682088146881e-18,5403.489759977534,5411.453029202406,5783.588075757559,5776.137873091601,2.439449630073491e-18,5.796769094389452e-17,0.0,0
0.10200000000000008,0.0,0.0,1.0,0.0,-3.4982642935839335e-18,3.9332070982604924e-19,1.0,-5.60595175363602e-17,-6.274497638606586e-18,3.168481120985539e-17,6.858487925629702e-17,5.356798998907999e-18,-6.177392525702504e-17,-3.128664366333668e-17,4.0057330477065937e-16,-2.1873503343371426e-34,2.7483583849523168e-15,4.851610107896524e-15,1.1942320201574274e-16,4.615495006940194e-16,2.0960461517901133e-15,4.4107488849867004e-17,68.67,-3.476890601707355e-16,-1.2389476417928311e-15,-6.344051356156653e-18,5403.489759977533,5411.453029202407,5783.588075757559,5776.137873091601,3.5203059879138865e-18,6.469904240736901e-17,0.0,0
0.1220000000000001,0.0,0.0,1.0,0.0,-4.578957685316135e-18,1.6329027443991805e-19,1.0,-5.015757853737641e-17,-1.6698279979580293e-17,3.785811755789488e-17,6.426285681123177e-17,1.774257655521626e-17,-7.4914788619443e-17,-1.036263765852859e-16,3.7533032362253987e-16,-6.788304791403677e-34,3.286755611958289e-15,7.52557044079082e-15,1.7316747175329474e-16,4.584010131768247e-16,2.503929373999101e-15,4.832666783737969e-17,68.67,-3.5415533460818947e-16,-1.5290375654444945e-15,-9.223001719433219e-18,5403.489759977533,5411.453029202407,5783.588075757559,5776.137873091601,4.581868308631574e-18,6.502193709846641e-17,0.0,0
0.1420000000000001,0.0,0.0,1.0,0.0,-5.365385134563575e-18,-3.027255376672582e-19,1.0,-2.832323966073708e-17,-2.8974119622760457e-17,4.143969475019961e-17,4.017929694437062e-17,3.388228661208718e-17,-8.241172802236359e-17,-1.9789113385578064e-16,2.3466912729004293e-16,-8.10512398557554e-34,3.809502255736799e-15,1.0554188509987285e-14,2.31188857186959e-16,4.54293315069229e-16,2.7405594010754543e-15,5.2518589650278975e-17,68.67,-3.3932275091129656e-16,-1.7190949629181923e-15,-1.2615687068684017e-17,5403.489759977534,5411.453029202406,5783.588075757559,5776.137873091601,5.373918532444618e-18,5.795648206873243e-17,0.0,0
0.16200000000000012,0.0,0.0,1.0,0.0,-5.538556281288569e-18,-1.0495453261363527e-18,1.0,1.1126279124334361e-17,-4.497507819453891e-17,4.2123998047941265e-17,-4.56447128905649e-18,5.229884107933533e-17,-8.458540096560687e-17,-3.0545391103683277e-16,-2.6659015348784434e-17,1.4212391509252174e-34,4.301662772308718e-15,1.3758725562872478e-14,2.922943041716246e-16,3.937335589924785e-16,2.785449501866635e-15,5.229604540148389e-17,68.67,-3.242591549350919e-16,-1.81263105492874e-15,-1.5131001307263312e-17,5403.489759977533,5411.453029202406,5783.588075757559,5776.137873091602,5.6371225880422115e-18,6.2617752732755e-17,0.0,0
0.18200000000000013,0.0,0.0,1.0,0.0,-4.7313943437073296e-18,-2.152533230765839e-18,1.0,6.472736459920404e-17,-6.3671839925951e-17,4.1445896400839924e-17,-6.852696558604941e-17,7.510595062579085e-17,-8.281972318366915e-17,-4.386599375306585e-16,-4.002350571782739e-16,3.0642236945098895e-33,4.693267108815389e-15,1.69017556107597e-14,3.4940807203208503e-16,2.993642591269196e-16,2.7401374284002793e-15,4.78370616720381e-17,68.67,-2.723971445257732e-16,-1.8321306951209548e-15,-1.632676961728279e-17,5403.489759977533,5411.453029202406,5783.588075757559,5776.137873091602,5.198027678381189e-18,9.980730061465131e-17,0.0,0
0.20200000000000015,0.0,0.0,1.0,0.0,-2.770893830172296e-18,-3.64280011819397e-18,1.0,1.269883902128384e-16,-8.35324416936164e-17,4.164923687292401e-17,-1.42782824669025e-16,9.954262976484398e-17,-8.328354105684683e-17,-5.813835440528936e-16,-8.33929993933899e-16,8.461935233023516e-33,4.9770337412234645e-15,2.0051656651542e-14,4.0142026536321974e-16,2.0530065564239868e-16,2.7530681282034106e-15,4.338637700742047e-17,68.67,-2.1887024250420352e-16,-1.8949870665455144e-15,-1.7597195640376293e-17,5403.489759977533,5411.453029202406,5783.588075757559,5776.137873091602,4.5768816151612326e-18,1.57601963808331e-16,0.0,0
0.22200000000000017,0.0,0.0,1.0,0.0,5.511489484689483e-19,-5.5397399374897694e-18,1.0,1.9974313408205347e-16,-1.0419817008003595e-16,4.198603907594962e-17,-2.304269461729545e-16,1.251922391986559e-16,-8.392128396151221e-17,-7.31191328631524e-16,-1.3458197249539746e-15,1.717494239803336e-32,5.153027390328908e-15,2.3220353574653717e-14,4.48332684158236e-16,1.1125089858342777e-16,2.774817362607889e-15,3.89354144994945e-17,68.67,-1.6362635782524173e-16,-1.962610969180897e-15,-1.894858383791185e-17,5403.489759977533,5411.453029202406,5783.588075757559,5776.137873091602,5.5670893416953155e-18,2.291667640349195e-16,0.0,0
0.2420000000000002,0.0,0.0,1.0,0.0,5.45321501004188e-18,-7.855418238865096e-18,1.0,2.8395546976837817e-16,-1.2530142391521486e-16,4.208114215945017e-17,-3.3245745280344185e-16,1.5162047350610467e-16,-8.416928154209171e-17,-8.855467094469839e-16,-1.9417338341801197e-15,3.001086680542445e-32,5.221227846767953e-15,2.6405507663183078e-14,4.901446198726077e-16,1.7174726037939844e-17,2.780596228627044e-15,3.4484891800944754e-17,68.67,-1.0665411080153125e-16,-2.024368766993567e-15,-2.0384248815504067e-17,5403.489759977533,5411.453029202406,5783.588075757559,5776.137873091602,9.562695731499589e-18,3.1321235315996807e-16,0.0,0
0.2620000000000002,0.0,0.0,1.0,0.0,1.2154982760968206e-17,-1.0594497087274526e-17,1.0,3.7867099397297017e-16,-1.4647056688436002e-16,4.235336295833414e-17,-4.481088961492857e-16,1.7838411833658043e-16,-8.467842297991926e-17,-1.0418610716461057e-15,-2.6172016831417104e-15,4.7590949516437135e-32,5.181649682660284e-15,2.96046674060363e-14,5.268570210970709e-16,-7.685781820378867e-17,2.7980783505836658e-15,3.0035194840054544e-17,68.67,-4.788074322340268e-17,-2.0924980110168046e-15,-2.1907088304948758e-17,5403.489759977533,5411.453029202406,5783.588075757559,5776.137873091602,1.612411158643175e-17,4.0821459551782737e-16,0.0,0
0.2820000000000002,0.0,0.0,1.0,0.0,2.087778617758658e-17,-1.3719250978939132e-17,1.0,4.846843205844825e-16,-1.615114671299192e-16,4.247639679939727e-17,-5.783204046628139e-16,1.9942636417340345e-16,-8.488874766013823e-17,-1.1647593262767567e-15,-3.3777082969905336e-15,6.866504433304388e-32,5.091254122889692e-15,3.281421837639238e-14,5.6116460176581395e-16,-5.149746784992512e-18,2.8065927588208644e-15,3.342616867041811e-17,68.67,-7.268822532221777e-17,-2.156353962300156e-15,-2.1635465233838358e-17,5403.489759977533,5411.453029202406,5783.588075757559,5776.137873091602,2.4981989574494412e-17,5.126490894558968e-16,0.0,0
0.3020000000000002,0.0,0.0,1.0,0.0,3.18385074068691e-17,-1.715439035782231e-17,1.0,6.015447833027471e-16,-1.810865271422208e-16,4.267959456400464e-17,-7.22633247287689e-16,2.2321747387880266e-16,-8.526096639346131e-17,-1.30371245329532e-15,-4.22057443480307e-15,9.603526642754298e-32,5.064036953460568e-15,3.603893303562854e-14,5.984589891766629e-16,-6.610301371578559e-17,2.8196917840195184e-15,3.054162329545315e-17,68.67,-5.638687485340998e-17,-2.224770926759882e-15,-2.2226730032737755e-17,5403.489759977533,5411.453029202406,5783.588075757559,5776.137873091602,3.616578026872648e-17,6.296586411884832e-16,0.0,0
0.32200000000000023,0.0,0.0,1.0,0.0,4.5228119243341386e-17,-2.1002031020363503e-17,1.0,7.280008500288502e-16,-2.0156385502375412e-16,4.352130335964026e-17,-8.784490627095015e-16,2.4973897395130387e-16,-8.775050590305565e-17,-1.458612557322866e-15,-5.130624241638881e-15,1.3061333678252607e-31,4.9292576213463446e-15,3.932662179680773e-14,6.306589010848321e-16,-1.599476729733714e-16,2.874803733305159e-15,2.6096833153210712e-17,68.67,4.059911719790201e-18,-2.3354141552695745e-15,-2.3828661822899254e-17,5403.489759977533,5411.453029202406,5783.588075757559,5776.137873091602,4.9866502557029385e-17,7.566421407382008e-16,0.0,0
0.34200000000000025,0.0,0.0,1.0,0.0,6.140040012991891e-17,-2.5253596618022394e-17,1.0,8.760820347226289e-16,-2.2146781782928058e-16,3.996149178558413e-17,-1.0628326976428736e-15,2.7582521419748915e-16,-8.05951045949737e-17,-1.610970505281146e-15,-6.2075257801672354e-15,1.745353851122389e-31,4.685851706499008e-15,4.2470416756567876e-14,6.577358709922058e-16,-2.553357001634994e-16,2.639077717018912e-15,2.1609803799039103e-17,68.67,6.635692589419379e-17,-2.2633269401299922e-15,-2.553792056631102e-17,5403.489759977533,5411.453029202406,5783.588075757559,5776.137873091602,6.639091261806797e-17,9.045245418027828e-16,0.0,0
0.36200000000000027,0.0,0.0,1.0,0.0,8.058686336573294e-17,-2.989251952883697e-17,1.0,1.0306280112266749e-15,-2.40350032384529e-16,3.808400199719071e-17,-1.2564208324703424e-15,3.0092429375279176e-16,-7.689436898069547e-17,-1.7575628934750226e-15,-7.338186645551894e-15,2.2510077815890637e-31,4.333656995591228e-15,4.5445146980518923e-14,6.796848885189279e-16,-3.5015035004636024e-16,2.514513893370199e-15,1.7138137486315386e-17,68.67,1.3059493896056082e-16,-2.2550776243275193e-15,-2.733993947727505e-17,5403.489759977533,5411.453029202406,5783.588075757559,5776.137873091602,8.595234302163734e-17,1.0589677175440322e-15,0.0,0
0.3820000000000003,0.0,0.0,1.0,0.0,1.0298500370495772e-16,-3.489464927968165e-17,1.0,1.1942708507625122e-15,-2.5785425484822273e-16,3.655035992448898e-17,-1.4625928811853008e-15,3.245972095602419e-16,-7.38783819193702e-17,-1.895825703315535e-15,-8.54234446868469e-15,2.8265251555936978e-31,3.872717965960343e-15,4.8260092129418024e-14,6.965070759227462e-16,-4.448455317815754e-16,2.412670388089675e-15,1.2669718875160372e-17,68.67,1.9679751040272783e-16,-2.2585321655291056e-15,-2.9241568521664485e-17,5403.489759977533,5411.453029202406,5783.588075757559,5776.137873091602,1.08736137215105e-16,1.2223369464001964e-15,0.0,0
0.4020000000000003,0.0,0.0,1.0,0.0,1.2878747883710026e-16,-4.022841566568912e-17,1.0,1.3686964698202478e-15,-2.736199812526747e-16,3.44407029862519e-17,-1.6835968007219767e-15,3.4639708202938743e-16,-6.961422467820446e-17,-2.023148912938927e-15,-9.833128550774432e-15,3.472137652607668e-31,3.3030372859355695e-15,5.091535042719792e-14,7.082025490289089e-16,-5.397479865452999e-16,2.2727656896938435e-15,8.195521996940333e-18,68.67,2.650162274033611e-16,-2.2372026627061957e-15,-3.124909671647976e-17,5403.489759977533,5411.453029202406,5783.588075757559,5776.137873091602,1.349242014324636e-16,1.3962034531762588e-15,0.0,0
0.4220000000000003,0.0,0.0,1.0,0.0,1.581900760621882e-16,-4.58363574863386e-17,1.0,1.5540657033129007e-15,-2.861430865564619e-16,3.144392764235613e-17,-1.9195986006208226e-15,3.644799933249234e-16,-6.357265564847622e-17,-2.128763031037159e-15,-1.1211508478572072e-14,4.1655153266384e-31,2.6549007712770598e-15,5.338896239007992e-14,7.162061846428277e-16,-6.017791028762808e-16,2.074421271244088e-15,5.282358885421001e-18,68.67,3.1363060646955367e-16,-2.1807198563134705e-15,-3.2880505931187454e-17,5403.489759977533,5411.453029202406,5783.588075757559,5776.137873091602,1.6469690899399513e-16,1.5805020711100184e-15,0.0,0
0.44200000000000034,0.0,0.0,1.0,0.0,1.9139780688905946e-16,-5.168810383238732e-17,1.0,1.7485129276950097e-15,-2.9747756168173697e-16,2.804515762882654e-17,-2.1684904061704927e-15,3.813002277942392e-16,-5.672282124116739e-17,-2.2270024240557383e-15,-1.2665173107867366e-14,4.922765944019673e-31,1.9052137212706622e-15,5.56238977214616e-14,7.194316092677075e-16,-6.97134896671437e-16,1.8493362206323703e-15,7.95728642108993e-19,68.67,3.8535560440409986e-16,-2.1064555068872617e-15,-3.507745851173019e-17,5403.489759977533,5411.453029202406,5783.588075757559,5776.137873091602,1.9825433301627823e-16,1.7738593204893988e-15,0.0,0
0.46200000000000035,0.0,0.0,1.0,0.0,2.28576856766988e-16,-5.77370774209097e-17,1.0,1.950225899086873e-15,-3.060766277678676e-16,2.4640849855283423e-17,-2.4280596415880006e-15,3.949832985184123e-16,-4.9950520382049104e-17,-2.3069190604751197e-15,-1.4181199782776736e-14,5.709823717787713e-31,1.0462380075873087e-15,5.759911321239734e-14,7.175150263921886e-16,-7.924958793232735e-16,1.623885235650567e-15,-3.691108332788505e-18,68.67,4.592132880014558e-16,-2.0307023001482384e-15,-3.738761894288826e-17,5403.489759977533,5411.453029202406,5783.588075757559,5776.137873091602,2.357561230563997e-16,1.9742520434373475e-15,0.0,0
0.4820000000000004,0.0,0.0,1.0,0.0,2.6986063804931293e-16,-6.392442622252467e-17,1.0,2.158377293582626e-15,-3.115658788435001e-16,2.1207734248312866e-17,-2.6975129478916692e-15,4.050515603581276e-16,-4.311594957585084e-17,-2.3657232307552735e-15,-1.5754954851792638e-14,6.505167223333802e-31,7.801252339719737e-17,5.931763930022496e-14,7.10457955158502e-16,-8.878552617257648e-16,1.396530786761444e-15,-8.177668271978275e-18,68.67,5.352402796696378e-16,-1.950777823972767e-15,-3.981441900423878e-17,5403.489759977533,5411.453029202406,5783.588075757559,5776.137873091602,2.773284987812491e-16,2.1808520367747394e-15,0.0,0
0.5020000000000003,0.0,0.0,1.0,0.0,3.1536825309279594e-16,-7.018542076480998e-17,1.0,2.3718075726784114e-15,-3.1435189539126226e-16,1.7862397741562304e-17,-2.975648615512246e-15,4.110242948437303e-16,-3.6359337369054134e-17,-2.4006072754216626e-15,-1.737941967204876e-14,7.281716325685111e-31,-1.0020285161560255e-15,6.077719536988994e-14,6.981392722205033e-16,-1.0053233353400343e-15,1.1748576345993292e-15,-1.3710595745001522e-17,68.67,6.135155795379095e-16,-1.8691981984984045e-15,-4.236186151634832e-17,5403.489759977533,5411.453029202406,5783.588075757559,5776.137873091602,3.2308377914518586e-16,2.3926151678035926e-15,0.0,0
0.5220000000000004,0.0,0.0,1.0,0.0,3.6518829800470525e-16,-7.649364374060952e-17,1.0,2.5874707109963693e-15,-3.131368907377046e-16,1.5514812478988435e-17,-3.2602093919850903e-15,4.1511413875658753e-16,-3.056588351236257e-17,-2.4244942066218654e-15,-1.9041410651341275e-14,8.057450339696276e-31,-2.2723191184685358e-15,6.199589563133881e-14,6.770492393683792e-16,-1.1223250575490413e-15,1.0191132230542372e-15,-1.8346187860299573e-17,68.67,7.378118682929528e-16,-1.8028142988147706e-15,-4.6337776986586265e-17,5403.489759977534,5411.453029202406,5783.588075757559,5776.137873091601,3.731136161175155e-16,2.6063959986945944e-15,0.0,0
0.5420000000000004,0.0,0.0,1.0,0.0,4.193247424082257e-16,-8.266497610146141e-17,1.0,2.8041061583168454e-15,-3.035908175965121e-16,1.4416355475769868e-17,-3.546536877324958e-15,4.0728726405961603e-16,-2.8389186165838337e-17,-2.378780966365576e-15,-2.071372017922796e-14,8.599831213347826e-31,-3.572417042421376e-15,6.310155787150358e-14,6.562799157065378e-16,-1.128314221495683e-15,9.465007176805643e-16,-1.6857301269470733e-17,68.67,7.644184153948565e-16,-1.803533795579393e-15,-4.916495502102008e-17,5403.489759977534,5411.453029202406,5783.588075757559,5776.137873091601,4.2739529462732743e-16,2.820529482729188e-15,0.0,0
0.5620000000000004,0.0,0.0,1.0,0.0,4.77837144077015e-16,-8.859634710665905e-17,1.0,3.024625796606109e-15,-2.8958234219105844e-16,1.322108145619757e-17,-3.839747304001896e-15,3.939938983079985e-16,-2.601728348758492e-17,-2.301140420688569e-15,-2.2426229858924047e-14,9.006929384779532e-31,-4.8793933505398e-15,6.411993110734924e-14,6.37216438019401e-16,-1.13430796253759e-15,8.674910205033615e-16,-1.5367954506895518e-17,68.67,7.916736742192554e-16,-1.7998419004203052e-15,-5.205559130916378e-17,5403.489759977534,5411.453029202406,5783.588075757559,5776.137873091601,4.859811199834018e-16,3.0384854680249615e-15,0.0,0
0.5820000000000004,0.0,0.0,1.0,0.0,5.407912687429232e-16,-9.419361933203294e-17,1.0,3.24860785168788e-15,-2.7109858105244164e-16,1.1983395415723497e-17,-4.137760017929879e-15,3.742278874426838e-16,-2.4679386331677815e-17,-2.1856960781409376e-15,-2.416678752959815e-14,9.219047750741805e-31,-6.185553204139521e-15,6.505748160683853e-14,6.20373744693686e-16,-1.1403096772503317e-15,7.856789137395565e-16,-1.387868847859749e-17,68.67,8.053055492676172e-16,-1.8150359803790196e-15,-5.5004398332351753e-17,5403.489759977533,5411.453029202406,5783.588075757559,5776.137873091602,5.489331783299753e-16,3.2599219341055512e-15,0.0,0
0.6020000000000004,0.0,0.0,1.0,0.0,6.082527955918227e-16,-9.939065656392455e-17,1.0,3.475446067742907e-15,-2.5202773634764953e-16,1.0849587576929315e-17,-4.443087173752813e-15,3.535694951833873e-16,-2.2427865252446676e-17,-2.0650397388969604e-15,-2.5950065551961798e-14,9.352855838106974e-31,-7.528938059665768e-15,6.591178403684454e-14,6.03851589105325e-16,-1.2568312403826724e-15,7.101372085465564e-16,-1.7617801969919098e-17,68.67,8.905616850184228e-16,-1.812261373632405e-15,-5.926849525285128e-17,5403.489759977533,5411.453029202406,5783.588075757559,5776.137873091602,6.163196946045743e-16,3.4845890809719222e-15,0.0,0
0.6220000000000004,0.0,0.0,1.0,0.0,6.802768958502653e-16,-1.0423365309479431e-16,1.0,3.705304100478404e-15,-2.334649542365657e-16,9.639811886003053e-18,-4.754355712191292e-15,3.3438203362212806e-16,-2.002257532953153e-17,-1.952974441544295e-15,-2.7768044506878258e-14,9.464969614597058e-31,-9.136270855942275e-15,6.668831160950984e-14,5.770262343195874e-16,-1.5281609789452671e-15,6.28744844270429e-16,-2.8678901786624707e-17,68.67,1.0936309947155289e-15,-1.8060080818566598e-15,-6.627300453074392e-17,5403.489759977533,5411.453029202406,5783.588075757559,5776.137873091602,6.882160340076062e-16,3.712664445900269e-15,0.0,0
0.6420000000000005,0.0,0.0,1.0,0.0,7.569177338353331e-16,-1.0855383703660751e-16,1.0,3.93646879936902e-15,-2.00070946532599e-16,8.925313406154263e-18,-5.071279803878522e-15,2.9910799770421835e-16,-1.7392283539316622e-17,-1.7469547285484638e-15,-2.961905499410511e-14,9.030883010375035e-31,-1.0911285688577942e-14,6.738548952970936e-14,5.44501884391839e-16,-1.5449973603255153e-15,5.814440964985632e-16,-2.7264653419881588e-17,68.67,1.1664655701646325e-15,-1.794662043708428e-15,-7.057678697736845e-17,5403.489759977534,5411.453029202406,5783.588075757559,5776.137873091601,7.64662272725539e-16,3.941559926383414e-15,0.0,0
0.6620000000000005,0.0,0.0,1.0,0.0,8.382213744173124e-16,-1.1212374327453036e-16,1.0,4.171149567348186e-15,-1.6021811521156356e-16,7.68430352679643e-18,-5.391433545908909e-15,2.5289709741149184e-16,-1.6041984404924386e-17,-1.4770577301516145e-15,-3.148892841038047e-14,8.117694796721185e-31,-1.2680416340258316e-14,6.800593625876716e-14,5.145386937557537e-16,-1.5510242485560293e-15,4.994122325229217e-16,-2.5776554882813262e-17,68.67,1.1905152037817157e-15,-1.8068439756581365e-15,-7.417988797677244e-17,5403.489759977533,5411.453029202406,5783.588075757559,5776.137873091602,8.45687179952458e-16,4.174232576911784e-15,0.0,0
0.6820000000000005,0.0,0.0,1.0,0.0,9.242264268968856e-16,-1.148237439971809e-16,1.0,4.4063062070684425e-15,-1.1353086623151707e-16,7.08991112780477e-18,-5.717751821821501e-15,1.999342897325293e-16,-1.3742972643391976e-17,-1.1677258900733657e-15,-3.339480608497548e-14,6.80608240097362e-31,-1.4446167610136544e-14,6.85559642322193e-14,4.869669656065996e-16,-1.5346578632735866e-15,4.60225723783228e-16,-2.2792635667957405e-17,68.67,1.2294351146349079e-15,-1.8003859639221494e-15,-7.785719254144467e-17,5403.489759977534,5411.453029202406,5783.588075757559,5776.137873091601,9.313318314972996e-16,4.4077742586113645e-15,0.0,0
0.7020000000000005,0.0,0.0,1.0,0.0,1.0149744336958536e-15,-1.165344370249459e-16,1.0,4.644675902960637e-15,-6.157970060569443e-17,5.888627270423456e-18,-6.047115161115185e-15,1.3828607443324406e-16,-1.2469450620563999e-17,-8.076665066724609e-16,-3.531846859953853e-14,4.978646664244624e-31,-1.621108320363225e-14,6.902931257221664e-14,4.616164927915707e-16,-1.5406420484162305e-15,3.8081897893718134e-16,-2.130279490195008e-17,68.67,1.25490954711848e-15,-1.812625135417903e-15,-8.160715373209167e-17,5403.489759977533,5411.453029202406,5783.588075757559,5776.137873091602,1.0216424893615866e-15,4.645087833292394e-15,0.0,0
0.7220000000000005,0.0,0.0,1.0,0.0,1.1104945528050265e-15,-1.171318679591051e-16,1.0,4.883312676081771e-15,-2.8105882221466406e-18,5.207489314277876e-18,-6.3824280613005865e-15,6.978290975333205e-17,-9.994271934741635e-18,-4.075704598377406e-16,-3.727687981227195e-14,2.6516708866723538e-31,-1.797006119997314e-14,6.943123467964723e-14,4.3882914477519173e-16,-1.5242899141855735e-15,3.359006963440047e-16,-1.8318943490338326e-17,68.67,1.295227841020933e-15,-1.801389759389247e-15,-8.54309046402435e-17,5403.489759977534,5411.453029202406,5783.588075757559,5776.137873091601,1.1166548375846608e-15,4.883316261489933e-15,0.0,0
0.7420000000000005,0.0,0.0,1.0,0.0,1.2108160056551184e-15,-1.1649556995727572e-16,1.0,5.124631790707932e-15,6.118785057866852e-17,3.93268832667764e-18,-6.720177843229462e-15,-7.488146508309213e-18,-8.571083159331067e-18,4.373488188600835e-17,-3.924952375070096e-14,-2.995985568059234e-32,-1.9723124157313382e-14,6.975897295448535e-14,4.1860414622050176e-16,-1.5303148703491523e-15,2.5163610124043994e-16,-1.683051739341841e-17,68.67,1.3220482968418437e-15,-1.8093381451277208e-15,-8.932509338719155e-17,5403.489759977533,5411.453029202406,5783.588075757559,5776.137873091602,1.216407258022693e-15,5.1249985765295876e-15,0.0,0
0.7620000000000006,0.0,0.0,1.0,0.0,1.315954552221896e-15,-1.144612787936789e-16,1.0,5.3656746617600814e-15,1.3659088584129184e-16,3.1921727561276586e-18,-7.063244766996089e-15,-9.727928657597578e-17,-5.974660813833281e-18,5.681643786796186e-16,-4.125322271322533e-14,-4.0908094541308865e-31,-2.1397981871896013e-14,7.002341375636741e-14,4.0451140321676236e-16,-1.38130388336524e-15,2.0350664004158992e-16,-7.57140962578271e-18,68.67,1.2779448143270939e-15,-1.7943651604829896e-15,-9.139260350039698e-17,5403.489759977534,5411.453029202406,5783.588075757559,5776.137873091601,1.3209230741631456e-15,5.367413887144904e-15,0.0,0
0.7820000000000006,0.0,0.0,1.0,0.0,1.4259341911274385e-15,-1.1084799496713754e-16,1.0,5.60755914466419e-15,2.162468099143335e-16,2.4305300753284972e-18,-7.4081679287286e-15,-1.9397673642040337e-16,-4.454954543021785e-18,1.1329305117849863e-15,-4.326776312337631e-14,-8.555493866344154e-31,-2.2885723438940223e-14,7.021493353742868e-14,4.0160244666221893e-16,-1.2654636103385546e-15,1.538031298634617e-16,1.1885162415683242e-19,68.67,1.2383970246105306e-15,-1.798944056635211e-15,-9.383862174675827e-17,5403.489759977534,5411.453029202406,5783.588075757559,5776.137873091601,1.430236202665314e-15,5.611727733165746e-15,0.0,0
0.8020000000000006,0.0,0.0,1.0,0.0,1.5407588344391584e-15,-1.0564254322079619e-16,1.0,5.850067238233518e-15,2.973926739427352e-16,1.6528957471139176e-18,-7.756286631346875e-15,-2.932782756767919e-16,-2.90221267229385e-18,1.712905955061615e-15,-4.530096724464002e-14,-1.3543108623852044e-30,-2.433195768743271e-14,7.034829012242525e-14,4.031904468618307e-16,-1.2491527793376533e-15,1.0250864481476689e-16,3.1014237988257575e-18,68.67,1.26223979692869e-15,-1.8023349481758642e-15,-9.770362828643715e-17,5403.489759977534,5411.453029202406,5783.588075757559,5776.137873091601,1.544376292501433e-15,5.857621686865096e-15,0.0,0
0.8220000000000006,0.0,0.0,1.0,0.0,1.6604429351789701e-15,-9.876608190580343e-17,1.0,6.09373872388957e-15,3.8269274335480333e-16,5.389195802931738e-19,-8.106786105549628e-15,-3.993392098369254e-16,-1.7025921021147483e-18,2.3323599712278276e-15,-4.7348076377501606e-14,-1.9274152301620675e-30,-2.5769699419309318e-14,7.041495362555169e-14,4.0751247104787484e-16,-1.2551148127192281e-15,2.8870859103037757e-17,4.5917021474005974e-18,68.67,1.2865601834116235e-15,-1.8116923923861327e-15,-1.0162895783843553e-16,5403.489759977533,5411.453029202406,5783.588075757559,5776.137873091602,1.6633777321825543e-15,6.10574366160929e-15,0.0,0
0.8420000000000006,0.0,0.0,1.0,0.0,1.7849903568161043e-15,-9.009293277997667e-17,1.0,6.337183984454223e-15,4.775658972905637e-16,-4.371452070099291e-19,-8.460955447713844e-15,-5.154477906949746e-16,2.5003377262081055e-19,3.0104977539413525e-15,-4.94166195517049e-14,-2.5965022804832187e-30,-2.7154621709455575e-14,7.04161399493497e-14,4.165640068553918e-16,-1.1283668421500455e-15,-3.4941995228146856e-17,1.2358277446347275e-17,68.67,1.2614686086667523e-15,-1.806008114239979e-15,-1.0420117026389775e-16,5403.489759977533,5411.453029202406,5783.588075757559,5776.137873091602,1.7872625186198533e-15,6.355153045377741e-15,0.0,0
0.8620000000000007,0.0,0.0,1.0,0.0,1.9143947078148398e-15,-7.947362695254892e-17,1.0,6.579445447908663e-15,5.741933216824593e-16,-9.451310762809153e-19,-8.816542398610647e-15,-6.375047957991693e-16,1.5462279783686337e-18,3.723377596191822e-15,-5.14934423382811e-14,-3.346311564002262e-30,-2.8396711402845588e-14,7.036226753003988e-14,4.3465222748143373e-16,-1.07880134573642e-15,-6.824097644135776e-17,1.691193013258314e-17,68.67,1.2414892522655014e-15,-1.8120540629336857e-15,-1.0717702406905583e-16,5403.489759977533,5411.453029202406,5783.588075757559,5776.137873091602,1.916043620247321e-15,6.604453139052734e-15,0.0,0
0.8820000000000007,0.0,0.0,1.0,0.0,2.0486579491596115e-15,-6.690407544457419e-17,1.0,6.8219662224292236e-15,6.73881079800019e-16,-1.679189580096428e-18,-9.175577618499406e-15,-7.618717313182188e-16,3.763393185366319e-18,4.449748698762382e-15,-5.3590404906698775e-14,-4.161979058951169e-30,-2.962904585144016e-14,7.024408902653942e-14,4.554833988956321e-16,-1.0624897984690017e-15,-1.166561927550106e-16,1.989423162803281e-17,68.67,1.2784273282470584e-15,-1.7999625727401077e-15,-1.111331638758891e-16,5403.489759977534,5411.453029202406,5783.588075757559,5776.137873091601,2.0497501184207697e-15,6.855168974529755e-15,0.0,0
0.9020000000000007,0.0,0.0,1.0,0.0,2.187768329841602e-15,-5.225834541683604e-17,1.0,7.064131129770114e-15,7.790726940623946e-16,-2.447971329808127e-18,-9.535540835104403e-15,-8.951248507140104e-16,5.303129546515551e-18,5.22801998809283e-15,-5.5692787484825144e-14,-5.0817531175536406e-30,-2.9866028746768125e-14,7.013773187124394e-14,4.714542011582024e-16,-9.79834882325787e-16,-1.6700957316662477e-16,2.6014855976434052e-17,68.67,1.2464631287658038e-15,-1.800642920753637e-15,-1.1323053966301247e-16,5403.489759977534,5411.453029202406,5783.588075757559,5776.137873091601,2.1883923779166334e-15,7.106962000305367e-15,0.0,0
0.9220000000000007,0.0,0.0,1.0,0.0,2.3317179752330957e-15,-3.554341228408763e-17,1.0,7.305915188820249e-15,8.831699338999634e-16,-3.2074092755058e-18,-9.897455928951708e-15,-1.0283888356969775e-15,6.823716334641283e-18,6.006354738410751e-15,-5.78065700963982e-14,-6.059901255562758e-30,-2.9642232477423185e-14,7.004345214244294e-14,4.835829002205709e-16,-9.303546003245107e-16,-2.1692366333283811e-16,3.056623541356889e-17,68.67,1.2240051179821386e-15,-1.8021922783005197e-15,-1.148743489876506e-16,5403.489759977534,5411.453029202406,5783.588075757559,5776.137873091601,2.3319888615046868e-15,7.359102945730108e-15,0.0,0
0.9420000000000007,0.0,0.0,1.0,0.0,2.4805063227056983e-15,-1.6753171013354384e-17,1.0,7.548895423767059e-15,9.839597752854601e-16,-4.5234660771647524e-18,-1.0261578227630251e-14,-1.1600110569262296e-15,8.335539574688058e-18,6.77510068811242e-15,-5.993324399455137e-14,-7.086975097975243e-30,-2.8569390152548137e-14,7.004345214244294e-14,4.835829002205707e-16,-9.032192066839167e-16,-3.037362057873891e-16,3.362345380283068e-17,68.67,1.1871248750808501e-15,-1.805447332443564e-15,-1.1534664044485797e-16,5403.489759977533,5411.453029202406,5783.588075757559,5776.137873091602,2.4805628969493898e-15,7.612753734365536e-15,0.0,0
0.9620000000000007,0.0,0.0,1.0,0.0,2.6341355196837396e-15,4.02810365747499e-18,1.0,7.790530954232068e-15,1.0830448303808731e-15,-5.279052733997921e-18,-1.0628113829379228e-14,-1.2896350978353305e-15,9.84671305968133e-18,7.532176169001575e-15,-6.207401290601969e-14,-8.160328818255483e-30,-2.7527819060388014e-14,7.004345214244294e-14,4.835829002205704e-16,-8.205882303775299e-16,-3.5321785129333355e-16,3.9742853560134644e-17,68.67,1.1291488403936254e-15,-1.808916131762228e-15,-1.1536188919943474e-16,5403.489759977533,5411.453029202406,5783.588075757559,5776.137873091602,2.634138599557472e-15,7.865455264754897e-15,0.0,0
0.9820000000000008,0.0,0.0,1.0,0.0,2.792597483686871e-15,2.6743118810578278e-17,1.0,8.032166479742905e-15,1.1786443762905792e-15,-6.034639162705643e-18,-1.0997065804702758e-14,-1.4160264918929852e-15,1.1357885781600582e-17,8.270371219590616e-15,-6.422889476423104e-14,-9.271133183604263e-30,-2.6536695002007356e-14,7.004345214244294e-14,4.835829002205701e-16,-7.379339856152505e-16,-4.0269935680787103e-16,4.586335392742257e-17,68.67,1.0716953729761285e-15,-1.812600749404704e-15,-1.1541696004593889e-16,5403.489759977533,5411.453029202406,5783.588075757559,5776.137873091602,2.792725532575294e-15,8.118185594142127e-15,0.0,0
1.0020000000000007,0.0,0.0,1.0,0.0,2.9558975935266072e-15,5.131619941042116e-17,1.0,8.273809065657185e-15,1.2697492503705831e-15,-6.790550702911747e-18,-1.1370050495607462e-14,-1.537005428163089e-15,1.3989999126637945e-17,8.976954548669016e-15,-6.640732989285804e-14,-1.0404528696752272e-29,-2.557354560971629e-14,7.004345214244294e-14,4.835829002205699e-16,-6.884406295953666e-16,-4.523803701663303e-16,5.041532712662365e-17,68.67,1.0498212944409245e-15,-1.7953244987944112e-15,-1.1595365066856778e-16,5403.489759977534,5411.453029202406,5783.588075757559,5776.137873091601,2.9563430003533616e-15,8.37067653928561e-15,0.0,0
1.0220000000000007,0.0,0.0,1.0,0.0,3.124038439794115e-15,7.769409926716545e-17,1.0,8.515444596989806e-15,1.3587683270747059e-15,-7.546137399695953e-18,-1.1743841919410953e-14,-1.6573123590118362e-15,1.5501172412910724e-17,9.679612997578848e-15,-6.85904767840024e-14,-1.1587751772134718e-29,-2.4643553125245525e-14,7.004345214244294e-14,4.835829002205695e-16,-6.058137282353901e-16,-5.018620401886192e-16,5.653453413685735e-17,68.67,9.928515369059839e-16,-1.799437952418242e-15,-1.1604337036003858e-16,5403.489759977534,5411.453029202406,5783.588075757559,5776.137873091601,3.1250044074164416e-15,8.623172559751656e-15,0.0,0
1.0420000000000007,0.0,0.0,1.0,0.0,3.297011996610704e-15,1.0581777916547083e-16,1.0,8.757080123329981e-15,1.4446596972063648e-15,-8.301723866592389e-18,-1.2120049694681112e-14,-1.7747269273263063e-15,1.7012345406564533e-17,1.0365378463202663e-14,-7.078773649276755e-14,-1.280620816291474e-29,-2.3748302539080162e-14,7.004345214244294e-14,4.835829002205692e-16,-5.231633786650262e-16,-5.513435691380334e-16,6.265485025955545e-17,68.67,9.36195160014898e-16,-1.8037660133767716e-15,-1.1615666948376019e-16,5403.489759977534,5411.453029202406,5783.588075757559,5776.137873091601,3.298709673218062e-15,8.875447191312254e-15,0.0,0
1.0620000000000007,0.0,0.0,1.0,0.0,3.4748316122463976e-15,1.3562245768023048e-16,1.0,9.000046240599723e-15,1.5278780069190075e-15,-9.617130589373318e-18,-1.2498679175067862e-14,-1.889308171453505e-15,1.8523518883557055e-17,1.103459576186185e-14,-7.299914028740488e-14,-1.405890644791792e-29,-2.2855133115274782e-14,7.004345214244294e-14,4.835829002205689e-16,-4.2972090743652775e-16,-6.37757184344612e-16,6.884842767227444e-17,68.67,8.793804501218554e-16,-1.8083064772189094e-15,-1.1625740352297783e-16,5403.489759977533,5411.453029202406,5783.588075757559,5776.137873091602,3.4774772730377585e-15,9.128818983097473e-15,0.0,0
1.0820000000000007,0.0,0.0,1.0,0.0,3.657483938403585e-15,1.6705022221287604e-16,1.0,9.241681761050296e-15,1.6076661152103476e-15,-1.0372716785070182e-17,-1.287972632967619e-14,-2.001051509511147e-15,2.0034691467542596e-17,1.1687238132851297e-14,-7.522466462527707e-14,-1.534438620804082e-29,-2.1969321873474898e-14,7.004345214244294e-14,4.835829002205685e-16,-3.4704289591359804e-16,-6.87238546869762e-16,7.497005221961878e-17,68.67,8.223665745515717e-16,-1.8130590120101486e-15,-1.1634488908997964e-16,5403.489759977533,5411.453029202406,5783.588075757559,5776.137873091602,3.661296838064563e-15,9.380478650035869e-15,0.0,0
1.1020000000000008,0.0,0.0,1.0,0.0,3.844976972645223e-15,2.000402595800468e-16,1.0,9.48331728788415e-15,1.684400649172976e-15,-1.1128303274699133e-17,-1.3264790541825715e-14,-2.1103890813577355e-15,2.2665504132747798e-17,1.2325829509917344e-14,-7.747365078202507e-14,-1.6666620459052793e-29,-2.1065394542967734e-14,7.004345214244294e-14,4.835829002205682e-16,-2.6439486502574197e-16,-7.36720089769205e-16,8.109025866743644e-17,68.67,7.577348856580153e-16,-1.796846358090655e-15,-1.1592751586584443e-16,5403.489759977534,5411.453029202406,5783.588075757559,5776.137873091601,3.850177142109812e-15,9.631751459041628e-15,0.0,0
1.1220000000000008,0.0,0.0,1.0,0.0,4.037308011514508e-15,2.345367692967903e-16,1.0,9.724952812579532e-15,1.7579915854631865e-15,-1.1883889665857286e-17,-1.3650677057738912e-14,-2.216253335501945e-15,2.4176677096857484e-17,1.2944134806937075e-14,-7.972743964367992e-14,-1.8011845468026058e-29,-2.0135717028381768e-14,7.004345214244294e-14,4.835829002205679e-16,-1.8173679026309355e-16,-7.862015722410816e-16,8.721094019572034e-17,68.67,6.994607066651257e-16,-1.802018366156217e-15,-1.1592118954905723e-16,5403.489759977534,5411.453029202406,5783.588075757559,5776.137873091601,4.044114671469072e-15,9.882579766857008e-15,0.0,0
1.1420000000000008,0.0,0.0,1.0,0.0,4.23448018224633e-15,2.7039930190280616e-16,1.0,9.967968357160827e-15,1.8205116233142032e-15,-1.3201572375762265e-17,-1.4039033604944793e-14,-2.3104911512199193e-15,2.5691752202972413e-17,1.3494535327953542e-14,-8.199565484257595e-14,-1.931195055578537e-29,-1.91335804327638e-14,7.004345214244294e-14,4.835829002205676e-16,-3.204416167322697e-16,-8.740118691589297e-16,8.242383050245059e-17,68.67,7.6703316515342e-16,-1.807396545883731e-15,-1.1859685131093615e-16,5403.489759977533,5411.453029202406,5783.588075757559,5776.137873091602,4.2431047826216165e-15,1.0132858926359077e-14,0.0,0
1.1620000000000008,0.0,0.0,1.0,0.0,4.436491205106877e-15,3.074951440175596e-16,1.0,1.0209634489755708e-14,1.8821675648965196e-15,-1.3958568173642422e-17,-1.4429796810567098e-14,-2.403414703405617e-15,2.7205743891653474e-17,1.4037259829238366e-14,-8.427792624636401e-14,-2.064778869653878e-29,-1.8188418721205165e-14,6.993752848972645e-14,4.929501543666993e-16,-3.815409290015833e-16,-9.24358247820935e-16,8.174471336054604e-17,68.67,7.971093422634202e-16,-1.8129761581600754e-15,-1.2033911649880016e-16,5403.489759977533,5411.453029202406,5783.588075757559,5776.137873091602,4.447134749092391e-15,1.038168512325351e-14,0.0,0
1.1820000000000008,0.0,0.0,1.0,0.0,4.643322217292556e-15,3.457562200820117e-16,1.0,1.0449530434305977e-14,1.9386627821437675e-15,-1.4671937458783286e-17,-1.4821265475118128e-14,-2.4910694126033035e-15,2.864964530155123e-17,1.454921139819596e-14,-8.656431791714858e-14,-2.1981419427755036e-29,-1.857511460947587e-14,6.896239698445745e-14,5.73630538411147e-16,-5.531663080318474e-16,-9.72415377985435e-16,7.583734367741083e-17,68.67,9.081935458701112e-16,-1.805489767894972e-15,-1.2584191044200265e-16,5403.489759977533,5411.453029202406,5783.588075757559,5776.137873091602,4.6561774641145355e-15,1.0627855613721193e-14,0.0,0
1.2020000000000008,0.0,0.0,1.0,0.0,4.854894709303737e-15,3.852058630784235e-16,1.0,1.0684128366649435e-14,2.0003202558529686e-15,-1.4726147490185376e-17,-1.521042971328599e-14,-2.5825684721837713e-15,2.9898906432565324e-17,1.5083616081516742e-14,-8.883725047417634e-14,-2.3387184732935843e-29,-1.9258046662542088e-14,6.785342388621643e-14,6.599822620939886e-16,-6.360928407991457e-16,-9.764424921344311e-16,7.456199940267841e-17,68.67,1.010614479974664e-15,-1.7994319656710463e-15,-1.3148371135191056e-16,5403.489759977534,5411.453029202406,5783.588075757559,5776.137873091601,4.870152584403841e-15,1.0869779065852198e-14,0.0,0
1.2220000000000009,0.0,0.0,1.0,0.0,5.071139495968863e-15,4.258861847421809e-16,1.0,1.0916409477391247e-14,2.06218526657485e-15,-1.542517840020457e-17,-1.5595946154776862e-14,-2.6786283905463586e-15,3.019700853522837e-17,1.5644658681164804e-14,-9.108887789826699e-14,-2.487189137628019e-29,-2.008437377727576e-14,6.670386402389932e-14,7.4218408599826395e-16,-7.856296711367451e-16,-1.0234336330409843e-15,6.969933078357317e-17,68.67,1.1015356119915115e-15,-1.810626466527099e-15,-1.3728798482525632e-16,5403.489759977533,5411.453029202406,5783.588075757559,5776.137873091602,5.088991533686177e-15,1.1109493322734593e-14,0.0,0
1.2420000000000009,0.0,0.0,1.0,0.0,5.291974424559546e-15,4.679011649741298e-16,1.0,1.1143075873576375e-14,2.1336850154782417e-15,-1.5456708260061945e-17,-1.5980264850939397e-14,-2.7831191373374622e-15,3.140228655850807e-17,1.6254941942051695e-14,-9.333350983283211e-14,-2.647892735684294e-29,-2.0976774855531478e-14,6.551924912923254e-14,8.239939005046146e-16,-7.469119392740434e-16,-1.0253091045597042e-15,7.417767288567506e-17,68.67,1.1307473552423816e-15,-1.8038159144718574e-15,-1.415192271534857e-16,5403.489759977534,5411.453029202406,5783.588075757559,5776.137873091601,5.312619392576178e-15,1.1345527338091716e-14,0.0,0
1.262000000000001,0.0,0.0,1.0,0.0,5.5173123225062104e-15,5.114091243738201e-16,1.0,1.1367049010038635e-14,2.2096564019863975e-15,-1.6079286678856897e-17,-1.6361870781129393e-14,-2.8956311215538638e-15,3.257599388305785e-17,1.6912073628111055e-14,-9.556229772651721e-14,-2.8207254163516746e-29,-2.177554092179326e-14,6.430937474560268e-14,9.129650881562903e-16,-6.642082407316109e-16,-1.0660018638494645e-15,8.029958282949712e-17,68.67,1.1023455739592961e-15,-1.797016461873197e-15,-1.4449584487989964e-16,5403.489759977534,5411.453029202406,5783.588075757559,5776.137873091601,5.540963323878951e-15,1.1579837786209263e-14,0.0,0
1.282000000000001,0.0,0.0,1.0,0.0,5.747075032528694e-15,5.564649647740701e-16,1.0,1.1586887893636085e-14,2.2894092285172073e-15,-1.673034165671782e-17,-1.6739283003309312e-14,-3.013020781199026e-15,3.278092830758871e-17,1.759769361344694e-14,-9.776659206571834e-14,-3.0027805667789726e-29,-2.2480707375475628e-14,6.306666099118025e-14,1.009096776294808e-15,-5.483399740712048e-16,-1.1083981608306247e-15,8.799039527792778e-17,68.67,1.0586674531280788e-15,-1.807781714173446e-15,-1.4745010522823407e-16,5403.489759977533,5411.453029202406,5783.588075757559,5776.137873091602,5.773952258768312e-15,1.1810912140035679e-14,0.0,0
1.302000000000001,0.0,0.0,1.0,0.0,5.981174183499963e-15,6.031377240765502e-16,1.0,1.180093907543483e-14,2.369802878636425e-15,-1.6754520037012134e-17,-1.7115131525831824e-14,-3.1329748856575976e-15,3.3971976448306796e-17,1.8298291362758615e-14,-9.996175354143369e-14,-3.1924328580184116e-29,-2.3058055549178556e-14,6.179631752851559e-14,1.114006996280891e-15,-4.764634549860021e-16,-1.109609869760465e-15,9.403711603648271e-17,68.67,1.0272479923784135e-15,-1.7991483525421247e-15,-1.5034341098417593e-16,5403.489759977534,5411.453029202406,5783.588075757559,5776.137873091601,6.011507275847771e-15,1.2036544747545277e-14,0.0,0
1.322000000000001,0.0,0.0,1.0,0.0,6.219523745561884e-15,6.514498881421501e-16,1.0,1.2012206926806695e-14,2.4524095843031704e-15,-1.7455434943028176e-17,-1.7486576731561187e-14,-3.256914978689744e-15,3.4277006495117784e-17,1.90221694711379e-14,-1.0213119723242867e-13,-3.390750520467008e-29,-2.3535460627530075e-14,6.049666695877188e-14,1.2264279463801668e-15,-3.937898093295191e-16,-1.1554788599283107e-15,1.0015815196860098e-16,68.67,9.803126962095628e-16,-1.8066122500696864e-15,-1.5320144239574233e-16,5403.489759977533,5411.453029202406,5783.588075757559,5776.137873091602,6.253547999205615e-15,1.2260005412470821e-14,0.0,0
1.342000000000001,0.0,0.0,1.0,0.0,6.462028580815508e-15,7.014357764712801e-16,1.0,1.2217261267261386e-14,2.5372813426491565e-15,-1.7430777259121427e-17,-1.7855737470539002e-14,-3.3825721083054022e-15,3.5278600686896796e-17,1.9756076014736833e-14,-1.0428729838486083e-13,-3.595915461438871e-29,-2.3910337495739515e-14,5.91776985859836e-14,1.3465313980759402e-15,-2.8872997172491637e-16,-1.1532855879791796e-15,1.0777412178530106e-16,68.67,9.46095584627242e-16,-1.8002415726890233e-15,-1.560198818064749e-16,5403.489759977534,5411.453029202406,5783.588075757559,5776.137873091601,6.499986579046941e-15,1.2477963508372537e-14,0.0,0
1.362000000000001,0.0,0.0,1.0,0.0,6.708603650404778e-15,7.53118081061245e-16,1.0,1.2419362335961359e-14,2.6225071677167528e-15,-1.807876926830183e-17,-1.8220325276414774e-14,-3.5114197304066734e-15,3.547864982538941e-17,2.0508616784023212e-14,-1.0641669110031617e-13,-3.809109773437741e-29,-2.4187792647210143e-14,5.783079151560751e-14,1.4739756218152265e-15,-2.0603059366088298e-16,-1.1956575689533867e-15,1.1389600498798705e-16,68.67,8.962624938244147e-16,-1.8083652275618316e-15,-1.5879587037696642e-16,5403.489759977533,5411.453029202406,5783.588075757559,5776.137873091602,6.750744387269132e-15,1.2693243538139477e-14,0.0,0
1.382000000000001,0.0,0.0,1.0,0.0,6.9591506615081594e-15,8.065026494143872e-16,1.0,1.2615198756570874e-14,2.708165006999336e-15,-1.8043955005616473e-17,-1.858260826010393e-14,-3.639790716342817e-15,3.655408933633971e-17,2.125837373673211e-14,-1.0853262239030552e-13,-4.0268708603116676e-29,-2.438929054011407e-14,5.6465764172769244e-14,1.6078453838349214e-15,-1.3409005868708123e-16,-1.1929710057596093e-15,1.1994534142564792e-16,68.67,8.806295975421514e-16,-1.79928516829748e-15,-1.6200878726576532e-16,5403.489759977534,5411.453029202406,5783.588075757559,5776.137873091601,7.005727974527835e-15,1.2902624653815024e-14,0.0,0
1.402000000000001,0.0,0.0,1.0,0.0,7.213582800703928e-15,8.61595444127494e-16,1.0,1.2808024473603832e-14,2.793625286509151e-15,-1.8724251242510457e-17,-1.8939899075118183e-14,-3.769278657835101e-15,3.672692504982162e-17,2.201465432239417e-14,-1.1061939667767617e-13,-4.250309184910906e-29,-2.4527592194945016e-14,5.50717934222155e-14,1.747437119570827e-15,-8.460816022544187e-17,-1.237655812836694e-15,1.244962441870836e-16,68.67,8.711430133976099e-16,-1.806590303243233e-15,-1.6566741547429935e-16,5403.489759977533,5411.453029202406,5783.588075757559,5776.137873091602,7.264855368963155e-15,1.310916411352923e-14,0.0,0
1.422000000000001,0.0,0.0,1.0,0.0,7.471795576433743e-15,9.184290584695477e-16,1.0,1.2994300457272314e-14,2.8813762031046573e-15,-1.8670444858975977e-17,-1.9294695727248082e-14,-3.903354163364068e-15,3.785783788475331e-17,2.279772879771453e-14,-1.1269160368607723e-13,-4.483947404936015e-29,-2.456459954975985e-14,5.3663608084663533e-14,1.8947030009388207e-15,2.047761676608609e-17,-1.2335364064582107e-15,1.3211323722661197e-16,68.67,8.10706564545342e-16,-1.7951049152514678e-15,-1.6789040081019336e-16,5403.489759977534,5411.453029202406,5783.588075757559,5776.137873091601,7.528030358032313e-15,1.3309940712985783e-14,0.0,0
1.442000000000001,0.0,0.0,1.0,0.0,7.73369566027204e-15,9.77012403382479e-16,1.0,1.3176861153713742e-14,2.968303167101989e-15,-1.9094726426184908e-17,-1.9643419779126597e-14,-4.0378374779413174e-15,3.7518637703571365e-17,2.3583185101507248e-14,-1.147283433789763e-13,-4.722267122097361e-29,-2.449022222679301e-14,5.2236114277011636e-14,2.0498681072131495e-15,1.0324547134127612e-16,-1.2611263919276557e-15,1.3823679585700568e-16,68.67,7.554882697721229e-16,-1.810825443140408e-15,-1.7051114162049106e-16,5403.489759977533,5411.453029202406,5783.588075757559,5776.137873091602,7.79516528382008e-15,1.3507066971206416e-14,0.0,0
1.462000000000001,0.0,0.0,1.0,0.0,7.999179171419407e-15,1.037331144256001e-15,1.0,1.3353430753295472e-14,3.0540474746606072e-15,-1.906252975098612e-17,-1.998942946807269e-14,-4.170865953601221e-15,3.81335804243632e-17,2.436014434823215e-14,-1.1674922970387392e-13,-4.9637654157090316e-29,-2.4319616092277838e-14,5.0799028813592326e-14,2.212214520634324e-15,1.6401955456706373e-16,-1.2586727331094906e-15,1.4287572076710602e-16,68.67,7.269384751010301e-16,-1.8079551142357034e-15,-1.730754293985891e-16,5403.489759977533,5411.453029202406,5783.588075757559,5776.137873091602,8.066159142944896e-15,1.3698236464617575e-14,0.0,0
1.482000000000001,0.0,0.0,1.0,0.0,8.26815648153533e-15,1.0993452918383085e-15,1.0,1.3526190723867851e-14,3.1391238230594926e-15,-1.950597014827593e-17,-2.0332232793250477e-14,-4.303033864908873e-15,3.9420628264318486e-17,2.5132077427231934e-14,-1.1875138910608982e-13,-5.208881231686801e-29,-2.4099816272347012e-14,4.933827671703222e-14,2.378356282516474e-15,2.246217591642059e-16,-1.287647632468431e-15,1.475098400280441e-16,68.67,7.116945685385198e-16,-1.791709599947249e-15,-1.7561164979781279e-16,5403.489759977534,5411.453029202406,5783.588075757559,5776.137873091601,8.340921512269597e-15,1.3885687392341071e-14,0.0,0
1.5020000000000011,0.0,0.0,1.0,0.0,8.540526294576366e-15,1.1630678221751492e-15,1.0,1.3693366088841977e-14,3.2236749300005152e-15,-1.972237550913561e-17,-2.0669374471611667e-14,-4.436399018502211e-15,3.9786987846186236e-17,2.5911003057712287e-14,-1.207204813862176e-13,-5.459370286798472e-29,-2.3783843243169422e-14,4.785603922749596e-14,2.5518296271976114e-15,2.96427398619575e-16,-1.3015610856605229e-15,1.5355455164656338e-16,68.67,6.736082290379634e-16,-1.79211995699886e-15,-1.785571305308653e-16,5403.489759977534,5411.453029202406,5783.588075757559,5776.137873091601,8.619357061134522e-15,1.4067719924332335e-14,0.0,0
1.5220000000000011,0.0,0.0,1.0,0.0,8.816180915195056e-15,1.2284749248676015e-15,1.0,1.3854663784835246e-14,3.30898321154309e-15,-1.96164579290843e-17,-2.100125070926007e-14,-4.571548655323442e-15,3.960228004482161e-17,2.6700351048801213e-14,-1.226588206051711e-13,-5.716011889919768e-29,-2.3375408483858452e-14,4.636212560759934e-14,2.732912902720994e-15,4.236781267946292e-16,-1.2938794473602349e-15,1.6266072069231543e-16,68.67,5.986672772408239e-16,-1.8023148775264448e-15,-1.8099163478506763e-16,5403.489759977534,5411.453029202406,5783.588075757559,5776.137873091601,8.901359254095859e-15,1.4244348468446038e-14,0.0,0
1.5420000000000011,0.0,0.0,1.0,0.0,9.095017731572823e-15,1.2955409525069796e-15,1.0,1.4011859702645386e-14,3.389588214043781e-15,-1.993540101940983e-17,-2.1329803506300114e-14,-4.70193285121199e-15,4.0267438591683454e-17,2.7461866251616787e-14,-1.2457774910849557e-13,-5.97101132582345e-29,-2.2870699278118587e-14,4.4856935079365005e-14,2.92178641273501e-15,4.622858314617652e-16,-1.3147462879335108e-15,1.6713586722493588e-16,68.67,5.7836553328919655e-16,-1.7959401499846154e-15,-1.8428613403114452e-16,5403.489759977534,5411.453029202406,5783.588075757559,5776.137873091601,9.186826105747661e-15,1.4416029897569442e-14,0.0,0
1.5620000000000012,0.0,0.0,1.0,0.0,9.376932734275451e-15,1.3642073040864575e-15,1.0,1.4163556327107935e-14,3.4695570226716112e-15,-2.0117119835302987e-17,-2.1653306430479114e-14,-4.83237564898177e-15,4.065834342174638e-17,2.8223723721554293e-14,-1.26467183585111e-13,-6.229734335902114e-29,-2.2308994503639946e-14,4.334208394136679e-14,3.1164909516536533e-15,5.341115936143073e-16,-1.3263677257722289e-15,1.731812882284868e-16,68.67,5.358410590736083e-16,-1.7941619811873757e-15,-1.8709024653912965e-16,5403.489759977534,5411.453029202406,5783.588075757559,5776.137873091601,9.475649269134508e-15,1.4582337208528664e-14,0.0,0
1.5820000000000012,0.0,0.0,1.0,0.0,9.661823190082223e-15,1.4344718764889516e-15,1.0,1.430993490210858e-14,3.548614649151831e-15,-2.0253915857538122e-17,-2.1971925817531686e-14,-4.962571197800866e-15,4.095961364322302e-17,2.8984137122035804e-14,-1.2832809552692116e-13,-6.491715705713935e-29,-2.1630743827412156e-14,4.1815972339302314e-14,3.319742389699103e-15,6.391551752255231e-16,-1.3348425661706524e-15,1.8079761755532845e-16,68.67,4.700316855806009e-16,-1.793461659008401e-15,-1.8935102521517833e-16,5403.489759977534,5411.453029202406,5783.588075757559,5776.137873091601,9.767729363616109e-15,1.474338200861213e-14,0.0,0
1.6020000000000012,0.0,0.0,1.0,0.0,9.949574807009897e-15,1.5062831728595389e-15,1.0,1.4450425235588958e-14,3.625205471059481e-15,-2.0112265563965552e-17,-2.2284378777943097e-14,-5.091092021450725e-15,4.0330447134279037e-17,2.973476920915936e-14,-1.3015299215566141e-13,-6.754544953431465e-29,-2.0844792955009714e-14,4.029432030825408e-14,3.530362413859692e-15,7.441432036822362e-16,-1.3249194137424269e-15,1.8664487283348047e-16,68.67,3.9515075401697004e-16,-1.8099493580181143e-15,-1.904413712735821e-16,5403.489759977533,5411.453029202406,5783.588075757559,5776.137873091602,1.006294826763637e-14,1.4898231730644142e-14,0.0,0
1.6220000000000012,0.0,0.0,1.0,0.0,1.0240097320459315e-14,1.5796422495327574e-15,1.0,1.458678442969773e-14,3.70114572549242e-15,-2.0437940409932167e-17,-2.2594208977109883e-14,-5.218755721162366e-15,4.1289876498113665e-17,3.048039522246237e-14,-1.319625704204886e-13,-7.020187761072544e-29,-1.986138867787216e-14,3.875458259285903e-14,3.751537305769363e-15,9.154028536078898e-16,-1.3455189041985785e-15,1.969534559819683e-16,68.67,2.8852633747025264e-16,-1.795713097740497e-15,-1.9105797783821468e-16,5403.489759977534,5411.453029202406,5783.588075757559,5776.137873091601,1.0361219173870755e-14,1.504902579535337e-14,0.0,0
1.6420000000000012,0.0,0.0,1.0,0.0,1.0533251153590936e-14,1.6543649578106678e-15,1.0,1.4712947470447318e-14,3.762705153864241e-15,-1.8667395449613277e-17,-2.2893239784148712e-14,-5.332204497337071e-15,3.814872886725235e-17,3.1142998287267154e-14,-1.3370907431322213e-13,-7.267728107928028e-29,-1.8871461968329574e-14,3.725138709452346e-14,3.975645409775409e-15,7.777541777897262e-16,-1.2292694340284155e-15,1.9175359360958303e-16,68.67,3.4339202882986115e-16,-1.858977699725671e-15,-1.951868811193541e-16,5403.489759977533,5411.453029202406,5783.588075757559,5776.137873091602,1.0662377937320394e-14,1.5186478255827174e-14,0.0,0
1.6620000000000013,0.0,0.0,1.0,0.0,1.0828890948762311e-14,1.7302526833887358e-15,1.0,1.4837969738284353e-14,3.819616335450626e-15,-1.8492617321948624e-17,-2.3190373083680666e-14,-5.4387206748023635e-15,3.698467727664992e-17,3.1765111173977425e-14,-1.3544449572157862e-13,-7.509121092447808e-29,-1.8090192964311947e-14,3.585306328775994e-14,4.190175966004351e-15,5.952006890590833e-16,-1.2187010491745522e-15,1.8311748522354554e-16,68.67,4.579533341833097e-16,-1.8862539234089002e-15,-1.9946376858311184e-16,5403.489759977533,5411.453029202406,5783.588075757559,5776.137873091602,1.096625065957186e-14,1.5321721733577426e-14,0.0,0
1.6820000000000013,0.0,0.0,1.0,0.0,1.1126948114742145e-14,1.8072425624070912e-15,1.0,1.49557499284713e-14,3.874213057871749e-15,-1.7259483985111937e-17,-2.3481213958787837e-14,-5.541977752437391e-15,3.454327962512474e-17,3.2368189130485245e-14,-1.3714316592071547e-13,-7.747649076773036e-29,-1.7533036200996276e-14,3.451581397929491e-14,4.394099294594233e-15,4.130302287746202e-16,-1.138199974760035e-15,1.744920972777923e-16,68.67,5.9019108957798055e-16,-1.9381170977237527e-15,-2.0421699846404952e-16,5403.489759977533,5411.453029202406,5783.588075757559,5776.137873091602,1.1272759202056058e-14,1.5449410365141472e-14,0.0,0
1.7020000000000013,0.0,0.0,1.0,0.0,1.1427335729517892e-14,1.885299490043469e-15,1.0,1.5070210323635484e-14,3.926451592651e-15,-1.6514296610784924e-17,-2.3769209052277888e-14,-5.643788126968017e-15,3.307630513618943e-17,3.2962817547534284e-14,-1.388252151946661e-13,-7.986749248108424e-29,-1.719496899934851e-14,3.323191802828965e-14,4.5876537907709605e-15,2.0859938669828114e-16,-1.0900593496670852e-15,1.648171905879899e-16,68.67,7.259370434423296e-16,-1.9720612232767516e-15,-2.0914107018271035e-16,5403.489759977533,5411.453029202406,5783.588075757559,5776.137873091602,1.158181143182164e-14,1.5573327647938112e-14,0.0,0
1.7220000000000013,0.0,0.0,1.0,0.0,1.1729967159937138e-14,1.964389405851999e-15,1.0,1.518053645556887e-14,3.9771022307065585e-15,-1.5841726242855865e-17,-2.405334069334268e-14,-5.745052478152622e-15,3.1753186705548084e-17,3.355425688881955e-14,-1.4048469978785042e-13,-8.227237234033814e-29,-1.7093730295536335e-14,3.199948006384058e-14,4.7700005828871786e-15,-1.7992723219919806e-17,-1.046835854482649e-15,1.5409455049538051e-16,68.67,8.655881215337826e-16,-2.003732394816203e-15,-2.1425624849219423e-16,5403.489759977533,5411.453029202406,5783.588075757559,5776.137873091602,1.1893315572666324e-14,1.5692873547971923e-14,0.0,0
1.7420000000000013,0.0,0.0,1.0,0.0,1.20347387429228e-14,2.0445095701914903e-15,1.0,1.5285602563547366e-14,4.029435168207051e-15,-1.4686708256717852e-17,-2.433260685125474e-14,-5.8477922703850445e-15,2.97441458168034e-17,3.415431361491219e-14,-1.421157672913362e-13,-8.471595162753471e-29,-1.722441477030167e-14,3.0849579478189175e-14,4.937122277218557e-15,-2.006711733581831e-16,-9.714989652220104e-16,1.3882880438640367e-16,68.67,9.952355366876111e-16,-2.0492345689433705e-15,-2.1550690239848868e-16,5403.489759977533,5411.453029202406,5783.588075757559,5776.137873091602,1.2207168221705296e-14,1.580778951039357e-14,0.0,0
1.7620000000000013,0.0,0.0,1.0,0.0,1.2341590355375234e-14,2.1256814093055504e-15,1.0,1.5389227899646232e-14,4.0812619346051215e-15,-1.3890706707179196e-17,-2.4609842341128673e-14,-5.950891194742426e-15,2.778284783288077e-17,3.4756467869552e-14,-1.4373497457992112e-13,-8.719176295659319e-29,-1.6235882487321297e-14,3.074066692724413e-14,4.952393101858746e-15,-3.6116473017277737e-16,-9.197649226192553e-16,1.2726167630393148e-16,68.67,1.0944836850596613e-15,-2.107706606524003e-15,-2.140388918174307e-16,5403.489759977533,5411.453029202406,5783.588075757559,5776.137873091602,1.2523313217905165e-14,1.5921219402980397e-14,0.0,0
1.7820000000000014,0.0,0.0,1.0,0.0,1.2650503282246349e-14,2.2078483652332256e-15,1.0,1.5491122199622368e-14,4.130471038644604e-15,-1.2919980626362681e-17,-2.4886915036355834e-14,-6.050963977622023e-15,2.59476649990965e-17,3.534094779851529e-14,-1.4535323105849717e-13,-8.965618401283761e-29,-1.644017148195687e-14,2.9929050068810764e-14,5.061637694262629e-15,-5.438148593851442e-16,-8.566049363636898e-16,1.1332193302116858e-16,68.67,1.222495715406175e-15,-2.1564107277630446e-15,-2.1453155949205724e-16,5403.489759977533,5411.453029202406,5783.588075757559,5776.137873091602,1.2841722146892475e-14,1.6032336851832116e-14,0.0,0
1.8020000000000014,0.0,0.0,1.0,0.0,1.296140496558146e-14,2.291025013314575e-15,1.0,1.5588569181773838e-14,4.181878327108889e-15,-1.1399430814731738e-17,-2.5160145929960583e-14,-6.153878278228976e-15,2.3296799097573795e-17,3.59420237492104e-14,-1.469490493088682e-13,-9.218211646771076e-29,-1.7161997815269024e-14,2.900689822756802e-14,5.1821209487034445e-15,-7.15429327231025e-16,-7.570561987546122e-16,9.7253589800997e-17,68.67,1.3550788553841989e-15,-2.217041388006838e-15,-2.1502380787851806e-16,5403.489759977533,5411.453029202406,5783.588075757559,5776.137873091602,1.3162325565546264e-14,1.6139756052205837e-14,0.0,0
1.8220000000000014,0.0,0.0,1.0,0.0,1.327423517904223e-14,2.3752685282720107e-15,1.0,1.568481684115335e-14,4.237608788748864e-15,-1.0638843291422388e-17,-2.5431660077046018e-14,-6.2624660698150935e-15,2.1324161937171333e-17,3.657623599839804e-14,-1.485348408181536e-13,-9.4821039837826e-29,-1.8065358153448537e-14,2.8177901491979647e-14,5.2849592734669166e-15,-8.430594545736292e-16,-7.074857024393441e-16,8.327104313150855e-17,68.67,1.4629221664828072e-15,-2.2661056643534635e-15,-2.1376020350049472e-16,5403.489759977533,5411.453029202406,5783.588075757559,5776.137873091602,1.3485073977176461e-14,1.6247181933246022e-14,0.0,0
1.8420000000000014,0.0,0.0,1.0,0.0,1.3588991133306692e-14,2.4606783744173042e-15,1.0,1.5780301502492128e-14,4.2962151786216954e-15,-1.073712632002968e-17,-2.570388316458253e-14,-6.375025446684586e-15,2.153564219381721e-17,3.7233644483540183e-14,-1.501247729284352e-13,-9.75585369619286e-29,-1.9088707210000743e-14,2.735526831168617e-14,5.372112577125901e-15,-9.821191238564905e-16,-7.147262860902269e-16,6.787162511589047e-17,68.67,1.5802896492198268e-15,-2.273869354754894e-15,-2.1238827012548312e-16,5403.489759977533,5411.453029202406,5783.588075757559,5776.137873091602,1.380998255188662e-14,1.6354678096998925e-14,0.0,0
1.8620000000000014,0.0,0.0,1.0,0.0,1.3905609508926003e-14,2.547334906510533e-15,1.0,1.587190292039912e-14,4.3616536305734596e-15,-1.038708222601165e-17,-2.5972375203150348e-14,-6.496353734659841e-15,2.0850208397393383e-17,3.794226821815078e-14,-1.5169291366674305e-13,-1.0045370297863189e-28,-2.0215526958981377e-14,2.6550384722269393e-14,5.4442598785588e-15,-1.0325637985263903e-15,-6.918679996605927e-16,5.666061475862531e-17,68.67,1.6435183633059636e-15,-2.29857444575791e-15,-2.0982059459518391e-16,5403.489759977533,5411.453029202406,5783.588075757559,5776.137873091602,1.4137004312818904e-14,1.646029867891667e-14,0.0,0
1.8820000000000014,0.0,0.0,1.0,0.0,1.422402928505027e-14,2.635426874651737e-15,1.0,1.5960896653113672e-14,4.44027859958679e-15,-1.0102521772534466e-17,-2.6238512951042125e-14,-6.63142018545939e-15,2.0203221369571132e-17,3.8731130357256336e-14,-1.5324730405647957e-13,-1.035929934237891e-28,-2.1263314302911306e-14,2.5772701608091668e-14,5.510032785015773e-15,-8.176874808379469e-16,-6.719121420242212e-16,5.79999002589918e-17,68.67,1.5792506930864572e-15,-2.32268389345028e-15,-2.043808220471649e-16,5403.489759977533,5411.453029202406,5783.588075757559,5776.137873091602,1.4466115024898854e-14,1.6567027436274432e-14,0.0,0
1.9020000000000015,0.0,0.0,1.0,0.0,1.454421197158017e-14,2.725127787364118e-15,1.0,1.6048885651794228e-14,4.5219182958976995e-15,-1.0275580250878554e-17,-2.6504367547441287e-14,-6.7747554212334e-15,2.0648008181393372e-17,3.9568286734969224e-14,-1.5480004068622735e-13,-1.0690442557045564e-28,-2.078121240318652e-14,2.5542838575548815e-14,5.52989584880141e-15,-5.697553237286841e-16,-6.820159121711179e-16,6.178819480497094e-17,68.67,1.421768032074774e-15,-2.3329624876554406e-15,-1.953875334935837e-16,5403.489759977533,5411.453029202406,5783.588075757559,5776.137873091602,1.4797311354827946e-14,1.6673769259729203e-14,0.0,0
1.9220000000000015,0.0,0.0,1.0,0.0,1.4866145410492138e-14,2.816340078502435e-15,1.0,1.6135774063562523e-14,4.589382513106006e-15,-1.0027572028949821e-17,-2.6769499350435223e-14,-6.904007399101608e-15,2.0150907927756638e-17,4.032318916367122e-14,-1.5634855580613017e-13,-1.100338008281726e-28,-1.977035309241807e-14,2.5542838575548815e-14,5.5298958488014104e-15,-6.306441016972142e-16,-6.659556977180308e-16,5.89063866075446e-17,68.67,1.4213112210059643e-15,-2.3657614435911817e-15,-1.9515753358350691e-16,5403.489759977533,5411.453029202406,5783.588075757559,5776.137873091602,1.513056677073518e-14,1.677574847910343e-14,0.0,0
1.9420000000000015,0.0,0.0,1.0,0.0,1.5189819140641714e-14,2.908796466958445e-15,1.0,1.6222744888367925e-14,4.649466942988212e-15,-9.869946479158544e-18,-2.7035579931891442e-14,-7.022470670370556e-15,1.9746448225310787e-17,4.101507962962679e-14,-1.579026123125347e-13,-1.1303429803666337e-28,-1.9467658499721437e-14,2.5241161418183803e-14,5.5502746816038356e-15,-8.138338535276011e-16,-6.56524082228743e-16,4.1417801276656144e-17,68.67,1.5422300370624843e-15,-2.3935711456004365e-15,-1.9255676841563618e-16,5403.489759977533,5411.453029202406,5783.588075757559,5776.137873091602,1.5465823690046235e-14,1.68758730732028e-14,0.0,0
1.9620000000000015,0.0,0.0,1.0,0.0,1.551520922053724e-14,3.002485379699231e-15,1.0,1.6307316093843334e-14,4.715216399515419e-15,-9.564226989011868e-18,-2.7300150770361643e-14,-7.144925918179754e-15,1.9243119772428714e-17,4.173028542765896e-14,-1.5944785109200257e-13,-1.161307934623155e-28,-2.047513624072523e-14,2.4500200078741106e-14,5.588631853570646e-15,-8.864091367015839e-16,-6.367133456184403e-16,2.916030998065923e-17,68.67,1.6604127512752591e-15,-2.4154565519421356e-15,-1.9081369245537156e-16,5403.489759977533,5411.453029202406,5783.588075757559,5776.137873091602,1.5803057793109263e-14,1.6975332555011075e-14,0.0,0
1.9820000000000015,0.0,0.0,1.0,0.0,1.5842278744407175e-14,3.0976708954095694e-15,1.0,1.639073828943406e-14,4.7953590356613684e-15,-9.755079387224463e-18,-2.7563762498247756e-14,-7.289492529532093e-15,1.953907488505142e-17,4.2574633713999136e-14,-1.6098748813971158e-13,-1.196245761613215e-28,-2.0402921663766367e-14,2.4132044806130505e-14,5.605808361188111e-15,-6.274612974540587e-16,-6.479337075433559e-16,3.258752698096718e-17,68.67,1.495872077766388e-15,-2.426375837484161e-15,-1.8198237971345425e-16,5403.489759977533,5411.453029202406,5783.588075757559,5776.137873091602,1.6142284868994318e-14,1.707781792604643e-14,0.0,0
2.002000000000001,0.0,0.0,1.0,0.0,1.2000000016171015e-05,3.1943514269291827e-15,1.0,0.006000000000016476,4.862798556226084e-15,-1.0018666697420637e-17,-2.7828005116399442e-14,-7.419113444527978e-15,2.0092844546072533e-17,4.3331690937840956e-14,-1.6253080993253304e-13,-1.2291891102145538e-28,-1.93756121641627e-14,2.4132044806130505e-14,5.605808361188111e-15,-6.560256153042961e-16,-6.674053592738279e-16,2.2419172549885284e-17,68.67,1.5095302534836717e-15,-2.4390999872081157e-15,-1.758447269599353e-16,5403.489759977533,5411.453029202406,5783.588075757559,5776.137873091602,1.2000000016171015e-05,0.006000000000016476,0.0,0
2.021999999999999,0.0,0.0,1.0,0.0,0.0007921366220769157,3.2923052955226863e-15,0.9999999555444513,0.06601692652361946,4.929258848356838e-15,-5.062089154768272e-06,-0.07234674082431433,-7.548053130956269e-15,8.711417642078054e-06,4.4085929078422896e-14,-0.42253660386949327,-3.251155680535067e-16,-2.0197002789405448e-14,-0.00021867480516197995,5.621928449350699e-15,-6.928711419340436e-16,-0.0004745150881564028,1.1408882647860488e-17,68.67192835126228,3.7034988722125804e-05,-0.00614678118665634,-1.1359312746289338e-06,5402.387863188723,5410.344318157704,5784.7642131588345,5777.333851549226,0.000792136623324362,0.06601692671769654,0.00021867441581060768,0
2.0419999999999967,0.0,0.0,1.0,0.0,0.0027729227009258344,3.3917416605334832e-15,0.9999997807913339,0.12606126894175412,5.0065910861924096e-15,-1.0988021672740099e-05,-0.1453273389071372,-7.688649349460945e-15,2.1780101353260137e-05,4.4910755967107e-14,-0.8487273844358931,-6.652426199267449e-16,-2.0859561468728597e-14,-0.0015036163289425283,5.636735292055719e-15,-4.950155211580327e-16,-0.001769031844074106,1.4007498414873746e-17,68.67768721144692,7.144620362634055e-05,-0.011858078591848852,-2.18940437555762e-06,5401.519977792724,5409.470319743187,5786.023808099179,5778.61164892232,0.002772922709590418,0.12606126942063484,0.0015036163496136867,0
2.0619999999999945,0.0,0.0,1.0,0.0,0.005954832475163026,3.49274482171625e-15,0.999999587932074,0.18612584197367976,5.08543253345208e-15,-6.042579999109425e-06,-0.21893377824141297,-7.835377344042094e-15,1.5511992309975906e-05,4.5774223031869855e-14,-1.2784790726929138,-1.021306116002324e-15,-2.1298710084168865e-14,-0.004757040234148295,5.656618027550409e-15,-3.091294923662619e-16,-0.0038245458241328435,1.6725810101729406e-17,68.68720754910957,0.00010334845473053788,-0.017152922778318327,-3.1590814998490026e-06,5400.879863468828,5408.824745267028,5787.367300148621,5779.971748273999,0.0059548324894203525,0.186125842071766,0.004757040202322516,0
2.0819999999999923,0.0,0.0,1.0,0.0,0.010338164276363483,3.595371924331733e-15,0.9999997213160408,0.24620056600012513,5.168569156038269e-15,2.1277560647312483e-05,-0.29315445803224993,-7.984631951656618e-15,-3.378891640093296e-05,4.665560785859144e-14,-1.7116792932239728,-1.3936028140193979e-15,-2.1470965728006202e-14,-0.010815185733382264,5.6828146298114675e-15,-3.2801920430964324e-17,-0.006584634746576019,2.4863397927536606e-17,68.7004181453391,0.00013285191185410377,-0.02204956175178843,-4.041042132294657e-06,5400.461317484033,5408.401332221279,5788.794899081,5781.414389397731,0.010338164280119699,0.24620056691956774,0.010815185725670971,0
2.10199999999999,0.0,0.0,1.0,0.0,0.015910985022263978,3.699563080722963e-15,1.0000007527665362,0.3002726817046666,5.244842445988675e-15,8.223898995782147e-05,-0.3679744236775754,-8.128097378070747e-15,-0.0001498024102693497,4.750665779880623e-14,-2.14819807449367,-1.780755987299326e-15,-2.149595566818156e-14,-0.02045120746726139,5.705524156340715e-15,3.77014700212058e-17,-0.009995352921352216,1.593656513026858e-17,68.71724483494644,0.00016006232536358082,-0.026565501085227667,-4.829475333283403e-06,5400.2581380467145,5408.19381093513,5790.30655876853,5782.939546029065,0.01591098504007109,0.3002726929665158,0.02045120747357316,0
2.121999999999988,0.0,0.0,1.0,0.0,0.021916942549961477,3.805333802390324e-15,1.0000032839542277,0.3003100649391726,5.323824337504929e-15,0.00016330006958015908,-0.3710288823109823,-8.275927234294436e-15,-0.0003160205055230682,4.837207291594347e-14,-2.1660494520037794,-1.8282558868851585e-15,-2.1347470324674505e-14,-0.034159610680415266,5.733336525987833e-15,1.9325065466509415e-16,-0.013531362835442935,2.118896730828155e-17,68.71688692194896,0.0001481071714650115,-0.02458091756595608,-4.3921159268411006e-06,5400.624660338681,5408.562203872168,5789.938509506222,5782.564765335076,0.0219169427959893,0.30031010933813534,0.034159610675198175,0
2.1419999999999857,0.0,0.0,1.0,0.0,0.027922979484068567,3.912695101411657e-15,1.0000074698459134,0.3002847630306037,5.40404108739196e-15,0.00024734204413184526,-0.3740097749755013,-8.425304422412556e-15,-0.0004915817512844676,4.9246619632675516e-14,-2.1834740285171637,-1.8762758927495756e-15,-2.098961737643529e-14,-0.05174949395060667,5.77155351594123e-15,4.0719921026005153e-16,-0.016798735701538548,2.9692362128053835e-17,68.71645070326329,0.0001366950077018033,-0.022686382776962728,-3.957142678470765e-06,5400.970850217671,5408.910087984232,5789.583200866307,5782.202955242884,0.027922980483220484,0.30028486489737144,0.051749493952037075,0
2.1619999999999835,0.0,0.0,1.0,0.0,0.03392770418641317,4.02159454302435e-15,1.0000133654155647,0.30018438780678985,5.478685687144793e-15,0.00033394169939818214,-0.3769014310289813,-8.57120190950526e-15,-0.0006757527461186013,5.010090927909441e-14,-2.2003802963907035,-1.92359643634941e-15,-2.0470475277802956e-14,-0.07292076423471047,5.813305695239251e-15,5.039062357856277e-16,-0.019809675086120762,2.910446451145189e-17,68.71593663006607,0.00012580223697416205,-0.02087800170600497,-3.52804927971785e-06,5401.297465530069,5409.2382462973155,5789.2399513319815,5781.853440938705,0.033927706818986325,0.3001845735543314,0.07292076423610473,0
2.1819999999999813,0.0,0.0,1.0,0.0,0.03992948818154823,4.131943058383612e-15,1.00002101709837,0.29999753755866604,5.5490413135463476e-15,0.0004226691284587834,-0.37968924965184403,-8.711337621236248e-15,-0.0008677695509803762,5.092159458535985e-14,-2.2166829739158183,-1.969584424065006e-15,-1.987762180262566e-14,-0.09738697868346312,5.853550129737185e-15,5.340343439102524e-16,-0.02257585849245502,2.5009392248392663e-17,68.7153455422878,0.00011540643565028509,-0.019152071076035584,-3.107770118919753e-06,5401.60524373673,5409.547438324813,5788.908130987195,5781.515597086343,0.039929493712778576,0.2999978353096158,0.0973869786830857,0
2.201999999999979,0.0,0.0,1.0,0.0,0.045926485392962756,4.243678790117496e-15,1.000030462664503,0.29971375250474314,5.616103198969428e-15,0.0005130884905783573,-0.38235965583667053,-8.848264180745153e-15,-0.0010668388627575064,5.172358787678214e-14,-2.2323027477044053,-2.0146946110380486e-15,-1.9245942389011813e-14,-0.12487475824312734,5.8884162412909324e-15,5.307270664982484e-16,-0.025108463215502714,1.9212590136718088e-17,68.71467866938913,0.0001054862915151074,-0.01750506937285852,-2.698742555727133e-06,5401.894903729393,5409.838402212298,5788.587159655921,5781.188846227039,0.04592649549578054,0.2997141916898057,0.12487475824358388,0
2.221999999999977,0.0,0.0,1.0,0.0,0.05191665050928667,4.356756478551899e-15,1.000041731112547,0.29932347212375865,5.685684385688407e-15,0.0006047591637486266,-0.3849000581939842,-8.986100563035407e-15,-0.0012721400307156069,5.253095938565246e-14,-2.2471660260443596,-2.0597594922160506e-15,-1.8577980745989318e-14,-0.15512323003001974,5.9198129107360906e-15,6.592846585873496e-16,-0.02741819085129892,1.7133266552743924e-17,68.71393762549948,9.602154497387635e-05,-0.015933647381228707,-2.3029630523296894e-06,5402.16714734051,5410.1118565438555,5788.276504906205,5780.8726570176495,0.05191666728122261,0.29932408305692454,0.15512323003115308,0
2.2419999999999747,0.0,0.0,1.0,0.0,0.05789775651684321,4.4711871283524274e-15,1.0000548425895128,0.29881799426445865,5.750363923184699e-15,0.0006972372075482323,-0.38729880848264997,-9.123025855572756e-15,-0.0014828277612440645,5.33330574030943e-14,-2.2612047026691493,-2.1042676833256828e-15,-1.7782494356977363e-14,-0.1878834969796261,5.9467232339844314e-15,7.197822724503027e-16,-0.029515290529437438,1.075543372057079e-17,68.7131243997286,8.699293333922626e-05,-0.014434619203982719,-1.922037750219198e-06,5402.422660582182,5410.368501848638,5787.975679947412,5780.56654233813,0.05789778249115664,0.29881880770118474,0.18788349698047271,0
2.2619999999999725,0.0,0.0,1.0,0.0,0.06386741143313508,4.586894707649611e-15,1.0000698083428339,0.29818943594625436,5.81442263635263e-15,0.0007900770630965513,-0.3895451627781994,-9.256748206075245e-15,-0.0016980353735919,5.4116475292317764e-14,-2.2743559304128986,-2.1475893575033025e-15,-1.6892891279107658e-14,-0.2229181333485091,5.971330586391277e-15,8.469475863196068e-16,-0.03140958093387449,1.489315578659016e-17,68.71224134238214,7.838213803934467e-05,-0.013004953740021395,-1.557228024992027e-06,5402.6621146464795,5410.609021842738,5787.684241446086,5780.270057296087,0.06386744958407282,0.29819048263100373,0.22291813334805524,0
2.2819999999999703,0.0,0.0,1.0,0.0,0.0698230742741763,4.703863613717092e-15,1.0000866307083633,0.29743069576909326,5.874457482235181e-15,0.0008828334259813033,-0.39162924419708306,-9.389025632932619e-15,-0.001916878484923274,5.489148132957507e-14,-2.2865619042481713,-2.1900296575443954e-15,-1.5831638941187253e-14,-0.26000070471986336,6.002278859539834e-15,9.54147534023025e-16,-0.03311047117399013,1.6542200185886297e-17,68.71129114774008,7.017173459397152e-05,-0.011641766598145862,-1.2094915005861067e-06,5402.886166696544,5410.834084438257,5787.4017872831655,5779.982797153161,0.06982312801627247,0.29743200597875297,0.2600007047199026,0
2.301999999999968,0.0,0.0,1.0,0.0,0.07576207028699652,4.821943192204224e-15,1.0001053031372003,0.2965354178552692,5.9276609430236214e-15,0.0009750632362236507,-0.39354200709934906,-9.513356498181925e-15,-0.002138459017133625,5.562005446902171e-14,-2.2977696532284684,-2.2299691131385237e-15,-1.472735713706382e-14,-0.29891531123257875,6.031668425074871e-15,9.745034298114403e-16,-0.03462698056474508,1.6951432295890953e-17,68.71027683399105,6.23451452131962e-05,-0.010342312424874362,-8.795189583987443e-07,5403.09546047508,5411.044342548385,5787.127954272741,5779.704395195406,0.07576214346837414,0.29653702094496354,0.2989153112329996,0
2.321999999999966,0.0,0.0,1.0,0.0,0.08168160547714635,4.941039684485195e-15,1.0001258102631454,0.2954979572500747,5.977053412846985e-15,0.0010663277367070315,-0.3952752026965258,-9.630372656573704e-15,-0.002361869430676779,5.6305876218737074e-14,-2.307930840881171,-2.2674432615374144e-15,-1.3609215623992741e-14,-0.3394561528192162,6.0575886837844104e-15,9.936849178066195e-16,-0.03596775737181146,1.2737165556494111e-17,68.70920172085498,5.488659388090171e-05,-0.009103977625442551,-5.677675348304634e-07,5403.290626754366,5411.240434714684,5786.862415860331,5779.434520567278,0.08168170236684895,0.2954998812077749,0.3394561528191676,0
2.3419999999999637,0.0,0.0,1.0,0.0,0.08757878045961336,5.061038630523506e-15,1.000148128011682,0.29431334671217213,6.018491558893008e-15,0.0011561945581037437,-0.3968213459955708,-9.740569061226161e-15,-0.0025861971021677826,5.695182799952644e-14,-2.3170015736194616,-2.302464742131025e-15,-1.2539067361165507e-14,-0.3814271153005555,6.0749920180982435e-15,8.952443478749294e-16,-0.037141096574752855,1.7213462233896417e-18,68.7080694053728,4.7781063793422695e-05,-0.007924273458215367,-2.7449056334733713e-07,5403.472283649613,5411.422985580269,5786.604879816636,5779.1728760868045,0.08757890572906811,0.29431561772827386,0.38142711530065626,0
2.3619999999999615,0.0,0.0,1.0,0.0,0.09345060366021835,5.18183563640865e-15,1.0001722237506008,0.29297726482832487,6.0578687382530906e-15,0.0012442397942709787,-0.3981736840136139,-9.850319325954568e-15,-0.0028105287729624094,5.759516431038057e-14,-2.3249422167636777,-2.336449312706113e-15,-1.1567763145875548e-14,-0.4246413762434923,6.080853035325757e-15,8.396547004063837e-16,-0.038154956698653604,-1.8357042641008017e-18,68.70688373629083,4.1014257029722136e-05,-0.006800829483720976,2.356171336215021e-10,5403.641036815449,5411.592606230272,5786.355085940826,5778.919196057311,0.0934507623590064,0.2929799068860389,0.42464137624333514,0
2.3819999999999593,0.0,0.0,1.0,0.0,0.0992940038932937,5.30347130404831e-15,1.0001980564817408,0.29148600539069913,6.097777569700978e-15,0.0013300500374065318,-0.3993261652018923,-9.958866941164646e-15,-0.0030339550053393306,5.823145262375063e-14,-2.3317172177835257,-2.3691414252745108e-15,-1.0516395301094994e-14,-0.46892102954520404,6.088247363729579e-15,8.952181101823554e-16,-0.039016975762061895,-5.247363240260938e-18,68.7056487874233,3.457255633692714e-05,-0.005731387350450392,2.5648759640912486e-07,5403.79747954336,5411.7498944189865,5786.112803785754,5778.673244089429,0.09929420141947556,0.2914890398826836,0.468921029545002,0
2.401999999999957,0.0,0.0,1.0,0.0,0.10510584234024699,5.42581639601498e-15,1.0002255770727437,0.28983644797831665,6.134825056090405e-15,0.0014132243470245005,-0.4002734100207399,-1.00639592131041e-14,-0.003255574591405318,5.884751118404497e-14,-2.3372949363927598,-2.3999297368888702e-15,-9.481546621830839e-15,-0.5140967277598328,6.086651369045595e-15,9.719483989717617e-16,-0.03973448638670455,-4.790751495318667e-18,68.7043688303339,2.8442988920288323e-05,-0.0047137949004577885,4.944733064361405e-07,5403.942192776211,5411.895434701111,5785.877830415974,5778.434810945363,0.10510608440555953,0.28983989335449056,0.5140967277596209,0
2.421999999999955,0.0,0.0,1.0,0.0,0.11088292395248045,5.548866605058031e-15,1.0002547285272527,0.2880260296874284,6.165489051467571e-15,0.0014933761310761393,-0.4010106826107727,-1.0164357795582474e-14,-0.003474498867506182,5.943608832764041e-14,-2.3416474811472865,-2.4284445679791325e-15,-8.351824606764526e-15,-0.5600073412345525,6.084540111082994e-15,9.712614484752745e-16,-0.04031453011213365,-1.2630563194452726e-17,68.7030483066404,2.2613192133419108e-05,-0.003746000578649185,7.145126760790836e-07,5404.075745054318,5412.029798482886,5785.649988208013,5778.2037124159215,0.11088321654278505,0.28802990113835797,0.560007341234286,0
2.4419999999999527,0.0,0.0,1.0,0.0,0.11662200830106545,5.672469371178866e-15,1.000285446291598,0.28605271795858145,6.192618662958915e-15,0.0015701349213530507,-0.40153386350849785,-1.0257359966418784e-14,-0.00368985589385719,5.998136872771224e-14,-2.3447505522162055,-2.4539694823911774e-15,-7.250713043393396e-15,-0.6064996331699781,6.074966005411851e-15,9.814369027044854e-16,-0.040763870956298215,-1.5430786355439665e-17,68.70169180021124,1.707138096992781e-05,-0.0028260481304546443,9.170203118028935e-07,5404.198692406166,5412.15354400722,5785.429122701137,5777.979787239448,0.11662235763248471,0.28605702713823167,0.6064996331702494,0
2.4619999999999505,0.0,0.0,1.0,0.0,0.1223198198945576,5.796573565246173e-15,1.0003176585956894,0.2839149844509877,6.213663636990581e-15,0.0016431480287123679,-0.40183942335748724,-1.0347288478211337e-14,-0.0039007944653124743,6.05086193200798e-14,-2.346583290013058,-2.4774743478086087e-15,-6.1375972368804565e-15,-0.6534279497655356,6.058801637835845e-15,9.26330809404868e-16,-0.04108900826096125,-2.4793251585612366e-17,68.7003040094923,1.180631726261661e-05,-0.001952071573354228,1.102490009690103e-06,5404.311578195437,5412.267216285593,5785.215100505667,5777.762895070592,0.12232023236578822,0.28391973924200625,0.6534279497657959,0
2.4819999999999482,0.0,0.0,1.0,0.0,0.12797305798538078,5.921061337871936e-15,1.0003512868255835,0.28161177991747055,6.233291247074684e-15,0.0017120820666943948,-0.4019243975689973,-1.0431456902149068e-14,-0.004106487924835745,6.10021207197006e-14,-2.347128129391653,-2.4982599434133504e-15,-5.0795885892761985e-15,-0.7006539246537559,6.035075878571258e-15,9.39132634976708e-16,-0.04129618885892717,-2.4478074014070828e-17,68.69888972017257,6.80728050213199e-06,-0.0011222904284622838,1.2714809226099942e-06,5404.41493293483,5412.371346988049,5785.007807274872,5777.552914505684,0.12797354012671314,0.2816169842415208,0.7006539246539284,0
2.501999999999946,0.0,0.0,1.0,0.0,0.13357840588430114,6.0459112001690965e-15,1.00038624592499,0.2791425100357811,6.249773911917058e-15,0.0017766243347943729,-0.4017863618884941,-1.051458494203998e-14,-0.004306137756234837,6.148946383865816e-14,-2.346370659127086,-2.5174061960052726e-15,-3.991934742037423e-15,-0.748046196868641,6.009274803603109e-15,9.661080187090161e-16,-0.041391418598180865,-2.551966704117766e-17,68.69745377837222,2.064040190454088e-06,-0.00033500519907291455,1.4246052234043548e-06,5404.509274076059,5412.466454301518,5784.807145745556,5777.349741170505,0.13357896430391153,0.2791481637107848,0.7480461968688401,0
2.521999999999944,0.0,0.0,1.0,0.0,0.13913253980165416,6.171051970470325e-15,1.0004224448228398,0.2765070121544419,6.260855989555429e-15,0.0018364840550423932,-0.401423408826973,-1.0592350684736076e-14,-0.004498976937298813,6.194536567697294e-14,-2.344299486418239,-2.5338336476692988e-15,-2.8661677541044407e-15,-0.7954801416323549,5.987046652200131e-15,9.511373551113365e-16,-0.041380473256271054,-2.2142160433450813e-17,68.69600106451219,-2.4331703492718253e-06,0.00041140691626129417,1.5625171199397943e-06,5404.595105784333,5412.553042765541,5784.613033851536,5777.15328587529,0.13913318112976222,0.27651311079994223,0.7954801416323197,0
2.5419999999999416,0.0,0.0,1.0,0.0,0.14463213723317647,6.2963300284679535e-15,1.0004597868839284,0.27370553291350164,6.265922561175144e-15,0.001891393457658198,-0.40083412491823617,-1.0661813331916346e-14,-0.004684273038506772,6.235261897384418e-14,-2.3409061061629686,-2.5468022820224972e-15,-1.83060843735877e-15,-0.8428376132816081,5.9548502861712084e-15,8.664277720133062e-16,-0.04126890887659604,-3.4758912694447374e-17,68.69453646800284,-6.693678782536819e-06,0.001118496087913291,1.6859030918431469e-06,5404.672918704689,5412.631603093406,5784.425402913512,5776.963472841038,0.14463286806467962,0.27371206790471553,0.8428376132816593,0
2.5619999999999394,0.0,0.0,1.0,0.0,0.15007388490752407,6.421670326636283e-15,1.0004981703795919,0.27073870670268146,6.2678583228389546e-15,0.0019411087134111366,-0.4000175687654396,-1.0725212812499134e-14,-0.0048613310561451,6.272431457955034e-14,-2.3361847747714024,-2.5568198928778324e-15,-8.931029669675409e-16,-0.8900066996903836,5.908436584461307e-15,7.898961090618995e-16,-0.041062071556656844,-4.626609245212228e-17,68.69306486286965,-1.0726397263569624e-05,0.0017877437078227228,1.7954732309847424e-06,5404.743189726745,5412.702611985889,5784.24419590807,5776.7802380003295,0.15007471174373077,0.27074566517319876,0.8900066996905069,0
2.5819999999999372,0.0,0.0,1.0,0.0,0.15545448631183104,6.547064453518018e-15,1.0005374889753302,0.2676075349213642,6.269346092165092e-15,0.001985410711956357,-0.3989732498422337,-1.0793365025916489e-14,-0.00502949597190105,6.312370044168605e-14,-2.3301323882964575,-2.566437500834158e-15,4.065886606681811e-17,-0.9368814875791455,5.857233600475874e-15,7.94724278176412e-16,-0.04076510671683369,-4.558456296649789e-17,68.69159108441575,-1.4539844693117216e-05,0.0024205660412148834,1.8919535792046094e-06,5404.80638175354,5412.76653194386,5784.069365817956,5776.603527375281,0.15545541550191766,0.26761489981386366,0.9368814875793233,0
2.601999999999935,0.0,0.0,1.0,0.0,0.16077066881097177,6.6724428190004054e-15,1.0005776322323157,0.2643133660067329,6.2655680541697934e-15,0.0020241056868530844,-0.39770110801571307,-1.0850163206588927e-14,-0.005188155033938903,6.345657237124707e-14,-2.322748364673598,-2.571799907172022e-15,9.631780377527983e-16,-0.9833618381324714,5.8037551490485276e-15,7.399013784842478e-16,-0.04038296787680727,-5.2323855250450544e-17,68.69011990700469,-1.8142167797062977e-05,0.003018317687476416,1.976079366811002e-06,5404.862943479549,5412.82381108525,5783.900874065176,5776.433295534604,0.1607717064937826,0.2643211161705411,0.9833618381326523,0
2.621999999999933,0.0,0.0,1.0,0.0,0.16601919037553534,6.797688595501766e-15,1.0006184861197251,0.26085787619811207,6.258940258526753e-15,0.002057025689221259,-0.3962014937601729,-1.0905735948850141e-14,-0.005336739757017657,6.378216029747274e-14,-2.3140345298743026,-2.5753031219078196e-15,1.784957935599506e-15,-1.029353172377288,5.739332815404846e-15,6.904734688023717e-16,-0.039920424965387814,-5.659864757612638e-17,68.68865602303192,-2.1541161088167154e-05,0.003582294859747788,2.0485890645472967e-06,5404.913309182119,5412.8748829711985,5783.738689027945,5776.269504131152,0.1660203424223325,0.26086598653192733,1.029353172377164,0
2.6419999999999306,0.0,0.0,1.0,0.0,0.17119684593290038,6.922829903892531e-15,1.0006599335349147,0.25724305100720934,6.253668366120624e-15,0.0020840289130757603,-0.39447514903234027,-1.0960123942184242e-14,-0.005474727641541933,6.41006975439921e-14,-2.303995007789409,-2.5769417759030076e-15,2.64845200344746e-15,-1.0747662658025494,5.678279709723398e-15,7.630126656738178e-16,-0.03938207218822489,-5.023481450450546e-17,68.68720402314008,-2.4744285765363333e-05,0.004113738492307231,2.1102191701909606e-06,5404.957898530145,5412.920166445517,5783.582784642066,5776.112120520873,0.1711981178916513,0.2572514926448596,1.074766265802575,0
2.6619999999999284,0.0,0.0,1.0,0.0,0.17630047335521007,7.047796055925779e-15,1.0007018548285003,0.25347116736549963,6.24344593883229e-15,0.002104999876310777,-0.39252318878032044,-1.1011359969471238e-14,-0.00560164361343381,6.440067460891691e-14,-2.292636113669748,-2.576244122750019e-15,3.5359995535076506e-15,-1.119517051728528,5.622653132616363e-15,7.812112159794213e-16,-0.03877233547664657,-4.456909921174796e-17,68.68576837772035,-2.7758687606738465e-05,0.0046138371843520995,2.1616996582777347e-06,5404.997116413115,5412.960065490996,5783.43313908688,5775.961116463623,0.176301870396974,0.25347990790220115,1.1195170517286683,0
2.681999999999926,0.0,0.0,1.0,0.0,0.18132695909748603,7.172516604887726e-15,1.0007441283315186,0.24954477642145884,6.229864002692293e-15,0.002119849462103873,-0.3903470830599813,-1.1057842533699948e-14,-0.005717061188542075,6.467272135669684e-14,-2.279966250962105,-2.5728371622873325e-15,4.429841231918098e-15,-1.1635264329597284,5.566584621067343e-15,7.88040388623473e-16,-0.038095479539716266,-4.6256334632569895e-17,68.68435341973178,-3.0591213906676855e-05,0.005083729988347436,2.203750028341225e-06,5405.0313527932185,5412.99496910563,5783.289733555538,5775.816466905863,0.18132848596542997,0.24955378017769608,1.163526432959792,0
2.701999999999924,0.0,0.0,1.0,0.0,0.1862732434985926,7.296915109483673e-15,1.0007866308819287,0.24546668696172172,6.210973704295588e-15,0.0021285148261818245,-0.38794863973388766,-1.109911353253718e-14,-0.005820603366853974,6.491415557472513e-14,-2.2659958113886227,-2.566626422898515e-15,5.3064038140894144e-15,-1.2067201012800841,5.510418856637684e-15,7.333432563833174e-16,-0.03735561454049061,-4.6916071654527316e-17,68.68296332885927,-3.3248429505775087e-05,0.00552450905068955,2.237075893119778e-06,5405.060982582714,5413.025251201191,5783.152551109039,5775.67814884491,0.1862749044601295,0.24547591528157942,1.2067201012800608,0
2.721999999999922,0.0,0.0,1.0,0.0,0.19113632575725586,7.420870859305802e-15,1.000829238347839,0.24123994943153995,6.189297060525705e-15,0.0021309591759524353,-0.38532998772921123,-1.113264597911665e-14,-0.005911943263154507,6.511019585703052e-14,-2.2507370781273397,-2.5570512536271416e-15,6.066667680271983e-15,-1.2490283643724625,5.4504608163439836e-15,6.812330305267122e-16,-0.036556702416420346,-4.4275822524090624e-17,68.68160211702244,-3.5736631959454376e-05,0.005937222112041673,2.2623660538171286e-06,5405.086365548337,5413.051270526247,5783.021575613108,5775.546140274087,0.19113812455975746,0.24124936101208957,1.2490283643724434,0
2.7419999999999196,0.0,0.0,1.0,0.0,0.19591326859486421,7.544380297412046e-15,1.0008718261449694,0.23686784053113663,6.1632278529691606e-15,0.0021271714279678293,-0.3824935608322759,-1.1164960168945212e-14,-0.0059908044819766216,6.529897546608695e-14,-2.234204131960577,-2.5456372595794024e-15,6.792185712152109e-15,-1.2903859797667319,5.392794809190658e-15,5.769722464926851e-16,-0.03570256286283991,-4.646504355077336e-17,68.68027361523923,-3.8061865889145826e-05,0.006322874874321115,2.2802900144036845e-06,5405.107846244144,5413.073370615309,5782.8967907567985,5775.420419207812,0.19591520842535542,0.23687739177930836,1.2903859797668542,0
2.7619999999999174,0.0,0.0,1.0,0.0,0.20060120261632233,7.667370768921165e-15,1.000914269745985,0.23235384836570935,6.13578504257524e-15,0.0021171657505576922,-0.37944208199856455,-1.1195863720484656e-14,-0.006056961245696653,6.54793686005388e-14,-2.2164127602664783,-2.532352576381949e-15,7.444651268491051e-15,-1.330731995441756,5.333605401001836e-15,4.992822219401947e-16,-0.03479687899755354,-5.062816305268319e-17,68.6789814618402,-4.022993655669843e-05,0.006682433240965214,2.2914958915380332e-06,5405.125753973846,5413.091879765285,5782.778179151371,5775.300962785395,0.20060328606551597,0.23236349377897206,1.3307319954417933,0
2.781999999999915,0.0,0.0,1.0,0.0,0.20519733037979618,7.789744640018064e-15,1.0009564451794897,0.227701658127925,6.103370433384005e-15,0.0021009809987586866,-0.3761785481581099,-1.1217278192498707e-14,-0.006110238285528284,6.560412853571171e-14,-2.197380368737045,-2.5154014709589527e-15,7.935824910259992e-15,-1.3700095967267343,5.265797560162698e-15,3.3816327389581375e-16,-0.03384320272362647,-5.835071828686296e-17,68.67772909202274,-4.2246422701777615e-05,0.007016825436765701,2.29660868078842e-06,5405.1404027833405,5413.107111040237,5782.665721507852,5775.187746452067,0.205199559410776,0.227711350695049,1.3700095967266546,0
2.801999999999913,0.0,0.0,1.0,0.0,0.20969893018577654,7.911482078530812e-15,1.0009982295165987,0.22291513829277934,6.072962411363499e-15,0.002078680048883954,-0.3727062154972324,-1.124101264739586e-14,-0.006150510505867417,6.574232165998793e-14,-2.177125895713647,-2.4974766340048046e-15,8.286689092830119e-15,-1.4081659591663997,5.185174110340829e-15,2.7106330248329287e-16,-0.03284495980664405,-7.058268719684442e-17,68.67651972872905,-4.4116688679599766e-05,0.007326944013244526,2.296228843473631e-06,5405.152091483842,5413.11936230505,5782.559395891413,5775.080743215604,0.2097013061075848,0.22292482991096924,1.4081659591662727,0
2.821999999999911,0.0,0.0,1.0,0.0,0.21410335959549598,8.032611282443722e-15,1.0010395013431703,0.21799832730567253,6.042295861334962e-15,0.0020503490402288913,-0.3690285851985674,-1.1265123656278488e-14,-0.006177702433095217,6.588258273102705e-14,-2.1556697290381375,-2.4781508687386553e-15,8.583510161605803e-15,-1.4451521070326898,5.096730909659679e-15,2.3081338103194093e-16,-0.031805454681895946,-7.572787702659164e-17,68.67535637482501,-4.5845895932848844e-05,0.007613647745245466,2.2909311818208976e-06,5405.161103705853,5413.128916288312,5782.459177050626,5774.979922976658,0.21410588304182748,0.21800796921043483,1.445152107032721,0
2.8419999999999086,0.0,0.0,1.0,0.0,0.21840805868836158,8.153158055714289e-15,1.0010801412159205,0.2129554207454719,6.0132305152848624e-15,0.00201609653149574,-0.3651493896222492,-1.1289243039999485e-14,-0.006191787460399117,6.602275992594624e-14,-2.1330336253244475,-2.457357940584412e-15,8.903247316931996e-15,-1.4809227771827147,5.006760563304005e-15,2.6633357892604203e-16,-0.03072787500617522,-7.508321041483176e-17,68.6742418065538,-4.7439013832813026e-05,0.007877763424129467,2.281263973181533e-06,5405.1677079838155,5413.1360406745,5782.365035819403,5774.8852519307975,0.21841072960151275,0.2129649639497194,1.4809227771827165,0
2.8619999999999064,0.0,0.0,1.0,0.0,0.22261055306771063,8.273048763993024e-15,1.0011200321007985,0.20779075894521107,5.978613837271202e-15,0.0019760525795661983,-0.36107257891199884,-1.1308659104416362e-14,-0.006192786900599603,6.613530022784912e-14,-2.1092406315618537,-2.434101746239089e-15,9.160582910698856e-15,-1.515436287979282,4.909800115184236e-15,1.7342178955272424e-16,-0.029615295968153047,-8.2132909780767e-17,68.67317856823169,-4.8900829920397266e-05,0.008120087552694236,2.267748336676483e-06,5405.1721578711895,5413.1409882253365,5782.2769385893835,5774.796692040065,0.22261337068787856,0.2078001546843121,1.5154362879793541,0
2.881999999999904,0.0,0.0,1.0,0.0,0.22670845662385922,8.3922713939946e-15,1.0011590597921571,0.20250881505390167,5.946455479263437e-15,0.0019303677482356376,-0.35680230801069257,-1.1330675807585984e-14,-0.006180768859247909,6.626292167157574e-14,-2.0843150089670375,-2.4099915031430325e-15,9.365915962584907e-15,-1.5486544130057167,4.8099658593655494e-15,1.7309999834793053e-16,-0.028470684370601303,-8.072843428652928e-17,68.67216896815232,-5.0235959577742904e-05,0.008341387946684481,2.2508778082221207e-06,5405.174692085483,5413.143996929934,5782.194846850367,5774.7142005717915,0.22671141948383203,0.20251801523365465,1.5486544130056228,0
2.901999999999902,0.0,0.0,1.0,0.0,0.23069947406309166,8.510850411066297e-15,1.0011971133113975,0.19711418352372076,5.9145223371519495e-15,0.001879212054476216,-0.35234292407077256,-1.1350089686332598e-14,-0.006155846940473759,6.637519650581952e-14,-2.0582821590075957,-2.3839364947607307e-15,9.583308833007216e-15,-1.5805422593215601,4.7129168590573166e-15,2.003134728773167e-16,-0.027296902497079074,-7.70323890805262e-17,68.67121507565953,-5.1448855158103245e-05,0.008542405247521008,2.231118102034012e-06,5405.175534682556,5413.145290183173,5782.118716796298,5774.637729702279,0.23070257998832053,0.19712314116858212,1.5805422593214902,0
2.9219999999999,0.0,0.0,1.0,0.0,0.23458140321093182,8.62873386598628e-15,1.0012340852839183,0.19161156900758464,5.878712006756491e-15,0.0018227738597053104,-0.34769895424561237,-1.1366534449945336e-14,-0.006118178798190834,6.646998687563584e-14,-2.0311685515248663,-2.3559059793917133e-15,9.752834593476752e-15,-1.6110681500197757,4.617653498730954e-15,1.373031120594112e-16,-0.02609671177506761,-7.748493506732168e-17,68.6703187193482,-5.254381460233304e-05,0.008723854350645804,2.2089070387203495e-06,5405.174895259369,5413.145076991641,5782.048498994264,5774.567226182837,0.2345846493249244,0.19162023870690692,1.6110681500197699,0
2.9419999999998976,0.0,0.0,1.0,0.0,0.23835213709774655,8.745941391053809e-15,1.0012698722933595,0.18600577565282578,5.8459766363525275e-15,0.001761258713416409,-0.3428750938486527,-1.1386241964114999e-14,-0.006067964545341618,6.658373992596784e-14,-2.0030016548887026,-2.32722512347997e-15,9.924941982789187e-15,-1.640203510859436,4.524728273049965e-15,1.767403155622679e-16,-0.024872776246952142,-7.337472463142912e-17,68.66948148634877,-5.352498956693989e-05,0.008886425753670955,2.1846546219478596e-06,5405.172969184268,5413.143552206242,5781.98413811386,5774.502631065658,0.23835551983267433,0.1860141140033867,1.640203510859396,0
2.9619999999998954,0.0,0.0,1.0,0.0,0.2420096658344513,8.862496762930946e-15,1.0013043752122597,0.180301696777366,5.811040525273798e-15,0.0016948881563765947,-0.33787619486779913,-1.1403566604926398e-14,-0.006005445033844379,6.668344505842471e-14,-1.9738098681214042,-2.2967557255684802e-15,1.0158938028216556e-14,-1.667922760760587,4.439458402121974e-15,1.7290050514819326e-16,-0.02362766585967759,-7.341917692050103e-17,68.66870472264898,-5.439639308814665e-05,0.009030786828312123,2.1587432472424264e-06,5405.169937853679,5413.1408967804855,5781.925572714221,5774.44387948688,0.24201318094681773,0.180309662821103,1.667922760760585,0
2.981999999999893,0.0,0.0,1.0,0.0,0.24555207828582545,8.978320737551959e-15,1.0013374995083981,0.17450430491541677,5.7733826872713714e-15,0.0016238984904212333,-0.3327072548232101,-1.1417355904121984e-14,-0.0059309000178456184,6.676236868736133e-14,-1.9436224549321357,-2.264319545897939e-15,1.0348468145244577e-14,-1.6942032059600525,4.350241061558382e-15,1.1296147224450464e-16,-0.022363859583368055,-7.64872522282005e-17,68.66798953440538,-5.516190680609312e-05,0.009157583019897378,2.1315280280107906e-06,5405.165968974063,5413.137278053366,5781.872735086034,5774.3909005042,0.24555572087699998,0.17451186057205378,1.6942032059600394,0
3.001999999999891,0.0,0.0,1.0,0.0,0.24897756354869016,9.093391652177965e-15,1.0013691555262296,0.16861864222034753,5.7378807310788224e-15,0.001548539521672495,-0.32737340595721237,-1.143164205406063e-14,-0.005844646212767507,6.684409458833459e-14,-1.9124694796070374,-2.2307673423041154e-15,1.0480689422108968e-14,-1.719024937638333,4.2608349670005285e-15,1.2959486829390825e-16,-0.02108374836869244,-7.447367195346042e-17,68.66733679019465,-5.582528777063799e-05,0.009267438978063177,2.1033372251783446e-06,5405.161216867857,5413.132850055639,5781.8255511457355,5774.343616986318,0.24898132809007395,0.16862575271554386,1.7190249376382716,0
3.0219999999998888,0.0,0.0,1.0,0.0,0.25228441224196196,9.207768290461826e-15,1.0013992587429545,0.16264981121294111,5.70373188630259e-15,0.0014690732837945428,-0.3218799047456565,-1.1447129547196288e-14,-0.005747035262475459,6.693274684001876e-14,-1.8803817447038678,-2.196261648566774e-15,1.066531715401032e-14,-1.7423707328388156,4.1733385336459025e-15,1.9926743462130274e-16,-0.019789637952261487,-6.964680388155496e-17,68.66674712415418,-5.6390174849940516e-05,0.009360959622072052,2.0744727681092635e-06,5405.15582280203,5413.127753838168,5781.783940379144,5774.301945551496,0.25228829260451613,0.16265644550376274,1.742370732838851,0
3.0419999999998866,0.0,0.0,1.0,0.0,0.2554710176153652,9.321415490751304e-15,1.0014277299988932,0.15660296586380723,5.664243291616757e-15,0.0013857727476602345,-0.31623212172057613,-1.14565826108112e-14,-0.005638451626679157,6.698602295297392e-14,-1.8473907305032706,-2.1594595292778462e-15,1.0864814901352038e-14,-1.7642259585106783,4.084192502382424e-15,1.3447117598487904e-16,-0.018483751518885996,-7.821720521461838e-17,68.66622093996023,-5.6860094762151076e-05,0.00943873114403168,2.0452108554585493e-06,5405.149915337844,5413.122117821035,5781.747815831724,5774.265796552492,0.2554750071031998,0.15660909706479037,1.7642259585105844,0
3.0619999999998844,0.0,0.0,1.0,0.0,0.25853587648336773,9.434255612136203e-15,1.001454495701961,0.15048330299924845,5.625142868413729e-15,0.0012989205235546353,-0.31043553159453574,-1.1465816852639252e-14,-0.005519310400438798,6.703793421721957e-14,-1.8135285361718525,-2.1215333607525853e-15,1.0975045920609647e-14,-1.7845784785168162,3.99022545154966e-15,9.943843538752741e-17,-0.01716823222907688,-7.722711179070463e-17,68.6657584155913,-5.7238467749643085e-05,0.00950132195313505,2.0158026257591553e-06,5405.143610700359,5413.116058161939,5781.71708414271,5774.2350741051305,0.2585399678710628,0.15048890881420507,1.7845784785168481,0
3.081999999999882,0.0,0.0,1.0,0.0,0.2614775899906966,9.546345354920706e-15,1.0014794880061617,0.14429605402037324,5.588003956676108e-15,0.0012088075617777967,-0.30449570367754974,-1.1477024147020892e-14,-0.005390055077360596,6.710130155695429e-14,-1.7788278225950516,-2.082919353658518e-15,1.1101496646887589e-14,-1.8034185634574191,3.8972297847742356e-15,1.2937889522114911e-16,-0.01584514561974586,-7.525971852851244e-17,68.66535950882415,-5.752861291310734e-05,0.00954928356389956,1.9864748883304143e-06,5405.137013166151,5413.109679142456,5781.691645620306,5774.209676157756,0.2614817755640022,0.14430111718753907,1.8034185634574187,0
3.10199999999988,0.0,0.0,1.0,0.0,0.26429486421559006,9.657642551121288e-15,1.001502644964126,0.13804647692572558,5.548611015726944e-15,0.0011157318572389248,-0.2984182925779294,-1.1484821540324668e-14,-0.005251155267760658,6.714465902805632e-14,-1.7433217568403718,-2.042675490725848e-15,1.1190102769401074e-14,-1.8207388031687117,3.8061959122016415e-15,1.0793337624938582e-16,-0.014516481885667646,-7.249868927606086e-17,68.66502396340907,-5.7733753223667565e-05,0.009583151431245513,1.9574309058731163e-06,5405.1302154676705,5413.10307357064,5781.671394355192,5774.189494598856,0.26429913581513165,0.13805098568710816,1.8207388031686689,0
3.1219999999998778,0.0,0.0,1.0,0.0,0.26698651061675366,9.76820874758847e-15,1.0015239106538398,0.1317398486281528,5.513901557112374e-15,0.0010199971633525948,-0.29220902917886293,-1.1498407593246277e-14,-0.005103104382733337,6.722179126117039e-14,-1.7070439582138879,-2.0024786795791167e-15,1.1352087169014274e-14,-1.8365340217647506,3.723687776906806e-15,2.2842032999683096e-16,-0.01318415804887243,-6.498191561421883e-17,68.66475131587181,-5.785702022974326e-05,0.00960344573512154,1.9288512210567184e-06,5405.123299212729,5413.096323198416,5781.656218369613,5774.174415400146,0.26699085968435476,0.13174379723835905,1.8365340217647943,0
3.1419999999998756,0.0,0.0,1.0,0.0,0.26955144632980726,9.87806203976493e-15,1.0015432352797942,0.12538145755706487,5.476493844551139e-15,0.0009219117202618264,-0.2858737118829643,-1.1508337748561756e-14,-0.004946417294685835,6.727748832192542e-14,-1.670028445875122,-1.96069259939662e-15,1.1634199089216098e-14,-1.8508011950982137,3.649186018670786e-15,2.9454278473063895e-16,-0.011850020022780322,-5.97038025981249e-17,68.66454090288914,-5.790145847330367e-05,0.009610672117263703,1.9008945198095179e-06,5405.1163353174215,5413.089499152209,5781.645999799335,5774.16431879243,0.26955586395702796,0.12538484685301496,1.8508011950982428,0
3.1619999999998734,0.0,0.0,1.0,0.0,0.2719886943188377,9.987213800714618e-15,1.0015605752489067,0.11897659653764715,5.440472718148295e-15,0.0008217870021229193,-0.2794181981174334,-1.152231799196874e-14,-0.004781627984538734,6.735680622293152e-14,-1.6323095879773313,-1.918680387227305e-15,1.2087531216815465e-14,-1.8635393705236283,3.587267704036283e-15,4.3376388465689566e-16,-0.010515844577527992,-5.001342042088396e-17,68.66439186918565,-5.7870029632427805e-05,0.009605322372555323,1.8736985248398697e-06,5405.109384450985,5413.082662375295,5781.640615105783,5774.159079471588,0.2719931712973207,0.11897943459925724,1.8635393705235879,0
3.181999999999871,0.0,0.0,1.0,0.0,0.27429738338850607,1.0095547445039511e-14,1.0015758932216374,0.1125305559389797,5.398078922426124e-15,0.0007199364878894903,-0.27284839609285755,-1.1525133910756858e-14,-0.004609287185359398,6.737081210895157e-14,-1.5939220523020532,-1.8739595428817734e-15,1.256890102267598e-14,-1.8747495888537287,3.5253703308731253e-15,4.369809293430947e-16,-0.009183341212615775,-5.186805665713766e-17,68.66430317589992,-5.7765616402394655e-05,0.009587875097344566,1.8473809133893823e-06,5405.102497490924,5413.075864080193,5781.639935315762,5774.158566832114,0.2743019102617171,0.11253285888344983,1.8747495888537593,0
3.201999999999869,0.0,0.0,1.0,0.0,0.2764767480620036,1.0203084689417548e-14,1.0015891581388183,0.10604861708338635,5.357165089774451e-15,0.000616674459740914,-0.2661702568090541,-1.1531416555501845e-14,-0.004429960031801075,6.740504311910822e-14,-1.5549007583583678,-1.829022821607962e-15,1.3168531530062274e-14,-1.8844348084064242,3.4680222035099103e-15,5.342243232359266e-16,-0.007854153942676119,-4.583121896073838e-17,68.66427360936876,-5.759102613161515e-05,0.009558796296971164,1.8220402536845834e-06,5405.095715986829,5413.0691462096665,5781.643826286153,5774.162645225611,0.2764813151779534,0.10605041005431333,1.8844348084064007,0
3.2219999999998667,0.0,0.0,1.0,0.0,0.27852612832999957,1.0309742231288998e-14,1.0016003452247924,0.09953604590968955,5.3117819047172495e-15,0.0005123148330010403,-0.2593897663017016,-1.1530417016574569e-14,-0.004244223724269987,6.739667486776168e-14,-1.5152808309187975,-1.782207799592714e-15,1.3816483375609855e-14,-1.8925998310463048,3.411966935064665e-15,5.642263657529454e-16,-0.006529863001860161,-4.613392820729634e-17,68.66430179027905,-5.734899422246064e-05,0.009518539954651326,1.7977569551347415e-06,5405.089072631322,5413.062541904664,5781.652148991054,5774.171174241744,0.27853072589453737,0.09953736435039828,1.8925998310463823,0
3.2419999999998645,0.0,0.0,1.0,0.0,0.2804449692755808,1.0415421107444274e-14,1.0016094359675312,0.09299808688338204,5.259512219826126e-15,0.0004071700210984852,-0.25251293812384207,-1.152133378743594e-14,-0.004052665216310996,6.734103398806143e-14,-1.4750975549651133,-1.7335242191328473e-15,1.4422841283794897e-14,-1.8992512301307474,3.3513790475798026e-15,4.601741822169043e-16,-0.005211986472053592,-5.562243194002048e-17,68.66438618313785,-5.704218731254087e-05,0.009467548563775973,1.7745942275832733e-06,5405.082591736529,5413.056075977726,5781.664759828934,5774.184009009225,0.28044958740585635,0.09299897822769429,1.8992512301307227,0
3.2619999999998623,0.0,0.0,1.0,0.0,0.2822328205800492,1.0520027194823333e-14,1.0016164180764646,0.08643995714704422,5.20767786921231e-15,0.0003015498388242437,-0.24554580605665044,-1.1509955987486823e-14,-0.0038558789332331714,6.72719679436849e-14,-1.434386332018474,-1.6839619436342695e-15,1.4902214754832766e-14,-1.9043972802764564,3.284263913053328e-15,4.2267119538976173e-16,-0.0039019818398470197,-5.84771362601748e-17,68.66452510601243,-5.667320624643599e-05,0.009406253625585463,1.7525990454618904e-06,5405.076289714598,5413.049765390348,5781.681510947345,5774.201000514415,0.28223744935774947,0.08644048313081167,1.9043972802765068,0
3.28199999999986,0.0,0.0,1.0,0.0,0.2838893359143097,1.0623607518418583e-14,1.0016212854188302,0.07986684090463783,5.156182304672341e-15,0.00019576044685116947,-0.23849441704416552,-1.1500474432715729e-14,-0.003654464529566367,6.721397779126898e-14,-1.3931826378294292,-1.6341887723489937e-15,1.53857053448753e-14,-1.9080478888677834,3.218233528469946e-15,4.427193946016257e-16,-0.002601247486927691,-5.2991723788701624e-17,68.66471674049276,-5.6244588849847144e-05,0.009335076114097141,1.73180311294772e-06,5405.070175560696,5413.0436197327435,5781.702250582876,5774.221995935212,0.28389396543829015,0.07986708081706306,1.9080478888678707,0
3.301999999999858,0.0,0.0,1.0,0.0,0.2854142722204596,1.0726134149941006e-14,1.0016240379353887,0.07328388403359218,5.101808535730128e-15,9.010334019090319e-05,-0.23136482434695987,-1.148724534937137e-14,-0.0034490246924399385,6.713408514242438e-14,-1.3515219814042436,-1.5834460848089154e-15,1.5883618451209684e-14,-1.9102145292333124,3.1592018523294504e-15,4.2886415819899897e-16,-0.0013111241182992635,-4.9502110676339776e-17,68.66495914183076,-5.575881251714246e-05,0.009254426910079425,1.7122238265885152e-06,5405.064251337058,5413.037641704653,5781.7268234140765,5774.246838987992,0.2854188926584052,0.07328393942509437,1.910214529233279,0
3.3219999999998557,0.0,0.0,1.0,0.0,0.2868074888880712,1.0827593993095716e-14,1.0016246815364138,0.06669618891887026,5.048346255554324e-15,-1.5125617019703571e-05,-0.22416308090999426,-1.1472904297436887e-14,-0.0032401629975328445,6.704770100322534e-14,-1.3094398653448756,-1.5321772540239624e-15,1.642862557133122e-14,-1.9109101754221236,3.104047157215236e-15,4.895092235574101e-16,-3.289613249631633e-05,-4.5484057425108496e-17,68.66525024921192,-5.521829662313533e-05,0.009164707205785804,1.6938652321417862e-06,5405.058512656645,5413.031827595702,5781.755070925143,5774.275370285409,0.2868120905268393,0.0666961906339929,1.9109101754221423,0
3.3419999999998535,0.0,0.0,1.0,0.0,0.2880689468295456,1.0927889859783128e-14,1.0016232279789097,0.06010880950345753,4.988835265668332e-15,-0.000119637108290372,-0.2168952329401509,-1.145343651914776e-14,-0.0030284818237669786,6.693137086912089e-14,-1.2669717474806956,-1.4799213120168962e-15,1.6922729360944244e-14,-1.910149238515768,3.050398397636124e-15,4.2995443190365045e-16,0.0012322070622725466,-4.6079284417803045e-17,68.66558789611584,-5.462540476817767e-05,0.009066308882087766,1.6767189726652376e-06,5405.052949164997,5413.026167763984,5781.786831778259,5774.307427702924,0.2880735201238654,0.06010892856274038,1.910149238515853,0
3.3619999999998513,0.0,0.0,1.0,0.0,0.2891987074588058,1.1026998688643567e-14,1.0016196947260425,0.053526746549958266,4.927479587101019e-15,-0.0002231492312679185,-0.20956731368918097,-1.1429805802255857e-14,-0.002814580332449388,6.67907360537685e-14,-1.2241530037707071,-1.4269089360361433e-15,1.7382427665379456e-14,-1.9079475044163556,2.995729723758877e-15,3.6277900001992464e-16,0.00248300978233989,-5.1871959784958585e-17,68.66596982072436,-5.398244686699515e-05,0.008959614859573589,1.6607652251729222e-06,5405.047545018992,5413.020647111509,5781.821942192523,5774.342846752065,0.289203243078029,0.05352721169464074,1.9079475044163012,0
3.381999999999849,0.0,0.0,1.0,0.0,0.29019693157749815,1.112488574910358e-14,1.0016141047898093,0.04695494310821231,4.866856422626492e-15,-0.0003253883123735689,-0.20218533743802194,-1.1405403472935056e-14,-0.002599052516097577,6.664562171093394e-14,-1.1810188924556317,-1.3736468096073523e-15,1.7799801531768096e-14,-1.9043220730552697,2.9341747721128046e-15,3.582869335788827e-16,0.0037183888496557078,-5.441224547509213e-17,68.66639367633756,-5.329168108975649e-05,0.00884499942510777,1.6459736233260657e-06,5405.0422793611615,5413.015245555275,5781.860236327534,5774.381460958442,0.29020142045012054,0.04695607053245921,1.904322073055245,0
3.401999999999847,0.0,0.0,1.0,0.0,0.2910638781727644,1.1221565982011205e-14,1.0016064865579988,0.04039828018405997,4.805445802114088e-15,-0.0004260896682758034,-0.19475529367865158,-1.1380719939870153e-14,-0.002382485321724642,6.649889936050831e-14,-1.137604519439747,-1.3202452045345283e-15,1.8249886401839166e-14,-1.899291298970901,2.878348942977223e-15,3.772075625313618e-16,0.0049372724164240215,-4.7227671358899683e-17,68.66685704175892,-5.255531566424408e-05,0.008722828535284098,1.6323041639559872e-06,5405.037126788368,5413.009938492697,5781.90154666971,5774.423102242636,0.29106831152846385,0.0404005271529373,1.899291298970921,0
3.4219999999998447,0.0,0.0,1.0,0.0,0.2917999031305594,1.1316970916963484e-14,1.0015968736065144,0.033861572604584715,4.741805384308697e-15,-0.0005249983131394091,-0.18728314148984063,-1.1351148172077232e-14,-0.0021654568528891825,6.632365601191551e-14,-1.0939448048828384,-1.266236561638696e-15,1.866986365325451e-14,-1.8928747332074731,2.8237065605637197e-15,3.713971062485775e-16,0.0061386388301985706,-4.9781834836841046e-17,68.6673574316135,-5.177551054749924e-05,0.008593460098137449,1.619708095367423e-06,5405.032057813637,5413.00469726024,5781.945704419612,5774.467601302216,0.291804272539521,0.03386564221278494,1.8928747332075535,0
3.4419999999998425,0.0,0.0,1.0,0.0,0.2924054578683927,1.1411102934488917e-14,1.0015853044981602,0.02734956507535294,4.676870103848706e-15,-0.00062186961083657,-0.17977480410335034,-1.1320719965612158e-14,-0.0019485346543880375,6.614345633844876e-14,-1.05007445098304,-1.2121602330553156e-15,1.911082845364851e-14,-1.8850930664904435,2.7724120455688567e-15,3.723633472246966e-16,0.0073215155365207035,-4.779123964815767e-17,68.667892306564,-5.095437897510843e-05,0.008457244234419355,1.6081287854821672e-06,5405.027039320033,5412.999489584173,5781.992539878464,5774.514787993142,0.2924097552777203,0.02735663414281529,1.885093066490521,0
3.4619999999998403,0.0,0.0,1.0,0.0,0.2928810878912858,1.150383611908769e-14,1.0015718225689925,0.02086692842534802,4.604200667191289e-15,-0.0007164698715439124,-0.17223616365729036,-1.1280861006174914e-14,-0.0017322740829897709,6.590821032594603e-14,-1.006027910931695,-1.1571898097190557e-15,1.941444159422369e-14,-1.875968073637203,2.713068655763504e-15,1.9009595160381347e-16,0.008484978016353631,-6.113516630624026e-17,68.66845908339211,-5.009398889487863e-05,0.008314523519686309,1.5975025682936241e-06,5405.022035005505,5412.994280022303,5782.041882832372,5774.564491708949,0.29288530565832677,0.020879224865531464,1.875968073637165,0
3.481999999999838,0.0,0.0,1.0,0.0,0.2932274312746545,1.1595168779621253e-14,1.0015564757033533,0.014418256035461709,4.535969981333084e-15,-0.0008085768923764194,-0.16467305613351216,-1.1244919755180485e-14,-0.0015172167671838879,6.569591360194836e-14,-0.9618393590216919,-1.1028028260823041e-15,1.96103409586481e-14,-1.8655225591648399,2.6433054412514915e-15,1.5877725396852814e-16,0.009628148755745813,-6.080079835624575e-17,68.66905514491339,-4.9196364293542104e-05,0.008165633208388236,1.5877595669769588e-06,5405.017005817703,5412.989030395796,5782.093562932581,5774.616541756203,0.29323156219709257,0.01444091076404162,1.8655225591649034,0
3.501999999999836,0.0,0.0,1.0,0.0,0.2934452170777427,1.1685118284737356e-14,1.001539316098708,0.008008060446561454,4.467373512766935e-15,-0.0008979804419285731,-0.1570912664760594,-1.1206111916495094e-14,-0.0013038891584960669,6.546693347322429e-14,-0.9175426618910152,-1.048351859154771e-15,1.975012678776552e-14,-1.853780304059577,2.5708158345057236e-15,1.2956971480350664e-16,0.010750196245305191,-6.957372865512945e-17,68.66967784969705,-4.8263486421377015e-05,0.008010901441096504,1.578824492411383e-06,5405.011910377824,5412.983700210083,5782.147410070439,5774.670767724762,0.29344925442034314,0.008058250491879007,1.8537803040596526,0
3.5219999999998337,0.0,0.0,1.0,0.0,0.2935352636911571,1.1773711563144833e-14,1.001520400021412,0.0016407701432961822,4.398768614528895e-15,-0.0009844826888037483,-0.14949652388783252,-1.1168759877916903e-14,-0.0010928011764907467,6.524652627523146e-14,-0.873171350883505,-9.9429997707375e-16,1.9893533447955043e-14,-1.8407660136751445,2.4986331875150345e-15,1.1779267712510011e-16,0.011850334007232441,-6.692155330079541e-17,68.67032454156254,-4.7297294923561516e-05,0.007850649435952182,1.5706174158421608e-06,5405.006705392611,5412.978247063985,5782.2032547456165,5774.726999851509,0.29353920120907573,0.0019134609553597983,1.8407660136750996,0
3.5419999999998315,0.0,0.0,1.0,0.0,0.29349847712197596,1.1860932462128664e-14,1.0014997875545173,-0.004679273490062525,4.330289700583298e-15,-0.0010678985744136114,-0.1418944973027479,-1.1131049418905622e-14,-0.0008844449491695705,6.502409651132318e-14,-0.8287585955090251,-9.40512551263169e-16,2.002965769383463e-14,-1.8265052667298691,2.426214819013243e-15,1.2138875889080005e-16,0.012927819647798648,-6.682158986049225e-17,68.67099255882752,-4.6299688882685005e-05,0.007685191665369721,1.563054514703958e-06,5405.001346053689,5412.972627046292,5782.26092842638,5774.78506937628,0.2935023090805722,0.0047995841236545215,1.8265052667299306,0
3.5619999999998293,0.0,0.0,1.0,0.0,0.29333584921983374,1.1946800774666872e-14,1.001477542338733,-0.010947819045322802,4.2622622755273775e-15,-0.0011480561305200149,-0.1342907910307875,-1.109367956544917e-14,-0.0006792936500779057,6.480373090778519e-14,-0.784337177985461,-8.870878165314001e-16,2.0207568260244505e-14,-1.81102446537456,2.3607889942611292e-15,1.5321486314280855e-16,0.013981953933295994,-6.178742233320756e-17,68.6716792432839,-4.527252777953549e-05,0.007514836018979987,1.5560487905869546e-06,5404.995786423488,5412.966795119012,5782.320263900712,5774.84480888882,0.29333957041095526,0.011007850595277775,1.8110244653744831,0
3.581999999999827,0.0,0.0,1.0,0.0,0.2930484558473124,1.203121851663864e-14,1.0014537313076346,-0.01716070780108264,4.1873542324343235e-15,-0.0012247967421733768,-0.1266909405734376,-1.1046287486592874e-14,-0.000477800433049277,6.452489952581933e-14,-0.739939468845127,-8.332759088206049e-16,2.028189908680712e-14,-1.7943507863054866,2.2845297369382834e-15,2.634269041954858e-19,0.015012079887623741,-7.613445284127375e-17,68.67238194887949,-4.4217632377085023e-05,0.007339883953752259,1.5495107586644404e-06,5404.98997980709,5412.960705486624,5782.381095617185,5774.906052665689,0.29305206160204533,0.01720436047325727,1.794350786305549,0
3.601999999999825,0.0,0.0,1.0,0.0,0.2926374549979019,1.2114148548319074e-14,1.0014284244182117,-0.023313876271806425,4.115305691256035e-15,-0.0012979753568730403,-0.11910040860710801,-1.0999879795329716e-14,-0.00028039746514223326,6.425190139208924e-14,-0.6955974035883377,-7.800287956719513e-16,2.020259036495531e-14,-1.7765121328987228,2.201038550411796e-15,-6.890346752995177e-17,0.016017581909797907,-7.85556931328684e-17,68.67309805008557,-4.313678553414075e-05,0.0071606306321859775,1.543349107779805e-06,5404.983879109349,5412.954311950736,5782.4432600145965,5774.968636996079,0.2926409411958067,0.023349980018067432,1.7765121328986737,0
3.6219999999998227,0.0,0.0,1.0,0.0,0.29210408486472617,1.21956969247926e-14,1.0014016943778112,-0.029403358598529473,4.045292495711099e-15,-0.0013674606409369795,-0.11152458113220867,-1.0957235181942126e-14,-8.749505795364095e-05,6.400096834585137e-14,-0.651342460367037,-7.275518488188858e-16,2.0134626073216085e-14,-1.7575370883440562,2.118443359601241e-15,-8.823262386102335e-17,0.016997884909792906,-7.846960748037305e-17,68.67382494993225,-4.2031732952151607e-05,0.006977365049423769,1.5374713307932483e-06,5404.977437176759,5412.947568249575,5782.5065958394525,5775.032400495683,0.2921074479396031,0.029435139637484804,1.757537088344083,0
3.6419999999998205,0.0,0.0,1.0,0.0,0.291449661863168,1.2275865569000185e-14,1.0013736163685263,-0.035425288784363594,3.977466325683447e-15,-0.0014331350842183733,-0.10396876378563569,-1.0916296597129237e-14,0.00010051910283835532,6.376008549265751e-14,-0.6072056386815257,-6.757000090500829e-16,2.007444894110528e-14,-1.7374548697583911,2.040814935384469e-15,-5.014156577552462e-17,0.017952453461239828,-6.962360195506383e-17,68.67456008769551,-4.090418386150351e-05,0.006790370150092553,1.5317843245840813e-06,5404.970607123589,5412.940428381844,5782.570944450463,5775.097184407738,0.2914528988054208,0.03545426577472977,1.737454869758463,0
3.6619999999998183,0.0,0.0,1.0,0.0,0.29067557861046106,1.2354697023246148e-14,1.0013442677700461,-0.04137590277789591,3.910138888655139e-15,-0.0014948950544494098,-0.09643817831448367,-1.0874700562933871e-14,0.00028328063019651033,6.351544931004197e-14,-0.5632174390734467,-6.243467300941497e-16,2.0086152545670583e-14,-1.7162952832602054,1.973520693839681e-15,-3.562505722071376e-18,0.018880790969612662,-6.816881948002277e-17,68.67530094622083,-3.9755811651438864e-05,0.006599922935640548,1.526194959488465e-06,5404.963342641813,5412.93284691452,5782.636150109283,5775.162832890526,0.2906786869661481,0.04140289895538369,1.7162952832602278,0
3.681999999999816,0.0,0.0,1.0,0.0,0.2897833018652599,1.2432140415138252e-14,1.0013137278819568,-0.047251540407500056,3.8409980421781864e-15,-0.00155265080262263,-0.08893795920886188,-1.0828654314452884e-14,0.00046044901152126564,6.324490967311518e-14,-0.5194078437983242,-5.733310988274985e-16,2.0086065510673472e-14,-1.694088679988107,1.9097263342867446e-15,-3.895572629458926e-18,0.01978243885464164,-5.944489511933542e-17,68.67604505887168,-3.8588254447911014e-05,0.00640629456289697,1.5206106178472044e-06,5404.9555982945585,5412.924779274236,5782.702060256903,5775.2291932906655,0.28978627973194343,0.04727704300605628,1.694088679988166,0
3.701999999999814,0.0,0.0,1.0,0.0,0.28877437043013576,1.2508174254759442e-14,1.001282077646464,-0.05304864716951257,3.769247493967006e-15,-0.0016063264209418247,-0.08147315049173974,-1.0781429425209436e-14,0.0006317080886190261,6.296757664498143e-14,-0.47580629846105554,-5.2290108387802e-16,2.0039117939107003e-14,-1.6708659130479473,1.84872075781138e-15,-8.265375316228195e-17,0.020656975745784508,-6.109353294281687e-17,68.67679001609088,-3.7403115643769166e-05,0.006209750434547179,1.5149397015990888e-06,5404.947329792666,5412.9161820219415,5782.768525775005,5775.296116401598,0.28877721644965837,0.05307296158201509,1.6708659130478596,0
3.7219999999998117,0.0,0.0,1.0,0.0,0.2876503930198884,1.258281485116669e-14,1.0012493993724614,-0.05876377587316815,3.7007583072058256e-15,-0.0016558597549852427,-0.07404870266379081,-1.0737550114879715e-14,0.000796766443245992,6.270987381802198e-14,-0.4324416945978847,-4.733002476930739e-16,1.996551956502202e-14,-1.6466582953741964,1.7894487198478778e-15,-7.69222267976546e-17,0.02150401668968737,-6.044626424584302e-17,68.67753347156662,-3.6201964384872945e-05,0.006010550282175417,1.5090921087737845e-06,5404.93849425425,5412.907013110615,5782.835401231904,5775.36345670679,0.2876531063682229,0.05878710085044268,1.646658295374271,0
3.7419999999998095,0.0,0.0,1.0,0.0,0.28641304609850926,1.2656049884299667e-14,1.0012157764618408,-0.06439358814513418,3.63050403930784e-15,-0.0017012022718245362,-0.06666946980124126,-1.0688174567783508e-14,0.0009553576898992922,6.242016299453124e-14,-0.3893423531884937,-4.2416084253448774e-16,1.9835817839241355e-14,-1.6214975584924942,1.7292875089122716e-15,-1.2936205011469552e-16,0.022323212368647618,-6.094651512822786e-17,68.67827314799491,-3.4986336015940055e-05,0.005808948242496025,1.5029796789900884e-06,5404.929050446973,5412.897232125862,5782.902545112537,5775.431072607214,0.28641562647284446,0.06441605609919647,1.6214975584923903,0
3.7619999999998073,0.0,0.0,1.0,0.0,0.28506407168757203,1.2727884586463838e-14,1.0011812931389108,-0.06993485579643793,3.560241802523886e-15,-0.0017423188859359427,-0.05934020680475574,-1.0639962736810547e-14,0.001107240677770899,6.213734030733251e-14,-0.34653600908196397,-3.7581641837306216e-16,1.9644644023625118e-14,-1.5954158121712985,1.668868488137225e-15,-1.9689917184316257e-16,0.023114248329180107,-6.114058731710277e-17,68.67900684243291,-3.3757732490442286e-05,0.005605192927358274,1.4965166080497408e-06,5404.918959012968,5412.886800509252,5782.969820032238,5775.498826632749,0.2850665192908091,0.06995655602135412,1.5954158121712199,0
3.781999999999805,0.0,0.0,1.0,0.0,0.283605275148772,1.2798353886533235e-14,1.0011460341837402,-0.07538446205453833,3.4945414548008804e-15,-0.0017791877448190814,-0.052065566797417764,-1.0596584226891082e-14,0.0012521996040373842,6.188283513211589e-14,-0.3040497963204746,-3.283902456357684e-16,1.9428587131648507e-14,-1.5684455049516346,1.6124647283348879e-15,-1.5466212465007924e-16,0.023876844219863472,-5.308583253727345e-17,68.6797324312389,-3.25176227465267e-05,0.005399527488078095,1.489619831797465e-06,5404.908182676371,5412.8756817643725,5783.037092933982,5775.566585637255,0.28360759067161967,0.07540545489739747,1.5684455049516688,0
3.801999999999803,0.0,0.0,1.0,0.0,0.2820385229432827,1.2867511966373016e-14,1.001110084670217,-0.08073940266325803,3.427562886926624e-15,-0.0018117999763124992,-0.044850098669878255,-1.0551886649882991e-14,0.0013900440408608841,6.162071682667848e-14,-0.26191023434472005,-2.816793892174355e-16,1.9250863000343738e-14,-1.5406193855447552,1.5608808057129444e-15,-1.7181767246575187e-16,0.024610753037719757,-5.690786203571935e-17,68.68044787459591,-3.126744305297538e-05,0.005192189674618966,1.4822093795588177e-06,5404.896686433385,5412.863841645554,5783.104235268895,5775.634220977081,0.28204070754414806,0.08075972858779235,1.5406193855448447,0
3.8219999999998007,0.0,0.0,1.0,0.0,0.28036574037054157,1.2935325412173268e-14,1.0010735297095625,-0.08599678685325973,3.3595780710160836e-15,-0.0018401593996560399,-0.037698244770756506,-1.0503116381363606e-14,0.0015206088787056335,6.133490478989627e-14,-0.22014321506514456,-2.35661859020572e-16,1.903489014849808e-14,-1.5119704650883687,1.5056704563352096e-15,-2.336102574035217e-16,0.025315760382452215,-5.836654763858135e-17,68.68115122061808,-3.00085973282929e-05,0.00498341189011234,1.4742086974235896e-06,5404.884437725003,5412.851248329344,5783.171123159924,5775.7016086728945,0.28036779565342246,0.08601647246720322,1.5119704650883323,0
3.8419999999997985,0.0,0.0,1.0,0.0,0.27858890928902624,1.3001817105966629e-14,1.0010364542,-0.09115383818572366,3.2941609440055865e-15,-0.0018642822024052435,-0.03061433874038584,-1.0459587223341211e-14,0.0016437541887586674,6.107978801531982e-14,-0.17877399078321718,-1.90580525032128e-16,1.8795296008538918e-14,-1.482531980252832,1.4511199051327637e-15,-2.4646195627529587e-16,0.02599168371792398,-5.909014416849818e-17,68.68184060903975,-2.8742457435318686e-05,0.0047734212411830535,1.4655449418848958e-06,5404.8714065924205,5412.837872568804,5783.237637548565,5775.768629554759,0.2785908372796169,0.09117290038229177,1.4825319802529193,0
3.8619999999997963,0.0,0.0,1.0,0.0,0.2767100658215265,1.3066977437872937e-14,1.000998942583246,-0.09620789527186091,3.228650169032441e-15,-0.001884196585344744,-0.023602603485994994,-1.0412556985765592e-14,0.0017593650073995637,6.08043138001584e-14,-0.13782716294707967,-1.4626693370445644e-16,1.848599857362665e-14,-1.452337357189359,1.3889609320601385e-15,-2.895646304828916e-16,0.026638371640335657,-6.397642651945586e-17,68.682514274489,-2.7470363453486027e-05,0.004562439584513045,1.456149244185775e-06,5404.8575658153395,5412.823687830791,5783.30366432468,5775.835169390428,0.2767118689417535,0.0962263441548809,1.4523373571892932,0
3.881999999999794,0.0,0.0,1.0,0.0,0.27473129804736746,1.313084933817825e-14,1.0009610786084309,-0.1011564123708769,3.1647595986808027e-15,-0.0018999423775854993,-0.01666714929641605,-1.0367776252402435e-14,0.0018673510458566463,6.054206176846952e-14,-0.09732667172603351,-1.0284098737667374e-16,1.8144206059951077e-14,-1.421420176312874,1.324649877150895e-15,-3.170365788101983e-16,0.02725570315260521,-6.517468676048682e-17,68.6831705493484,-2.6193623932686795e-05,0.0043506835700531515,1.4459569459731835e-06,5404.842891033324,5412.808670416417,5783.369094439412,5775.901118996947,0.2747329790885743,0.10117425336905157,1.4214201763128074,0
3.901999999999792,0.0,0.0,1.0,0.0,0.272654743683987,1.3193444038620765e-14,1.000922945104027,-0.1059969598689846,3.1015615082567314e-15,-0.0019115706240549364,-0.009811972094402377,-1.0322636471205495e-14,0.0019676463283050004,6.027779751099767e-14,-0.05729578638845666,-6.027779469790523e-17,1.775137051999521e-14,-1.389814137912696,1.262282172036436e-15,-3.582492717907173e-16,0.0278435869445193,-6.077803011062362e-17,68.68380786620746,-2.4913516129242667e-05,0.004138364681263841,1.4349078068183231e-06,5404.827360850454,5412.792799564917,5783.433824001367,5775.966374335648,0.27265630577898925,0.10601419529345059,1.3898141379128168,0
3.9219999999997897,0.0,0.0,1.0,0.0,0.27048258776021583,1.3254819500973884e-14,1.0008846237583071,-0.11072722464205383,3.0406012382217244e-15,-0.0019191431476091388,-0.0030409518246274914,-1.0280325798104351e-14,0.002060208761797448,6.003013597619407e-14,-0.017757096467852816,-1.8604527375352354e-17,1.7359353000612343e-14,-1.3575530285846837,1.2060316771444333e-15,-3.7396846856828113e-16,0.028401960678266187,-5.54472248689469e-17,68.68442475991174,-2.363128622753708e-05,0.003925689272746913,1.4229461842750214e-06,5404.810956923583,5412.776057541193,5783.4977543562,5776.030836590694,0.27048403435444507,0.1107438548514222,1.3575530285846895,0
3.9419999999997875,0.0,0.0,1.0,0.0,0.26821706028356196,1.3314990781986858e-14,1.0008461949088248,-0.11534501030447308,2.9805863382710165e-15,-0.001922732088005826,0.0036421490245733545,-1.0239559980202917e-14,0.002145019641522731,5.979157566251248e-14,0.021267496298110363,2.219390495541941e-17,1.6948315631710893e-14,-1.3246706884788793,1.154361702031647e-15,-4.0493068052925317e-16,0.028930790279017685,-5.713836341758979e-17,68.68501986921565,-2.2348149548385337e-05,0.00371285860559955,1.4100211870438978e-06,5404.793664034476,5412.7584297074045,5783.560792149814,5776.094412231429,0.26821839510551776,0.1153610345862989,1.3246706884790023,0
3.9619999999997852,0.0,0.0,1.0,0.0,0.2658604339037444,1.3373921752248593e-14,1.0008077373413402,-0.11984823734679305,2.9202710872134757e-15,-0.001922419419979534,0.010233686767678829,-1.0195147464177889e-14,0.00222208309500626,5.953179962325257e-14,0.059756785270619686,6.208883712133916e-17,1.640920435058366e-14,-1.2912009793570778,1.0950190179930834e-15,-4.91028476088934e-16,0.02943006923026644,-6.44521744327425e-17,68.68559193804612,-2.106529074650223e-05,0.003500068880804981,1.396086802124415e-06,5404.775470146251,5412.739904578897,5783.622849375488,5776.157013058751,0.26586166093496794,0.11986365458953584,1.2912009793570955,0
3.981999999999783,0.0,0.0,1.0,0.0,0.26341502157467406,1.3431687920097817e-14,1.0007693280986014,-0.12423494316471465,2.8650758724952806e-15,-0.0019182964526565612,0.016730137738647982,-1.0155007308938326e-14,0.0022914254689144114,5.929704696137082e-14,0.09769026546967698,1.0110241106394231e-16,1.5804153375904748e-14,-1.2571777534549893,1.0280828847504437e-15,-4.870433825837464e-16,0.029899817873668705,-6.544042471296304e-17,68.68613981638609,-1.978386399892497e-05,0.003287511270950568,1.381101996616179e-06,5404.756366444467,5412.7204738649125,5783.683843405215,5776.218556235867,0.2634161450194526,0.12424975237166531,1.2571777534550062,0
4.001999999999781,0.0,0.0,1.0,0.0,0.2608831742170259,1.348841298638878e-14,1.0007310422993176,-0.12850328198198246,2.81418190463577e-15,-0.0019104633125310855,0.023128099379776695,-1.0123554008590862e-14,0.002353094662215251,5.911309183466292e-14,0.1350481394057845,1.3933147856251196e-16,1.5270016291413818e-14,-1.222634823144045,9.652325194908509e-16,-4.161604129509891e-16,0.030340082713180873,-5.910749140325796e-17,68.68666246078708,-1.8504993185230443e-05,0.0030753719505433813,1.3650307949942155e-06,5404.736347363291,5412.700132494501,5783.743697005611,5776.278964303753,0.2608841984720318,0.12851748266368052,1.2226348231439605,0
4.021999999999779,0.0,0.0,1.0,0.0,0.25826727838349645,1.3544130725320197e-14,1.0006929529676334,-0.13265152466973995,2.764498069031079e-15,-0.001899028412210606,0.029424291204762226,-1.0091564284148151e-14,0.0024071594094954426,5.892607516181711e-14,0.17181132219798462,1.7669978135760571e-16,1.480191807623107e-14,-1.1876059313879477,9.073447883586049e-16,-3.6230028478799224e-16,0.030750935723313534,-5.868161678990564e-17,68.68715893452165,-1.7229772061616072e-05,0.0028638321251760294,1.3478423327603021e-06,5404.715410597278,5412.678878628056,5783.80233833882,5776.3381651817235,0.2582682080075552,0.13266511714130813,1.1876059313878693,0
4.041999999999777,0.0,0.0,1.0,0.0,0.2555697539287893,1.3598873623492283e-14,1.0006551308733642,-0.1366780584649045,2.717230974278967e-15,-0.0018841079071094092,0.03561555563802174,-1.00612505356867e-14,0.0024537085182644446,5.87489130320466e-14,0.20796144599277513,2.1323528858055569e-16,1.439968632945138e-14,-1.1521247229894085,8.521693367251603e-16,-2.8026911473686995e-16,0.031132473661365297,-5.2044022669732126e-17,68.68762840738677,-1.5959264430681993e-05,0.0026530680597720594,1.329510887232173e-06,5404.693557099141,5412.656713655022,5783.859700948842,5776.396092153557,0.25557059361296464,0.13669104406778623,1.1521247229895513,0
4.061999999999775,0.0,0.0,1.0,0.0,0.25279305168631955,1.3652688143033887e-14,1.0006176443832135,-0.1405813865901184,2.667883864763995e-15,-0.0018658251422370273,0.041698858732334115,-1.0030476076545574e-14,0.0024928500641018853,5.856912648924913e-14,0.24348086369828112,2.4889125698595684e-16,1.4095505666232247e-14,-1.1162247166225627,8.026066778312358e-16,-2.9214069484471724e-16,0.031484817383519326,-5.247954668241955e-17,68.68807015517001,-1.469450430701739e-05,0.0024432511061287425,1.3100158864802444e-06,5404.670791064119,5412.633642178223,5783.91572373373,5776.452683839628,0.25279380622449266,0.1405937678528523,1.1162247166226271,0
4.0819999999997725,0.0,0.0,1.0,0.0,0.24993965115357888,1.3705519489993514e-14,1.0005805593231383,-0.14436012777783438,2.6194968975879215e-15,-0.0018443100911924464,0.04767129076690166,-9.999603904876273e-15,0.002524710547528694,5.838883250481331e-14,0.27835265204794346,2.836617737595149e-16,1.3765089836284082e-14,-1.0799392776466774,7.531853829235554e-16,-3.0655191012139457e-16,0.031808111164725976,-4.985870477087035e-17,68.68848355879167,-1.3436496080725435e-05,0.0022345477299534713,1.2893418972478729e-06,5404.647119901432,5412.609671985396,5783.970350904216,5776.507884155552,0.24994032541368827,0.1443719085270578,1.07993927764664,0
4.10199999999977,0.0,0.0,1.0,0.0,0.2470120581880482,1.3757404832014263e-14,1.0005439388520037,-0.14801301570109365,2.5735606610025344e-15,-0.0018196987894310219,0.05353006672795527,-9.969573390490121e-15,0.002549434016460303,5.821351344514112e-14,0.31256061400785967,3.1756547191253087e-16,1.3434149107749227e-14,-1.0433015916968713,7.105448244920831e-16,-2.8374289849751355e-16,0.032102522022309746,-4.467632680660689e-17,68.6888681031357,-1.2186214679474254e-05,0.0020271195375774244,1.2674785928912953e-06,5404.622554193412,5412.584814008441,5784.023531929249,5776.561642257876,0.24701265708414705,0.1480242011314922,1.0433015916967048,0
4.121999999999768,0.0,0.0,1.0,0.0,0.2440128027154986,1.3808390271269856e-14,1.0005078433466177,-0.15153889831355846,2.528355691677435e-15,-0.0017921327638216475,0.059272526674054166,-9.940990089357069e-15,0.002567181158097704,5.804670244262447e-14,0.34608928054179205,3.5062302132040693e-16,1.3140833281798874e-14,-1.0063446390475905,6.755010090100779e-16,-2.6919897687492407e-16,0.03236823904327531,-3.702554575624568e-17,68.6892233755835,-1.0944605730217492e-05,0.001821123302510757,1.244420702180478e-06,5404.597107642847,5412.559082271027,5784.075221469025,5776.613912477351,0.24401333118077287,0.15154949502367263,1.0063446390475563,0
4.141999999999766,0.0,0.0,1.0,0.0,0.24094443645246474,1.3858419329609147e-14,1.0004723302981946,-0.1549367371013613,2.4811721347027123e-15,-0.001761758460459052,0.06489613598825988,-9.908730190433696e-15,0.002578128364090089,5.785847803637818e-14,0.37892391174774814,3.826425121304454e-16,1.27580735913212e-14,-0.9691011697446211,6.397395833007981e-16,-3.446321261851686e-16,0.03260547271529513,-3.7784812537637284e-17,68.68954906426494,-9.71258572136174e-06,0.0016167109919964526,1.2201679400693385e-06,5404.570797009197,5412.532493825066,5784.12537929609,5776.664654240376,0.2409448994133439,0.15494675310082928,0.9691011697446963,0
4.161999999999764,0.0,0.0,1.0,0.0,0.23780953064462793,1.3907629453943628e-14,1.0004374542202656,-0.1582056062493345,2.4437520893417645e-15,-0.0017287266726380337,0.07039848551938993,-9.888305955361222e-15,0.002582466772746982,5.773941570203003e-14,0.4110504973799128,4.142296719346329e-16,1.2468856488405946e-14,-0.931603679501384,6.128683264697562e-16,-1.7646196089181103e-16,0.0328144542613963,-2.2085348239612668e-17,68.68984495604127,-8.491042166767076e-06,0.0014140297936968112,1.194724921318809e-06,5404.54364203423,5412.505068676729,5784.173970205104,5776.713831979215,0.23780993299610734,0.15821505094215327,0.9316036795013727,0
4.1819999999997615,0.0,0.0,1.0,0.0,0.2346106738227922,1.3956005580395419e-14,1.0004032665680074,-0.16134469172418608,2.3977460843465785e-15,-0.0016931919708357917,0.0757772916145855,-9.857724676368079e-15,0.002580401292064094,5.756109379161882e-14,0.442455756769613,4.445001778865451e-16,1.2214370598874164e-14,-0.8938843863553004,5.887874026387251e-16,-2.8267734460239495e-16,0.032995434978368376,-3.578554373157399e-17,68.69011093423516,-7.28083377054925e-06,0.0012132221426453139,1.168101058046642e-06,5404.515665357728,5412.476829702571,5784.220963911909,5776.761415031578,0.23461102040507276,0.16135357587181867,0.8938843863554891,0
4.201999999999759,0.0,0.0,1.0,0.0,0.23135046957808672,1.4003503834446784e-14,1.000369815668938,-0.16435329027718767,2.3577074738986447e-15,-0.0016553121364793258,0.08103039604545281,-9.832461429481741e-15,0.002572149607217936,5.741387083299354e-14,0.4731271381588846,4.740969041256915e-16,1.1889556240313734e-14,-0.855975208079907,5.522146737380332e-16,-2.4652570736303833e-16,0.03314868557894303,-3.6132380006552104e-17,68.69034697612318,-6.082790596613431e-06,0.001014425748573392,1.1403104421438638e-06,5404.486892423899,5412.447802556432,5784.266334942508,5776.807377530194,0.23135076515462452,0.16436162594476453,0.8559752080800824,0
4.221999999999757,0.0,0.0,1.0,0.0,0.22803153435797538,1.4050249513683616e-14,1.000337146664874,-0.16723080836894114,2.320600288627095e-15,-0.0016152476012080861,0.08615576583006597,-9.813172377651704e-15,0.0025579411761695674,5.730157581652371e-14,0.5030528174601219,5.030972448078392e-16,1.1667926576725847e-14,-0.8179077403483711,5.225257137204275e-16,-1.5296513140970517e-16,0.03327449553780304,-2.931914513443595e-17,68.69055315020645,-4.897714239619752e-06,0.000817773623718963,1.1113717136244416e-06,5404.457351379103,5412.418015567713,5784.310062512608,5776.851698283055,0.22803178359502024,0.16723860885735303,0.8179077403484207,0
4.241999999999755,0.0,0.0,1.0,0.0,0.22465649528460477,1.4096255025634264e-14,1.0003053014650298,-0.1699767610187895,2.2828457533434086e-15,-0.0015731608932692458,0.09115149295314036,-9.79060410773807e-15,0.002538016216903381,5.717017306681093e-14,0.5322216964551785,5.310472984837063e-16,1.1544254067383784e-14,-0.7797132356439687,4.986370389703819e-16,-9.502970412076975e-17,0.033373172441495236,-2.4836619672511876e-17,68.69072961327538,-3.72637800066088e-06,0.0006233941112087309,1.0813079158842172e-06,5404.427072961579,5412.387499631693,5784.3521303983825,5776.894360644923,0.22465670273229374,0.1699840407851125,0.7797132356439848,0
4.261999999999753,0.0,0.0,1.0,0.0,0.22122798799696822,1.4141433110428176e-14,1.0002743187100958,-0.172590770581436,2.239255499866319e-15,-0.0015292160926069587,0.09601579398671374,-9.761165957806933e-15,0.0025126246897510646,5.699869214223182e-14,0.5606234004472158,5.577075831293453e-16,1.1362216659230279e-14,-0.7414225829130058,4.74700480876665e-16,-2.1526468928332923e-16,0.033445041342333774,-2.8638266170115045e-17,68.69087660728418,-2.5695270674365012e-06,0.0004314109140979485,1.0501463388587509e-06,5404.396090383772,5412.3562880925065,5784.392526799118,5776.9353523807795,0.22122815807202623,0.17259754514984205,0.7414225829129506,0
4.2819999999997505,0.0,0.0,1.0,0.0,0.21774865451831468,1.4185756833989715e-14,1.0002442337471027,-0.17507256545333347,2.199019361335085e-15,-0.0014835782961294041,0.1007470096136921,-9.733345309364445e-15,0.002482025278175086,5.683669011964551e-14,0.5882482753785052,5.83524613068537e-16,1.105747937809801e-14,-0.7030662879555413,4.475547648154156e-16,-2.648188000980827e-16,0.03349044411639034,-3.1253687070801826e-17,68.69099445605163,-1.4278786990362353e-06,0.00024194312514135068,1.0179183511212593e-06,5404.364439207928,5412.324416619443,5784.431244192398,5776.974665521895,0.21774879148840204,0.1750788513184059,0.7030662879553596,0
4.301999999999748,0.0,0.0,1.0,0.0,0.21422114115017835,1.4229304182140898e-14,1.0002150786148585,-0.17742197871140203,2.1602862251705136e-15,-0.0014364130945574247,0.10534360405663974,-9.708722465098907e-15,0.0024464843712430962,5.6693392234363075e-14,0.6150873844273086,6.086088860650649e-16,1.0721311605383005e-14,-0.6646744545491717,4.1580765241308683e-16,-3.0364603145869906e-16,0.033509738825678856,-3.4391584998409374e-17,68.69108356180368,-3.021224154731397e-07,5.5105257361398545e-05,9.846592218838836e-07,5404.332157215621,5412.29192307719,5784.468279182498,5777.012296215136,0.21422124911991153,0.1774277932355791,0.6646744545490513,0
4.321999999999746,0.0,0.0,1.0,0.0,0.21064809639435428,1.4272122319953045e-14,1.0001868820397077,-0.1796389466866272,2.1257177806010013e-15,-0.0013878860621776147,0.10980416441421245,-9.688342721753356e-15,0.002406275050964096,5.657489994782686e-14,0.6411325040968948,6.330527419211987e-16,1.0395177542055395e-14,-0.6262767663009865,3.8610471194336223e-16,-2.553040586727843e-16,0.033503299084648074,-2.8947155369056164e-17,68.69114440157429,8.070798069670453e-07,-0.00012899272452848696,9.50407933878661e-07,5404.299284271816,5412.258847390684,5784.50363234265,5777.048244566223,0.21064817929301438,0.17964430799333017,0.6262767663007776,0
4.341999999999744,0.0,0.0,1.0,0.0,0.20703216890409476,1.431428391656467e-14,1.0001596694413393,-0.18172350747508692,2.0930986366699285e-15,-0.0013381622607383894,0.11412739990765203,-9.669910445009854e-15,0.002361676087512265,5.646780554230274e-14,0.6663761198096855,6.5673159787976e-16,1.016172203952401e-14,-0.5879024692226954,3.623371113822044e-16,-1.8170624680012328e-16,0.03347151343110756,-2.7676633053229025e-17,68.69117752348019,1.8990933348292003e-06,-0.000310245371796283,9.152069881526206e-07,5404.2658621841265,5412.225231405171,5784.537308051861,5777.082514477532,0.2070322304750256,0.18172843433894445,0.5879024692227105,0
4.361999999999742,0.0,0.0,1.0,0.0,0.20337600546574958,1.4355720982443577e-14,1.0001334629483554,-0.18367579938894543,2.0547576157735632e-15,-0.0012874057586442914,0.11831214103977473,-9.647096816946192e-15,0.002312970945243167,5.633514869492803e-14,0.6908114210194509,6.79212702400282e-16,9.882583506367545e-15,-0.5495803550237549,3.3781418113097094e-16,-2.917107002631096e-16,0.03341478470171261,-2.9645923669223064e-17,68.69118354288551,2.973310670597362e-06,-0.0004885517184144886,8.791022016147199e-07,5404.2319345579135,5412.19111874214,5784.569314326908,5777.115113481167,0.20337604925743635,0.18368031112439764,0.5495803550237345,0
4.381999999999739,0.0,0.0,1.0,0.0,0.1996822490120229,1.43964546432962e-14,1.0001082814232718,-0.18549605934994534,2.021915437903083e-15,-0.001235779166517866,0.12235733866890396,-9.626398212425117e-15,0.0022604468023089746,5.621486232834974e-14,0.714432295854437,7.009359637700413e-16,9.561597896327872e-15,-0.5113387451171901,3.1420843241354653e-16,-2.750235277859507e-16,0.033333529412146325,-2.365635718754414e-17,68.69116313847184,4.029151239433489e-06,-0.0006638152467987274,8.421424984320354e-07,5404.197546647808,5412.15655465172,5784.599662650201,5777.146052567898,0.19968227837083125,0.18550017569939617,0.5113387451175447,0
4.401999999999737,0.0,0.0,1.0,0.0,0.19595353666796955,1.4436526332681056e-14,1.0000841404966245,-0.18718462122791776,1.9884745161591113e-15,-0.0011834431901132495,0.1262620630002077,-9.606550315524166e-15,0.0022043935865078443,5.609956072336757e-14,0.7372333253042432,7.218214817725549e-16,9.230184465457793e-15,-0.4732054753326471,2.9234982286301164e-16,-3.0888424583484546e-16,0.03322817714213416,-2.5221728284178708e-17,68.69111704822903,5.06606117014717e-06,-0.0008359438525284141,8.043796960482349e-07,5404.162745206304,5412.12158586216,5784.628367794129,5777.175346012609,0.19595355473251425,0.18718836225049695,0.4732054753325865,0
4.421999999999735,0.0,0.0,1.0,0.0,0.19219249783080233,1.447600292809127e-14,1.0000610526098117,-0.18874191412681846,1.961031333070693e-15,-0.001130556201479378,0.13002550249691433,-9.592479076970034e-15,0.0021451030299148195,5.6018007727818536e-14,0.759209776963232,7.422566716667709e-16,8.963207223680532e-15,-0.43520788133103555,2.809785473276749e-16,-1.9928376610132722e-16,0.03309916992543806,-1.118944166678507e-17,68.69104606538221,6.083513069246677e-06,-0.00100484980802589,7.658682868307899e-07,5404.127578330027,5412.086260426995,5784.655447642544,5777.203011196916,0.1921925075279058,0.18874530008871748,0.4352078813310057,0
4.441999999999733,0.0,0.0,1.0,0.0,0.18840175228453265,1.4514870733302243e-14,1.0000390270663089,-0.19016846062078493,1.9281591634576163e-15,-0.0010772738291843261,0.1336469627138878,-9.574004099140808e-15,0.0020828677446591594,5.591074974060723e-14,0.7803575983432036,7.614702142517126e-16,8.705598254158788e-15,-0.3973727847149777,2.713096280710367e-16,-2.7189213507137794e-16,0.03294696164497374,-1.6301238069619727e-17,68.69095103426953,7.0810057889996605e-06,-0.001170449725171921,7.266652161933057e-07,5404.092095304232,5412.050627570493,5784.680923009984,5777.229068429543,0.18840175632672407,0.19017151188803774,0.39737278471518994,0
4.461999999999731,0.0,0.0,1.0,0.0,0.18458390835041605,1.4553130794826565e-14,1.0000180700908619,-0.19146487494269496,1.9019914493574374e-15,-0.0010237485683275778,0.13712586505605306,-9.55984335303627e-15,0.002017980322105123,5.582869543741306e-14,0.800673409768055,7.801464165915911e-16,8.430136177335208e-15,-0.3597264798290879,2.629962843425004e-16,-1.7916162430129977e-16,0.03277201743320169,-6.2122489636644935e-18,68.69083284618516,8.058064188066444e-06,-0.0013326645168417496,6.868296580368025e-07,5404.056346446152,5412.014737531913,5784.704817459277,5777.253540765064,0.18458390923491402,0.1914676118771866,0.35972647982891304,0
4.481999999999728,0.0,0.0,1.0,0.0,0.18074156107412667,1.459085133782067e-14,0.999998184896255,-0.19263186112768887,1.872231726025969e-15,-0.0009701294109806722,0.14046174546416407,-9.543778174956654e-15,0.0019507324575372589,5.5735526174744336e-14,0.8201544968630782,7.977931666327673e-16,8.216601260799015e-15,-0.3222947212439525,2.5619392044305304e-16,-2.1480758964740922e-16,0.03257481307794198,-1.245828346924486e-17,68.6906924352021,9.014238886511072e-06,-0.001491419357349381,6.464227883934683e-07,5404.020382947716,5411.978641409198,5784.727157118071,5777.27645382162,0.1807415610832408,0.19263430398709172,0.3222947212442078,0
4.501999999999726,0.0,0.0,1.0,0.0,0.17687729045053333,1.462801470235233e-14,0.9999793717572413,-0.1936702111141025,1.8452032434922627e-15,-0.0009165614976136447,0.14365425303041357,-9.530270665214686e-15,0.0018814141023028464,5.5657297927602486e-14,0.8387988026515626,8.147826532381468e-16,8.011365790412239e-15,-0.28510271191749326,2.4620016275135426e-16,-1.941279510902897e-16,0.03235583443376495,-1.6028398592913755e-17,68.69053077398789,9.949106013257749e-06,-0.0016466436417924453,6.055075580101176e-07,5403.984256718207,5411.94239100258,5784.7479704949155,5777.297835598157,0.1768772916534136,0.19367237995635808,0.28510271191762615,0
4.521999999999724,0.0,0.0,1.0,0.0,0.17299365968690295,1.4664630888445097e-14,0.9999616280912086,-0.1945808028042355,1.818072713817204e-15,-0.0008631857899794454,0.14670314854638217,-9.515393682205565e-15,0.0018103126452286,5.557107376415051e-14,0.8566049192713125,8.307886240822722e-16,7.808355442038995e-15,-0.24817509202723373,2.3497551156158674e-16,-1.9504139142060873e-16,0.03211557683911177,-1.8098438695786016e-17,68.6903488696273,1.0862266947553779e-05,-0.0017982709442923824,5.641484647299667e-07,5403.948020227388,5411.906038658661,5784.767288295435,5777.317716291762,0.17299366394255997,0.19458271739712346,0.24817509202714558,0
4.541999999999722,0.0,0.0,1.0,0.0,0.1690932135053078,1.47007211268917e-14,0.9999449485451477,-0.19536459808736142,1.792548887058474e-15,-0.000810138765848862,0.14960830298582534,-9.50332532767543e-15,0.0017377121249747883,5.550125192810285e-14,0.873572079323689,8.461786544032762e-16,7.6190001692849e-15,-0.21153592846680033,2.2158742146531452e-16,-1.6792408562392203e-16,0.03185454453929674,-1.483070755802333e-17,68.69014775946422,1.1753348053241929e-05,-0.0019462389751285238,5.22411326390239e-07,5403.91172634959,5411.869637115459,5784.785143239127,5777.336128115626,0.16909322246682237,0.19536627782362082,0.21153592846673894,0
4.56199999999972,0.0,0.0,1.0,0.0,0.16517847648496556,1.4736302625783097e-14,0.9999293250884838,-0.1960226408273619,1.7681355171054626e-15,-0.0007575521359054505,0.15236969592479432,-9.491526898638927e-15,0.001663892474839265,5.5433004002279586e-14,0.8897001468677712,8.607400099735531e-16,7.452515066743531e-15,-0.1752087049998261,2.1201773898965149e-16,-1.2710831905874997e-16,0.03157325011554771,-1.111417093096027e-17,68.6899285069755,1.262200040688071e-05,-0.0020904895367686227,4.803630549354581e-07,5403.87542820924,5411.83323934891,5784.80156987733,5777.353105118164,0.1651784916048014,0.19602410464575917,0.1752087049993337,0
4.581999999999717,0.0,0.0,1.0,0.0,0.16125195144519403,1.477137851202612e-14,0.9999147471113218,-0.1965560548173436,1.7428243023927567e-15,-0.0007055525830318963,0.15498741390158005,-9.478112291911072e-15,0.0015891288013867057,5.5355312349449795e-14,0.9049896080722009,8.743034802725302e-16,7.296127108786072e-15,-0.1392163130642388,2.0846386319016327e-16,-1.2630638892187103e-16,0.031272213920233806,-6.518712260244679e-18,68.68969219768852,1.3467899518950343e-05,-0.0022309684787975145,4.3807143248850016e-07,5403.839179028342,5411.796898421292,5784.816604412833,5777.368683003756,0.16125197398152447,0.19655732113001032,0.139216313063488,0
4.601999999999715,0.0,0.0,1.0,0.0,0.15731611786961444,1.480594894560835e-14,0.9999012015276612,-0.19696604170357201,1.7156772623514896e-15,-0.0006542615241431235,0.15746164871896473,-9.463890621325334e-15,0.001513690698120003,5.527290004710542e-14,0.9194415615372636,8.869417752391783e-16,7.131827405725577e-15,-0.10358104321974773,2.07543573523016e-16,-1.9245144927097532e-16,0.03095196351843636,-6.1286976337473305e-18,68.68943993515396,1.4290745048634135e-05,-0.0023676256517536826,3.956048900234648e-07,5403.803031976311,5411.760667332004,5784.830284521652,5777.3828989556305,0.15731614889357215,0.1969671283298694,0.10358104321868626,0
4.621999999999713,0.0,0.0,1.0,0.0,0.15337343037219234,1.4840017764036273e-14,0.9998886728831218,-0.19725387888102938,1.693868567839196e-15,-0.0006037948946442714,0.15979269569125687,-9.454260373696422e-15,0.0014378415952781335,5.5217294571077436e-14,0.9330577082997681,8.991699839596753e-16,6.948485972330268e-15,-0.06832457723116582,2.112814534257359e-16,-1.2354395020659526e-16,0.030613033136011943,5.099320393303287e-18,68.68917283698444,1.5090260512145816e-05,-0.0025004148598794726,3.530322892527589e-07,5403.7670400226125,5411.724598871147,5784.8426491773635,5777.395791461324,0.15337347077594835,0.19725480298813158,0.06832457723380812,0
4.641999999999711,0.0,0.0,1.0,0.0,0.14942631720565788,1.4873640660314012e-14,0.9998771434667353,-0.19742091736287615,1.6717669718748403e-15,-0.000554262955520489,0.16198095183857508,-9.443059431385746e-15,0.0013618381466821616,5.5152504838722974e-14,0.9458403415332578,9.104177511294054e-16,6.815877729833291e-15,-0.033467980780031575,2.2108783477473774e-16,-8.145600791728303e-17,0.030255963114298286,7.557613294142609e-18,68.68889203096946,1.5866192984968148e-05,-0.002629293812797338,3.104227083662609e-07,5403.731255792609,5411.688745476292,5784.853738478503,5777.407400141133,0.14942636771123646,0.19742169541320284,0.033467980780571095,0
4.661999999999709,0.0,0.0,1.0,0.0,0.14547717881280303,1.4906830897213578e-14,0.9998665934263429,-0.19746857962606582,1.6497708243391076e-15,-0.0005057701229938808,0.16402691403083258,-9.43325302658815e-15,0.0012859296544311765,5.5095847411031276e-14,0.9577923359560564,9.209739902888563e-16,6.740921175838731e-15,0.0009683032031733338,2.364270592752783e-16,-4.5955591207115614e-17,0.029881299371611228,1.0525400430282774e-17,68.68859865127628,1.6618312797267704e-05,-0.0027542240761247684,2.678452321393282e-07,5403.695731426982,5411.653159092821,5784.863593479399,5777.417765579993,0.14547723998153855,0.1974692273316357,0.0009683031568211646,0
4.681999999999706,0.0,0.0,1.0,0.0,0.14152838642110793,1.4939575934736702e-14,0.9998570008871552,-0.1973983574353341,1.626422880802756e-15,-0.0004584148206152567,0.1659311770838633,-9.423569611825631e-15,0.0012103575320860029,5.503989411776447e-14,0.968917136959692,9.30723961153104e-16,6.6932745499390344e-15,0.03496446059408671,2.5280341772439125e-16,-5.466411481475599e-17,0.029489592871679075,1.1703262423877975e-17,68.6882938347459,1.7346413223669627e-05,-0.00287517102104098,2.2536874701297085e-07,5403.660518445105,5411.617891038184,5784.872256024827,5777.426929163164,0.14152845866365082,0.19739888971905512,0.03496446059696117,0
4.701999999999704,0.0,0.0,1.0,0.0,0.13758228068110503,1.4971867333560295e-14,0.9998483420730248,-0.19721180964775017,1.6037553363865604e-15,-0.0004122893535924903,0.1676944318101123,-9.411757228943955e-15,0.0011353548068583467,5.4971490249786054e-14,0.9792187494701717,9.394495364019983e-16,6.655103663606153e-15,0.06850131152484794,2.730862802787095e-16,-4.835481711241109e-17,0.029081399099158224,1.3937057712377014e-17,68.68797871729274,1.80503101667124e-05,-0.0029921037728223385,1.8306174156873446e-07,5403.625667612697,5411.582991870427,5784.879768588862,5777.434932916051,0.13758236426788567,0.19721224061160997,0.06850131152585051,0
4.721999999999702,0.0,0.0,1.0,0.0,0.1336411703488457,1.5003642216090446e-14,0.9998405914299888,-0.19691055999998686,1.5794132984661686e-15,-0.0003674798050947837,0.16931746302629774,-9.397140639041914e-15,0.0010611456611798768,5.488668993179936e-14,0.9887017265546078,9.470832304813263e-16,6.516407560889512e-15,0.10156031523800545,2.875689571274748e-16,-9.801092424654113e-17,0.028657277542373037,1.1964982052052398e-17,68.68765443041579,1.8729841834383195e-05,-0.0031049951583629614,1.40992112921229e-07,5403.591228814056,5411.548511261289,5784.886174118268,5777.441819348556,0.1336412654209073,0.19691090290005675,0.10156031523687975,0
4.7419999999997,0.0,0.0,1.0,0.0,0.12970733101279133,1.5035029068639728e-14,0.9998337217516488,-0.19649629488043183,1.5604562826723413e-15,-0.00032406595421220194,0.17080114752043246,-9.391434590118986e-15,0.0009879450138916715,5.485391525239095e-14,0.997371157785648,9.548164012606252e-16,6.4742859817105925e-15,0.13412357435231514,3.0791815192875976e-16,-6.904927801606574e-18,0.028217791183418335,1.289891380343141e-17,68.687322097829,1.938486841170445e-05,-0.0032138216526994955,9.922697943082793e-08,5403.557250929181,5411.514497874156,5784.891515880738,5777.447631304218,0.12970743759290634,0.19649656210855268,0.13412357435352468,0
4.761999999999698,0.0,0.0,1.0,0.0,0.1257830038654101,1.506597635248897e-14,0.9998277043059547,-0.19597076108822908,1.538152936165444e-15,-0.0002821212151921706,0.1721464519805729,-9.379026180131366e-15,0.0009159581411736265,5.478197297889982e-14,1.0052326573761718,9.610795705926583e-16,6.437028621308219e-15,0.16617383854895273,3.2507383107201876e-16,-1.1763671417383111e-17,0.027763505995761505,1.2796768406256117e-17,68.68698283221715,2.001527172740215e-05,-0.0033185633245584266,5.783250013996801e-08,5403.52378171604,5411.4809992471255,5784.895837318242,5777.45241181444,0.12578312186939852,0.19597096416020365,0.166173838550038,0
4.781999999999695,0.0,0.0,1.0,0.0,0.1218703945197169,1.5096502119384113e-14,0.9998225089629745,-0.1953357635813026,1.5152394108402673e-15,-0.000241712597521219,0.17335443088764219,-9.369002002447791e-15,0.0008453803372005029,5.4723935139093076e-14,1.0122923520966651,9.668031310947493e-16,6.4332332425427945e-15,0.19769450768682015,3.464560249928268e-16,-3.5248520465483e-17,0.027294990449479313,1.422897237105515e-17,68.68663773212383,2.062095491365791e-05,-0.003419203780948565,1.6873701323722543e-08,5403.490867698192,5411.448061681438,5784.89918190581,5777.456203958093,0.12187052376788929,0.1953359131313808,0.19769450768729221,0
4.801999999999693,0.0,0.0,1.0,0.0,0.11797167187095532,1.5126557637222546e-14,0.9998181043232387,-0.19459316321538048,1.4905003397783774e-15,-0.00020290068636895153,0.17442622437465125,-9.353884448597152e-15,0.000776396614395043,5.4636124207969595e-14,1.0185568689876805,9.712245643259262e-16,6.380854696639143e-15,0.22866963435577536,3.6478362076768105e-16,-1.1434215315047302e-16,0.026812815024258654,7.889967529184151e-18,68.68628787897677,2.120184206184434e-05,-0.003515730110817778,-2.358568955361104e-08,5403.458554058062,5411.415730135475,5784.901593015913,5777.459050726699,0.11797181209960952,0.19459326899678783,0.22866963435526902,0
4.821999999999691,0.0,0.0,1.0,0.0,0.1140889670035795,1.5156128676901078e-14,0.9998144578462554,-0.19374487447599795,1.4711466804782075e-15,-0.00016573964286242422,0.17536305605461638,-9.343678631962192e-15,0.0007091814430267591,5.4576978850132174e-14,1.0240333228797383,9.753889389300885e-16,6.249330676547638e-15,0.2590839258767678,3.768536991509584e-16,-4.924025792162567e-17,0.026317551730291256,1.2756978186525894e-17,68.6859343342557,2.1757877871869418e-05,-0.003608132827799408,-6.348340216863551e-08,5403.4268845359475,5411.384048124528,5784.90311378873,5777.4609948954185,0.11408911787648578,0.19374494536722608,0.2590839258774551,0
4.841999999999689,0.0,0.0,1.0,0.0,0.11022437214365512,1.5185333134774008e-14,0.9998115359788071,-0.19279286320542355,1.4505653045192327e-15,-0.00013027722361796248,0.17616623081944902,-9.333763396525658e-15,0.000643898529809023,5.451950621500946e-14,1.0287293037330134,9.78829519034395e-16,6.220277380725903e-15,0.288922745757996,3.971199529288308e-16,-2.6848230453282542e-17,0.025809773637186454,1.526029258257768e-17,68.68557813680704,2.2289027297400966e-05,-0.0036964058120701666,-1.0275877365920132e-07,5403.39590133503,5411.353057626497,5784.903787008421,5777.46207890003,0.11022453326347206,0.19279290722197265,0.288922745758305,0
4.861999999999687,0.0,0.0,1.0,0.0,0.10637993965675958,1.5214105558233808e-14,0.9998093042826521,-0.1917391443264118,1.4281802159447937e-15,-9.655481890833608e-05,0.17683713261206419,-9.32268277973976e-15,0.0005807006350076032,5.445520102815111e-14,1.0326528638090917,9.8140343649912e-16,6.181063967683011e-15,0.31817211461636413,4.1613216983597996e-16,-5.978260616600572e-17,0.02529005441102231,1.1915691510785774e-17,68.68522030030904,2.2795275185390504e-05,-0.003780546251343645,-1.413528907407673e-07,5403.365645032474,5411.322798993655,5784.90365498562,5777.462344720071,0.10638011057633107,0.19173916863765114,0.31817211461612455,0
4.881999999999684,0.0,0.0,1.0,0.0,0.102557681091425,1.524246155811125e-14,0.9998077275612627,-0.19058577956464817,1.4082007348218746e-15,-6.460750881406511e-05,0.17737722217392815,-9.312311529045659e-15,0.0005197294275071174,5.43950131915925e-14,1.0358125046870321,9.83317904405577e-16,6.15432440677707e-15,0.3468187105736266,4.381108605372025e-16,-2.607551956495213e-17,0.024758967859654275,1.704602777076993e-17,68.68486181089101,2.327662591105737e-05,-0.003860554581025448,-1.792087234163113e-07,5403.336154496761,5411.2933108706375,5784.902759446265,5777.4618337682605,0.10255786132491809,0.19058579051543914,0.3468187105739376,0
4.901999999999682,0.0,0.0,1.0,0.0,0.09875956626812914,1.5270424738205922e-14,0.9998067699852483,-0.18933487517171335,1.3884426410063136e-15,-3.446413666560535e-05,0.17778803477023758,-9.304412752244124e-15,0.0004611153771598554,5.434924091256161e-14,1.0382171641359423,9.847710846258518e-16,6.175041627781139e-15,0.37484986913676094,4.639134981133057e-16,1.1951136911500964e-17,0.02421708748639625,2.0598036718158315e-17,68.68450362490874,2.373310300829279e-05,-0.003936434423555487,-2.162712500656485e-07,5403.307466811353,5411.264630118698,5784.901141426885,5777.460586786338,0.09875975530198317,0.18933487830842208,0.37484986913633794,0
4.92199999999968,0.0,0.0,1.0,0.0,0.09498752241380479,1.5298001271165384e-14,0.9998063952161284,-0.18798857965035357,1.3695297031129958e-15,-6.147399054118057e-06,0.17807117789489185,-9.294686607934517e-15,0.00040497768365674465,5.42927674273988e-14,1.0398762028561892,9.853196496277845e-16,6.2558941348624795e-15,0.40225358257223515,4.95349264352079e-16,7.834160642234736e-17,0.02366498605218443,2.517239410409191e-17,68.68414666687866,2.4164748795621304e-05,-0.004008192526964533,-2.5248757385901946e-07,5403.279617204761,5411.23679174637,5784.898841176436,5777.458643747392,0.09498771971747404,0.18798857975086636,0.40225358257237287,0
4.941999999999678,0.0,0.0,1.0,0.0,0.09124343334180218,1.532515221784151e-14,0.9998065665281272,-0.18654908148380328,1.3486516826633656e-15,2.0326048340899397e-05,0.17822832895739085,-9.282890339970708e-15,0.00035142424107333277,5.422417411642012e-14,1.0407993911013171,9.849483523402707e-16,6.340467734519524e-15,0.429018498783954,5.266591291294477e-16,9.708637778244923e-17,0.02310323514632956,2.691259280103977e-17,68.68379182757194,2.457162399762161e-05,-0.004075838702670891,-2.8780703030585344e-07,5403.2526389870845,5411.209828846541,5784.8958980647585,5777.456043764775,0.09124363837828882,0.18654908259114789,0.4290184987837523,0
4.961999999999676,0.0,0.0,1.0,0.0,0.087529138677204,1.5351877519158827e-14,0.9998072469276879,-0.1850186068708675,1.3259540186025988e-15,4.4945469884186096e-05,0.17826123295375906,-9.268050089351983e-15,0.0003005516371579332,5.413777184542569e-14,1.040996895192664,9.835654962368581e-16,6.439419082312051e-15,0.45513391970479233,5.601901584617061e-16,7.349413850916467e-17,0.022532404765964527,2.6113427379700705e-17,68.68343996226966,2.4953807362436027e-05,-0.004139385762547567,-3.2218128592154415e-07,5403.226563493042,5411.183772539999,5784.8923504976965,5777.452825007608,0.08752935091339416,0.18501861233003528,0.4551339197044054,0
4.981999999999673,0.0,0.0,1.0,0.0,0.0838464331273601,1.5378103034133734e-14,0.9998083992704091,-0.1833994174684293,1.2991344889325853e-15,6.770591487679645e-05,0.1781717001235651,-9.250199002232622e-15,0.000252445186357592,5.403375378701344e-14,1.0404792639385971,9.811876341089567e-16,6.440946581021554e-15,0.48058979921174466,5.877201433581386e-16,-6.178111603054823e-17,0.021953062904281347,1.7416499653108228e-17,68.68309188917954,2.5311395275224297e-05,-0.004198849455286148,-3.555644279200037e-07,5403.201420031513,5411.158651925455,5784.888235838918,5777.449024622949,0.08384665204419584,0.18339942996599015,0.48058979921186673,0
5.001999999999671,0.0,0.0,1.0,0.0,0.0801970657974751,1.54038389824017e-14,0.9998099863751316,-0.18169380814300776,1.2764859324539687e-15,8.860806902710664e-05,0.17796160359507354,-9.23567514473193e-15,0.00020717899550044093,5.394914273714449e-14,1.0392574149701914,9.785009082470008e-16,6.36159773875143e-15,0.5053767405748196,6.08831040202466e-16,-8.302584075996719e-17,0.021365775147657865,1.4429143197150292e-17,68.6827483880143,2.5644501367774104e-05,-0.0042542484020887715,-3.8791304496533996e-07,5403.17723584161,5411.134494036054,5784.88359033842,5777.444678664599,0.08019729090001848,0.18169382974910847,0.5053767405744755,0
5.021999999999669,0.0,0.0,1.0,0.0,0.0765827395510503,1.542915033369371e-14,0.9998119711349147,-0.17990410473295065,1.2575405091530575e-15,0.00010765809333503426,0.1776328770205327,-9.224104609137657e-15,0.0001648160609871441,5.388175481311654e-14,1.0373426210050918,9.754782584176122e-16,6.299659946976867e-15,0.5294859934499282,6.304011254386621e-16,-6.371012441766065e-18,0.020771104281762345,1.8453701661416485e-17,68.68241019873062,2.595325612478897e-05,-0.00430560403171739,-4.1918629893235034e-07,5403.154036055188,5411.111323802304,5784.878449067714,5777.4398220285175,0.07658297037852546,0.17990413694528967,0.5294859934496321,0
5.041999999999667,0.0,0.0,1.0,0.0,0.0730051104149504,1.5454025108470212e-14,0.9998143166246586,-0.17803266182280467,1.2350329463907089e-15,0.00012486745123797572,0.1771875122035679,-9.21094066510054e-15,0.00012540839629335016,5.3805030897678794e-14,1.0347464960511819,9.71651687092538e-16,6.227417670887597e-15,0.5529094504261036,6.492538451994783e-16,-3.767583228924352e-17,0.02016960990672356,1.4228294744697353e-17,68.68207802042852,2.6237806486530532e-05,-0.004352940514931211,-4.4934598774968995e-07,5403.131843665836,5411.0891640214395,5784.872845861667,5777.434488394859,0.07300534655088611,0.178032705612181,0.552909450425869,0
5.0619999999996645,0.0,0.0,1.0,0.0,0.06946578702883478,1.5478478166521592e-14,0.99981698620515,-0.1760818605313656,1.2138512138075113e-15,0.00014025272487634962,0.17662755672061672,-9.196210411725335e-15,8.899718851340937e-05,5.371912938062796e-14,1.0314809815615873,9.670392436702495e-16,6.160831423239486e-15,0.5756396431375019,6.649891803009902e-16,-3.8134666648639384e-17,0.01956184806144856,1.2141313982880006e-17,68.6817525104089,2.6498315448138723e-05,-0.004396284698343402,-4.783565993780396e-07,5403.110679504213,5411.068035333112,5784.866813266903,5777.428710176523,0.06946602811147717,0.17608191638840748,0.5756396431374744,0
5.081999999999662,0.0,0.0,1.0,0.0,0.06596633013866354,1.5502516434165e-14,0.9998199436233203,-0.17405410631486837,1.1931796390040494e-15,0.0001538354213448494,0.17595511153830656,-9.185322382360866e-15,5.5612982642137604e-05,5.3655644168724414e-14,1.0275583325524096,9.622235567750448e-16,6.105288570304386e-15,0.5976697379507037,6.819280932452704e-16,-2.8168680279152625e-17,0.018948370857168058,1.6250765477251813e-17,68.68143428338803,2.6734961656031257e-05,-0.004435666037729865,-5.061853569962562e-07,5403.090562219693,5411.047956201337,5784.860382496745,5777.422518474179,0.06596657587189086,0.174054174297557,0.5976697379504072,0
5.10199999999966,0.0,0.0,1.0,0.0,0.06250825213395998,1.5526172740364598e-14,0.999823153108527,-0.17195182678673784,1.1731053918349917e-15,0.00016564176979806273,0.17517232862864215,-9.170790523441363e-15,2.5275892237934202e-05,5.3570846216338096e-14,1.0229911036944768,9.564332295072886e-16,6.107867706500156e-15,0.6189935312379471,6.99865223010055e-16,-7.371514206535674e-18,0.01832972612027901,1.1187161860984135e-17,68.68112391086598,2.694793900174901e-05,-0.004471116530821541,-5.328022555024968e-07,5403.071508268192,5411.0289429026125,5784.853583392567,5777.415943037653,0.06250850229901318,0.17195190656835474,0.6189935312381893,0
5.121999999999658,0.0,0.0,1.0,0.0,0.05909301662848297,1.554942069927159e-14,0.9998265794646857,-0.16977746955527745,1.1522900382709313e-15,0.0001757025102832518,0.17428140858383237,-9.1602547535718e-15,-2.004164926677624e-06,5.350936421298116e-14,1.017792135390238,9.504809311640018e-16,6.125484710050407e-15,0.6396054442469904,7.16942079824708e-16,-3.751579993041074e-18,0.01770645704455961,1.350789661118936e-17,68.6808219206471,2.713745621244723e-05,-0.004502670649615071,-5.581800895112108e-07,5403.0535319060955,5411.011009520089,5784.846444391452,5777.409012233595,0.05909327109693822,0.1697775604724172,0.6396054442470817,0
5.141999999999656,0.0,0.0,1.0,0.0,0.05572203808393557,1.5572237519709473e-14,0.9998301881580945,-0.16753350008063378,1.1314158260814322e-15,0.00018405267517004913,0.17328459823255252,-9.145635896494598e-15,-2.622720765068265e-05,5.342400440234511e-14,1.0119745398468136,9.435410749943963e-16,6.123731541756309e-15,0.6595005175783766,7.348943165637653e-16,-1.237965676350681e-18,0.0170791018528148,1.5047572116336025e-17,68.68052879650871,2.7303736439850345e-05,-0.00453036527223434,-5.822944728792812e-07,5403.036645190148,5410.994167943664,5784.838992500051,5777.401753019269,0.0557222968324998,0.16753360118094207,0.6595005175781233,0
5.1619999999996535,0.0,0.0,1.0,0.0,0.05239668147631029,1.559459723850566e-14,0.9998339454008148,-0.16522239955233356,1.1080318078353736e-15,0.00019073136404322552,0.1721841882594014,-9.128476102081098e-15,-4.740290998143183e-05,5.332377574095732e-14,1.0055516871560457,9.357942346704666e-16,6.0581127918903155e-15,0.6786744052809495,7.479681140945548e-16,-7.462739389145998e-17,0.016448193468016438,7.483527239773654e-18,68.68024497801495,2.7447016846089343e-05,-0.004554239614378381,-6.051238500773182e-07,5403.020857983119,5410.978427875855,5784.831253274494,5777.394190922365,0.05239694460424031,0.16522250964164714,0.6786744052807097,0
5.181999999999651,0.0,0.0,1.0,0.0,0.049118262004445565,1.561653856246376e-14,0.9998378182294858,-0.16284666278864812,1.0877582572019586e-15,0.00019578151292115627,0.17098251082927524,-9.115754056162558e-15,-6.555029926185992e-05,5.3249444694395764e-14,0.9985371913922282,9.279716557868782e-16,5.9839729910122075e-15,0.6971233685765481,7.558747296612277e-16,-6.712926850698474e-17,0.015814259193990668,3.3942419058100764e-18,68.67997086047218,2.7567548187953515e-05,-0.00457433516039019,-6.266494995005179e-07,5403.006177965175,5410.963796843315,5784.823250806184,5777.386350026659,0.04911852975470711,0.1628467804772341,0.6971233685762982,0
5.201999999999649,0.0,0.0,1.0,0.0,0.04588804484034327,1.563802618288661e-14,0.9998417745794677,-0.16040879615900125,1.0647149630411304e-15,0.00019924965864965972,0.16968193721834648,-9.098181241816133e-15,-8.069743503603732e-05,5.314675332891929e-14,0.9909448967380581,9.19140622140696e-16,5.835833364426712e-15,0.7148442692248214,7.578571560829701e-16,-1.4502876091919923e-16,0.015177820405702555,1.7106927723745856e-18,68.67970679502125,2.7665594399578996e-05,-0.004590695593982257,-6.468555289558794e-07,5402.992610650722,5410.950280213789,5784.815007713343,5777.378252963353,0.04588831762609147,0.16040891990661393,0.7148442692246405,0
5.221999999999647,0.0,0.0,1.0,0.0,0.04270724492077381,1.565911457979497e-14,0.9998457833542299,-0.15791131553059365,1.0461847281859091e-15,0.0002011856993134684,0.16828487545329604,-9.086228501198477e-15,-9.288107032767609e-05,5.307686752348654e-14,0.9827888636491428,9.103776380337256e-16,5.688525265443522e-15,0.7318345625392241,7.61830264205241e-16,-1.1253608917154665e-16,0.014539392249184725,9.778805239916328e-19,68.67945308886301,2.7741432172656895e-05,-0.004603366728655898,-6.657288635283813e-07,5402.980159410552,5410.937881218383,5784.806545138107,5777.369920907936,0.04270752335943625,0.15791144369008953,0.731834562539199,0
5.241999999999645,0.0,0.0,1.0,0.0,0.03957702677967152,1.5679810135155194e-14,0.9998498144899098,-0.15535674424037957,1.0279616884637343e-15,0.00020164265149428496,0.16679376796041334,-9.07353776636105e-15,-0.00010214629680180021,5.300264758779758e-14,0.9740833550672361,9.010525764095156e-16,5.533387609999638e-15,0.7480922900652498,7.627016010160496e-16,-8.476143159768197e-17,0.01389948335114667,2.593883862081276e-18,68.67921000561182,2.7795350536313786e-05,-0.00461239643784977,-6.832592261338405e-07,5402.968825499136,5410.926600978889,5784.797882748974,5777.361373582367,0.03957731173799299,0.15535687509965437,0.748092290065473,0
5.2619999999996425,0.0,0.0,1.0,0.0,0.0364985044208015,1.5700143874415336e-14,0.9998538390149894,-0.152747611093489,1.0054151079757034e-15,0.00020067640518717816,0.16521108922614,-9.059586467103306e-15,-0.00010854617532805757,5.2921041820573586e-14,0.9648428226921854,8.911315037891374e-16,5.406292585847877e-15,0.7636160719320191,7.657386010649368e-16,-1.924057937716018e-16,0.01325859553830251,-3.434063376503632e-18,68.67897776577237,2.782765043493263e-05,-0.004617834584856372,-6.994391109293971e-07,5402.958608086806,5410.9164385400445,5784.789038748432,5777.3526292623865,0.03649879707591479,0.15274774291552515,0.7636160719320262,0
5.28199999999964,0.0,0.0,1.0,0.0,0.03347274123015716,1.5720034095948595e-14,0.9998578291050534,-0.15008644838914995,9.86225163203579e-16,0.00019834547717194,0.1635393434705963,-9.045035270760431e-15,-0.00011214135346356393,5.283591040204902e-14,0.9550818933223683,8.806981042248294e-16,5.156580213391645e-15,0.778405098888385,7.600208519863955e-16,-2.2351849299411487e-16,0.012617223566444638,-5.811176639678101e-18,68.67875654733488,2.7838644305421245e-05,-0.004619732952543547,-7.14263749904271e-07,5402.949504296685,5410.9073909064455,5784.780029885537,5777.343704789738,0.03347304315452111,0.15008657944998707,0.7784050988883873,0
5.301999999999638,0.0,0.0,1.0,0.0,0.03050074992752731,1.5739605534531515e-14,0.9998617581326038,-0.14737578997512588,9.699008867460782e-16,0.00019471076361623064,0.16178106233559264,-9.035619548928479e-15,-0.00011299967136342044,5.278075695370552e-14,0.9448153552732036,8.703225617579793e-16,4.963721394524817e-15,0.7924591240347372,7.594212220003747e-16,-1.9471514439899594e-16,0.011975854859287064,-3.1648559770754825e-18,68.67854648648304,2.7828655653590416e-05,-0.004618145172919226,-7.277310729100982e-07,5402.941509246074,5410.899453083945,5784.770871473238,5777.3346155890995,0.030501063210246596,0.14737591859959306,0.7924591240348388,0
5.321999999999636,0.0,0.0,1.0,0.0,0.02758349255665172,1.575882162498503e-14,0.9998656007119253,-0.14461816933164415,9.53487841235705e-16,0.0001898352926672809,0.15993880258859197,-9.024796431276628e-15,-0.00011119575762012616,5.2717362694895653e-14,0.9340581448831086,8.593809410168039e-16,4.743905823392025e-15,0.805778454261704,7.571148321793679e-16,-1.8803602533561626e-16,0.011334969257099665,-4.641083654140905e-19,68.67834767840954,2.77980186303532e-05,-0.004613126656579086,-7.398416614258489e-07,5402.934616092155,5410.892618125301,5784.761577410203,5777.325375689496,0.02758381998185704,0.14461829392671746,0.8057784542619143,0
5.341999999999634,0.0,0.0,1.0,0.0,0.024721880513364842,1.577764835211941e-14,0.9998693327390104,-0.14181611768575136,9.327254238427163e-16,0.00018378397776528963,0.15801514384404935,-9.009152652014e-15,-0.00010681061651735609,5.2625790542852214e-14,0.9228253331160624,8.475722542171177e-16,4.418234256267529e-15,0.8183639414069946,7.525065381268352e-16,-3.290573345490678e-16,0.01069503877514452,-5.285121745588134e-18,68.678160178233,2.774707760713545e-05,-0.004604734522075516,-7.505986963706485e-07,5402.928816081685,5410.886877179824,5784.752160206939,5777.315997749949,0.024722225831226904,0.1418162367714267,0.8183639414070432,0
5.3619999999996315,0.0,0.0,1.0,0.0,0.02191677461110938,1.5796159364514272e-14,0.999872931426563,-0.13897216215699454,9.188600365972494e-16,0.0001766233723885935,0.15601268630352064,-9.002309212643404e-15,-9.993120816130491e-05,5.25856068349214e-14,0.9111321122697065,8.36194499839078e-16,4.07163020245295e-15,0.8302169731416088,7.499675201985169e-16,-3.07872891460439e-16,0.010056527371921805,-2.66327888161883e-20,68.6779840020113,2.767618675124611e-05,-0.004593027525247376,-7.600079002412479e-07,5402.9240986045315,5410.882219546827,5784.742631015953,5777.306493089163,0.021917142965645044,0.1389722743945916,0.83021697314163,0
5.381999999999629,0.0,0.0,1.0,0.0,0.01916898518318353,1.581441675345227e-14,0.9998763753341224,-0.1360888239352866,9.087804664976679e-16,0.00016842142691610002,0.15393404851589232,-8.997096478419462e-15,-9.06500229407816e-05,5.2554931835188166e-14,0.8989937827976996,8.245741450038412e-16,3.763958867770952e-15,0.8413394635966607,7.466844514737094e-16,-2.1601277819443216e-16,0.00941989072723075,-1.3209533423293826e-18,68.67781912784456,2.758570960219339e-05,-0.0045780659885515515,-7.680774739272891e-07,5402.920451250744,5410.878632732596,5784.732999665713,5777.29687171896,0.019169383819286498,0.13608892815312523,0.8413394635967265,0
5.401999999999627,0.0,0.0,1.0,0.0,0.016479272221069194,1.5832494051666034e-14,0.9998796443933514,-0.13316861649177852,9.010784433421293e-16,0.00015924724826484944,0.15178186515904948,-8.996386977824074e-15,-7.906465172813072e-05,5.255054573619029e-14,0.8864257402548011,8.129795694808884e-16,3.583337938355469e-15,0.8517338437420655,7.515532638731447e-16,-7.785463007808033e-17,0.008785576030037216,8.99468822778395e-18,68.67766549706242,2.7476018647359484e-05,-0.004559911730434275,-7.748180285303493e-07,5402.917859870963,5410.87610251067,5784.723274698176,5777.287142381257,0.016479711721026996,0.13316871170819544,0.8517338437418867,0
5.421999999999625,0.0,0.0,1.0,0.0,0.013848345548172328,1.5850403647737476e-14,0.9998827199285538,-0.1302140438235213,8.900509823881977e-16,0.00014917086293340739,0.14955878484425908,-8.995003676166538e-15,-6.527735321295295e-05,5.254220876661264e-14,0.8734434623729318,8.00946799737809e-16,3.5298730963608396e-15,0.8614030515283134,7.64397716706357e-16,-4.7117064807247286e-17,0.008154021776145689,8.828263194307426e-18,68.67752301548916,2.7347494899081088e-05,-0.004538627994785743,-7.802425124360584e-07,5402.916308639876,5410.87461298517,5784.7134634096155,5777.27731258833,0.013848842155095232,0.13021412926721998,0.8614030515284369,0
5.441999999999623,0.0,0.0,1.0,0.0,0.01127686502829132,1.5868055785528964e-14,0.9998855846724974,-0.12722759873266398,8.770950645825934e-16,0.0001382629840523265,0.14726746794451134,-8.987753032320185e-15,-4.9394619725949074e-05,5.2499585335092666e-14,0.860062496276207,7.880376027368776e-16,3.4472628208096736e-15,0.8703505218025681,7.71444354418654e-16,-7.614115696468423e-17,0.007525657575655331,7.182661136908927e-18,68.6773915547807,2.720052747218277e-05,-0.004514279380515604,-7.843661341009833e-07,5402.915780122518,5410.874146656928,5784.703571894498,5777.267388666103,0.01127744544360412,0.12722767386041656,0.8703505218023807,0
5.4619999999996205,0.0,0.0,1.0,0.0,0.008765440808114902,1.5885491261237205e-14,0.9998882227776262,-0.12421176114089659,8.672038475054266e-16,0.00012659478301474902,0.1449105844480211,-8.984067007302348e-15,-3.152674287298327e-05,5.247777107291624e-14,0.846298445842705,7.751049306069388e-16,3.397599557528949e-15,0.8785801760102764,7.853442134822049e-16,-2.4034400555030893e-17,0.006900903970182887,1.4264561307366995e-17,68.67727095382727,2.703551316251865e-05,-0.004486931771291773,-7.872062807764956e-07,5402.916255343115,5410.874684492155,5784.693605092185,5777.257375800218,0.00876615347276145,0.12421182565264159,0.8785801760101515,0
5.481999999999618,0.0,0.0,1.0,0.0,0.006314633593037151,1.5902748480230503e-14,0.9998906198227611,-0.12116899643981062,8.583773034091135e-16,0.00011423766622835006,0.14249081183805762,-8.981738361784652e-15,-1.178738026124922e-05,5.246387386470477e-14,0.8321669592204807,7.6196131401901e-16,3.435810204179185e-15,0.8860964116934805,8.03163204576262e-16,5.3896750560620184e-17,0.006280172259827085,1.4254044546293885e-17,68.67716102021565,2.6852856027473332e-05,-0.0044566522654833065,-7.887824335491104e-07,5402.917713856255,5410.876205993443,5784.683566836166,5777.247278084645,0.006315580847197358,0.12116905029121597,0.8860964116935774,0
5.501999999999616,0.0,0.0,1.0,0.0,0.003924954955564231,1.591979699304321e-14,0.9998927628153964,-0.11810175387781183,8.478691075331668e-16,0.00010126305749931608,0.1400108330002301,-8.977044515471865e-15,9.706875438283746e-06,5.2436150560428093e-14,0.8176837165050761,7.483052228622572e-16,3.5157741698006974e-15,0.8929040917969637,8.216389693358246e-16,9.237551934299974e-17,0.005663864339841506,1.7752331276035607e-17,68.67706153174466,2.6652966967489375e-05,-0.004423509106347672,-7.891160790728536e-07,5402.920133820132,5410.878689272769,5784.673459905608,5777.23709857256,0.003926419643513658,0.11810179729039713,0.8929040917970633,0
5.521999999999614,0.0,0.0,1.0,0.0,0.0015968676755751831,1.5936595244862353e-14,0.9998946401897117,-0.11501246498418541,8.342328257592735e-16,8.774218652686249e-05,0.1374733341583222,-8.969864916276794e-15,3.283692389716077e-05,5.239389834309846e-14,0.8028644175855397,7.341521563985998e-16,3.578254339471707e-15,0.8990085337933366,8.378558322573608e-16,4.7838228820771186e-17,0.0050523725469798905,1.2539378810508052e-17,68.67697223798787,2.6436263309499878e-05,-0.004387571612503467,-7.882306182353714e-07,5402.923492071575,5410.882111126345,5784.663286078919,5777.2268393292625,0.0016003396711076262,0.11501249845312365,0.899008533793532,0
5.541999999999612,0.0,0.0,1.0,0.0,-0.000669213888312586,1.5953144688410415e-14,0.9998962418004232,-0.11190354203087671,8.222196081901182e-16,7.374588395569851e-05,0.13488100283972906,-8.964133518910362e-15,5.748157985134122e-05,5.23600970700763e-14,0.787724770165695,7.198444010941841e-16,3.632214406261111e-15,0.9044154986381245,8.514178239716916e-16,5.3730217106926404e-17,0.004446079515470671,8.615217467414022e-18,68.67689286189764,2.6203168392460908e-05,-0.00434891010872957,-7.861512722051349e-07,5402.927764202681,5410.886447110997,5784.653046189147,5777.216501486884,0.0006772097107173373,0.11190356633062054,0.904415498638041,0
5.5619999999996095,0.0,0.0,1.0,0.0,-0.00287292339703325,1.5969429502955088e-14,0.9998975589126133,-0.10877737653251528,8.075819843947717e-16,5.934438339948503e-05,0.132236525871515,-8.953353969977025e-15,8.351799003236344e-05,5.229680229186509e-14,0.7722804779671502,7.048787343199394e-16,3.6570624124264185e-15,0.9091311795658529,8.601463966424925e-16,-7.440469464705751e-18,0.0038453580425725172,7.425956104414671e-18,68.67682310144376,2.595411115540218e-05,-0.004307595857131127,-7.82904986108167e-07,5402.9329246387215,5410.891671621848,5784.642740180894,5777.206085300593,0.0028747492102105237,0.10877739272041984,0.9091311795660176,0
5.581999999999607,0.0,0.0,1.0,0.0,-0.005013942099788306,1.5985440325624566e-14,0.9998985841876807,-0.1056363377851751,7.953294698536216e-16,4.460713081718891e-05,0.1295425874080707,-8.947576288751686e-15,0.00011082204325539132,5.226271774683309e-14,0.7565472291202716,6.900694202456573e-16,3.6430995190905685e-15,0.9131621907380854,8.70049168527891e-16,-1.1351833103990543e-18,0.003250570963657784,9.532452505336757e-18,68.67676263128168,2.568952572738006e-05,-0.0042637009887132845,-7.785203306876869e-07,5402.93894671716,5410.89775797108,5784.632367168555,5777.1955902061445,0.005014967651642226,0.10563634720331697,0.9131621907382231,0
5.601999999999605,0.0,0.0,1.0,0.0,-0.007091998373967925,1.6001208265513104e-14,0.9998993116655626,-0.10248277144432844,7.832084961410483e-16,2.9602601590692022e-05,0.12680186699131404,-8.941524194614793e-15,0.0001392687726578313,5.222702544118424e-14,0.7405406847490905,6.750088871162568e-16,3.639182448833985e-15,0.916515555754285,8.823388957812391e-16,7.448662129603178e-18,0.002662071036761526,1.0702198229231366e-17,68.67671110444358,2.5409851021049953e-05,-0.004217298435402005,-7.730274023169663e-07,5402.945802767481,5410.904678467511,5784.621925495598,5777.185014878447,0.007092713097049357,0.10248277571974952,0.916515555754452,0
5.621999999999603,0.0,0.0,1.0,0.0,-0.009106867237066503,1.601670954132366e-14,0.9998997367433844,-0.09931899814241635,7.687800827074098e-16,1.4398125618494734e-05,0.12401703764433936,-8.931972904251611e-15,0.0001687327491418849,5.217089078938902e-14,0.7242764677558456,6.594751391720746e-16,3.601030532652617e-15,0.9191986960363172,8.842298895634799e-16,-5.66910036711633e-17,0.0020802008365337324,-6.119415317315733e-18,68.67666815404715,2.511553032849362e-05,-0.004168461862552528,-7.664577216189219e-07,5402.953464191622,5410.912404496762,5784.61141279469,5777.174357290964,0.009107419151119732,0.09931899918605364,0.9191986960364935,0
5.641999999999601,0.0,0.0,1.0,0.0,-0.01105836983138905,1.6031973276244486e-14,0.9998998561507053,-0.096147312146425,7.593941309476756e-16,-9.402792915050109e-07,0.12119076399938383,-8.928146198919698e-15,0.0001990884651154175,5.2148190210724635e-14,0.707770151810596,6.44166012554874e-16,3.572933377931518e-15,0.9212194190973114,8.793621835722968e-16,2.2440576089863734e-17,0.0015052926575228414,-4.610856414519402e-18,68.676633395016,2.480701092034742e-05,-0.004117265601984879,-7.588441310839745e-07,5402.961901544766,5410.920906601794,5784.600826048406,5777.163614775699,0.011058823270055772,0.09614731215102275,0.9212194190971661,0
5.6619999999995985,0.0,0.0,1.0,0.0,-0.012946372882352532,1.6047078613022614e-14,0.9998996679215227,-0.09296998005582195,7.509098152671078e-16,-1.6348065481486214e-05,0.11832570046094275,-8.924969359098038e-15,0.00023021070770017944,5.212928345937698e-14,0.6910372505510899,6.287095432656672e-16,3.683435771818181e-15,0.922585906705541,8.770832139865804e-16,1.3111796609372776e-16,0.0009376684267148694,-5.694928165796834e-19,68.67660642580638,2.4484743648942262e-05,-0.0040637845855856876,-7.502206918949703e-07,5402.971084616295,5410.93015456357,5784.590161650301,5777.152784083552,0.012946761654363016,0.09296998149316356,0.9225859067057115,0
5.681999999999596,0.0,0.0,1.0,0.0,-0.014770788131192926,1.606197162650486e-14,0.9998991713632116,-0.08978923954117392,7.403890968560687e-16,-3.176230473695768e-05,0.11542448940482772,-8.920112522436492e-15,0.00026197492061222257,5.210056321640453e-14,0.6740932069977894,6.129565881429436e-16,3.858029146433885e-15,0.9233067029538683,8.78707737686703e-16,1.9594154662489806e-16,0.000377639625245202,2.9692346541957546e-18,68.67658683013488,2.4149182554434103e-05,-0.004008094279513835,-7.406225803710293e-07,5402.980982510626,5410.940117481639,5784.579415466136,5777.141861444813,0.014771132266369644,0.08978924515901841,0.9233067029537259,0
5.701999999999594,0.0,0.0,1.0,0.0,-0.01653157174289482,1.6076646387433494e-14,0.9998983670225784,-0.08660729812373368,7.290631685965791e-16,-4.7121828630165655e-05,0.11248975941392546,-8.913277213538645e-15,0.00029425755398565284,5.2060287346517584e-14,0.6569533831887137,5.969101528526784e-16,4.107571042841914e-15,0.9233907022452121,8.867794165598999e-16,2.6108821940346905e-16,-0.00017449278080211838,1.2588601589138897e-17,68.67657417870169,2.380078447508296e-05,-0.003950270619049309,-7.300859842688738e-07,5402.991563727797,5410.950763854427,5784.568582895044,5777.1308426296,0.016531884150107576,0.08660731094289914,0.9233907022450966,0
5.721999999999592,0.0,0.0,1.0,0.0,-0.01822872369016587,1.609106522574613e-14,0.999897256649205,-0.08342633199625096,7.151021818245534e-16,-6.236735976038295e-05,0.10952412355137776,-8.904298092101743e-15,0.00032693640147141384,5.2007491340897046e-14,0.6396330500384804,5.80584113239039e-16,4.398073947987376e-15,0.9228471372043894,8.991924739030152e-16,2.7617554315490833e-16,-0.0007184384006001005,1.6065312695648165e-17,68.67656803090466,2.3440008661653787e-05,-0.0038903899441221092,-7.186479992158463e-07,5403.00279624352,5410.962061659022,5784.557658930406,5777.11972300803,0.018229013236282073,0.08342635530835715,0.9228471372042384,0
5.74199999999959,0.0,0.0,1.0,0.0,-0.019862287114282992,1.6105201522544704e-14,0.9998958431562723,-0.08024848488522941,6.995228335747129e-16,-7.744163376968324e-05,0.10653017767186625,-8.893448752708642e-15,0.00035989092399006694,5.1943774364887226e-14,0.6221473774256789,5.640214377058678e-16,4.717353604998849e-15,0.921685566526601,9.126431563919691e-16,2.7099522517477257e-16,-0.0012539174698874929,9.028840596217243e-18,68.6765679365389,2.3067316396081194e-05,-0.0038285289355575822,-7.063465256023049e-07,5403.014647588545,5410.97397843025,5784.546638220274,5777.108497609903,0.01986256020905431,0.08024852225169965,0.92168556652676,0
5.7619999999995875,0.0,0.0,1.0,0.0,-0.021432347663641438,1.6119002836027238e-14,0.9998941305790429,-0.0770758669548195,6.815686624387875e-16,-9.228951204070288e-05,0.10351049877164911,-8.878439477681731e-15,0.000393002559578751,5.18557641248453e-14,0.6045114245124428,5.471052235219679e-16,5.015166648833877e-15,0.9199158627726562,9.238858694155646e-16,2.3283824759718675e-16,-0.0017806608934818093,8.600905998737214e-18,68.67657343747771,2.2683170614704395e-05,-0.0037647645520746758,-6.932201661742327e-07,5403.027084927145,5410.98648133889,5784.535515127122,5777.097161183749,0.02143260914376713,0.0770759222078534,0.9199158627724779,0
5.781999999999585,0.0,0.0,1.0,0.0,-0.022939032810841184,1.6132384656537516e-14,0.9998921240311951,-0.07391055375250483,6.585028710828803e-16,-0.0001068580850187473,0.10046764337795949,-8.857569041109568e-15,0.000426155018833915,5.1733525789114584e-14,0.5867401302998273,5.297703493948933e-16,5.186591007210557e-15,0.9175482001209754,9.28081595757629e-16,7.309580263099345e-17,-0.0022984102791046845,-9.6663607236112e-19,68.67658406932988,2.2288035536147254e-05,-0.0036991739680722236,-6.793081245489626e-07,5403.040075134497,5410.999537268783,5784.524283786736,5777.085708255032,0.022939286464959935,0.07391063099887756,0.9175482001207883,0
5.801999999999583,0.0,0.0,1.0,0.0,-0.024382511149148037,1.614542819358297e-14,0.9998898296591925,-0.07075458519670876,6.465755765358943e-16,-0.00012109676612473344,0.09740414597834018,-8.849479587230498e-15,0.0004592345655060212,5.168594146974592e-14,0.5688483044223609,5.131438545656974e-16,5.385637333337784e-15,0.9145930420862481,9.363775625071785e-16,2.466852440633026e-16,-0.002806917962630906,1.4186390330730787e-17,68.6765993630694,2.1882376293845728e-05,-0.003631834512237548,-6.646501049849755e-07,5403.053584872835,5411.013112892688,5784.512938166118,5777.0741331833315,0.0243827600456208,0.0707546888254417,0.9145930420862438,0
5.821999999999581,0.0,0.0,1.0,0.0,-0.025762991669168872,1.6158106585458458e-14,0.9998872545948796,-0.06760996460641538,6.242654740942094e-16,-0.00013495737625677414,0.09432251749045109,-8.83052940693003e-15,0.000492130281853883,5.15749305079571e-14,0.5508506181848649,4.958418391328298e-16,5.590202376124604e-15,0.911061129214496,9.485670125026518e-16,1.4361144456771272e-16,-0.0033059470248792324,5.414761074454064e-18,68.67661884663345,2.1466658574940514e-05,-0.0035628236070105426,-6.492862135738321e-07,5403.067580666159,5411.027174746771,5784.501472120162,5777.062430218358,0.025763238369274164,0.06761009930161431,0.9110611292146784,0
5.841999999999579,0.0,0.0,1.0,0.0,-0.02708072301658206,1.6170386810374476e-14,0.9998844069064912,-0.06447865777286929,6.058264884043298e-16,-0.00014839421890294171,0.09122524377285054,-8.812765899378565e-15,0.0005247343184253894,5.1470857564668634e-14,0.5327615958443952,4.785919887797484e-16,5.7689130815829515e-15,0.9069634667641702,9.609882428215722e-16,1.7318110725834438e-16,-0.0037952713000632228,1.4040348298096992e-17,68.6766420464846,2.104134826237565e-05,-0.003492218708937057,-6.332568611121739e-07,5403.082028973411,5411.041689303445,5784.489879447019,5777.05059355463,0.027080969717942233,0.06447882853336435,0.9069634667643256,0
5.861999999999576,0.0,0.0,1.0,0.0,-0.02833599273176512,1.6182290299646942e-14,0.9998812955482603,-0.06136259207338747,5.85661669696288e-16,-0.00016136414591978065,0.08811478417721531,-8.797471519322875e-15,0.0005569421279951549,5.1381213329791594e-14,0.5145956061399208,4.61468390363762e-16,5.97790496925804e-15,0.90231131238274,9.788671117790776e-16,1.7049271955144931e-16,-0.0042746753760323246,1.8044849022172203e-17,68.67666848913389,2.0606911084349185e-05,-0.0034200972499416698,-6.16602667845031e-07,5403.09689625985,5411.05662304255,5784.478153941944,5777.038617384668,0.028336241367575704,0.061362804241270975,0.9023113123825486,0
5.881999999999574,0.0,0.0,1.0,0.0,-0.029529126472161896,1.619377558121462e-14,0.9998779303088158,-0.05826365562728634,5.643285553847571e-16,-0.00017382661405138377,0.08499357014242792,-8.776516257672978e-15,0.0005886526834267046,5.1258515561481193e-14,0.496366854072094,4.4405905765088206e-16,6.1714158103676955e-15,0.8971161637881251,9.98034949980549e-16,1.5209727813132232e-16,-0.004743954586429474,1.4560765340890035e-17,68.67669770262103,2.016381226870779e-05,-0.003346536579551234,-5.993643703375125e-07,5403.112149066622,5411.071942520637,5784.466289449517,5777.0264959505785,0.029529378781451503,0.058263914928081924,0.8971161637881383,0
5.901999999999572,0.0,0.0,1.0,0.0,-0.03066048721823129,1.6204810027016e-14,0.9998743217585468,-0.055183696493897275,5.427804573349495e-16,-0.00018574373229220836,0.0818640038309233,-8.755514475062709e-15,0.0006197686792983138,5.113555548608718e-14,0.47808937293523507,4.2668207273632797e-16,6.315067421210284e-15,0.8913897464641249,1.0114069247254103e-15,1.4411538173748405e-16,-0.005202914994901561,1.2244367399374752e-17,68.676729217949,1.9712516202867517e-05,-0.0032716139080986775,-5.81582730592024e-07,5403.127754078304,5411.087614438263,5784.454279914127,5777.014223593883,0.030660744796558663,0.05518400909198838,0.8913897464642354,0
5.92199999999957,0.0,0.0,1.0,0.0,-0.03173047446381882,1.6215382097209746e-14,0.9998704811961221,-0.052124521912614866,5.180008811575218e-16,-0.00019708030021902686,0.07872845680765256,-8.731504554442918e-15,0.0006501967171704845,5.0995036799242625e-14,0.45977701660342035,4.0921154132068846e-16,6.4060579046373395e-15,0.8851440013788855,1.0180596151522053e-15,5.632362870351181e-17,-0.005651373371500025,4.109598499216014e-18,68.6767625704695,1.925348610041666e-05,-0.0031954062509356495,-5.632984476502614e-07,5403.1436781883085,5411.103605705164,5784.442119428524,5777.00179480349,0.0317307388004064,0.052124894486832316,0.8851440013788282,0
5.941999999999568,0.0,0.0,1.0,0.0,-0.0327395233917907,1.6225493182935665e-14,0.9998664205943402,-0.04908789758489234,4.97610833000673e-16,-0.00020780383744171588,0.07558926876198449,-8.711149609247551e-15,0.0006798474744299512,5.087587501231516e-14,0.4414434520723167,3.919765100661167e-16,6.457649598708716e-15,0.8783910727352477,1.0205508569745404e-15,9.984523863055591e-17,-0.006089157161414362,5.0466744368952356e-18,68.67679730121704,1.8787183673280268e-05,-0.003117990373680833,-5.44552071809721e-07,5403.159888562085,5411.119883503223,5784.429802280428,5776.989204261684,0.032739795897030674,0.0490883374310002,0.8783910727352133,0
5.961999999999565,0.0,0.0,1.0,0.0,-0.03368810403576821,1.6235178516752817e-14,0.9998621525454858,-0.04607554699807085,4.73686502601956e-16,-0.00021788460434205234,0.07244874627283113,-8.690040413210173e-15,0.0007086358566964704,5.075231911205646e-14,0.4231021522581917,3.7477839501451483e-16,6.5352324128609775e-15,0.8711432957616856,1.0254943549270807e-15,5.205707631434682e-17,-0.006516104446185002,5.810386447194026e-18,68.67683295818885,1.8314068810781523e-05,-0.0030394427385301306,-5.253839216289239e-07,5403.176352697943,5411.136415347065,5784.417322997029,5776.976446888049,0.03368838606174921,0.0460760621675968,0.8711432957616294,0
5.981999999999563,0.0,0.0,1.0,0.0,-0.03457672042879753,1.6244411889889712e-14,0.9998576902063666,-0.04308915079090042,4.507741123009286e-16,-0.00022729561429175643,0.06930916161724783,-8.66586954578654e-15,0.0007364811338251715,5.061089367900113e-14,0.4047663890552833,3.575379977245928e-16,6.605736785042498e-15,0.8634131845523467,1.0340013764969296e-15,3.9141626354830514e-17,-0.006932063897542238,6.4812907515280565e-18,68.67686909756863,1.7834599264672742e-05,-0.0029598394516544895,-5.058340038595516e-07,5403.193038485482,5411.15316914227,5784.404676387286,5776.963517881226,0.03457701328467496,0.0430897502798198,0.8634131845523951,0
6.001999999999561,0.0,0.0,1.0,0.0,-0.03540590973978703,1.625314581220411e-14,0.9998530472431963,-0.04013034616058318,4.26016789373091e-16,-0.0002360126375603054,0.06617275162272421,-8.63976900515837e-15,0.0007633070595789847,5.045821049591255e-14,0.38644922665251086,3.4032853280670263e-16,6.596457560699607e-15,0.855213419964556,1.0373581921972725e-15,-2.331232190815549e-17,-0.0073368947240276695,2.367394028249058e-18,68.67690528489176,1.734923034094506e-05,-0.0028792562117081247,-4.859419364237512e-07,5403.2099142614625,5411.170113241044,5784.391857581989,5776.950412758417,0.03540621470327883,0.04013104016759747,0.8552134199644146,0
6.021999999999559,0.0,0.0,1.0,0.0,-0.036176241398540365,1.6261420993048133e-14,0.9998482377764898,-0.03720072631114158,4.027643661657177e-16,-0.00024401419713984663,0.06304171656334681,-8.617664611273248e-15,0.0007890419751028187,5.0328878027411104e-14,0.3681635151102774,3.2339431096374223e-16,6.572421634285979e-15,0.846556837581953,1.0359530786972558e-15,-4.565078978917782e-17,-0.007730466610551274,-1.3536962479384417e-18,68.67694109615057,1.6858414598366953e-05,-0.0027977682594701116,-4.6574687458210035e-07,5403.226948863117,5411.187216495328,5784.378862071475,5776.937127392587,0.036176559724467316,0.03720152659508568,0.8465568375818419,0
6.041999999999557,0.0,0.0,1.0,0.0,-0.036888316210209424,1.626922299908878e-14,0.9998432763261287,-0.034301839942887935,3.7898591516930884e-16,-0.00025128155673301826,0.05991821909998027,-8.592692081768171e-15,0.000813618896358783,5.018280764655082e-14,0.3499218841979027,3.064790040974735e-16,6.5088869822233505e-15,0.8374564157512612,1.0329794036958084e-15,-8.620125208274267e-17,-0.00811265965104493,-4.580824014341545e-18,68.6769761188378,1.6362601554177697e-05,-0.002715450328640358,-4.4528744035549726e-07,5403.244111678778,5411.204448307247,5784.3656857409305,5776.9236580472825,0.03688864913675142,0.034302760324619014,0.8374564157513689,0
6.061999999999554,0.0,0.0,1.0,0.0,-0.037542765459986464,1.6276569246895544e-14,0.9998381777567494,-0.031435190782745016,3.5756128064189306e-16,-0.00025779870116381175,0.05680438326458017,-8.570095681721217e-15,0.0008369755857420267,5.0050627108410566e-14,0.3317367374920232,2.897864226752486e-16,6.426633664237886e-15,0.8279252637004881,1.0282809100972287e-15,-6.684954434648339e-17,-0.008483364274372386,-2.7087321231108237e-18,68.67700995292707,1.586223739612454e-05,-0.0026323765978107567,-4.246016553135999e-07,5403.261372695809,5411.221778676853,5784.352324903271,5776.910001409013,0.0375431142131545,0.03143624786322151,0.8279252637003519,0
6.081999999999552,0.0,0.0,1.0,0.0,-0.03814025000884945,1.6283503633402035e-14,0.9998329572236053,-0.028602237155141638,3.377905287659682e-16,-0.00026355230948725295,0.05370229348871622,-8.549700333582816e-15,0.0008590546081183264,4.993131397225209e-14,0.3136202467360809,2.733079634184321e-16,6.38941360750943e-15,0.8179766097461982,1.0270726617486726e-15,-5.7703644382090084e-18,-0.008842481163662366,3.8887465166807184e-18,68.67704221178933,1.5357764702219904e-05,-0.002548620643628837,-4.0372687681837224e-07,5403.278702545761,5411.239178247131,5784.338776329514,5776.89615461718,0.03814061580555152,0.028603451366903277,0.817976609746343,0
6.10199999999955,0.0,0.0,1.0,0.0,-0.03868145938116888,1.6290002040015928e-14,0.9998276301190432,-0.025804391593181444,3.144187484519314e-16,-0.00026853172108587305,0.050613993676351485,-8.523456155045463e-15,0.0008798033715745098,4.977785612512654e-14,0.29558434646083287,2.567988415647557e-16,6.355170659950337e-15,0.8076237895972683,1.0303547341577995e-15,-4.9340546622580495e-17,-0.009189921169229969,3.726333031242389e-18,68.67707252304402,1.4849622167471454e-05,-0.0024642553951727203,-3.826997377873302e-07,5403.296072546727,5411.256618346189,5784.3250372766,5776.882115291484,0.038681843431161336,0.02580578878429184,0.8076237895974786,0
6.121999999999548,0.0,0.0,1.0,0.0,-0.0391671108449779,1.6296025564479076e-14,0.9998222120197332,-0.023043020489758634,2.8946691965434996e-16,-0.0002727288950536229,0.04754148632088992,-8.498543286353461e-15,0.0008991741532048761,4.963218667303354e-14,0.2776407288656059,2.405039720552205e-16,6.252566746317364e-15,0.7968802347623898,1.0255154473486259e-15,-1.4872719136998172e-16,-0.009525605215257398,-1.0799373994849406e-17,68.677100529345,1.4338244337523263e-05,-0.002379353089552094,-3.615560899953351e-07,5403.313454742886,5411.274071026668,5784.311105512702,5776.867881556801,0.039167514351930895,0.023044634393750606,0.7968802347625026,0
6.141999999999546,0.0,0.0,1.0,0.0,-0.03959794848570091,1.6301563662952454e-14,0.9998167186347813,-0.020319443788269824,2.6794007196712314e-16,-0.00027613836317780645,0.04448673166647254,-8.474411273930318e-15,0.0009171241102899587,4.9491090928031593e-14,0.2598008389598414,2.2441064582203804e-16,6.052224420063478e-15,0.7857594610683353,1.010874181164484e-15,-1.6156414509221007e-16,-0.009849464200403344,-1.0663198201985229e-17,68.6771258891,1.3824061350353722e-05,-0.0022939852287518943,-3.4033095103669605e-07,5403.330821941175,5411.291509102269,5784.29697933995,5776.853452065524,0.0395983726475604,0.020321320042267815,0.7857594610683925,0
6.161999999999543,0.0,0.0,1.0,0.0,-0.03997474227412848,1.6306673519375722e-14,0.9998111657548494,-0.017634934712547148,2.452775631617992e-16,-0.0002787571768404123,0.04145164691346906,-8.450281419801336e-15,0.0009336152772570573,4.9350021256038415e-14,0.24207586996428168,2.0850425437237135e-16,5.827276917465602e-15,0.7742750572958647,9.93511323953896e-16,-2.27688334549494e-16,-0.010161438892517055,-1.5342506358215417e-17,68.67714827712378,1.3307498684977974e-05,-0.0022082225377300173,-3.1905845487377124e-07,5403.348147745102,5411.308906181469,5784.282657614545,5776.838826017335,0.039975188282922895,0.017637137746228566,0.7742750572956415,0
6.181999999999541,0.0,0.0,1.0,0.0,-0.0402982871294187,1.6311439473944292e-14,0.9998055692024023,-0.014990719535614847,2.3027274719568605e-16,-0.0002805848481663003,0.038438105468081234,-8.43402994817548e-15,0.0009486145488400654,4.925497503422101e-14,0.22447675897096628,1.929735308099332e-16,5.6924430105586114e-15,0.7624406739398929,9.814901065453723e-16,-9.482282775834741e-17,-0.010461479817629696,-7.846440957867887e-18,68.67716738522505,1.2788976917658353e-05,-0.002122134923783148,-2.977718060834184e-07,5403.365406585721,5411.326236698354,5784.2681397643555,5776.82400317644,0.04029875617063295,0.01499334519220061,0.7624406739397153,0
6.201999999999539,0.0,0.0,1.0,0.0,-0.04056940197789673,1.6315812496108587e-14,0.9997999447831905,-0.012387977386848546,2.0840765553569798e-16,-0.0002816232857562082,0.03544793623594175,-8.410182213954985e-15,0.0009620936498887792,4.911557974102563e-14,0.20701418286103573,1.7745808801841863e-16,5.550446947186835e-15,0.7502700121003802,9.672327575827608e-16,-1.7037827507364824e-16,-0.010749547143402259,-1.6005062305821308e-17,68.67718292272697,1.226891148632794e-05,-0.002035791437190496,-2.7650323778842246e-07,5403.382573749693,5411.343475940626,5784.253425803888,5776.808983886243,0.04056989522951647,0.012391178128497347,0.7502700121002425,0
6.221999999999537,0.0,0.0,1.0,0.0,-0.04078892880841589,1.631978589162492e-14,0.9997943082390759,-0.009827840097094353,1.9066249147357343e-16,-0.00028187672534431225,0.03248292295956203,-8.391592193242764e-15,0.0009740290922934445,4.900690287138613e-14,0.18969855447915965,1.6225491177037917e-16,5.3737352009280496e-15,0.7377768125101779,9.475304835442552e-16,-1.4402695811182252e-16,-0.011025610557205932,-1.577423566329914e-17,68.67719461692191,1.1747712461419169e-05,-0.001949260233145446,-2.552839732271349e-07,5403.399625404552,5411.360600074751,5784.238516346743,5776.793769081498,0.04078944743973044,0.00983188158301077,0.7377768125103283,0
6.241999999999535,0.0,0.0,1.0,0.0,-0.040957731725034384,1.6323429509865887e-14,0.9997886752022958,-0.007311392081283364,1.731888387404935e-16,-0.00028135165572667424,0.029544803599451747,-8.372233588820413e-15,0.0009844021195259665,4.889375062989521e-14,0.17254001906324465,1.4723799880164378e-16,5.259971008183624e-15,0.7249748447058768,9.331762268185971e-16,-1.2298953283778278e-16,-0.011289649139017569,-1.3069368083382304e-17,68.67720221346066,1.122578432586558e-05,-0.001862608534982941,-2.3414419100553082e-07,5403.416538621117,5411.377586168306,5784.223412615531,5776.778360297956,0.04095827689527494,0.007316803463291413,0.7249748447057442,0
6.261999999999532,0.0,0.0,1.0,0.0,-0.04107669599775214,1.632668321520562e-14,0.9997830611512578,-0.004839670258056305,1.5486141745416278e-16,-0.00028005674031300647,0.026635269758702913,-8.351419130595748e-15,0.0009931986393094297,4.877210928571475e-14,0.15554845092790964,1.3240795034634562e-16,5.096452779516358e-15,0.7118778963474649,9.178751753131947e-16,-1.3992390341026837e-16,-0.011541651229306182,-1.2797450178522939e-17,68.67720547667729,1.070352576179427e-05,-0.0017759025987113552,-2.131129939899899e-07,5403.433291393092,5411.394412209521,5784.208116449282,5776.762759679545,0.04107726885463346,0.004847766494429113,0.7118778963472259,0
6.28199999999953,0.0,0.0,1.0,0.0,-0.04114672711204272,1.6329597050323553e-14,0.9997774813679492,-0.002413664005892471,1.3906559468805853e-16,-0.0002780027346516906,0.023755966150801857,-8.333106645107606e-15,0.0010004091449535755,4.866509231786047e-14,0.13873345040005813,1.1783537341488373e-16,4.945901854177974e-15,0.6984997626924471,9.020488529267224e-16,-1.0094336586246251e-16,-0.011781614292096456,-1.0428576851859358e-17,68.67720418984993,1.0181329445368163e-05,-0.001689207678852239,-1.9221838179866685e-07,5403.449862653916,5411.411057124081,5784.192630308414,5776.7469699830945,0.041147328790269264,0.0024296212572775017,0.6984997626924119,0
6.301999999999528,0.0,0.0,1.0,0.0,-0.04116874981790428,1.6332228197451712e-14,0.999771950897035,-3.4315155217565864e-05,1.2504832427075382e-16,-0.0002752024002827371,0.0209084901104036,-8.319434921949007e-15,0.001006028625912259,4.858518993991284e-14,0.12210434100472445,1.0354092674988106e-16,4.887503663641112e-15,0.6848542362298224,8.941908383146638e-16,-2.101663222813461e-17,-0.012009544773388421,-2.1004947043464535e-18,68.67719815539903,9.659581849524116e-06,-0.0016025879955946993,-1.7148722688275238e-07,5403.46623229087,5411.427500789188,5784.176957277269,5776.730994580694,0.04116938143769659,0.0002773335374580317,0.6848542362299072,0
6.321999999999526,0.0,0.0,1.0,0.0,-0.04114370717914346,1.6334571339391595e-14,0.9997664845067171,0.0022974819840540514,1.1177703915822773e-16,-0.0002716704152719476,0.01809439114677487,-8.30151639297541e-15,0.0010100564681216023,4.848049885457056e-14,0.10567016689921715,8.941216167488163e-17,4.905400252217919e-15,0.6709550964791248,8.930323859025139e-16,7.707048779532549e-17,-0.012225457955117855,5.051336506236928e-18,68.67718719502402,9.138663054602393e-06,-0.0015161067032662375,-1.5094525409501905e-07,5403.48238115652,5411.443724044978,5784.161101064298,5776.714837459688,0.04114436984483666,0.0023134883361683443,0.6709550964788904,0
6.341999999999524,0.0,0.0,1.0,0.0,-0.041072559623594705,1.6336693233371197e-14,0.9997610966514171,0.004580880560105668,9.992145103242463e-17,-0.000267423281779848,0.015315170539584207,-8.289982857054207e-15,0.0010124963447058005,4.841310811023352e-14,0.08943969055344184,7.55736580660474e-17,5.111762398633851e-15,0.6568160999595308,9.03223065355589e-16,2.2368216025054683e-16,-0.012429377804838722,1.1427963163493172e-17,68.67717114977984,8.618946566211944e-06,-0.0014298258601235048,-1.3061702375584799e-07,5403.498291077512,5411.459708703295,5784.145065999942,5776.698503220405,0.04107325442235746,0.0045886797575764564,0.6568160999595433,0
6.361999999999521,0.0,0.0,1.0,0.0,-0.040956283994965904,1.6338475576101275e-14,0.9997558014363342,0.0068150810825137985,7.976759631885195e-17,-0.00026247923101695744,0.012572280976690449,-8.268569852389267e-15,0.0010133560976410393,4.8288033756777796e-14,0.07342139067414079,6.187844290035947e-17,5.3336729570859344e-15,0.6424509703338143,9.128468142904502e-16,1.5731077269793617e-16,-0.012621336821312565,6.529971429072658e-18,68.67714988009467,8.10079914212912e-06,-0.0013438063994628804,-1.1052591810330254e-07,5403.513944860802,5411.475437553923,5784.128857032252,5776.681997071648,0.04095701199568637,0.006820133833580738,0.6424509703335949,0
6.381999999999519,0.0,0.0,1.0,0.0,-0.04079587260698981,1.633986009605186e-14,0.9997506125839327,0.008999331291850834,6.071225524644161e-17,-0.000256858125932471,0.009867126233554567,-8.244013293974772e-15,0.0010126476109705573,4.814461298165095e-14,0.05762346037065178,4.841994914991406e-17,5.501824509998221e-15,0.6278733887317226,9.212564518429165e-16,1.4169761089284143e-16,-0.012801375876187137,6.030208437665464e-18,68.67712326573067,7.584580625604691e-06,-0.0012581081020514454,-9.069413105416625e-08,5403.529326297393,5411.490894368315,5784.112479720354,5776.665324824052,0.04079663485937332,0.009002996156688236,0.6278733887317322,0
6.401999999999517,0.0,0.0,1.0,0.0,-0.040592332300548345,1.6340888911035013e-14,0.9997455434023947,0.01113292599620903,4.3051387903227794e-17,-0.0002505813619824318,0.0072010608938738365,-8.224087784644529e-15,0.0010103866761850392,4.802824874895132e-14,0.04205380555965714,3.525164453777382e-17,5.702510314894338e-15,0.6130969842571453,9.284517742529387e-16,1.8343700928875386e-16,-0.012969544051947638,1.0003863609933463e-17,68.67709120568921,7.070643787590175e-06,-0.0011727895698771882,-7.114266123012035e-08,5403.544420163607,5411.506063900888,5784.095940225794,5776.64849288133,0.040593129834470824,0.011135745698247594,0.6130969842573318,0
6.421999999999515,0.0,0.0,1.0,0.0,-0.0403466835044243,1.6341510755445466e-14,0.9997406067560773,0.013215206875275755,2.1510391377650012e-17,-0.0002436717663175254,0.004575390111012144,-8.197714250406758e-15,0.0010065928503737416,4.7874239491446595e-14,0.026720043606263028,2.2326281819208236e-17,5.877814752940043e-15,0.5981353246832253,9.397896846119764e-16,1.3572083799679781e-16,-0.013125898476324208,1.1453062443786213e-17,68.67705361806271,6.559334176783192e-06,-0.001087908201215256,-5.189130815086991e-08,5403.559212220017,5411.520931887976,5784.079245301867,5776.631508229542,0.040347517329585185,0.013217453184560022,0.5981353246832484,0
6.441999999999513,0.0,0.0,1.0,0.0,-0.040059959300322544,1.6341694468038853e-14,0.9997358150379997,0.015245562252605089,-2.075112289637999e-18,-0.0002361534957243686,0.001991369409775838,-8.171011235897257e-15,0.0010012893077598864,4.771831681694324e-14,0.011629502198628667,9.68553480279257e-18,5.995481942552594e-15,0.583001907339362,9.509264980220016e-16,4.342877858527272e-17,-0.0132705041533375,7.834754533550341e-18,68.67701043983483,6.050989976673509e-06,-0.001003520167007847,-3.295867144735571e-08,5403.573689208074,5411.53548504449,5784.062402281,5776.614378424422,0.04006083040624153,0.015247391149688524,0.5830019073395765,0
6.46199999999951,0.0,0.0,1.0,0.0,-0.039733204492789456,1.634142930223034e-14,0.9997311801443806,0.017223426836745055,-2.290698638430164e-17,-0.00022805193364886853,-0.0005497954719393475,-8.146764071147418e-15,0.0009945026852386566,4.7576746533771287e-14,-0.0032107815467567165,-2.6661394790958886e-18,6.0501918090305865e-15,0.5677101501938446,9.608036658275203e-16,3.6601774345566004e-17,-0.013403433791164399,8.273151681994856e-18,68.67696162663107,5.545941871216068e-06,-0.0009196803885526299,-1.4362153108576871e-08,5403.587838844546,5411.549711058388,5784.045419060268,5776.597111576869,0.03973411384919261,0.017224936565489894,0.5677101501935996,0
6.481999999999508,0.0,0.0,1.0,0.0,-0.03936747468464612,1.6340752546876835e-14,0.9997267134512455,0.019148281431893524,-4.248373383398744e-17,-0.00021939358662251835,-0.0030469487021279086,-8.121492948108544e-15,0.000986262922521731,4.742920632464678e-14,-0.017794061752166235,-1.472984955964488e-17,6.108891780319132e-15,0.5522733831356427,9.718726860446751e-16,7.225446174514484e-17,-0.01352476762700516,1.3926723910420517e-17,68.67690715242199,5.044512918024507e-06,-0.0008364425164947468,3.8820374512791264e-09,5403.601649813808,5411.563598583039,5784.028304085144,5776.579716336684,0.03936842324228878,0.01914953825398538,0.5522733831359311,0
6.501999999999506,0.0,0.0,1.0,0.0,-0.038963835358537105,1.6339672190650984e-14,0.9997224257931062,0.0210196526187687,-6.276881766801233e-17,-0.00021020598040658977,-0.005498984434800635,-8.096413094894082e-15,0.0009766030975096086,4.728279264793728e-14,-0.03211388422122496,-2.650167363378047e-17,6.193893957985506e-15,0.536704839458674,9.906896792399617e-16,9.57432681311743e-17,-0.013634593249133943,2.1336757868381317e-17,68.67684700918113,4.547018429092002e-06,-0.0007538589111153553,2.175887555903833e-08,5403.6151117581185,5411.577137227531,5784.011066331575,5776.562201874649,0.03896482405051406,0.021020703669665974,0.5367048394589897,0
6.521999999999504,0.0,0.0,1.0,0.0,-0.03852336096518317,1.6338156927323488e-14,0.9997183274437187,0.02283711240639228,-8.828027096944928e-17,-0.00020051755615819878,-0.007904846851798729,-8.066963305165198e-15,0.0009655592574920376,4.7110867743550706e-14,-0.04616408666023249,-3.795794322594232e-17,6.262320793249264e-15,0.5210176475516728,1.012283918886315e-15,-2.245775375580238e-17,-0.013733005416309715,1.6561985710863776e-17,68.67678120650007,4.053765859530588e-06,-0.0006719806239094525,3.9254510800521586e-08,5403.628215265954,5411.590317545099,5783.993715286458,5776.544577863037,0.03852439070878033,0.022837992695342643,0.5210176475515077,0
6.5419999999995015,0.0,0.0,1.0,0.0,-0.03804713401891137,1.6336145583375292e-14,0.9997144280989143,0.024600277855494877,-1.0828262875820784e-16,-0.00019035756691316162,-0.010263530166858395,-8.039767579288117e-15,0.0009531702467766483,4.695211511335657e-14,-0.05993879868155657,-4.911797842800316e-17,6.2188050787012256e-15,0.5052248227965623,1.0273198455386624e-15,1.392872167411462e-17,-0.013820105874726929,1.4685340170508617e-17,68.67670977116268,3.565054703553545e-06,-0.0005908573804459128,5.635625400863378e-08,5403.640951858487,5411.603131019651,5783.976260926637,5776.526854454647,0.038048205718058406,0.024601014340283466,0.5052248227964534,0
6.561999999999499,0.0,0.0,1.0,0.0,-0.03753624420102269,1.633382322942028e-14,0.9997107368614966,0.026308810674264185,-1.227862519412988e-16,-0.00017975597467482192,-0.012574078592508774,-8.022031205942449e-15,0.0009394775313378014,4.684861320035098e-14,-0.07343244159253741,-6.004294103248776e-17,6.359822412565046e-15,0.4893392596780401,1.0436553301052279e-15,2.0773701574023692e-16,-0.013896003172685282,1.8927877481553024e-17,68.67663274668125,3.081176398444294e-06,-0.0005105375644983798,7.305256184408136e-08,5403.6533139743005,5411.615570050584,5783.9587136965165,5776.509042260462,0.03753735874941265,0.02630942476195001,0.4893392596778777,0
6.581999999999497,0.0,0.0,1.0,0.0,-0.036991787471542,1.633111324962077e-14,0.999707262228185,0.02796241678716612,-1.4686459325861723e-16,-0.00016874334838180776,-0.014835586270404932,-7.992371579684444e-15,0.0009245250210722509,4.667548733023989e-14,-0.08663972797343399,-7.058024200981456e-17,6.5781126329473865e-15,0.47337372410688316,1.0625606457388202e-15,1.5180953087474464e-16,-0.0139608124731506,1.5593251069747984e-17,68.67655019279664,2.602414236362809e-06,-0.0004310682034387522,8.933301907135853e-08,5403.665294952473,5411.627627935945,5783.941084484357,5776.491152326042,0.036992945756492264,0.027962925935903285,0.4733737241065329,0
6.601999999999495,0.0,0.0,1.0,0.0,-0.03641486518988098,1.632788669169441e-14,0.9997040120785878,0.029560845877578824,-1.7204637456071925e-16,-0.00015735076302206418,-0.01704719716571682,-7.959746533775338e-15,0.0009083588902335656,4.6485050533218854e-14,-0.09955566104803885,-8.077117800489494e-17,6.6869626822642726e-15,0.4573408459592766,1.0757725358457848e-15,8.222782068940443e-17,-0.014014655364384185,1.4546941763190848e-17,68.67646218494515,2.1290432823348338e-06,-0.0003524949548819927,1.0518831873225467e-07,5403.676889014079,5411.639298854034,5783.923384597422,5776.473196106738,0.0364160680970204,0.029561264659357735,0.4573408459591868,0
6.621999999999493,0.0,0.0,1.0,0.0,-0.03580658324492934,1.6324155431869826e-14,0.9997009936661793,0.031103890904987778,-1.9602177765802378e-16,-0.0001456097001468273,-0.01920810492621255,-7.929471577004012e-15,0.0008910273966009619,4.630834494061732e-14,-0.1121755338506737,-9.066392046646444e-17,6.71792877006742e-15,0.4412531118342692,1.0850717475815976e-15,5.1416312830407873e-17,-0.014057659668813383,1.1203912784549045e-17,68.67636881369422,1.6613303010054375e-06,-0.0002748620945696996,1.2061024022001256e-07,5403.688091242246,5411.650577843544,5783.905625736,5776.455185441822,0.03580783166380951,0.031104231731617457,0.44125311183407334,0
6.6419999999994905,0.0,0.0,1.0,0.0,-0.03516805119507493,1.631998043524176e-14,0.9996982136112462,0.03259138759749817,-2.1873205912157284e-16,-0.00013355195002622057,-0.021317552706691556,-7.9012810890607e-15,0.0008725806999384381,4.6143818922250626e-14,-0.12449492819336146,-1.0026335188673262e-16,6.773973445016412e-15,0.4251228580312639,1.0939704927972396e-15,5.966579032041558e-17,-0.014089959250311994,8.368886733825322e-18,68.67627018415008,1.1995336902624264e-06,-0.00019821250548171578,1.3559162546467135e-07,5403.6988975608465,5411.661460782387,5783.887819966466,5776.4371325276725,0.035169346025819816,0.03259166122881301,0.4251228580315744,0
6.661999999999488,0.0,0.0,1.0,0.0,-0.03450038141863801,1.6315306707647227e-14,0.9996956778957731,0.034023213920427973,-2.4414086558232973e-16,-0.00012120951567893244,-0.023374832959439356,-7.867015377121098e-15,0.0008530706802741719,4.594381900991182e-14,-0.13650971343705207,-1.094630649396408e-16,6.773511582133378e-15,0.40896226374926214,1.1039759584544028e-15,-1.1885219391111527e-19,-0.014111693820062424,1.2515851623365128e-17,68.67616641533894,7.439034221464828e-07,-0.00012258766816163248,1.5012635334804183e-07,5403.709304711942,5411.671944365217,5783.86997969346,5776.419049890062,0.03450172357976662,0.034023429827427676,0.4089622637488685,0
6.681999999999486,0.0,0.0,1.0,0.0,-0.03380468827518953,1.6310129276691117e-14,0.9996933918602237,0.03539928952175139,-2.697589501674306e-16,-0.00010861451899250143,-0.025379287191391407,-7.835346167675842e-15,0.000832550756516063,4.5758987955773635e-14,-0.14821604507085603,-1.1837187162204803e-16,6.7070726961405e-15,0.39278334450937413,1.111096073012016e-15,-7.237659018138003e-17,-0.014123008741167297,8.067858000634719e-18,68.67605763956531,2.946809905458224e-07,-4.802765224169804e-05,1.6420931250679745e-07,5403.719310232073,5411.682026079847,5783.852117631281,5776.400950355703,0.033806078712771664,0.0353994561506037,0.3927833445097285,0
6.701999999999484,0.0,0.0,1.0,0.0,-0.03308208727820803,1.630449281970223e-14,0.9996913602021744,0.036719575155168216,-2.9232133967838914e-16,-9.57991091419794e-05,-0.027330305688707514,-7.805250610707366e-15,0.0008110757059099896,4.558335185720276e-14,-0.15961036310330828,-1.269825804475405e-16,6.641204657420825e-15,0.37659794580192973,1.1202646156638597e-15,-6.423661711079336e-17,-0.014124054832173475,9.695462301969959e-18,68.6759440017488,-1.4790063325932206e-07,2.542889084503885e-05,1.778363725323137e-07,5403.728912427478,5411.691704182591,5783.8342467746015,5776.382847023116,0.033083526976544916,0.036719700121942166,0.3765979458017603,0
6.721999999999482,0.0,0.0,1.0,0.0,-0.03233369427951383,1.6298390480958504e-14,0.9996895869767536,0.037984072081579584,-3.147667031173549e-16,-8.279537349821307e-05,-0.029227327209473193,-7.774471558621828e-15,0.0007887014848214273,4.540372833127829e-14,-0.17068939026976104,-1.3526167733952096e-16,6.556395202293139e-15,0.360417736959333,1.1288171985295587e-15,-5.991303568735567e-17,-0.014114988169674542,1.0244068601247624e-17,68.67582565874301,-5.836170385341325e-07,9.774473398294603e-05,1.91004353876294e-07,5403.738110348387,5411.700977672672,5783.816380368634,5776.364753232941,0.03233518427357523,0.037984162317635836,0.3604177369592532,0
6.7419999999994795,0.0,0.0,1.0,0.0,-0.03156062466590403,1.6291852692957826e-14,0.9996880755988319,0.039192821449754923,-3.3652715571517083e-16,-6.963525120779249e-05,-0.031069838645256368,-7.745018629727853e-15,0.000765485051308761,4.523185328379672e-14,-0.18145013006006325,-1.4324461613131543e-16,6.493901751549394e-15,0.34425420525560724,1.1403391314497249e-15,-4.3321056160941e-17,-0.014095969890152374,1.2934787342813527e-17,68.67570277863801,-1.0122524060633165e-06,0.00016888407933636908,2.0371099645671384e-07,5403.746903762445,5411.709846265764,5783.798531878806,5776.3466825377955,0.03156216605580349,0.039192883311394436,0.34425420525522243,0
6.761999999999477,0.0,0.0,1.0,0.0,-0.03076399256839565,1.6284830594489443e-14,0.999686828846912,0.04034590365697851,-3.627429135241179e-16,-5.635044961071216e-05,-0.032857374652260754,-7.711214852281455e-15,0.0007414841899332395,4.5034572006972725e-14,-0.19188986457075005,-1.5082545070366011e-16,6.366825177284794e-15,0.3281186502334138,1.1516053030465645e-15,-1.6050618061229876e-16,-0.014067165991215835,9.01924540699075e-18,68.6755755400495,-1.4335995320301028e-06,0.00023881256217320285,2.1595492713636537e-07,5403.755293127387,5411.718310366807,5783.780714960066,5776.328648671748,0.030765586536249057,0.0403459430088251,0.32811865023296916,0
6.781999999999475,0.0,0.0,1.0,0.0,-0.029944910084468652,1.6277365604881716e-14,0.9996858488686547,0.04144343769046703,-3.822464163407887e-16,-4.29723636504825e-05,-0.03458951725282873,-7.683362243266806e-15,0.0007167573392352247,4.48720492076604e-14,-0.20200615218602233,-1.5820382058075345e-16,6.2274213152607685e-15,0.31202217825912193,1.1608712698091446e-15,-1.0421917430641034e-16,-0.014028747132396173,7.478567014834537e-18,68.67544413139673,-1.8474598456892028e-06,0.0003074972535670441,2.2773562623311248e-07,5403.763279563064,5411.726371042146,5783.762943425919,5776.31066551955,0.029946557914061474,0.041443459969308316,0.31202217825934747,0
6.801999999999473,0.0,0.0,1.0,0.0,-0.02910448651368473,1.626950897395121e-14,0.9996851371879864,0.042485580450351536,-4.032308851149661e-16,-2.95319984184722e-05,-0.036265895408056595,-7.654804375124963e-15,0.0006913634222833288,4.47054100475685e-14,-0.21179682509185063,-1.6525549402335122e-16,6.142594790872094e-15,0.2959756973063562,1.168071035390898e-15,-1.001521151169827e-16,-0.01398088843564989,4.810237048130462e-18,68.67530875017178,-2.253643419568887e-06,0.00037490666199373933,2.3905339311602603e-07,5403.770864822906,5411.734029991134,5783.745231217302,5776.292747085692,0.029106189613476465,0.042485590714290686,0.2959756973062647,0
6.821999999999471,0.0,0.0,1.0,0.0,-0.028243827607041815,1.6261212977530636e-14,0.9996846947137153,0.043472526055019146,-4.242727962754945e-16,-1.605989495729237e-05,-0.037886184562295935,-7.623755212499584e-15,0.0006653616806774177,4.452422324747359e-14,-0.2212599866275928,-1.7193944542872933e-16,6.025077696301006e-15,0.2799899119682466,1.170476042793425e-15,-1.0575266985917384e-16,-0.013923769285724485,4.108405876826283e-18,68.67516960220213,-2.651968973939792e-06,0.0004410107338411673,2.4990931109860743e-07,5403.778051264919,5411.74128951726,5783.727592371354,5776.2749074633875,0.028245587537168642,0.04347252902149292,0.2799899119688052,0
6.8419999999994685,0.0,0.0,1.0,0.0,-0.02736403483040836,1.625249003809679e-14,0.9996845217495995,0.04440450512961041,-4.47491846384746e-16,-2.5860594412464928e-06,-0.03945010616032309,-7.59259073179333e-15,0.0006388115123769594,4.434236444161834e-14,-0.2303940084795558,-1.7830610987629494e-16,5.884822958276124e-15,0.264075318698451,1.1739363759366938e-15,-1.8507582814407905e-16,-0.013857573130534425,-9.179333938256317e-20,68.67502690090936,-3.0422638745271883e-06,0.0005057808528500194,2.6030521169507674e-07,5403.784841822323,5411.748152498913,5783.710040990216,5776.257160803562,0.027365853334516677,0.04440450520491474,0.26407531869816236,0
6.861999999999466,0.0,0.0,1.0,0.0,-0.02646620464236548,1.624336710337947e-14,0.9996846180057888,0.04528178407846856,-4.649877422030208e-16,1.0860104165898672e-05,-0.04095742713796757,-7.567616589916994e-15,0.0006117723136944704,4.419665971599557e-14,-0.23919752772098307,-1.845109904891737e-16,5.7489650299580335e-15,0.2482422012808461,1.1770237237895662e-15,-1.1656693600841324e-16,-0.013782487281695796,3.6918282971030375e-18,68.67488086656572,-3.4243641239170336e-06,0.000569189838504456,2.7024363837143674e-07,5403.791239973915,5411.754622359878,5783.692591209934,5776.239521283977,0.026468083685333942,0.04528178538077878,0.2482422012813426,0
6.881999999999464,0.0,0.0,1.0,0.0,-0.02555142778676924,1.623382085169527e-14,0.9996849826115776,0.046104664342336704,-4.862707629860511e-16,2.4249857888676487e-05,-0.04240795938699762,-7.534738836478234e-15,0.0005843033257716139,4.400479676299196e-14,-0.24766944370298546,-1.902166213027393e-16,5.56340238264147e-15,0.23250062652760764,1.1768228271967143e-15,-1.6920137361541527e-16,-0.013698702715363782,2.0080623232330498e-18,68.67473172555091,-3.7981143463929287e-06,0.0006312119433918942,2.797278099043187e-07,5403.797249714222,5411.76070303962,5783.675257169542,5776.222003078526,0.02555336959967299,0.046104670719734474,0.23250062652825398,0
6.901999999999462,0.0,0.0,1.0,0.0,-0.02462078860032932,1.622384810362133e-14,0.9996856141293924,0.04687348164109761,-5.079688265251042e-16,3.755518987508029e-05,-0.04380155919506786,-7.504974035985702e-15,0.0005564634858382698,4.383111447490093e-14,-0.25580891480097184,-1.956924693770835e-16,5.302854132471458e-15,0.21686044020525228,1.17258396601503e-15,-2.5707769441884134e-16,-0.013606413873512217,-6.715862037454312e-18,68.67457970961127,-4.163367767715381e-06,0.0006918228495497407,2.887615834966347e-07,5403.802875523566,5411.766398963492,5783.6580529804305,5776.204620326812,0.024622795734395065,0.0468734966857669,0.2168604402054878,0
6.92199999999946,0.0,0.0,1.0,0.0,-0.02367536433548448,1.6213505164310776e-14,0.9996865105699401,0.04758860520284943,-5.265032152298989e-16,5.07488708279416e-05,-0.04513812666154038,-7.477679140416111e-15,0.0005283112835342977,4.367185706193121e-14,-0.2636153550211728,-2.0093157966982555e-16,5.029425529913294e-15,0.20133126318803812,1.1642696694087227e-15,-2.794025013524903e-16,-0.013505818465798788,-7.66367157664114e-18,68.67442505512325,-4.5199861877027535e-06,0.0007509996638213394,2.9734941771308406e-07,5403.808122338131,5411.771715012901,5783.640992696082,5776.187387104112,0.023677439727316167,0.04758863226234347,0.20133126318761801,0
6.9419999999994575,0.0,0.0,1.0,0.0,-0.022716224498839453,1.6202740633873143e-14,0.999687669408446,0.048250436980108335,-5.460076904403932e-16,6.380450668162096e-05,-0.04641760508999526,-7.448598966547903e-15,0.0004999046225357473,4.3502172686201076e-14,-0.2710884304718742,-2.0582478877892996e-16,4.628616686055717e-15,0.18592248783797263,1.1492749431899925e-15,-3.6221776641475405e-16,-0.013397117272148195,-1.4111421896412433e-17,68.67426800236312,-4.867839947615983e-06,0.0008087209122393269,3.054963353748609e-07,5403.812995520034,5411.77665649555,5783.624090282214,5776.170317391743,0.022718371549917352,0.048250479166392524,0.18592248783752605,0
6.961999999999455,0.0,0.0,1.0,0.0,-0.021744430205411985,1.6191650978708834e-14,0.9996890876019013,0.04885941085392602,-5.608268977708403e-16,7.669658748602847e-05,-0.047639980358251864,-7.426146073367358e-15,0.00047130068772570106,4.3371193054541795e-14,-0.27822805570401377,-2.1060949680244827e-16,4.213671163849006e-15,0.17064327461051654,1.1326848587695012e-15,-3.5118888244547107e-16,-0.013280513946188574,-1.2084316199570598e-17,68.67410879478494,-5.206807891929362e-06,0.0008649665334576129,3.1320788652349367e-07,5403.817500827607,5411.781229115812,5783.607359587471,5776.153425047974,0.021746652879864627,0.04885947105075203,0.17064327460998682,0
6.981999999999453,0.0,0.0,1.0,0.0,-0.020761033548923148,1.618024540059077e-14,0.9996907616072482,0.04941599182670684,-5.777033346778655e-16,8.940053247044816e-05,-0.04880528026672513,-7.399281589966619e-15,0.0004425558181117155,4.321444728044698e-14,-0.28503438992580826,-2.1498185231486411e-16,3.753351132384568e-15,0.1555025488849274,1.11419768677991e-15,-4.3986632023414674e-16,-0.01315621481967059,-1.5406149025740312e-17,68.67394767830852,-5.5367773237559685e-06,0.0009197178712520902,3.20490111522459e-07,5403.821644385847,5411.785438945311,5783.590814314685,5776.136723779507,0.020763336494963043,0.04941607269575723,0.1555025488850527,0
7.001999999999451,0.0,0.0,1.0,0.0,-0.019767076988348294,1.6168569294426935e-14,0.9996926874004234,0.04992067520450528,-5.88307726391566e-16,0.00010189273127390914,-0.04991357386594511,-7.379848959841842e-15,0.0004137253856744248,4.310110494402029e-14,-0.29150783309610634,-2.1928762655332702e-16,3.270846383961625e-15,0.1405089980180326,1.095644005499443e-15,-3.9965065957144537e-16,-0.013024428707998591,-1.7250485341355403e-17,68.67378490061907,-5.857643955893569e-06,0.0009729576661117196,3.2734950442693333e-07,5403.825432657164,5411.789292393819,5783.574467992793,5776.1202271136335,0.019769465690734973,0.04992077919065761,0.14050899801861486,0
7.021999999999449,0.0,0.0,1.0,0.0,-0.01876359275093053,1.6156702478967827e-14,0.999694860496183,0.050373985769579806,-5.983121799153194e-16,0.00011415058133875374,-0.05096497076406986,-7.362478079078391e-15,0.0003848636803144995,4.2999802639401006e-14,-0.2976490219011778,-2.2338105420883814e-16,2.841161064400305e-15,0.12567106862008143,1.0752074908698527e-15,-3.845008857748709e-16,-0.01288536671699655,-1.706530361029488e-17,68.67362071048001,-6.169311855265387e-06,0.0010246700459405845,3.3379297669457985e-07,5403.828872412495,5411.792796180449,5783.558333949466,5776.1039483710765,0.018766073724665006,0.05037411510556834,0.12567106861940833,0
7.0419999999994465,0.0,0.0,1.0,0.0,-0.01775160225184304,1.61445999417747e-14,0.9996972759686354,0.0507764769439742,-6.097923833676901e-16,0.00012615252147467917,-0.051959620415223506,-7.342292084912743e-15,0.00035602380102742887,4.2882057269584825e-14,-0.30345882561965837,-2.271175645286187e-16,2.345428486994863e-15,0.11099696405118191,1.0551006365209566e-15,-4.548903265787128e-16,-0.012739242051031809,-1.9699941994488967e-17,68.67345535706104,-6.471693382974725e-06,0.0010748405158927416,3.398278213378011e-07,5403.8319707028395,5411.795957305335,5783.542425284544,5776.087900639656,0.017754183291461327,0.05077663365467051,0.11099696405215961,0
7.061999999999444,0.0,0.0,1.0,0.0,-0.016732115530671384,1.6132308167476992e-14,0.9996999284724014,0.051128729944891683,-6.173212729888096e-16,0.0001378780616132921,-0.05289771138949241,-7.326751709728086e-15,0.00032725755343472054,4.279144232254226e-14,-0.3089383418803868,-2.307299646129597e-16,1.802201925764229e-15,0.09649464213669295,1.0318468759950232e-15,-4.635514756336132e-16,-0.012586269822615202,-1.7998923653549308e-17,68.67328908928232,-6.7647091291576635e-06,0.0011234559473607432,3.4546167760962287e-07,5403.834734831258,5411.7987830217335,5783.526754844293,5776.072096748766,0.016734806035727152,0.0511289158513804,0.09649464213720046,0
7.081999999999442,0.0,0.0,1.0,0.0,-0.015706130704871448,1.6119924811319727e-14,0.9997028122643286,0.05143135293262123,-6.192995658709669e-16,0.00014930780878027281,-0.053779470625412835,-7.317104747389922e-15,0.0002986153537597181,4.2735245489487605e-14,-0.3140888923178761,-2.34268541336289e-16,1.3100857735901956e-15,0.08217181309980472,1.0086581698952614e-15,-3.689578176402272e-16,-0.012426666863592976,-1.7987959659080042e-17,68.67312215517626,-7.04828784240577e-06,0.0011705045661407803,3.507024962644488e-07,5403.837172325436,5411.801280808705,5783.511335196551,5776.056549244751,0.015708942111699924,0.05143156965621027,0.08217181309822594,0
7.10199999999944,0.0,0.0,1.0,0.0,-0.014674633440343738,1.6107492152515405e-14,0.9997059212256842,0.05168498015176873,-6.22401771524243e-16,0.0001604234893239922,-0.054605162665782886,-7.308281155062983e-15,0.00027014613933042667,4.268385538175319e-14,-0.31891201813015835,-2.3757987568000025e-16,8.819684391241954e-16,0.06803593770941505,9.844582934145017e-16,-3.504986793424666e-16,-0.012260651538044504,-2.0066199040881728e-17,68.67295480126872,-7.32236635459632e-06,0.0012159759397957425,3.55558505515805e-07,5403.839290910838,5411.80345834436,5783.496178606851,5776.041270367229,0.014677579805061791,0.051685229118043526,0.06803593771084113,0
7.121999999999438,0.0,0.0,1.0,0.0,-0.013638596439249764,1.6095018903644916e-14,0.999709248884751,0.05189027106653842,-6.241809176431385e-16,0.00017120796745136933,-0.05537508887763087,-7.29842762442574e-15,0.00024189728565639332,4.2626447551791914e-14,-0.3234094755437541,-2.406062708156424e-16,4.857866563655711e-16,0.05409422564127488,9.61717349337696e-16,-3.325059919243635e-16,-0.012088443556992604,-1.7800013212479687e-17,68.67278727198006,-7.586889501137453e-06,0.0012598609642377088,3.600381777336877e-07,5403.841098484505,5411.805323479764,5783.481297015483,5776.026272026399,0.01364169524083187,0.05189055350954501,0.05409422564277983,0
7.1419999999994355,0.0,0.0,1.0,0.0,-0.012598978945181293,1.6082519687832546e-14,0.9997127884397549,0.05204790949080294,-6.264975188725612e-16,0.00018164526012566312,-0.05608958665717026,-7.289923056723735e-15,0.00021391453011397453,4.2576915712723534e-14,-0.32758323119050586,-2.434281853631048e-16,1.019004891155323e-16,0.040353634050259095,9.403290532564086e-16,-3.682619089232902e-16,-0.011910263795036924,-2.154633829423179e-17,68.6726198090477,-7.841810036488354e-06,0.001302151849553312,3.641501969835321e-07,5403.842603089543,5411.806884213538,5783.466702015655,5776.0115657813885,0.012602252217022953,0.052048226457424476,0.04035363405392348,0
7.161999999999433,0.0,0.0,1.0,0.0,-0.011556726265778722,1.607001896231524e-14,0.99971653278205,0.05215860271369157,-6.23398259623392e-16,0.00019172054839381749,-0.056749028620569644,-7.285970740125067e-15,0.00018624190226117747,4.255396863288693e-14,-0.3314354574010119,-2.4615801583470433e-16,-2.7439162080539475e-16,0.026820866351494117,9.159518387334226e-16,-2.8833509397379936e-16,-0.011726334109010554,-1.9847976248614716e-17,68.67245265097084,-8.087088545165509e-06,0.0013428421050936954,3.6790342739636493e-07,5403.843812890371,5411.808148667167,5783.452404832668,5775.997162819652,0.011560202232045602,0.05215895506826599,0.026820866350265482,0
7.181999999999431,0.0,0.0,1.0,0.0,-0.010512769312880206,1.605760471507349e-14,0.9997204745194926,0.05222308062141854,-6.182546202874549e-16,0.00020142018521643613,-0.05735382178136277,-7.287253226634685e-15,0.000158921660767284,4.256159283251055e-14,-0.334968527419389,-2.488265799429719e-16,-5.39812016127373e-16,0.013502371207959305,8.965941643264635e-16,-1.8187327788567307e-16,-0.011536877158762386,-1.4599180736891155e-17,68.67228603247857,-8.322693348418768e-06,0.0013819265238517475,3.7130688250761724e-07,5403.844736148721,5411.809125061128,5783.4384163042305,5775.983073937493,0.01051648482716961,0.05222346905063081,0.013502371213926672,0
7.201999999999429,0.0,0.0,1.0,0.0,-0.009468024160268946,1.6045264815115385e-14,0.9997246059999332,0.052242094816064163,-6.143178996956842e-16,0.0002107316998834207,-0.05790440671532094,-7.284962508075742e-15,0.00013199423694139134,4.2548344588500485e-14,-0.3381850105440785,-2.511376742788524e-16,-7.444851188802084e-16,0.00040434172206598655,8.801336777933618e-16,-1.3118022602949247e-16,-0.011342116230160999,-9.403850897710344e-18,68.6721201840219,-8.548600406651373e-06,0.0014194011661486834,3.743696955699122e-07,5403.845381200484,5411.809821691776,5783.4247468619105,5775.96930952171,0.009472028470961713,0.05224251983413485,0.00040434182668998704,0
7.221999999999427,0.0,0.0,1.0,0.0,-0.008423391619071737,1.6033037279930544e-14,0.9997289193347603,0.05221641773201199,-6.0805383027047e-16,0.0002196437991039412,-0.05840125671360552,-7.286594849658922e-15,0.00010549818481084158,4.255800612116501e-14,-0.34108766719939754,-2.5335069026324874e-16,-8.493317523015204e-16,-0.012467285171393198,8.668429743569709e-16,-3.5364118228167883e-17,-0.011142275060415518,-1.402666597976517e-17,68.67195533129065,-8.764793218279239e-06,0.0014552633426536921,3.771010909127583e-07,5403.845756433371,5411.810246909135,5783.411406513728,5775.9558795324,0.008427752434386928,0.05221687968619401,0.012467285172338723,0
7.2419999999994245,0.0,0.0,1.0,0.0,-0.007379756830848118,1.602087700154315e-14,0.9997334064224312,0.05214684175073599,-6.078048447238663e-16,0.0002281463648668192,-0.058844876925014125,-7.281629596787178e-15,7.947013769474482e-05,4.2529130453575294e-14,-0.3436794439425124,-2.551025639282599e-16,-9.42872528055595e-16,-0.025106829113635456,8.457996398223703e-16,-1.1568963497406312e-16,-0.010937577665803824,-2.1795809720109803e-17,68.67179169475567,-8.971262713770778e-06,0.0014895115967584653,3.795103563400409e-07,5403.8458702655025,5411.810409095497,5783.398404827973,5775.942793486954,0.007384570604852416,0.05214734082712275,0.02510682911362896,0
7.261999999999422,0.0,0.0,1.0,0.0,-0.006337988878395476,1.6008779889858955e-14,0.9997380589719244,0.05203417831462155,-6.030203837799816e-16,0.00023623044917353892,-0.059235803488128694,-7.281467781443269e-15,5.3944771196202e-05,4.25283062136379e-14,-0.34596346841049924,-2.5679292683220754e-16,-1.037658680189412e-15,-0.03750886653443403,8.264014075024956e-16,-7.350570013490443e-17,-0.010728248171894335,-1.4131398215561376e-17,68.67162948923706,-9.168007147001728e-06,0.0015221456863291742,3.8160681669313366e-07,5403.845731124844,5411.810316644983,5783.385750918189,5775.930060445245,0.006343399413946285,0.05203471454426313,0.037508866536642614,0
7.28199999999942,0.0,0.0,1.0,0.0,-0.005298940414282086,1.5996729334457246e-14,0.9997428685260529,0.05187925704049381,-6.022410736579591e-16,0.00024388826575164196,-0.059574602654168654,-7.275337365568618e-15,2.895477252075492e-05,4.2492617902752364e-14,-0.3479430442121225,-2.580455328658247e-16,-1.1709973536720802e-15,-0.04966823067173207,8.088211873320283e-16,-1.563388003229056e-16,-0.01051451064634988,-1.652097980371942e-17,68.6714689234989,-9.355031981708588e-06,0.0015531665648599385,3.833998085440138e-07,5403.845347429614,5411.809977943985,5783.373453429422,5775.91768899604,0.005305175407939518,0.0518798303058115,0.04966823067311647,0
7.301999999999418,0.0,0.0,1.0,0.0,-0.004263447307106578,1.5984751412674563e-14,0.9997478264845814,0.0516829248335159,-5.951259545493756e-16,0.0002511131788628469,-0.059861869901345365,-7.27715376479359e-15,4.530816011280884e-06,4.2503340235105194e-14,-0.34962164576894167,-2.5935584908527027e-16,-1.3150334335651495e-15,-0.0615800114013323,7.948089724462665e-16,-7.427594446329248e-17,-0.01029658893439067,-9.613832694675284e-18,68.6713101998705,-9.532349775803608e-06,0.001582576362049594,3.8489865604699276e-07,5403.844727569614,5411.809401352557,5783.361520525655,5775.905687244634,0.00427089854976127,0.05168353487500108,0.06158001139858445,0
7.321999999999416,0.0,0.0,1.0,0.0,-0.0032323283054692775,1.597290561456213e-14,0.9997529241270875,0.05144604500210914,-5.886504181608026e-16,0.00025789968932263816,-0.06009822904150824,-7.27963661253572e-15,-1.9298455216365203e-05,4.251795123723292e-14,-0.3510029131103219,-2.6046999486031755e-16,-1.3883847309945136e-15,-0.07323955487976128,7.88275444635614e-16,-1.992776269235122e-17,-0.010074706496997871,-2.372954604412953e-18,68.67115351389502,-9.699980060917418e-06,0.0016103783638247741,3.8611264800102187e-07,5403.84387988854,5411.808595186777,5783.349959878528,5775.894062801726,0.0032417576654206227,0.0514466914252879,0.07323955488215983,0
7.341999999999413,0.0,0.0,1.0,0.0,-0.002206384719627902,1.596114431889258e-14,0.999758152635513,0.05116949637453532,-5.84441250559748e-16,0.0002642434178550248,-0.06028433131986552,-7.278586482715747e-15,-4.250644167403338e-05,4.251192330069604e-14,-0.3520906466268921,-2.612401207534319e-16,-1.4795798300827591e-15,-0.08464246300349537,7.810793430018703e-16,-4.014520586334018e-17,-0.00984908625193164,-4.198974679576617e-18,68.67099905400508,-9.857949219742837e-06,0.0016365769918327262,3.8705101615917406e-07,5403.842812667241,5411.807567702057,5783.338778657276,5775.882822773529,0.002219599891583342,0.05117017865717749,0.08464246300531426,0
7.361999999999411,0.0,0.0,1.0,0.0,-0.0011864001207974352,1.5949516140667915e-14,0.9997635031163562,0.050854172417770065,-5.793034553276304e-16,0.000270141085908798,-0.060420854508554944,-7.27981804886306e-15,-6.506859409107879e-05,4.2519217924285206e-14,-0.3528888017869574,-2.618772469753341e-16,-1.5166683591377148e-15,-0.09578459268781875,7.808890685243611e-16,-3.791229148910628e-17,-0.009619950417634764,2.345583966782636e-19,68.67084700122602,-1.0006290360037924e-05,0.0016611777824254849,3.877229147331403e-07,5403.841534107985,5411.806327077454,5783.327983519924,5775.8719737531255,0.0012097421306218104,0.05085488991731849,0.09578459268618557,0
7.381999999999409,0.0,0.0,1.0,0.0,-0.00017314005804155817,1.5937996793783186e-14,0.9997689666224524,0.05050098035928414,-5.726497235357459e-16,0.0002755904940639331,-0.06050850199483199,-7.280557507995715e-15,-8.696241434472216e-05,4.252363413122058e-14,-0.35340148382033426,-2.622849403417461e-16,-1.5445857745168417e-15,-0.10666205496866539,7.829062769521239e-16,3.845321503303925e-18,-0.00938752036009292,5.505027787456174e-18,68.67069752890622,-1.0145043185264738e-05,0.001684187365160309,3.8813740119472644e-07,5403.84005231971,5411.804881400927,5783.317580605724,5775.861521813059,0.00028871075705571507,0.05050173232047808,0.10666205496973517,0
7.401999999999407,0.0,0.0,1.0,0.0,0.0008326482073092008,1.5926578918301354e-14,0.9997745341742977,0.05011084031233753,-5.685897082723075e-16,0.0002805904981623743,-0.06054800186463464,-7.281610513199259e-15,-0.00010816745090761381,4.2529877422907283e-14,-0.3536329423740346,-2.624952541065741e-16,-1.5794702003102763e-15,-0.11727121393087324,7.84676103113724e-16,-3.4540964833762603e-17,-0.009152016442714912,-1.2384386748605428e-18,68.67055080247512,-1.0274253862877367e-05,0.0017056134408369096,3.8830341829032913e-07,5403.838375304238,5411.80323865563,5783.307575528832,5775.85147249915,0.0008626342653145826,0.050111625875002806,0.11727121393037239,0
7.421999999999405,0.0,0.0,1.0,0.0,0.0018302359497893844,1.5915286091082956e-14,0.9997801967808713,0.04968468440537859,-5.622287229254553e-16,0.0002851409832968616,-0.06054010598227475,-7.283370888288668e-15,-0.00012866528899070694,4.254024796819474e-14,-0.35358756614417797,-2.625255715901089e-16,-1.587449361793012e-15,-0.12760868546635076,7.855270420844479e-16,-7.81440550003968e-18,-0.008913657879296039,4.501113410955383e-19,68.67040697922825,-1.0393974889676489e-05,0.001725464759095554,3.8822977733139043e-07,5403.8365109435235,5411.8014067071335,5783.297973373208,5775.841830825552,0.001843387394727653,0.04968550261235591,0.12760868546765156,0
7.441999999999402,0.0,0.0,1.0,0.0,0.0028189132105690988,1.5904146993307337e-14,0.9997859454599153,0.049223455916128166,-5.53678104893908e-16,0.0002892428357960331,-0.06048558906699708,-7.288028790282361e-15,-0.0001484395355727773,4.2567537894536204e-14,-0.3532698774884692,-2.6245796365709965e-16,-1.5227826796759249e-15,-0.13767133586572827,7.867063047140173e-16,8.091724239726023e-17,-0.00867266259012508,7.683382312471903e-19,68.67026620813935,-1.0504264954701682e-05,0.0017437510955989647,3.8792514276353536e-07,5403.834466987851,5411.799393291683,5783.288778688736,5775.832601271,0.0028270286583004186,0.04922430572131081,0.1376713358653136,0
7.4619999999994,0.0,0.0,1.0,0.0,0.00379798901096303,1.589314968993129e-14,0.9997917712576346,0.04872810841091542,-5.472957014719515e-16,0.00029289791334228556,-0.06038524776713708,-7.28959791922362e-15,-0.00016747579951692873,4.257678272246379e-14,-0.35268452702352054,-2.620799957112812e-16,-1.3984646746034818e-15,-0.14745628024712912,7.859470086784466e-16,1.1734920010831301e-16,-0.00842924706128873,-2.642561803392207e-18,68.67012862969943,-1.0605188799529593e-05,0.0017604832288196227,3.873980179588769e-07,5403.832251045042,5411.797206005384,5783.279995488552,5775.823787776267,0.0038036929077599046,0.048728988687367254,0.14745628024814425,0
7.481999999999398,0.0,0.0,1.0,0.0,0.004766791548789138,1.5882255489499443e-14,0.9997976652677781,0.048199604889819364,-5.422464228768877e-16,0.0002961090133656024,-0.06023989973259881,-7.291419118319177e-15,-0.00018576166697898636,4.258749541520099e-14,-0.3518362882112561,-2.6151546012144295e-16,-1.2632882716606433e-15,-0.1569608808257625,7.821270581612199e-16,1.3071264240550033e-16,-0.008183626207228704,-2.4533143141848616e-18,68.66999437578201,-1.0696817076702417e-05,0.0017756729164559973,3.866567322725203e-07,5403.829870570611,5411.794852294393,5783.271627247546,5775.815393742788,0.004771083840540935,0.048200514437944486,0.15696088082547482,0
7.501999999999396,0.0,0.0,1.0,0.0,0.005724668377699111,1.5871437230843256e-14,0.9998036186500717,0.047638916938156764,-5.389033058068194e-16,0.0002988798398504197,-0.06005038268636384,-7.288717201449576e-15,-0.00020328667232440395,4.2571785156679144e-14,-0.3507300519385688,-2.6059705090255817e-16,-1.1454332595475845e-15,-0.16618274502809274,7.765524172030926e-16,1.0807141106781144e-16,-0.007936013236599536,-4.953538734045059e-18,68.66986356953456,-1.0779226205487596e-05,0.001789332871499659,3.8570942933876556e-07,5403.827332858893,5411.792339446038,5783.263676902026,5775.807422032447,0.00572803576012125,0.0476398544938927,0.16618274502873012,0
7.521999999999394,0.0,0.0,1.0,0.0,0.006670986569613323,1.5860734139272464e-14,0.9998096226479698,0.04704702388484357,-5.331065883984394e-16,0.0003012149686959396,-0.05981755349573129,-7.290961249167167e-15,-0.0002200422647684341,4.258495870800216e-14,-0.3493708210943536,-2.5966746449902363e-16,-9.665432404077493e-16,-0.17511972345439852,7.740529304984639e-16,1.6918940541386081e-16,-0.007686619521475427,-1.2138001804908093e-18,68.66973632529553,-1.0852498226241534e-05,0.0018014767379761136,3.84564056578952e-07,5403.824645035132,5411.789674580893,5783.256146850528,5775.799874968494,0.006673702521698683,0.047047988127850986,0.17511972345423013,0
7.541999999999391,0.0,0.0,1.0,0.0,0.0076051328604034565,1.5850063144117855e-14,0.9998156686057011,0.046424911968143516,-5.327447494758997e-16,0.00030311981177326994,-0.05954228724397795,-7.285072056330191e-15,-0.00023602177097215861,4.25506232325713e-14,-0.3477637051479721,-2.582645992400219e-16,-8.442589216505999e-16,-0.18376990769359075,7.673034276690487e-16,9.078359058709555e-17,-0.007435654469948332,-7.42972097073039e-18,68.66961274853655,-1.091672065199782e-05,0.001812119066381109,3.83228355911809e-07,5403.8218140484705,5411.786864645777,5783.249038955745,5775.7927543375745,0.007607366422574413,0.0464259015299667,0.18376990769313897,0
7.561999999999389,0.0,0.0,1.0,0.0,0.00852651377897602,1.5839459702314134e-14,0.9998217479845819,0.045773573509303986,-5.279498552036874e-16,0.00030460057981531027,-0.05922547630311642,-7.285891068678672e-15,-0.0002512203538189842,4.255546453259777e-14,-0.34591391473315247,-2.569201087619977e-16,-7.054374720788191e-16,-0.1921316279941939,7.618060338481131e-16,1.5098966248586736e-16,-0.007183325402159057,-3.3086956181673005e-18,68.66949293582879,-1.0971986319642241e-05,0.0018212752888354148,3.8170985565143636e-07,5403.818846665872,5411.7839164076595,5783.242354547517,5775.786061392826,0.008528376809456097,0.04577458698147783,0.19213162799447037,0
7.581999999999387,0.0,0.0,1.0,0.0,0.009434555759919918,1.5828924973266433e-14,0.9998278523785739,0.04509400609456508,-5.254603643853347e-16,0.0003056642442803124,-0.058868029408417274,-7.283904846981879e-15,-0.00026563496760320497,4.254391658653627e-14,-0.34382675624124964,-2.553006376595387e-16,-5.323510867525246e-16,-0.2002034507954578,7.593310429209064e-16,1.6196710106206582e-16,-0.006929837429797208,-1.1067605498327661e-20,68.66937697483367,-1.1018393237933303e-05,0.0018289616939788581,3.800158635576677e-07,5403.815749466946,5411.780836448459,5783.236094426911,5775.779796858046,0.009436126175004273,0.04509504203664638,0.20020345079597576,0
7.601999999999385,0.0,0.0,1.0,0.0,0.010328705239890733,1.5818476655463913e-14,0.9998339735290721,0.044387211766014095,-5.212745681173607e-16,0.0003063184983258775,-0.05847087073534925,-7.28333558871481e-15,-0.0002792643098753644,4.254064046265648e-14,-0.3415076264277409,-2.535591147008168e-16,-2.7369794772887573e-16,-0.2079841761225885,7.68042164600623e-16,2.4227341387698094e-16,-0.006675393339107506,9.15835542786333e-18,68.66926494431635,-1.1056044435414053e-05,0.0018351954016273785,3.781534610307936e-07,5403.812528839607,5411.777631160689,5783.230258871293,5775.773960932851,0.010330039531463326,0.04438826871351705,0.20798417612312217,0
7.621999999999383,0.0,0.0,1.0,0.0,0.01120842873791368,1.580805561853264e-14,0.999840103338902,0.043654196221743505,-5.205503346186675e-16,0.00030657171702920663,-0.05803493897957937,-7.279334189601666e-15,-0.000292108770174081,4.2517313470077293e-14,-0.33896200703574925,-2.5153108944190144e-16,-6.010062111263317e-19,-0.21547283485014115,7.781356509457885e-16,2.494361955295064e-16,-0.006420193477429467,1.217154300058073e-17,68.66915691418204,-1.1085047806064325e-05,0.0018399943372128245,3.7612949839327554e-07,5403.809190976617,5411.774306743972,5783.2248476404075,5775.768553298838,0.011209569202922988,0.04365527269396181,0.2154728348497332,0
7.64199999999938,0.0,0.0,1.0,0.0,0.012073212919796218,1.579769166623488e-14,0.9998462338855143,0.04289596802575601,-5.177884617214004e-16,0.0003064329169851784,-0.057561186440662444,-7.278607262653291e-15,-0.0003041703758860767,4.251310779497656e-14,-0.3361954594403268,-2.494534835262276e-16,3.692237948060407e-16,-0.22266868583763919,7.987585275620513e-16,3.4471902663383273e-16,-0.006164435643302615,1.978364513843852e-17,68.66905294553385,-1.1105515954408163e-05,0.0018433772060287407,3.7395059124821825e-07,5403.805741872933,5411.7708692023525,5783.219859983408,5775.763573126689,0.012074192073372791,0.04289706253345669,0.2226686858372764,0
7.661999999999378,0.0,0.0,1.0,0.0,0.012922564646850031,1.5787309358773813e-14,0.9998523574333665,0.042113537828046735,-5.194386750261637e-16,0.00030591171541784825,-0.057050578110036526,-7.270199487946155e-15,-0.0003154527354829554,4.2464035340944897e-14,-0.3332136193171542,-2.469556268491508e-16,7.505761283618472e-16,-0.22957121294152796,8.197401432809777e-16,3.5009688624979537e-16,-0.005908314980160621,1.814519881537843e-17,68.66895309075161,-1.1117566038782954e-05,0.0018453634673026786,3.716231178895181e-07,5403.8021873238395,5411.7673243424,5783.215294646792,5775.7590190841765,0.012923408040431919,0.0421146488810242,0.22957121294080746,0
7.681999999999376,0.0,0.0,1.0,0.0,0.013756011009130476,1.5776900590321954e-14,0.999858466445482,0.04130791759527736,-5.227419103969435e-16,0.0003050182889294003,-0.05650409076392796,-7.260811944580915e-15,-0.00032596097936162026,4.2409236006375786e-14,-0.33002219133923594,-2.44274739385678e-16,1.1756688689457334e-15,-0.23618012190757773,8.470309110765565e-16,3.5070935205703247e-16,-0.0056520238736380264,2.2688900384884995e-17,68.66885739359087,-1.1121319614652623e-05,0.001845973308116915,3.691532176763619e-07,5403.798532923858,5411.763677772072,5783.211149883226,5775.754889345058,0.013756739098724427,0.041309043709759324,0.2361801219076128,0
7.701999999999374,0.0,0.0,1.0,0.0,0.01457309934340979,1.576639366995544e-14,0.9998645535941816,0.04048011985244321,-5.270724273261534e-16,0.00030376333201394176,-0.055922712061756606,-7.252583927432849e-15,-0.0003357016985372324,4.236120515886138e-14,-0.3266269439051006,-2.4148787496120835e-16,1.5694717020961562e-15,-0.24249533714790383,8.667076914036648e-16,3.5640423238822986e-16,-0.005395751852506777,1.6681607197685933e-17,68.66876588930107,-1.1116902476202838e-05,0.0018452276171977392,3.6654679044561e-07,5403.794784066392,5411.759934900322,5783.207423461204,5775.751181598777,0.014573728767948851,0.040481259558344314,0.24249533714835578,0
7.721999999999372,0.0,0.0,1.0,0.0,0.01537339723610818,1.5755762911054554e-14,0.9998706117709839,0.03963115693591972,-5.360591250240014e-16,0.0003021580154598721,-0.055307439650618115,-7.235788653544594e-15,-0.0003446828814274648,4.22631302654779e-14,-0.32303370390193664,-2.38278339101376e-16,1.9363369965620235e-15,-0.2485169984067604,8.836732219634048e-16,2.7166971264023224e-16,-0.00513968549326287,1.3025514841738936e-17,68.66867860476214,-1.1104444497516554e-05,0.0018431479585955706,3.638094967421363e-07,5403.7909459440625,5411.756100937381,5783.204112675491,5775.747893060993,0.015373941716195836,0.039632308783942985,0.2485169984064793,0
7.741999999999369,0.0,0.0,1.0,0.0,0.016156492511414523,1.5744945237549057e-14,0.9998766340956736,0.03876204025826007,-5.435674927308749e-16,0.0003002139447573422,-0.054659280276406944,-7.221740404902913e-15,-0.00035291384895769944,4.218109637554822e-14,-0.31924835150700986,-2.350291054128061e-16,2.2140834896423857e-15,-0.2542454573193073,8.951611907316891e-16,2.5886116501492305e-16,-0.004884008328372739,1.1340908611185272e-17,68.66859555863836,-1.108407947373941e-05,0.0018397565452752578,3.609467590586792e-07,5403.787023549717,5411.75218089573,5783.201214358337,5775.745020484808,0.01615696349620633,0.038763202826851154,0.25424545731894066,0
7.761999999999367,0.0,0.0,1.0,0.0,0.016921993204835624,1.573397617526791e-14,0.9998826139245388,0.03787377958510139,-5.5258003509800955e-16,0.0002979431186273193,-0.05397924890212973,-7.205645764349241e-15,-0.0003604051882259646,4.208710599428297e-14,-0.31527681503063887,-2.3158811840180604e-16,2.491576585513034e-15,-0.25968127386754863,9.037494729255006e-16,2.3015702091858654e-16,-0.00462890075819313,7.641177117795736e-18,68.668516761549,-1.1055944960790487e-05,0.0018350762126377522,3.5796376382265423e-07,5403.783021678097,5411.748179591691,5783.198724891386,5775.742560172745,0.016922400347327067,0.037874951487266356,0.25968127386710316,0
7.781999999999365,0.0,0.0,1.0,0.0,0.01766952752241998,1.5722858667894555e-14,0.9998885448577817,0.036967382324522256,-5.587828505944892e-16,0.0002953578877837912,-0.05326836783394459,-7.192614706731896e-15,-0.0003671686849567614,4.201100584808408e-14,-0.3111250658039115,-2.281252272884699e-16,2.8070631325239933e-15,-0.2648252127376587,9.168661191748388e-16,3.118436315192929e-16,-0.004374539966571142,1.7141444444091342e-17,68.66844221625433,-1.1020182115690805e-05,0.0018291303919932657,3.5486546422216436e-07,5403.778944928083,5411.744101647636,5783.196640218254,5775.740507989363,0.01766987903507786,0.03696856221452596,0.2648252127379526,0
7.801999999999363,0.0,0.0,1.0,0.0,0.01839874378590881,1.5711575975977636e-14,0.9998944207461085,0.03604385282917991,-5.674078550594644e-16,0.0002924709140345247,-0.05252766585544841,-7.175130520330858e-15,-0.0003732172549691944,4.190889206183358e-14,-0.3067991131142535,-2.244065720475499e-16,3.1701682702582454e-15,-0.2696782395829118,9.393074151511402e-16,3.5664568421204237e-16,-0.004121099840129939,2.1412279431837612e-17,68.66837191785615,-1.097693553595538e-05,0.001821943084005564,3.5165658380504474e-07,5403.77479770552,5411.739951494744,5783.19495585774,5775.7388593745,0.018399046711130723,0.03604503940914945,0.2696782395826439,0
7.821999999999361,0.0,0.0,1.0,0.0,0.019109310364073276,1.5700122397453988e-14,0.9999002356965045,0.03510419171154062,-5.7938601901713045e-16,0.00028929512982601676,-0.051758177370718986,-7.157889105993397e-15,-0.0003785648748813144,4.180819283268262e-14,-0.3023049991918676,-2.2058809858343744e-16,3.611655105088536e-15,-0.27424151719645085,9.692169403382596e-16,3.477117498905446e-16,-0.003868750891242492,2.761668057399454e-17,68.66830585401213,-1.092635309963661e-05,0.001813538832127542,3.4834162075875073e-07,5403.770584226588,5411.735733376303,5783.193666917597,5775.737609357069,0.019109570782901698,0.035105383738007166,0.27424151719611833,0
7.841999999999358,0.0,0.0,1.0,0.0,0.019800915590503197,1.5688371681276775e-14,0.9999059840772071,0.034149395172502574,-5.928103595950936e-16,0.00028584369832909543,-0.05096094155660555,-7.134057562070508e-15,-0.0003832265122693095,4.166899831093335e-14,-0.297648794249981,-2.1646745054967247e-16,3.973540683202879e-15,-0.27851640159810853,9.99219819024618e-16,3.3410934943454153e-16,-0.0036176601846931366,2.6470326511971303e-17,68.66824400516262,-1.0868585804663058e-05,0.0018039426960472196,3.4492485287675514e-07,5403.766308521653,5411.73145135151,5783.192768108836,5775.736752569421,0.01980113878583682,0.03415059146292516,0.2785164015984776,0
7.861999999999356,0.0,0.0,1.0,0.0,0.020473267668118172,1.5676345872054423e-14,0.9999116605218875,0.03318045434369579,-6.085864634341859e-16,0.00028212997415897457,-0.05013700152474577,-7.110637293809308e-15,-0.0003872180554938771,4.153220283624981e-14,-0.29283659158175296,-2.1226861512412877e-16,4.32920613956009e-15,-0.282504438039516,1.023504400285488e-15,2.871401934394281e-16,-0.0033679912680249224,1.9275181424597127e-17,68.66818634476911,-1.0803787609098178e-05,0.0017931802251639627,3.414103431433352e-07,5403.7619744396015,5411.727109299725,5783.192253760541,5775.736283262139,0.02047345825389072,0.03318165378302293,0.2825044380398628,0
7.881999999999354,0.0,0.0,1.0,0.0,0.02112609456067773,1.566396346631164e-14,0.9999172599330539,0.03219835464372922,-6.269737530092286e-16,0.00027816746481900805,-0.04928740349377328,-7.081488073919694e-15,-0.00039055624339579887,4.1361942385722965e-14,-0.28787450271660364,-2.0781632782852392e-16,4.588119706933376e-15,-0.28620735693171107,1.0455595959448274e-15,2.0016159203482006e-16,-0.003119904105565479,1.775185026720068e-17,68.66813283956333,-1.07321152708786e-05,0.0017812774321126468,3.378019458726953e-07,5403.757585652586,5411.7227109251535,5783.192117835084,5775.736195319321,0.021126256585239502,0.03219955619106951,0.28620735693177896,0
7.901999999999352,0.0,0.0,1.0,0.0,0.02175914387157221,1.5651216376130615e-14,0.9999227774846929,0.031204075148640643,-6.461369247639562e-16,0.00027396979295350396,-0.04841319597216501,-7.053417575140458e-15,-0.0003932585950661813,4.119797974969973e-14,-0.2827686526386423,-2.0332125741010406e-16,4.764928061820617e-15,-0.2896270696994657,1.0629914394152546e-15,1.1164548352941028e-16,-0.0028735550161240624,1.3980398800101228e-17,68.6680834498059,-1.0653728188729799e-05,0.0017682607663558004,3.341033134391252e-07,5403.753145661183,5411.718259761928,5783.192353943767,5775.736482274211,0.021759280901276327,0.03120527784413181,0.2896270696996877,0
7.92199999999935,0.0,0.0,1.0,0.0,0.022372182710181137,1.5638093362156625e-14,0.9999282086241648,0.030198587976790717,-6.633096029739542e-16,0.0002695506594875791,-0.04751542895216244,-7.02605959217553e-15,-0.00039534333987927277,4.103817613332408e-14,-0.27752517506977986,-1.9877698807955877e-16,4.860316833788038e-15,-0.2927656645665233,1.0746731317142257e-15,9.156096354476806e-17,-0.002629096614349279,1.1052510833304125e-17,68.66803812955388,-1.0568788242908322e-05,0.0017541570878606696,3.3031790341211443e-07,5403.7486577998925,5411.713759179538,5783.192955362804,5775.737137325202,0.022372297897609267,0.030199790948779746,0.29276566456597786,0
7.941999999999347,0.0,0.0,1.0,0.0,0.022964997546090517,1.5624649588704632e-14,0.9999335490733731,0.029182857688427977,-6.805103823490103e-16,0.0002649238077285563,-0.04659515311518641,-6.9985325568503286e-15,-0.00039682934798081866,4.087738258408508e-14,-0.2721502078200253,-1.9416345196114093e-16,4.9774359877845676e-15,-0.29562540227593753,1.0889331540804662e-15,8.189616853879777e-17,-0.0023866777557344588,1.0381633634024406e-17,68.6679968269356,-1.0477459636950638e-05,0.001738993640880374,3.2644898617267697e-07,5403.7441252429635,5411.709212388581,5783.1939150496,5775.738153352145,0.022965093686235925,0.029184060161104062,0.29562540227579354,0
7.961999999999345,0.0,0.0,1.0,0.0,0.0235373940514648,1.561079897695261e-14,0.9999387948292268,0.028157840700137503,-7.001588701011967e-16,0.00026010298849861994,-0.04565341904915002,-6.9679185773726815e-15,-0.0003977360614031268,4.069855629711878e-14,-0.2666498882073722,-1.8940708031732183e-16,4.9858843480813e-15,-0.29820871174968483,1.0957726714697934e-15,9.930514616596438e-18,-0.0021464434852535713,7.875175051672416e-18,68.66795948443252,-1.0379908740006649e-05,0.0017227980278562121,3.224996529183123e-07,5403.73955101051,5411.704622446803,5783.195225659311,5775.739522932897,0.023537473628383737,0.028159042001796617,0.2982087117501909,0
7.981999999999343,0.0,0.0,1.0,0.0,0.024089196931873433,1.559654595307461e-14,0.9999439421634171,0.027124484714371608,-7.216839966174748e-16,0.0002551019263625062,-0.04469127647805915,-6.935444715265455e-15,-0.0003980834259858484,4.050886452927292e-14,-0.2610303485495942,-1.8455122766051834e-16,4.896290239845282e-15,-0.30051818569169425,1.1010204107332423e-15,-1.1850602629994693e-16,-0.0019085349896112206,2.140585815907775e-18,68.66792603916653,-1.0276303930123703e-05,0.0017055981834583978,3.1847282400378205e-07,5403.734937974878,5411.6999922653895,5783.196879561595,5775.741238360094,0.024089262157725437,0.027125684286539442,0.3005181856912793,0
8.001999999999342,0.0,0.0,1.0,0.0,0.02462024974587559,1.558189325934319e-14,0.9999489876215321,0.026083728164246797,-7.4217308664278e-16,0.00024993428700905893,-0.04370977350427492,-6.9052311563631384e-15,-0.00039789182426316157,4.0332372813972695e-14,-0.25529771173017646,-1.797118130438773e-16,4.701565175096726e-15,-0.3025565761384264,1.0997879411348774e-15,-2.31949026952971e-16,-0.0016730895530846527,-6.210101946901453e-18,68.66789642319223,-1.0166815438347744e-05,0.001687422348782463,3.143712575899588e-07,5403.730288867236,5411.695324615466,5783.198868857558,5775.743291658101,0.024620302593835925,0.02608492557194949,0.3025565761389538,0
8.021999999999348,0.0,0.0,1.0,0.0,0.02513041471367045,1.5566895291888968e-14,0.9999539280215312,0.02503649967377738,-7.559485122129847e-16,0.0002446136458403854,-0.04270995586379786,-6.877586447365211e-15,-0.00039718200946956906,4.017088346064224e-14,-0.24945808684051748,-1.74898049388896e-16,4.469284606999397e-15,-0.3043267899611067,1.0962127308664099e-15,-1.743272593525356e-16,-0.0014402405169364355,4.2808848446692114e-19,68.66787056379296,-1.0051615193779844e-05,0.001668299045718171,3.1019755852773805e-07,5403.725606284332,5411.690622134792,5783.201185396825,5775.74567460009,0.025130456945870766,0.02503769461733221,0.30432678996101126,0
8.041999999999355,0.0,0.0,1.0,0.0,0.025619572515123406,1.5551594646101502e-14,0.9999587604516054,0.023983717533701796,-7.721311037753325e-16,0.00023915345781882818,-0.04169286619491765,-6.851954756998195e-15,-0.0003959750408204448,4.0021150077555545e-14,-0.24351756490044826,-1.7009671135714086e-16,4.2448808520659805e-15,-0.30583188432368147,1.0966177763166663e-15,-2.0844309017261623e-16,-0.0012101172423716292,-2.005593027056979e-18,68.6678483837797,-9.930876669899689e-06,0.0016482570515068801,3.0595418749460573e-07,5403.720892695423,5411.685887334607,5783.2038207946935,5775.74837872519,0.0256196057065291,0.023984909862511086,0.3058318843239641,0
8.061999999999362,0.0,0.0,1.0,0.0,0.026087622077481613,1.5536019900330337e-14,0.9999634822674495,0.022926289193044323,-7.849072608607386e-16,0.00023356702861324996,-0.04065954332055791,-6.8289147427589005e-15,-0.0003942922202000575,3.9886552634041604e-14,-0.23748221465901984,-1.6532316713501872e-16,4.047708964492038e-15,-0.30707506210054714,1.0969305604964082e-15,-1.6651157115173934e-16,-0.0009828450770108547,1.8590727218219133e-18,68.6678298017921,-9.804774732103677e-06,0.0016273253735027604,3.016434702499776e-07,5403.716150449315,5411.681122606581,5783.206766449349,5775.75139535571,0.026087647636425494,0.02292747892202621,0.30707506210046936,0
8.081999999999368,0.0,0.0,1.0,0.0,0.026534480353095163,1.5520189844856206e-14,0.9999680910889712,0.021865110766540824,-7.9747846307796365e-16,0.00022786748708440065,-0.03961102154463017,-6.805759431905929e-15,-0.0003921550303901283,3.975128027889897e-14,-0.23135807847742473,-1.6051365228091173e-16,3.887020016484947e-15,-0.3080596672580619,1.099022616636817e-15,-1.370805779189686e-16,-0.0007585453248539158,1.8495317427040404e-18,68.66781473260045,-9.673485486473253e-06,0.0016055332241556382,2.972676070641462e-07,5403.711381781483,5411.676330229868,5783.2100135590745,5775.754715614351,0.02653449953904155,0.021866298096037417,0.30805966725857603,0
8.101999999999375,0.0,0.0,1.0,0.0,0.026960082087462263,1.5504103238335393e-14,0.9999725847964647,0.020801066558043625,-8.084394285574038e-16,0.0002220677591424404,-0.038548329962695506,-6.782654868795824e-15,-0.00038958507495925074,3.961630298964837e-14,-0.22515116829581708,-1.5567698042155408e-16,3.7430453416001554e-15,-0.30878918020381774,1.1024193400788924e-15,-7.640949170841782e-17,-0.0005373352196962047,5.131032248057293e-18,68.66780308740834,-9.537186130111238e-06,0.0015829099962269683,2.9282868219536624e-07,5403.706588821261,5411.671512378211,5783.213553139449,5775.758330441401,0.026960096026462675,0.020802251898335705,0.3087891802038335,0
8.121999999999382,0.0,0.0,1.0,0.0,0.02736437957791935,1.5487776799016317e-14,0.9999769615262774,0.019735028600007334,-8.221603255345959e-16,0.00021618054300532422,-0.037472491787218495,-6.759892636809293e-15,-0.0003866040199292918,3.948332398906544e-14,-0.21886746168571888,-1.5082426589421412e-16,3.626962554692899e-15,-0.3092672131076134,1.1075740889298842e-15,-1.0548692661274106e-16,-0.00031932790196992665,6.052658304778596e-18,68.66779477415442,-9.39605480285847e-06,0.0015594852382579468,2.8832867344838594e-07,5403.701773599051,5411.666671127076,5783.217376040467,5775.762230611843,0.027364389276132602,0.019736212601973092,0.3092672131081781,0
8.141999999999388,0.0,0.0,1.0,0.0,0.02774734242329855,1.54711788159099e-14,0.9999812196659972,0.018667856209143668,-8.367643729439133e-16,0.0002102182858817782,-0.03638452368768143,-6.733617375213524e-15,-0.00038323353732355167,3.9329824950853424e-14,-0.2125128979895932,-1.4587594383012286e-16,3.47348086883136e-15,-0.3094975051980231,1.110553853804029e-15,-1.7502743711552682e-16,-0.00010463239896977596,-2.50736179248327e-18,68.66778969781284,-9.250270440573528e-06,0.0015352886303003673,2.8376946171749367e-07,5403.696938053535,5411.661808460773,5783.221472963545,5775.76640675239,0.027747348778878474,0.018669039803187064,0.30949750519775926,0
8.161999999999395,0.0,0.0,1.0,0.0,0.02810895726487689,1.5454291543852077e-14,0.9999853578491896,0.01760039555832071,-8.493869053577421e-16,0.00020419316209759568,-0.03528543514581314,-6.710696113522985e-15,-0.00037949525068942726,3.919591508274305e-14,-0.20609337454908566,-1.4098771422737527e-16,3.2338998635131597e-15,-0.3094839180384223,1.104079610981743e-15,-2.0765357415061237e-16,0.00010664639157166437,-8.99536311790809e-18,68.66778776069202,-9.10001263038843e-06,0.0015103499599267553,2.791528405033567e-07,5403.692084038856,5411.656926279568,5783.225834478429,5775.770849358352,0.028108961078475592,0.01760158000455649,0.3094839180385372,0
8.181999999999402,0.0,0.0,1.0,0.0,0.028449227518942712,1.5437182563115815e-14,0.9999893749497126,0.016533479264768447,-8.603442252073775e-16,0.00019811705267904297,-0.03417622782617108,-6.688242215102113e-15,-0.00037541068268513977,3.906473417616058e-14,-0.1996147430233419,-1.3609869985613168e-16,2.9915735993164386e-15,-0.30923043078628015,1.0907606506620766e-15,-2.1556640686606332e-16,0.0003144077146003579,-1.1978735130882137e-17,68.6677888627301,-8.945461467196161e-06,0.0014846990985324113,2.744805253750345e-07,5403.687213331739,5411.652026406733,5783.230451039874,5775.775548810346,0.02844922950303331,0.016534666218738447,0.30923043078605333,0
8.201999999999408,0.0,0.0,1.0,0.0,0.028768173101306062,1.541984425699112e-14,0.9999932700756404,0.015467925994639926,-8.724948315205775e-16,0.00019200152640346438,-0.033057894962300355,-6.665949399789624e-15,-0.0003710012048098705,3.893449342461742e-14,-0.1930828057987152,-1.3120629595851125e-16,2.7095719036122967e-15,-0.30874113543948684,1.0748442259003606e-15,-2.8196305632929284e-16,0.0005185549675883914,-1.821791205772153e-17,68.66779290178708,-8.78679741247418e-06,0.0014583659779426644,2.697541633256921e-07,5403.68232763854,5411.647110595502,5783.2353130041765,5775.7804953908,0.028768173888493367,0.015469117594801548,0.30874113544004067,0
8.221999999999415,0.0,0.0,1.0,0.0,0.02906583014408059,1.540229793690826e-14,0.999997042562823,0.014404540083964332,-8.816340053133267e-16,0.00018585782232207683,-0.03193142075867893,-6.6453625201492666e-15,-0.00036628798934427813,3.881421611452507e-14,-0.1865033124910932,-1.2634381022488783e-16,2.389176525889691e-15,-0.3080202320734295,1.0513137221150621e-15,-2.9306485289467543e-16,0.0007189957071607039,-2.323741575062336e-17,68.66779977393287,-8.62420115481959e-06,0.0014313805673374048,2.6497534201158e-07,5403.677428602189,5411.642180535949,5783.240410645428,5775.785679300227,0.029065830294539644,0.01440573907026826,0.30802023207297435,0
8.241999999999422,0.0,0.0,1.0,0.0,0.02934225070506501,1.538456575523182e-14,1.0000006919681137,0.013344111176016069,-8.908345788303566e-16,0.00017969683375485546,-0.03079777980864302,-6.625309458941075e-15,-0.0003612919635645678,3.869705624001086e-14,-0.1798819565419825,-1.2149046252302965e-16,2.032448208531732e-15,-0.3070720240724851,1.024566201824295e-15,-3.355147289742177e-16,0.0009156416525389954,-2.2774895103841044e-17,68.6678093737302,-8.457853472451104e-06,0.001403772850507133,2.601455987895493e-07,5403.672517808988,5411.637237861715,5783.245734171536,5775.791090673228,0.029342250713224233,0.013345321053835252,0.30707202407306783,0
8.261999999999428,0.0,0.0,1.0,0.0,0.02959750247005266,1.5366694265095856e-14,1.0000042180622921,0.012287413875111118,-8.943805026930517e-16,0.0001735290937550822,-0.029657936528472317,-6.611515759597157e-15,-0.00035603376628225966,3.8616455581470634e-14,-0.1732243719093988,-1.1675032837752753e-16,1.6784879146781163e-15,-0.30590091335954395,1.0036846644777399e-15,-2.513229608337664e-16,0.0011084086858574138,-1.1390745187688934e-17,68.6678215945123,-8.287935097961247e-06,0.0013755728034495788,2.552664296209066e-07,5403.667596795291,5411.632284156604,5783.251273739928,5775.796719594201,0.029597502770619396,0.012288639146978508,0.3059009133594105,0
8.281999999999435,0.0,0.0,1.0,0.0,0.02983166844839771,1.5348767896711684e-14,1.000007620822712,0.011235207416830225,-8.970761003443939e-16,0.00016736476203490822,-0.028512844607799848,-6.599456707929932e-15,-0.00035053370675240263,3.854598627576642e-14,-0.1665361298545269,-1.12037752023021e-16,1.4255268757303841e-15,-0.30451139562711993,9.920649692023659e-16,-1.7602110840660988e-16,0.0012972168493913712,-7.758532384590937e-18,68.66783632865459,-8.114626584830883e-06,0.0013468103723212799,2.5033929771392187e-07,5403.662667053981,5411.627320960995,5783.257019472965,5775.802556112748,0.02983166942180853,0.011236453918508629,0.3045113956275304,0
8.301999999999442,0.0,0.0,1.0,0.0,0.03004484666216637,1.5330768173227847e-14,1.0000109004257058,0.010188235354655961,-9.030792600108104e-16,0.00016121361334122205,-0.027363446476496883,-6.584113476822534e-15,-0.0003448117259920698,3.8456334546852786e-14,-0.1598227358250229,-1.0727122798203303e-16,1.2124006456748189e-15,-0.3029080555735531,9.81148290067798e-16,-2.1640894037430192e-16,0.0014819903397540837,-9.721670153256127e-18,68.6678534678395,-7.938108176548012e-06,0.0013175154517533272,2.453656419092092e-07,5403.657730040783,5411.622349778085,5783.262961472984,5775.8085902587245,0.030044848639531708,0.010189510757194783,0.3029080555739799,0
8.321999999999449,0.0,0.0,1.0,0.0,0.030237149829201206,1.5312660316745473e-14,1.0000140572387692,0.00914722526299923,-9.09790661193876e-16,0.0001550850272658417,-0.026210672788168868,-6.566316171112915e-15,-0.0003388873605246779,3.835234899451601e-14,-0.15308962643574942,-1.0247421091633614e-16,9.604757180086738e-16,-0.3010955621477478,9.716427998112948e-16,-2.9814108746625273e-16,0.0016626574991107446,-1.3262891289028284e-17,68.66787290331455,-7.758559677930409e-06,0.001287717863542143,2.403468848370046e-07,5403.65278718035,5411.617372079902,5783.269089836997,5775.814812056934,0.03023715309680335,0.00914853984949147,0.30109556214764355,0
8.341999999999455,0.0,0.0,1.0,0.0,0.030408705040425962,1.529440544613479e-14,1.0000170918125593,0.00811288845657895,-9.145969362007679e-16,0.0001489879794714172,-0.02505544192038403,-6.549931569483801e-15,-0.0003327797085825661,3.82566146969222e-14,-0.14634216654764373,-9.771312721275038e-17,5.742393721173433e-16,-0.29907866380582804,9.510419612215675e-16,-3.5828167355380647e-16,0.0018391508034635142,-2.0353573497083482e-17,68.6678945261427,-7.576160328654479e-06,0.0012574473357257275,2.3528444075901684e-07,5403.647839872145,5411.612389313129,5783.2753946709945,5775.821211541428,0.030408709843820797,0.008114256375473907,0.29907866380641357,0
8.361999999999462,0.0,0.0,1.0,0.0,0.030559653431717387,1.5276072515461354e-14,1.0000200048727341,0.007085919726107382,-9.176428937841487e-16,0.0001429310343106721,-0.02389865949174229,-6.5375560466698675e-15,-0.00032650739877841954,3.818429651903177e-14,-0.13958564644534097,-9.302560304685842e-17,1.228109837032615e-16,-0.29686218378303697,9.209731110094764e-16,-4.1149561722200195e-16,0.002011406848059724,-3.2524772875297124e-17,68.6679182274449,-7.391088679171012e-06,0.0012267334820554071,2.3017972307493998e-07,5403.642889496062,5411.607402904655,5783.281866103837,5775.8277787694105,0.030559659979482907,0.007087361120008408,0.29686218378253293,0
8.381999999999469,0.0,0.0,1.0,0.0,0.030690149850669576,1.5257752768293317e-14,1.000022797311656,0.0060669970902221095,-9.151575364865787e-16,0.00013692233881295476,-0.022741217895877817,-6.531815828229214e-15,-0.0003200885612362284,3.815073361575107e-14,-0.13282527911408262,-8.844241836145186e-17,-2.9457590431443347e-16,-0.2944510153841382,8.87287899196919e-16,-3.4704023174860774e-16,0.0021793663299827497,-2.8438902778176884e-17,68.66794389863406,-7.203522469138492e-06,0.0011956057818715087,2.2503415152971658e-07,5403.637937417823,5411.602414266904,5783.288494300731,5775.834503834705,0.03069015831783819,0.006068541951707145,0.29445101538352864,0
8.401999999999475,0.0,0.0,1.0,0.0,0.030800362518575083,1.523945378659199e-14,1.000025470179994,0.00505678156359493,-9.130401235250322e-16,0.00013096961801034647,-0.021583995852475092,-6.52272799544788e-15,-0.00031354080120282474,3.809761823106322e-14,-0.1260661976163663,-8.382498735890826e-17,-7.117893173114413e-16,-0.29185011729551374,8.509506481420812e-16,-3.3449839785773e-16,0.0023429740279782554,-3.052208883239053e-17,68.6679714316405,-7.013638508145675e-06,0.0011640935603922605,2.1984915905775808e-07,5403.632984994081,5411.597424802884,5783.29526947626,5775.841376880796,0.03080037304978162,0.005058477322550272,0.2918501172952251,0
8.421999999999482,0.0,0.0,1.0,0.0,0.030890472687945356,1.522126702337983e-14,1.0000280246782414,0.0040559169411369025,-9.07384260919517e-16,0.00012508017157027084,-0.020427857975364123,-6.522066089181217e-15,-0.0003068811751044558,3.8093716727546374e-14,-0.1193134525687039,-7.932677795191886e-17,-1.0224679057784673e-15,-0.28906450892208935,8.23667230067777e-16,-2.5398901397590836e-16,0.0025021787795768916,-1.8857184763673304e-17,68.66800071912824,-6.821612559707906e-06,0.001132225969424429,2.1462619823985044e-07,5403.6280335772635,5411.5924359109795,5783.302181906952,5775.848388113397,0.03089048540031847,0.004057845152629826,0.28906450892207086,0
8.441999999999489,0.0,0.0,1.0,0.0,0.0309606742958915,1.5203164352040134e-14,1.0000304621481866,0.0030650295982083734,-9.041235499908211e-16,0.00011926087170164489,-0.019273654357747357,-6.51733521517016e-15,-0.0003001261690554556,3.806604962889423e-14,-0.11257200971878038,-7.479030721326177e-17,-1.308498941872516e-15,-0.28609926575214867,8.001288351030705e-16,-2.7400761446846343e-16,0.002656933455570484,-2.3490793798333224e-17,68.66803165470208,-6.627619226632022e-06,0.0011000319685030538,2.0936674742193878e-07,5403.623084520132,5411.587448989438,5783.309221943381,5775.855527812571,0.030960689281712524,0.003067348952012539,0.2860992657521923,0
8.461999999999495,0.0,0.0,1.0,0.0,0.03101117361368438,1.5185131974080926e-14,1.0000327840643506,0.002084728306732344,-8.998653459583844e-16,0.00011351816229645716,-0.018122220174597088,-6.514182161146396e-15,-0.00029329167977850854,3.8047598444948956e-14,-0.10584674762322126,-7.02881136066755e-17,-1.627469593843424e-15,-0.2829595147530295,7.711539544923474e-16,-2.958165580084438e-16,0.002807194931903366,-2.885220064632836e-17,68.66806413310495,-6.431831840382033e-06,0.0010675403064684297,2.0407231638156985e-07,5403.618139180039,5411.58246544058,5783.316380021795,5775.862786344347,0.031011190942834648,0.002087816679227913,0.28295951475246517,0
8.481999999999502,0.0,0.0,1.0,0.0,0.03104218889281085,1.5167219952916993e-14,1.0000349920254223,0.0011156040670995042,-8.93448874871289e-16,0.00010785805926850563,-0.016974375302249076,-6.5115709687357195e-15,-0.00028639299791388304,3.8032312460229224e-14,-0.09914245542610275,-6.580964589800006e-17,-1.93257616358168e-15,-0.2796504298006304,7.40123995755581e-16,-2.839719745346915e-16,0.0029529240590386815,-2.618731302152193e-17,68.66809805040563,-6.234422352115737e-06,0.0010347795034871634,1.9874445163816142e-07,5403.61319892289,5411.577486674711,5783.323646675236,5775.870154171856,0.03104220861502597,0.0011208058687739476,0.27965042980021726,0
8.501999999999509,0.0,0.0,1.0,0.0,0.03105395000784068,1.5149431236954838e-14,1.0000370877457154,0.0001582299557432659,-8.836546735597692e-16,0.00010228615204738304,-0.015830923955204964,-6.514862090640783e-15,-0.0002794447936886142,3.8051500638635947e-14,-0.09246383073825801,-6.140741983276386e-17,-2.2510155839625923e-15,-0.27617722714557336,7.127928130694984e-16,-2.0649033363975296e-16,0.003094085628864158,-1.6700029016241834e-17,68.66813330417637,-6.035561227013549e-06,0.0010017778335226783,1.9338474133688279e-07,5403.608265126786,5411.572514113719,5783.331012544164,5775.877621865973,0.031053972154788032,0.0001884122495889698,0.27617722714532206,0
8.521999999999515,0.0,0.0,1.0,0.0,0.031046698096416154,1.5131861227406874e-14,1.0000390730466642,-0.0007868390117463214,-8.741111330142643e-16,9.680760618438816e-05,-0.014692654340143444,-6.516661655803362e-15,-0.0002724611048909503,3.806197743102005e-14,-0.08581547761736018,-5.700778624269715e-17,-2.4619734329740196e-15,-0.2725451609188131,6.943192983667167e-16,-1.635835747647254e-16,0.0032306483391963997,-1.399242382583947e-17,68.66816979366047,-5.835417340907908e-06,0.0009685633072641807,1.8799481970456342e-07,5403.603339185376,5411.567549194373,5783.338468386574,5775.885180115442,0.03104672268361004,0.000792771936322849,0.27254516091834635,0
8.541999999999522,0.0,0.0,1.0,0.0,0.031020685196673534,1.5114477772203476e-14,1.0000409498483842,-0.0017190660021106183,-8.639338085363057e-16,9.142716702536375e-05,-0.013560338327126912,-6.520390481150437e-15,-0.00026545532711421386,3.8083722916630616e-14,-0.0792019046486851,-5.264440864803017e-17,-2.643391862575291e-15,-0.26875951867939485,6.772380632855442e-16,-1.2256961604242295e-16,0.003362584755952843,-1.2945545313141782e-17,68.66820741992964,-5.634157880332552e-06,0.0009351636555156429,1.8257637108572342e-07,5403.598422510874,5411.5625933712945,5783.346005087609,5775.892819736489,0.031020712225240787,0.0017214955261292048,0.2687595186788981,0
8.561999999999529,0.0,0.0,1.0,0.0,0.030976173882402782,1.5097286826135334e-14,1.0000427201613182,-0.0026379324706620444,-8.545078903739882e-16,8.614916440336313e-05,-0.012434731137978624,-6.52226341499231e-15,-0.0002584402062153567,3.809462915000708e-14,-0.07262752312638718,-4.828833540928213e-17,-2.8067677415626826e-15,-0.2648256170069994,6.591123078601354e-16,-1.1905539154074568e-16,0.0034898712730510846,-1.2767221160822227e-17,68.66824608603099,-5.431948244792381e-06,0.0009016063130540315,1.7713113354196371e-07,5403.5935165367755,5411.557648119634,5783.353613668627,5775.90053168192,0.030976203340710353,0.002639338818397622,0.2648256170073058,0
8.581999999999535,0.0,0.0,1.0,0.0,0.030913436896248692,1.508034647784106e-14,1.0000443860779886,-0.0035429382524341402,-8.432333532974743e-16,8.097751830322377e-05,-0.011316571051792446,-6.529618687890652e-15,-0.0002514278329340772,3.8137556618640184e-14,-0.06609664533504639,-4.399563137255864e-17,-2.87091849274376e-15,-0.2607487971418367,6.525029720794607e-16,-7.242613292670635e-17,0.0036124880701028433,-4.5071998046871e-18,68.66828569712364,-5.22895195244609e-06,0.0008679184029594096,1.7166090202747273e-07,5403.5886227202345,5411.5527149374175,5783.361285295763,5775.908307049697,0.03091346876140349,0.003543863544076102,0.26074879714171384,0
8.601999999999542,0.0,0.0,1.0,0.0,0.030832756781253533,1.5063649234589175e-14,1.000045949764869,-0.004433601638409477,-8.291959404366838e-16,7.591574544902752e-05,-0.01020657912752557,-6.535982229254183e-15,-0.0002444296396089165,3.817469219491081e-14,-0.05961348293117675,-3.9718910717511475e-17,-2.8573529558568446e-15,-0.25653442067437227,6.527407954952403e-16,4.8187672474919567e-17,0.0037304190679695753,4.595273744523578e-18,68.66832616060505,-5.025330548007253e-06,0.0008341267214212405,1.6616753114770704e-07,5403.583742544146,5411.54779534757,5783.369011287983,5775.916137090993,0.030832791020483814,0.004434251536450574,0.2565344206743193,0
8.621999999999549,0.0,0.0,1.0,0.0,0.03073442551103754,1.504712661510082e-14,1.0000474134544008,-0.005309459437001171,-8.234540023430688e-16,7.096696676333518e-05,-0.009105458943612654,-6.535628330127003e-15,-0.00023745639892506964,3.8172593824775044e-14,-0.053182145424315104,-3.5431931666790173e-17,-2.8750513072757215e-15,-0.2521878652872936,6.587172833079924e-16,-6.268761217300706e-17,0.0038436518822444242,6.585381042229345e-18,68.66836738622698,-4.8212435141737804e-06,0.000800257723025762,1.6065293743270534e-07,5403.578877518889,5411.5428908996555,5783.3767831245805,5775.9240132177265,0.03073446208296435,0.005309933692950636,0.25218786528769865,0
8.641999999999555,0.0,0.0,1.0,0.0,0.030618744118910343,1.5030823808997085e-14,1.0000487794371675,-0.0061700670209719755,-8.081339884766234e-16,6.613391564626053e-05,-0.008013896354528233,-6.544418497868131e-15,-0.00023051822463024152,3.8223903743481995e-14,-0.046806638757243994,-3.1226248610523625e-17,-2.8513655562514387e-15,-0.2477145205520596,6.739674538474303e-16,9.520876175409515e-17,0.003952177774728418,2.013725767699466e-17,68.66840928620091,-4.616848186059031e-06,0.00076633750652704,1.551191012565554e-07,5403.57402918378,5411.538003171264,5783.384592452172,5775.931927009569,0.03061878297471663,0.006170421439260425,0.24771452055226809,0
8.661999999999562,0.0,0.0,1.0,0.0,0.030486022326202396,1.501469175114233e-14,1.0000500500542409,-0.007014998359982851,-8.025649772413879e-16,6.141894702547008e-05,-0.0069325592642128855,-6.542959802700466e-15,-0.00022362457414274874,3.821535389639649e-14,-0.040490863984833765,-2.700674606580692e-17,-2.867874971868203e-15,-0.24311978378227486,6.869438680557865e-16,-2.2969275046824843e-17,0.0040559916029682145,1.4205587591326464e-17,68.66845177529358,-4.412299667434486e-06,0.000732391801105481,1.4956806825401045e-07,5403.569199108183,5411.5331337691205,5783.392431091175,5775.939870220442,0.030486063410706876,0.007015267227812196,0.24311978378196505,0
8.681999999999569,0.0,0.0,1.0,0.0,0.030336578170101637,1.499874511060222e-14,1.000051227689719,-0.007843846038970459,-7.941723342426353e-16,5.6824047120846474e-05,-0.00586209741626743,-6.546670649143044e-15,-0.00021678425297769872,3.8236998390447394e-14,-0.03423861605092611,-2.2849533421808625e-17,-2.8996692188685224e-15,-0.23840905594607964,7.037480572172242e-16,-6.402909552102338e-17,0.004155091767923002,1.2995265601126583e-17,68.668494770912,-4.2077507518226125e-06,0.0006984459531157482,1.4400195037347096e-07,5403.564388892348,5411.5282843298755,5783.400291041759,5775.947834784489,0.030336621422743848,0.007844051864655392,0.23840905594639364,0
8.701999999999575,0.0,0.0,1.0,0.0,0.030170737631276562,1.498299289303104e-14,1.0000523147634661,-0.008656221262560486,-7.805518343866153e-16,5.235084387274178e-05,-0.004803142200808614,-6.552412833651989e-15,-0.00021000542091360546,3.8270507952199245e-14,-0.028053582662617295,-1.8738287961239145e-17,-2.9384940878643557e-15,-0.23358773763964885,7.20564222983352e-16,3.888033892521775e-17,0.004249480159829033,2.0553049210142848e-17,68.66853819317859,-4.003351844731009e-06,0.0006645249133272104,1.3842292648153764e-07,5403.559600167913,5411.523456520599,5783.40816448928,5775.955812821542,0.030170782987019147,0.00865637956407056,0.23358773763889923,0
8.721999999999582,0.0,0.0,1.0,0.0,0.029988834261562642,1.496750006785485e-14,1.0000533137240666,-0.009451753845730795,-7.700312718296387e-16,4.800061798109527e-05,-0.003756306477868971,-6.558859252537505e-15,-0.00020329559981855727,3.830813139810043e-14,-0.021939343261237032,-1.4668710872661354e-17,-2.8808951833373163e-15,-0.22866122512382756,7.438244376528788e-16,5.430387377034479e-17,0.004339162102330563,2.045818152005037e-17,68.66858196499656,-3.7992508899778075e-06,0.000630653224657311,1.3283324258155608e-07,5403.554834598145,5411.518652038988,5783.416043809238,5775.963796642092,0.02998888165171631,0.009451875730224844,0.2286612251236815,0
8.741999999999589,0.0,0.0,1.0,0.0,0.029791208811984677,1.4952199139808897e-14,1.0000542270420072,-0.01023009219094513,-7.599908820860651e-16,4.377431450208318e-05,-0.002722184417213294,-6.563177975955833e-15,-0.00019666168305423087,3.8333328378265386e-14,-0.015899368089260832,-1.0637357503991296e-17,-2.8317763930013884e-15,-0.22363490642584272,7.668040913854375e-16,6.175776370618263e-17,0.004424146294944026,2.1002830481398464e-17,68.66862601210521,-3.5955932986572675e-06,0.000596855010401102,1.2723521160825495e-07,5403.550093877852,5411.513872613262,5783.423921571692,5775.971778751751,0.02979125816496105,0.01023018584512748,0.223634906425355,0
8.761999999999595,0.0,0.0,1.0,0.0,0.029578208861383168,1.4937094968829423e-14,1.0000550572030962,-0.010990903251984948,-7.502063437264072e-16,3.9672554948106195e-05,-0.0017013513544337396,-6.567559794966823e-15,-0.00019010994636851268,3.835889459919556e-14,-0.00993701735233213,-6.652723858143051e-18,-2.776461362267284e-15,-0.21851415750795644,7.929828727161727e-16,6.907938097697724e-17,0.004504444753927382,2.647566620767079e-17,68.66867026312606,-3.392521881258288e-06,0.0005631539629564005,1.216312128600547e-07,5403.545379733058,5411.509120001818,5783.431790545218,5775.979751855209,0.029578260103380296,0.01099097485240092,0.21851415750743347,0
8.781999999999602,0.0,0.0,1.0,0.0,0.02935018844590819,1.4922157989014567e-14,1.0000558067021308,-0.011733872484712944,-7.420935570252957e-16,3.569564984125488e-05,-0.0006943636631759394,-6.5694101471712114e-15,-0.00018364606020226874,3.836967611682873e-14,-0.0040555404755161515,-2.7159029114661995e-18,-2.7582531463768566e-15,-0.2133043385048523,8.18013406514718e-16,2.9829093928657014e-17,0.00458007275162181,2.1773427175492535e-17,68.66871464959945,-3.190176782543403e-06,0.0005295733330453037,1.1602369103820963e-07,5403.540693920359,5411.504395992588,5783.439643700382,5775.987708859754,0.029350241501533262,0.01173392677951082,0.21330433850568706,0
8.801999999999609,0.0,0.0,1.0,0.0,0.029107507689639527,1.490741083388427e-14,1.0000564780368177,-0.012458703785008001,-7.314770391879222e-16,3.184361166578136e-05,0.0002982413566612434,-6.574796190429771e-15,-0.0001772751033097218,3.840110913404716e-14,0.0017419245471492753,1.1674827569590338e-18,-2.7401766288255795e-15,-0.2080107900314528,8.385456501399425e-16,6.274200243836497e-17,0.004651048754332633,2.1303615269100255e-17,68.66875910601213,-2.988695419797967e-06,0.0004961359194339808,1.1041515491354296e-07,5403.536038226069,5411.499702402136,5783.447474212715,5775.995642878271,0.029107562482472954,0.01245874448000988,0.20801079003109038,0
8.821999999999615,0.0,0.0,1.0,0.0,0.028850532436586914,1.489292840498997e-14,1.0000570737019596,-0.013165119414117231,-7.178040910518081e-16,2.8116168168578014e-05,0.0012759455749191805,-6.584566787247041e-15,-0.0001710015776105354,3.845815152162149e-14,0.007452351710794939,5.002177698142914e-18,-2.594590093890769e-15,-0.20263882956280338,8.668476631023712e-16,1.8908137109266961e-16,0.004717394358823813,2.5602070307190602e-17,68.66880356981598,-2.788212423670162e-06,0.0004628640591477688,1.0480817563847951e-07,5403.531414465049,5411.495041074524,5783.455275465256,5776.003547231825,0.02885058888969182,0.013165149437316651,0.20263882956282245,0
8.841999999999622,0.0,0.0,1.0,0.0,0.028579633884319316,1.4878672473993255e-14,1.0000575961839087,-0.013852859911675968,-7.100209899025585e-16,2.4512775957108848e-05,0.0022382501115419187,-6.588177528608465e-15,-0.00016482942418763943,3.8479217064711515e-14,0.013072827466593634,8.779567459365552e-18,-2.370441624593174e-15,-0.197193747887567,8.946386076829368e-16,1.6704745560189847e-16,0.00477913422748926,2.2094676279199996e-17,68.66884798143812,-2.5888595821188485e-06,0.0004297796181837918,9.920538474453652e-08,5403.526824479357,5411.490413879905,5783.46304105063,5776.011415451743,0.028579691920700152,0.013852881599461688,0.19719374788689473,0
8.861999999999629,0.0,0.0,1.0,0.0,0.02829518821946707,1.4864545483332326e-14,1.000058047955296,-0.014521683996652006,-7.04358164686217e-16,2.103263434430974e-05,0.003184675401492325,-6.588322761483974e-15,-0.00015876204033236682,3.848004254483839e-14,0.018600551098457208,1.2492193860287688e-17,-2.203149951542359e-15,-0.19168080563660417,9.145099894165071e-16,1.035614552909235e-16,0.004836296022273775,1.4517349926024676e-17,68.66889228428286,-2.390765787828032e-06,0.0003969039827182989,9.36094717756233e-08,5403.522270136613,5411.4858227129225,5783.470764772682,5776.019241281316,0.028295247762480928,0.014521699228063033,0.19168080563688844,0
8.881999999999636,0.0,0.0,1.0,0.0,0.02799757625533552,1.485051475057972e-14,1.0000584314700405,-0.015171368456475345,-6.980280062564471e-16,1.767469939170735e-05,0.004114761244415312,-6.586202320132201e-15,-0.00015280229755809804,3.8467635790264045e-14,0.024032835010698257,1.6135330122857103e-17,-2.1244146842993823e-15,-0.186105229888022,9.321445525607994e-16,7.537122302434514e-17,0.004888910337410475,1.8080309315355166e-17,68.66893642472554,-2.1940569880213437e-06,0.00036425805080810507,8.802318162655281e-08,5403.517753328182,5411.481269490863,5783.478440647706,5776.027018677027,0.027997637229059496,0.015171378752016367,0.18610522988753417,0
8.901999999999642,0.0,0.0,1.0,0.0,0.02768718307186355,1.4836667062304317e-14,1.0000587491586383,-0.01580170802461921,-6.884397254306681e-16,1.4437698101530633e-05,0.00502806683924957,-6.592515664436091e-15,-0.00014695256048190508,3.850448847045268e-14,0.029367104927843432,1.9735577615030587e-17,-1.982006938130843e-15,-0.18047221085001558,9.566721675124784e-16,1.468065936639838e-16,0.0049370106310436075,2.226958519467622e-17,68.66898035209867,-1.9988561376452685e-06,0.0003318622245844312,8.244931160076997e-08,5403.513275967109,5411.476756151608,5783.486062905235,5776.0347418094025,0.02768724540142136,0.015801714620332873,0.18047221084911932,0
8.921999999999649,0.0,0.0,1.0,0.0,0.027364397658155033,1.482297959354994e-14,1.0000590034237398,-0.016412515246902744,-6.798658343218621e-16,1.1320142713568993e-05,0.005924170803997382,-6.595073565595883e-15,-0.00014121470649711203,3.851940767557414e-14,0.03460090000783207,2.326185460183684e-17,-1.7988034175111586e-15,-0.17478689862272365,9.84721062427083e-16,2.0670605318837672e-16,0.004980633155804901,2.8461897482609926e-17,68.66902401867084,-1.8052831548671224e-06,0.00029973640293778437,7.689070815838481e-08,5403.508839985911,5411.472284651401,5783.493625988458,5776.0424050634365,0.027364461270005913,0.01641251915080211,0.17478689862287686,0
8.941999999999656,0.0,0.0,1.0,0.0,0.027029612557805654,1.4809488938071146e-14,1.0000591966360115,-0.017003620336789788,-6.726046511577884e-16,8.320345058126954e-06,0.006802671180870015,-6.598784168672342e-15,-0.0001355901461385108,3.854106008929576e-14,0.03973187286987867,2.6726373042196687e-17,-1.4925560317736035e-15,-0.16905440004026462,1.0221961699788765e-15,2.5205774217246777e-16,0.005019816888411544,3.2256686401472126e-17,68.66906737961847,-1.6134548806095303e-06,0.00026789997469008823,7.135026340903208e-08,5403.504447334127,5411.4678569624275,5783.501124554235,5776.050003038661,0.027029677379998455,0.017003622372477965,0.169054400039915,0
8.961999999999662,0.0,0.0,1.0,0.0,0.026683223517242286,1.4796062961641957e-14,1.0000593311302877,-0.017574871019962076,-6.691613639713779e-16,5.436430922382434e-06,0.007663185427033176,-6.594682076579581e-15,-0.00013007984406247558,3.851708214079085e-14,0.04475778953831808,3.0088416553637654e-17,-1.2489913196768003e-15,-0.16327977559402712,1.0538818972527143e-15,2.1651005975329416e-16,0.005054603458353013,3.135053733076306e-17,68.66911039299087,-1.423485039940659e-06,0.00023637181225308757,6.583091137761628e-08,5403.500099975733,5411.463475070212,5783.508553472749,5776.057530548818,0.026683289479637495,0.017574871860787034,0.16327977559402854,0
8.981999999999669,0.0,0.0,1.0,0.0,0.02632562913728619,1.4782721601330865e-14,1.0000594092020043,-0.01812613236844888,-6.66377007431559e-16,2.666354387451472e-06,0.008505350391184736,-6.5923467516156034e-15,-0.00012468434054176128,3.850342392418295e-14,0.0496765293037958,3.3383195821446787e-17,-1.0024901500704692e-15,-0.1574680364382167,1.0941617820375826e-15,1.875733000808509e-16,0.005085037075735611,3.4157157284567655e-17,68.66915301966912,-1.2354842073554632e-06,0.0002051702657683447,6.033562400527648e-08,5403.495799886392,5411.459140970887,5783.515907826807,5776.06498262121,0.026325696171748514,0.018126132564559267,0.15746803643923285,0
9.001999999999676,0.0,0.0,1.0,0.0,0.025957230528145844,1.4769450439451257e-14,1.0000594331039252,-0.018657286624598153,-6.604816513424055e-16,7.912093081950906e-09,0.009328822276203248,-6.591568155488039e-15,-0.00011940377340600982,3.849885865032429e-14,0.05448608450320231,3.6610929589649506e-17,-7.528144061573398e-16,-0.15162414147858286,1.1354348288232697e-15,2.684321223228646e-16,0.00511116445834702,3.952158634611859e-17,68.66919522331872,-1.0495597740231302e-06,0.00017431315772765922,5.486740699641253e-08,5403.491549050558,5411.45485666829,5783.523182910805,5776.0723544956745,0.025957298568709895,0.018657286624599832,0.1516241414775518,0
9.021999999999682,0.0,0.0,1.0,0.0,0.025578430968039426,1.4756308698480045e-14,1.0000594050431464,-0.019168233015177893,-6.550599594654884e-16,-2.5412426066644106e-06,0.010133276588112928,-6.592410152112809e-15,-0.00011423790033413347,3.850375929046481e-14,0.059184560219790155,3.9773045667983987e-17,-3.735637588144262e-16,-0.14575299454517937,1.1860683481641164e-15,3.671718778440524e-16,0.005133034758013837,4.885675678659897e-17,68.66923697033678,-8.658159185126897e-07,0.00014381777806764812,4.942929538666284e-08,5403.487349458436,5411.45062417095,5783.530374229353,5776.079641623272,0.025578499951050875,0.019168233183631447,0.14575299454399882,0
9.041999999999689,0.0,0.0,1.0,0.0,0.025189635565641112,1.4743182694378107e-14,1.0000593271783866,-0.019658887555898615,-6.551308866163598e-16,-4.983585637402507e-06,0.010918408071616596,-6.585907569037164e-15,-0.0001091861214205381,3.846576367156061e-14,0.06377017390494708,4.281236686410514e-17,-1.021759554363052e-17,-0.13985944164992367,1.2371005389938803e-15,3.435535635085196e-16,0.005150699486311319,4.485853088259702e-17,68.66927822979395,-6.843535800383994e-07,0.00011370087973738816,4.402434902623619e-08,5403.483203102855,5411.446445488955,5783.537477495617,5776.086839664648,0.025189705429875652,0.019658888187575392,0.13985944164901387,0
9.061999999999696,0.0,0.0,1.0,0.0,0.024791250926539516,1.4730055655195134e-14,1.0000592016175534,-0.020129182846650842,-6.554146189367675e-16,-7.321708383464796e-06,0.011683930632454475,-6.57832280737785e-15,-0.00010424750193716194,3.8421448095107153e-14,0.06824125492313315,4.5761262633321546e-17,3.494847322328055e-16,-0.13394826832965873,1.2863811510266405e-15,3.510033334761021e-16,0.005164212439694527,4.722724157893473e-17,68.66931897337132,-5.052704350610963e-07,8.39786747324473e-05,3.865564784099605e-08,5403.479111976008,5411.442322630705,5783.544488629364,5776.09394448811,0.02479132161330185,0.020129184178235247,0.13394826833083268,0
9.081999999999702,0.0,0.0,1.0,0.0,0.024383684823890774,1.471691466223872e-14,1.0000590304155836,-0.020579067857753666,-6.583221798068964e-16,-9.55830408678808e-06,0.012429577246852284,-6.569752875263665e-15,-9.942079520880257e-05,3.837137912958638e-14,0.07259624402152298,4.8618192841930034e-17,7.27030292704488e-16,-0.12802419707533932,1.3386194781119834e-15,3.199463080351462e-16,0.005173629624114646,4.5859371460545555e-17,68.66935917529287,-3.286608759925481e-07,5.466683059236814e-05,3.332628698782526e-08,5403.475078066108,5411.438257599593,5783.551403754714,5776.100952167419,0.024383756277095728,0.020579070077513393,0.12802419707536924,0
9.101999999999709,0.0,0.0,1.0,0.0,0.023967345873442746,1.4703726481405464e-14,1.0000588155725543,-0.021008507707512326,-6.591250586206763e-16,-1.1696154497593314e-05,0.01315509985832743,-6.560151164544055e-15,-9.470446553160358e-05,3.83152845346057e-14,0.07683369272592361,5.1380816201949247e-17,1.1102864440739562e-15,-0.12209188484789181,1.3933171103458321e-15,3.8504077647911203e-16,0.005179009179182713,5.0491787872815744e-17,68.66939881225383,-1.5461599307729484e-07,2.578046735668778e-05,2.8039371883128554e-08,5403.471103353981,5411.434252390602,5783.558219197666,5776.107858979353,0.023967418039680617,0.021008510963336616,0.12209188484846062,0
9.121999999999716,0.0,0.0,1.0,0.0,0.023542643213100876,1.469048881530823e-14,1.0000585590320556,-0.021417483431384925,-6.655151192204761e-16,-1.3738116809427595e-05,0.013860269262127614,-6.5496556440213904e-15,-9.009671105759739e-05,3.8253970110679e-14,0.08095226266457024,5.404838597836967e-17,1.53550979785295e-15,-0.11615592068122615,1.445151197666802e-15,3.2802746313787563e-16,0.005180411301947283,4.121914879263347e-17,68.66943786334511,1.67764410707484e-08,-2.6658450265526543e-06,2.2798013129334937e-08,5403.467189809586,5411.430308986842,5783.564931483361,5776.114661400992,0.023542716041688987,0.021417487837500953,0.11615592067993842,0
9.141999999999722,0.0,0.0,1.0,0.0,0.02310998618720017,1.4677098393273347e-14,1.0000582626798236,-0.021805991743059396,-6.725209863254569e-16,-1.5687110905714748e-05,0.014544874977580592,-6.533605156599999e-15,-8.559548658110266e-05,3.81602118539067e-14,0.0849507248214276,5.657897485912665e-17,1.8806272881253577e-15,-0.11022082337280416,1.4883390448173105e-15,2.9041784502706906e-16,0.005177898170344125,3.0854555494432425e-17,68.66947630997437,1.8543198430925055e-07,-3.065808884369985e-05,1.760532133306378e-08,5403.463339388482,5411.42642935603,5783.571537333127,5776.121356106812,0.02311005963022257,0.021805997385669455,0.11022082337308235,0
9.161999999999729,0.0,0.0,1.0,0.0,0.022669784035641825,1.4663562706426323e-14,1.000057928342624,-0.022174044787743697,-6.807975282121952e-16,-1.7546106946059418e-05,0.01520872510863882,-6.517127191756995e-15,-8.119852615278173e-05,3.806395740303088e-14,0.08882795872065219,5.901206530767848e-17,2.197124431530033e-15,-0.1042910392620994,1.525447997029501e-15,2.536531998793891e-16,0.005171533866384233,3.086222622480276e-17,68.66951413578406,3.512695348489986e-07,-5.818280031611023e-05,1.2464401913459146e-08,5403.459554028275,5411.422615446958,5783.578033661315,5776.127939965533,0.022669858047979042,0.022174051729774883,0.10429103926225429,0
9.181999999999736,0.0,0.0,1.0,0.0,0.022222445588046848,1.4649862558425597e-14,1.0000575577873794,-0.02252166988797284,-6.899107963492857e-16,-1.9318113317069724e-05,0.015851646192906826,-6.499454394701698e-15,-7.690336546138909e-05,3.796072491642542e-14,0.09258295154389543,6.133984834382445e-17,2.4911733789929413e-15,-0.09837094009721002,1.561306328939544e-15,2.2250542671659616e-16,0.005161384299138428,3.03474876908881e-17,68.66955132656665,5.14211338950464e-07,-8.522707086478918e-05,7.378349817776529e-09,5403.455835645011,5411.418869185909,5783.58441757195,5776.1344100368215,0.022222520127397588,0.02252167817309191,0.09837094009745521,0
9.201999999999742,0.0,0.0,1.0,0.0,0.021768378963073,1.4636000602730615e-14,1.000057152720533,-0.022848909282237227,-6.971457892546305e-16,-2.100616497137987e-05,0.0164734830394431,-6.483738748687837e-15,-7.270736391438789e-05,3.7868923843504807e-14,0.09621479718214859,6.359192850933121e-17,2.7996778585300356e-15,-0.0924648209898212,1.597213254083284e-15,2.7043030692675567e-16,0.005147517127579524,2.7991529922604254e-17,68.66958787017758,6.741829956354347e-07,-0.00011177854794350367,2.3502442165668226e-09,5403.452186129591,5411.415192473089,5783.590686355185,5776.140763567769,0.021768453989969603,0.022848918938253367,0.09246482098960646,0
9.221999999999749,0.0,0.0,1.0,0.0,0.02130799127303531,1.4621905986078892e-14,1.0000567147876425,-0.023155819856737484,-7.116891535295409e-16,-2.2613312175657058e-05,0.017074098555632168,-6.4591373813102885e-15,-6.860772636938466e-05,3.7725225283502797e-14,0.09972269522385377,6.566032045929775e-17,3.0372216542728846e-15,-0.08657689845864244,1.6201731220538967e-15,1.3900505430153882e-16,0.005130001683339715,1.4605820823299502e-17,68.66962375644636,8.311134592624031e-07,-0.00013782543544751914,-2.6168568079462446e-09,5403.448607344186,5411.411587179048,5783.5968374836375,5776.146997989241,0.021308066750854858,0.023155830898492186,0.08657689845665294,0
9.241999999999756,0.0,0.0,1.0,0.0,0.020841688333964232,1.460756818559039e-14,1.000056245573193,-0.02344247287057121,-7.203344088582192e-16,-2.414260968650766e-05,0.01765337356342618,-6.43981428072089e-15,-6.460152445090793e-05,3.761235539054616e-14,0.10310594988102559,6.768483769110554e-17,3.2179412033813956e-15,-0.08071130856137738,1.6412083101650477e-15,1.9944580176054514e-16,0.005108908893446429,2.422368342772832e-17,68.66965897708556,9.849350387254089e-07,-0.00016335649370557233,-7.519921584146162e-09,5403.445101118629,5411.408055141119,5783.60286860852,5776.153110912074,0.02084176422893716,0.023442485302396367,0.0807113085604701,0
9.261999999999762,0.0,0.0,1.0,0.0,0.020369874381229454,1.4593065645765618e-14,1.0000557466006228,-0.023708953674657012,-7.311402267008425e-16,-2.559710637347247e-05,0.018211206605257883,-6.421784506100613e-15,-6.068571740705147e-05,3.7507039682858225e-14,0.10636396885514263,6.962808331058799e-17,3.4931998020248834e-15,-0.07487210511521888,1.6725464547911005e-15,2.1704893533807415e-16,0.005084311203087402,2.3253735835432053e-17,68.66969352559911,1.1355833954065432e-06,-0.00018836103905894803,-1.2355950100319898e-08,5403.441669246882,5411.404598159886,5783.608777555703,5776.159100123133,0.02036995066244759,0.023708967492467634,0.07487210511608798,0
9.281999999999769,0.0,0.0,1.0,0.0,0.019892951790851265,1.4578321958049392e-14,1.000055219332551,-0.023955361424701328,-7.448389652961345e-16,-2.6979835302806917e-05,0.01874751373993059,-6.3983774840726815e-15,-5.6857172449465164e-05,3.7370318021095405e-14,0.1094962621445892,7.141726114036074e-17,3.76380179217957e-15,-0.06906325800579652,1.6990832141873985e-15,1.795251860393285e-16,0.0050562824984674215,1.975802408584998e-17,68.66972739718905,1.2829975378029467e-06,-0.0002128289430370707,-1.712197930052919e-08,5403.4383134835225,5411.401217995691,5783.61456232163,5776.164963581258,0.019893028430277276,0.023955376617777926,0.0690632580078448,0
9.301999999999776,0.0,0.0,1.0,0.0,0.01941132080661526,1.4563285448068518e-14,1.000054665171197,-0.02418180878851286,-7.574119378122192e-16,-2.8293804296172027e-05,0.01926222832879263,-6.3745013185947345e-15,-5.3112684534352354e-05,3.7230856632067764e-14,0.11250244079543903,7.310415510743593e-17,3.975708128856106e-15,-0.06328865158443779,1.7198634395236993e-15,1.966428680941271e-16,0.005024898029809439,1.7715773439911235e-17,68.66976058866187,1.4271198137939784e-06,-0.00023675063113570138,-2.181508826243452e-08,5403.435035540261,5411.397916365196,5783.620221069126,5776.1706994131255,0.019411397779095573,0.024181825341019224,0.06328865158211337,0
9.321999999999782,0.0,0.0,1.0,0.0,0.018925379273100097,1.4547965659573613e-14,1.0000540854589863,-0.02438842164796914,-7.730094354370205e-16,-2.9541986976408053e-05,0.019755300812506753,-6.349584315142475e-15,-4.9448995543235934e-05,3.7085316456382256e-14,0.11538221559738862,7.468234350023472e-17,4.1701198364846055e-15,-0.05755208315354352,1.740772726549805e-15,1.4915863475192e-16,0.004990234334554016,1.5141701299577618e-17,68.66979309833457,1.5678959010072545e-06,-0.0002601170812041368,-2.6432403337618724e-08,5403.431837082542,5411.394694937989,5783.625752123161,5776.176305908999,0.018925456556383533,0.02438843954024374,0.0575520831514129,0
9.34199999999979,0.0,0.0,1.0,0.0,0.018435522374721902,1.453236901429753e-14,1.0000534814793276,-0.024575338795938713,-7.851288370564436e-16,-3.072731430986717e-05,0.02022669847872657,-6.326995334981905e-15,-4.586281282131026e-05,3.6953373602221673e-14,0.11813539572665828,7.619231918837527e-17,4.377834171394344e-15,-0.05185726153981449,1.7602800667627792e-15,2.1925216967783635e-16,0.004952369160814198,1.998593015877001e-17,68.66982492594045,1.705274794499232e-06,-0.0002829198214504905,-3.09711031762575e-08,5403.428719726227,5411.391555333279,5783.6311539664985,5776.181781518426,0.0184355999494864,0.024575358005592005,0.05185726154223312,0
9.361999999999796,0.0,0.0,1.0,0.0,0.0179421423808929,1.451651553675644e-14,1.0000528544575542,-0.024742711628461464,-7.995911275728076e-16,-3.185266665301469e-05,0.020676405220994183,-6.30152119711292e-15,-4.235082703427623e-05,3.680457999718708e-14,0.12076188733769087,7.757268144621721e-17,4.656272357399511e-15,-0.046207805755005986,1.783327898471502e-15,2.455578688332547e-16,0.004911381391133721,1.908425342202244e-17,68.66985607253523,1.8392087924794541e-06,-0.00030515092807087836,-3.5428423712727486e-08,5403.425685034312,5411.388499116679,5783.636425235311,5776.187124845874,0.017942220230782936,0.024742732131306257,0.046207805756449186,0
9.381999999999802,0.0,0.0,1.0,0.0,0.017445628397385726,1.4500325106630707e-14,1.0000522055620187,-0.024890703832488557,-8.163893621629777e-16,-3.2920866309984886e-05,0.02110442128917484,-6.273523411395925e-15,-3.8909729318024704e-05,3.6641047057809024e-14,0.12326169210548621,7.882664334834001e-17,4.905294536606961e-15,-0.040607243743827334,1.8053671483597197e-15,2.3324396134408763e-16,0.004867350966604635,2.0180517343676847e-17,68.66988654040367,1.9696534794543445e-06,-0.00032680302251172943,-3.980166298157101e-08,5403.422734513787,5411.3855277970415,5783.641564714751,5776.1923346463045,0.017445706509063397,0.024890725603326617,0.04060724374023846,0
9.40199999999981,0.0,0.0,1.0,0.0,0.016946366123989087,1.448372568996846e-14,1.0000515359053312,-0.02501949106948163,-8.387343886201107e-16,-3.393467060540603e-05,0.021510763031745272,-6.239212131654241e-15,-3.5536227683318766e-05,3.6440639857286125e-14,0.12563490572041675,7.990488519399214e-17,5.0326132450371796e-15,-0.035059011218544926,1.817419288021417e-15,8.036966609004691e-17,0.004820358811391392,7.227184682627523e-18,68.66991633296703,2.0965677075462094e-06,-0.0003478692683719216,-4.408818584431813e-08,5403.419869612562,5411.382642823441,5783.646571334484,5776.1974098207465,0.016946444487202124,0.025019514082766276,0.03505901122158543,0
9.421999999999816,0.0,0.0,1.0,0.0,0.016444737618534083,1.4466775256495877e-14,1.0000508465457314,-0.025129260655169683,-8.541933434184767e-16,-3.489676547520713e-05,0.021895462630254096,-6.211009691652256e-15,-3.2227062655235575e-05,3.627591205991956e-14,0.12788171633737677,8.0966208745177e-17,5.149081522720649e-15,-0.029566450579789745,1.8273123381488835e-15,1.3496160361441723e-16,0.0047704867577126045,8.937689792576434e-18,68.66994545469147,2.2199135752360574e-06,-0.0003683433679535754,-4.828542857806868e-08,5403.417091716518,5411.379845582233,5783.651444164203,5776.202349411817,0.016444816226204622,0.0251292848855613,0.029566450574816747,0
9.441999999999823,0.0,0.0,1.0,0.0,0.015941121067364956,1.4449524697665156e-14,1.0000501384885803,-0.025220211235759907,-8.704639171400887e-16,-3.5809759576561156e-05,0.022258567826272814,-6.182635483405068e-15,-2.897902212063373e-05,3.611018121890033e-14,0.13000240298112195,8.193284640607962e-17,5.3537310838390446e-15,-0.024132809923016717,1.8460286681540252e-15,1.8435672973310284e-16,0.004717817471327779,1.7016625668983957e-17,68.6699739109977,2.3396564048725236e-06,-0.0003882195584687255,-5.239090330752983e-08,5403.414402146663,5411.377137394244,5783.656182409141,5776.20715259925,0.015941199915703457,0.025220236658588895,0.024132809920910932,0
9.46199999999983,0.0,0.0,1.0,0.0,0.015435890562321853,1.4431918649840913e-14,1.0000494126879667,-0.025292552460896872,-8.897877278462303e-16,-3.667617891614422e-05,0.02260014164115685,-6.151749264920417e-15,-2.5788955363181812e-05,3.592977894504034e-14,0.1319973339096576,8.277452325120746e-17,5.578510493142075e-15,-0.018761242130006024,1.8695785613803304e-15,1.6827635133056618e-16,0.004662434377575548,2.0309312091438652e-17,68.67000170817234,2.455764717310047e-06,-0.0004074926079105904,-5.640220227216842e-08,5403.41180215642,5411.374519512078,5783.660785405587,5776.211818695427,0.015435969650971361,0.025292579052546626,0.01876124213326652,0
9.481999999999836,0.0,0.0,1.0,0.0,0.014929415884297416,1.4413931837667162e-14,1.000048670048414,-0.025346504653662314,-9.077069705197843e-16,-3.7498461995281243e-05,0.022920262088936466,-6.1206589699225415e-15,-2.2653786273104962e-05,3.5748184895684395e-14,0.13386696493754024,8.352267306228043e-17,5.806874849430306e-15,-0.013454804044744216,1.8966683974933184e-15,2.1192839755522388e-16,0.004604421588013023,2.3841459810279817e-17,68.67002885328066,2.5682102049047866e-06,-0.00042615781059888444,-6.031700195732296e-08,5403.409292929044,5411.3719931175565,5783.6652526164025,5776.2163471409185,0.014929495216514342,0.025346532391883062,0.013454804043361883,0
9.501999999999843,0.0,0.0,1.0,0.0,0.014422062293423264,1.439553172624756e-14,1.0000479114266794,-0.025382298477905015,-9.312163102550047e-16,-3.827895546760471e-05,0.02321902188265685,-6.084127162653391e-15,-1.9570525712283727e-05,3.5534809409535757e-14,0.13561183772095065,8.41063050139083e-17,6.009692354337372e-15,-0.008216455732971036,1.9221652710918516e-15,1.1869451543338316e-16,0.004543863827694784,1.7991972249286023e-17,68.67005535408167,2.6769677027827634e-06,-0.0004442109824052119,-6.413306701531098e-08,5403.406875575173,5411.369559319298,5783.669583626594,5776.2207375000435,0.014422141876302131,0.025382327342067964,0.008216455738055725,0
9.52199999999985,0.0,0.0,1.0,0.0,0.01391419032593653,1.437664786803908e-14,1.0000471376336337,-0.02540017460318826,-9.535188885030193e-16,-3.901991030483008e-05,0.02349652813448732,-6.046938251643507e-15,-1.6536283030275424e-05,3.531759618917154e-14,0.13723257800640237,8.459122436434132e-17,6.093965816010866e-15,-0.003049059824628758,1.941636197655472e-15,7.369933584052788e-17,0.004480846363140965,1.5409387004316024e-17,68.670081218945,2.782015157805543e-06,-0.0004616484556692371,-6.784825401902727e-08,5403.4045511305285,5411.367219150438,5783.673778138882,5776.22498945647,0.013914270170687727,0.025400204574488175,0.003049059866193241,0
9.541999999999856,0.0,0.0,1.0,0.0,0.013406155597770995,1.4357336354456994e-14,1.0000463494362126,-0.02540038336763899,-9.764578751125037e-16,-3.972347846390708e-05,0.023752902049918458,-6.011868528178639e-15,-1.3548276717605928e-05,3.511276035501658e-14,0.13872989384494386,8.501821248202229e-17,6.15975886748512e-15,0.0020446190616012455,1.9561596705320988e-15,1.6727594135188816e-17,0.004415454931032905,9.220362302713516e-18,68.67010645677024,2.8833335961578377e-06,-0.00047846707381336406,-7.146051500910218e-08,5403.40232055375,5411.364973566502,5783.677835969343,5776.229102808858,0.013406235720062654,0.025400414429252383,0.0020446190818336762,0
9.561999999999863,0.0,0.0,1.0,0.0,0.012898308614911699,1.4337566182605445e-14,1.0000455475594276,-0.025383184438980372,-9.975389193010744e-16,-4.039171004785775e-05,0.023988278616365728,-5.975065669215848e-15,-1.060384419299053e-05,3.489780211305722e-14,0.14010457377370822,8.533502571510588e-17,6.165050122783162e-15,0.007061914812534433,1.9679145673026333e-15,2.029659286943323e-17,0.004347775667679637,1.6301013946607326e-17,68.67013107690867,2.980907089070353e-06,-0.0004946641856644603,-7.496790085308646e-08,5403.400184724415,5411.3628234434145,5783.681757043095,5776.233077466541,0.012898389035289452,0.02538321657618545,0.007061914801547058,0
9.58199999999987,0.0,0.0,1.0,0.0,0.012390994590546255,1.4317363652060346e-14,1.0000447326884323,-0.02534884647402608,-1.0229907194601678e-15,-4.102655095150773e-05,0.024202806286497132,-5.936041491423175e-15,-7.700450731077039e-06,3.466987018842147e-14,0.14135748496666328,8.553580601963658e-17,6.1571230024020385e-15,0.0120002602344017,1.985046823726298e-15,-1.0227947955098809e-16,0.004277895039295068,8.28121452244531e-18,68.67015508908771,3.0747227166235533e-06,-0.0005102376394926579,-7.83685643769814e-08,5403.398144441167,5411.360769575698,5783.685541390028,5776.236913445278,0.012391075334948171,0.025348879674289896,0.012000260236387889,0
9.601999999999876,0.0,0.0,1.0,0.0,0.011884553269040653,1.429662912367537e-14,1.0000439054706258,-0.02529764677691154,-1.0495350845480351e-15,-4.1629840982048964e-05,0.0243966466566014,-5.8942599820385496e-15,-4.835697515762207e-06,3.4425833959373844e-14,0.14248957135640353,8.561393718343006e-17,5.967870882851447e-15,0.01685718738740145,1.9916863631790015e-15,-2.638228385357884e-16,0.004205899773123214,2.588011546080642e-19,68.67017850333801,3.164770530102162e-06,-0.0005251857767744716,-8.166076330363288e-08,5403.396200420059,5411.3588126747945,5783.689189140634,5776.24061086307,0.011884634369429114,0.02529768102994903,0.01685718737723091,0
9.621999999999883,0.0,0.0,1.0,0.0,0.011379318756761762,1.427540553956243e-14,1.0000430665177924,-0.025229870956333743,-1.0708080917075629e-15,-4.220331244230558e-05,0.024569974140311677,-5.8557643992721326e-15,-2.0073288354222264e-06,3.420098948747808e-14,0.14350185172882238,8.565901769680169e-17,5.646745143778292e-15,0.021630327841882718,1.991390152119534e-15,-3.0212997811426355e-16,0.004131876789449254,-4.025396624914094e-18,68.67020132992356,3.2510435125881472e-06,-0.000539507425689529,-8.484286295992942e-08,5403.394353293026,5411.356953367589,5783.6927005218795,5776.244169936045,0.011379400251900132,0.0252299062541428,0.02163032783957893,0
9.64199999999989,0.0,0.0,1.0,0.0,0.01087561935976344,1.4253762833569137e-14,1.0000422164082614,-0.02514581258206819,-1.091723820793455e-15,-4.274858916533617e-05,0.02472297563799867,-5.819883883101415e-15,7.867615766700024e-07,3.399141854746783e-14,0.14439541779249254,8.566424837337888e-17,5.272036207951193e-15,0.026317412857197197,1.987089115756581e-15,-3.6172775838416233e-16,0.004055913134535311,-4.829390134052508e-18,68.67022357927466,3.333537538315844e-06,-0.0005532018943617256,-8.791333876665087e-08,5403.392603606538,5411.35519219507,5783.696075853177,5776.24759097442,0.010875701296173403,0.025145848918944346,0.02631741285460026,0
9.661999999999896,0.0,0.0,1.0,0.0,0.010373777428347794,1.4231758817867638e-14,1.0000413556890844,-0.025045772841027127,-1.1082413715347947e-15,-4.326718598747755e-05,0.024855850202144758,-5.7885360402502416e-15,3.5485250534967612e-06,3.3808321027442334e-14,0.14517143222457202,8.566070965484815e-17,4.8977721725012084e-15,0.03091627348430092,1.9839851158134633e-15,-3.346329226775004e-16,0.003978095914511583,-3.586220206158105e-18,68.6702452619241,3.4122513302030048e-06,-0.0005662689638509797,-9.087077848585393e-08,5403.390951820414,5411.3535296111795,5783.699315542439,5776.250874378559,0.010373859861494071,0.025045810213560976,0.0309162734784878,0
9.681999999999903,0.0,0.0,1.0,0.0,0.009874109208507847,1.420940851009204e-14,1.0000404848782158,-0.024930060193120183,-1.1239855951713346e-15,-4.376050864422596e-05,0.024968808699009276,-5.7586089100541175e-15,6.279753339882038e-06,3.3633521297537906e-14,0.14583112669504417,8.560506640258206e-17,4.505408824711799e-15,0.03542484059322338,1.980537423699357e-15,-3.231675118085205e-16,0.0038985122302604997,-2.6759748841161105e-18,68.67026638844634,3.48718641619994e-06,-0.0005787088809068838,-9.371388426128749e-08,5403.389398306824,5411.351965981818,5783.70242008222,5776.254020635099,0.009874192204271883,0.024930098600180313,0.03542484059578962,0
9.70199999999991,0.0,0.0,1.0,0.0,0.009376924700252802,1.418678203574768e-14,1.0000396044666937,-0.02479899002717386,-1.136798973425542e-15,-4.4229854074708234e-05,0.025062073466892626,-5.731509612820224e-15,8.982074760062835e-06,3.347523772008152e-14,0.14637579987108518,8.55204241690959e-17,4.164739156511019e-15,0.03984114482656047,1.977063025433892e-15,-2.6670733131063174e-16,0.0038172491133235194,-4.687393530774796e-18,68.67028696940027,3.5583470840028545e-06,-0.0005905223504922904,-9.644147440593138e-08,5403.387943349442,5411.350501584036,5783.705390045967,5776.257030313209,0.009377008336777418,0.024799029469877647,0.03984114482959392,0
9.721999999999916,0.0,0.0,1.0,0.0,0.008882527522811857,1.4163895686548529e-14,1.0000387149208085,-0.02465288431716282,-1.1508090000170816e-15,-4.467641111928745e-05,0.02513587797130471,-5.703804250735078e-15,1.1656951193655062e-05,3.331341439047439e-14,0.14680681540334195,8.535761215078694e-17,3.863955292854774e-15,0.044163316480185136,1.9719388199986547e-15,-2.7375036283320626e-16,0.003734393462863651,-7.110212691783106e-18,68.67030701527486,3.625740334726329e-06,-0.0006017105280860783,-9.905248496820625e-08,5403.386587142802,5411.349136605391,5783.708226084347,5776.259904060898,0.00888261189282766,0.02465292479883722,0.04416331647894281,0
9.741999999999923,0.0,0.0,1.0,0.0,0.008391214786707695,1.414074222346981e-14,1.0000378166842518,-0.024492071279001316,-1.1639423144739285e-15,-4.5101261593337555e-05,0.02519046645734066,-5.6765835825499745e-15,1.4305675848256272e-05,3.3154421949699946e-14,0.1471255998958873,8.513469751964651e-17,3.557688986907491e-15,0.048389585312402957,1.96394870785406e-15,-2.851617262238878e-16,0.0036500319837130795,-9.182482185372541e-18,68.67032653643851,3.689375835032978e-06,-0.0006122750117746907,-1.0154597105039399e-07,5403.385329791779,5411.347871143472,5783.710928921707,5776.2626426014685,0.008391300000492753,0.024492112805135424,0.04838958531154329,0
9.76199999999993,0.0,0.0,1.0,0.0,0.00790327697268563,1.4117315061262343e-14,1.0000369101802442,-0.02431688502813899,-1.1758632444153487e-15,-4.550538172005085e-05,0.025226093599564025,-5.64980821959216e-15,1.6929371794469845e-05,3.299803034222203e-14,0.14733364086160328,8.485292695145344e-17,3.2002316907311463e-15,0.05251828028281477,1.9505853339947866e-15,-2.931459536523969e-16,0.003564251125534088,-8.216803639130436e-18,68.67034554309171,3.749265868269604e-06,-0.0006222178341410557,-1.0392110789798526e-07,5403.384171311312,5411.346705205609,5783.713499352622,5776.2652467300495,0.00790336316186904,0.024316927606330033,0.052518280281384146,0
9.781999999999936,0.0,0.0,1.0,0.0,0.007418997817479813,1.4093674505761563e-14,1.0000359958136267,-0.024127665238200716,-1.187485964549227e-15,-4.588964390550346e-05,0.025243024149694825,-5.624758693353196e-15,1.952899125713213e-05,3.285171858153697e-14,0.14743248466472914,8.453336689414032e-17,2.854618270698989e-15,0.056547829222179456,1.9436734702283737e-15,-3.261028807703078e-16,0.003477137023120902,-7.421575226930209e-18,68.67036404522293,3.805425284315607e-06,-0.0006315414539604413,-1.0617719176447798e-07,5403.383111626208,5411.345638708747,5783.715938238559,5776.267717310257,0.007419085139986526,0.024127708878094848,0.056547829220052644,0
9.801999999999943,0.0,0.0,1.0,0.0,0.006938654206392891,1.406981574576104e-14,1.0000350739729136,-0.0239247568009058,-1.1978036195166555e-15,-4.6254818836641526e-05,0.025241532582396715,-5.599959024595705e-15,2.2105315635982865e-05,3.270686612302196e-14,0.14742373445229065,8.415564054911639e-17,2.4704544571758584e-15,0.060476758434601756,1.9328131485372533e-15,-3.5949904529334685e-16,0.003388775437869979,-1.1739085118201985e-17,68.67038205256819,3.857871448444927e-06,-0.000640248747712131,-1.0831364050635285e-07,5403.382150571225,5411.344671479481,5783.718246504653,5776.270055270939,0.006938742852957566,0.02392480151413495,0.060476758437309326,0
9.82199999999995,0.0,0.0,1.0,0.0,0.006462516072661091,1.4045782298439022e-14,1.000034145032304,-0.023708509487496903,-1.204657509429141e-15,-4.660157788434066e-05,0.025221902739454318,-5.579402165821019e-15,2.4658956219858523e-05,3.25867940176959e-14,0.14730904807610984,8.378146451422342e-17,2.075314898221162e-15,0.06430369223339717,1.9178190424440144e-15,-3.333207669982499e-16,0.0032992517004399083,-1.4182036558300638e-17,68.67039957457389,3.906624188931916e-06,-0.0006483430009158484,-1.1032999399590698e-07,5403.3812878912195,5411.343803254273,5783.720425136596,5776.272261603062,0.006462606275538838,0.023708555287612783,0.06430369223561164,0
9.841999999999956,0.0,0.0,1.0,0.0,0.0059908463035719915,1.4021637080735375e-14,1.0000332093536362,-0.023479277611904714,-1.2094857344478278e-15,-4.693049579327786e-05,0.025184427472628407,-5.562079879663987e-15,2.7190355590486746e-05,3.2485613585906094e-14,0.1470901360070742,8.339720853110936e-17,1.7300655555963748e-15,0.06802735241201595,1.905933671471242e-15,-2.832098099477079e-16,0.0032086506546300394,-8.755089688978759e-18,68.6704166203632,3.951705743960627e-06,-0.0006558278993030413,-1.1222591426852696e-07,5403.380523241534,5411.3430336798365,5783.722475177644,5776.274337356691,0.005990938348388433,0.023479324514310996,0.0680273524123439,0
9.861999999999963,0.0,0.0,1.0,0.0,0.005523900653297831,1.3997385051702738e-14,1.0000322672882889,-0.023237419695869063,-1.2158989969741188e-15,-4.724205363864411e-05,0.025129408285472984,-5.541592767217801e-15,2.9699789669521804e-05,3.236594880718825e-14,0.14676875924332594,8.290846190504544e-17,1.4046641025102036e-15,0.07164655765143314,1.897040160111565e-15,-3.102782724365241e-16,0.003117056602494003,-8.085852345484927e-18,68.67043319870564,3.993140707446061e-06,-0.0006627075198305788,-1.1400118543410715e-07,5403.379856188517,5411.342362313668,5783.724397725734,5776.276283638083,0.005523994895489832,0.023237467717752626,0.0716465576527859,0
9.88199999999997,0.0,0.0,1.0,0.0,0.0050619276624028564,1.397299391171834e-14,1.0000313191790202,-0.022983298136232913,-1.2217819541949905e-15,-4.753664203025966e-05,0.025057154974394827,-5.522562620994155e-15,3.2187370388655275e-05,3.2254793502771615e-14,0.14634672721400657,8.238614385737267e-17,1.0069276531235214e-15,0.07516022286543697,1.8810311003682232e-15,-3.6125079074343175e-16,0.003024553250715487,-1.8217504806927473e-17,68.67044931799025,4.030955973716967e-06,-0.0006689863215479313,-1.156557133953557e-07,5403.379286210197,5411.341788624757,5783.726193930722,5776.2781016069175,0.005062024550550278,0.022983347296494976,0.07516022286410612,0
9.901999999999976,0.0,0.0,1.0,0.0,0.004605168583978915,1.3948538717977608e-14,1.0000303653617395,-0.0227172788746199,-1.222545461223316e-15,-4.7814564545792215e-05,0.02496798526923182,-5.507864768229352e-15,3.465304895666475e-05,3.216894115337843e-14,0.14582589568017384,8.18744352909228e-17,6.161240929920193e-16,0.07856735848527041,1.8635191706479574e-15,-3.0335569577531276e-16,0.0029312236582599827,-1.6267269044114856e-17,68.67046498620188,4.06518068179698e-06,-0.0006746691363243773,-1.1718952533259591e-07,5403.378812697156,5411.341311994439,5783.727864991724,5776.279792473603,0.0046052686937962635,0.022717329193807846,0.078567358483722,0
9.921999999999983,0.0,0.0,1.0,0.0,0.004153857316359332,1.3924078697070649e-14,1.0000294061672073,-0.022439731069701676,-1.2230746450571133e-15,-4.807604137235741e-05,0.02486222447362283,-5.49581075085117e-15,3.709661968441122e-05,3.2098530228172485e-14,0.14520816463448283,8.134916239826377e-17,2.8681671678326987e-16,0.08186706968510374,1.850044355034922e-15,-2.7186721207981617e-16,0.002837150185325791,-1.0889002852337572e-17,68.67048021090102,4.095846158773539e-06,-0.0006797611594479329,-1.1860276895505395e-07,5403.378434953494,5411.340931717417,5783.7294121546065,5776.281357496737,0.004153961401763596,0.022439782569942356,0.08186706968452759,0
9.94199999999999,0.0,0.0,1.0,0.0,0.003708220342357085,1.3899545089559758e-14,1.000028441922663,-0.022151026772255757,-1.2278964241550715e-15,-4.832121313778677e-05,0.024740205105437483,-5.4768202400079364e-15,3.951772434326475e-05,3.1987606393822197e-14,0.1444954762011989,8.067015682892879e-17,-1.3293011038738842e-16,0.0850585555498358,1.828920756483089e-15,-3.9973441133053307e-16,0.002742414443609417,-2.0801917525481163e-17,68.67049499920641,4.1229858624593594e-06,-0.000684267940102764,-1.1989571154892162e-07,5403.378152198008,5411.340647002914,5783.7308367095375,5776.282797980648,0.0037083294150379448,0.022151079477190957,0.08505855555045691,0
9.961999999999996,0.0,0.0,1.0,0.0,0.0032684766749692907,1.3875086286625194e-14,1.0000274729533705,-0.02185154060320952,-1.2202391785492568e-15,-4.855014491193342e-05,0.0246022665375299,-5.474253015808243e-15,4.191585702815399e-05,3.197260346284579e-14,0.14368981253808613,8.018273983310498e-17,-4.443622993298603e-16,0.08814110818674019,1.814011660875699e-15,-2.1076789311618781e-16,0.002647097247900797,-1.049709087203837e-17,68.67050935778138,4.146635322693615e-06,-0.0006881953717349016,-1.2106873885040757e-07,5403.377963565458,5411.3404569759905,5783.732139988704,5776.284115273074,0.003268592133929409,0.021851594537934418,0.08814110818504141,0
9.982000000000003,0.0,0.0,1.0,0.0,0.002834837809486177,1.385064133466815e-14,1.0000264995840848,-0.021541649434860772,-1.2231843595407052e-15,-4.876283035820093e-05,0.024448754639076434,-5.458953630524035e-15,4.429036948033272e-05,3.188323779917797e-14,0.14279319374169086,7.945968582607725e-17,-7.846434227651108e-16,0.09111411178249133,1.795190666586562e-15,-3.5249501794392745e-16,0.00255127856902542,-2.101570864136814e-17,68.67052329282265,4.166832083961869e-06,-0.0006915496823154768,-1.2212235366205196e-07,5403.377868108027,5411.340360678982,5783.733323364106,5776.285310762927,0.0028349616635942464,0.021541704625866125,0.09111411178056536,0
10.00200000000001,0.0,0.0,1.0,0.0,0.0024075076819389655,1.382620670635544e-14,1.0000255221404337,-0.021221732075459764,-1.21991743816644e-15,-4.895919601660416e-05,0.02428002141775234,-5.447758746714312e-15,4.664047685086694e-05,3.1817844649360264e-14,0.14180767575750955,7.874943022260824e-17,-1.1962146944029712e-15,0.09397704160712171,1.772078735303729e-15,-3.5320771824201084e-16,0.0024550374881454674,-1.9808720572848653e-17,68.6705368100526,4.183615644673573e-06,-0.00069433742450949,-1.230571743143743e-07,5403.377864796883,5411.340357073091,5783.734388245472,5776.286385878178,0.0024076429590467623,0.02122178855057868,0.093977041608605,0
10.022000000000016,0.0,0.0,1.0,0.0,0.0019866826338174573,1.3801895237127929e-14,1.0000245409502113,-0.02089216895733239,-1.2132095420057101e-15,-4.913910569920408e-05,0.02409642466299828,-5.445198750809183e-15,4.896526386509728e-05,3.1802883890497024e-14,0.14073534829650824,7.811719254900959e-17,-1.5397743722359805e-15,0.09672946296647442,1.7523092229215927e-15,-2.939932576501942e-16,0.0023584521524319464,-1.521113415536956e-17,68.67054991471419,4.1970273982794585e-06,-0.0006965654657593561,-1.2387393292223037e-07,5403.377952523873,5411.340445040101,5783.735336078284,5776.287342083863,0.0019868342018772335,0.020892226745692574,0.09672946296481201,0
10.042000000000023,0.0,0.0,1.0,0.0,0.0015725513829845672,1.3777677493488555e-14,1.000023556344583,-0.02055334182871872,-1.208610546125407e-15,-4.930236497938917e-05,0.0238983275906224,-5.440882729203366e-15,5.1263691355454114e-05,3.1777666992274674e-14,0.13957833275942955,7.741354473822295e-17,-1.9009806680921496e-15,0.09937103010473133,1.7367629744985476e-15,-3.281969088462461e-16,0.0022615997321203804,-1.421572814081062e-17,68.67056261156877,4.207110573104163e-06,-0.0006982409782913838,-1.24573473470982e-07,5403.378130103369,5411.340623384209,5783.736168341903,5776.28818088016,0.0015727278065503852,0.020553400960701157,0.09937103010647085,0
10.06200000000003,0.0,0.0,1.0,0.0,0.0011652950007116365,1.375360165510165e-14,1.0000225686592012,-0.020205633449495615,-1.2003013562007494e-15,-4.94487257561547e-05,0.023686098488979006,-5.436028294367398e-15,5.353460312780164e-05,3.1749305479376146e-14,0.138338780170297,7.665758213148338e-17,-2.2431365829514618e-15,0.1019014850586074,1.7230273992478239e-15,-2.920552462668763e-16,0.0021645563789593745,-1.0850703410594517e-17,68.67057490489654,4.2139101713382865e-06,-0.0006993714290545002,-1.2515674970675606e-07,5403.378396274202,5411.340890833983,5783.736886547802,5776.288903800594,0.0011655135276184808,0.020205693956700792,0.101901485059036,0
10.082000000000036,0.0,0.0,1.0,0.0,0.0007650868947550392,1.3729716749145609e-14,1.0000215782352275,-0.019849427290946593,-1.1874115882801937e-15,-4.9577890875439415e-05,0.023460110366960146,-5.439011970068227e-15,5.5776733132342624e-05,3.176672271841401e-14,0.13701886912049716,7.596783411945832e-17,-2.525689467366573e-15,0.10432065646481295,1.7107062534036426e-15,-1.5881650287785155e-16,0.002067397186060457,-4.432484047496297e-18,68.67058679849971,4.217472908128585e-06,-0.0006999645695988529,-1.2562482288169942e-07,5403.3787497017265,5411.341246044448,5783.737492237893,5776.289512410325,0.0007653911266544987,0.01984948920616949,0.1043206564637311,0
10.102000000000043,0.0,0.0,1.0,0.0,0.00037209279839139057,1.3706087031194219e-14,1.000020585420263,-0.01948510723973665,-1.176854777795272e-15,-4.968951879149453e-05,0.023220740604030805,-5.4410924900111385e-15,5.79887128983201e-05,3.17788650509751e-14,0.13562080372478968,7.522144269124856e-17,-2.6722242810925403e-15,0.1066284583223949,1.7084899541336251e-15,-1.1145036625728244e-16,0.0019701961491572764,-1.4303959945197156e-18,68.670598295708,4.217847150662763e-06,-0.0007000284259029249,-1.259788593398774e-07,5403.379188979992,5411.341687599245,5783.73798698294,5776.290008304542,0.0003726617905583332,0.01948517059695181,0.1066284583216767,0
10.12200000000005,0.0,0.0,1.0,0.0,-1.3529234674421821e-05,1.368265561159756e-14,1.0000195905691844,-0.019113057306244113,-1.1684759837852072e-15,-4.978322825008074e-05,0.02296837060253397,-5.4406495365431585e-15,6.016907920916432e-05,3.177626898084626e-14,0.13414681159056746,7.439782318679703e-17,-2.7948496819711923e-15,0.10882488871157592,1.7054014253614395e-15,-1.391343845295273e-16,0.0018730261292807992,-3.595872993625014e-18,68.6706093993866,4.2150828562913905e-06,-0.0006995712881578928,-1.2622012791591153e-07,5403.3797126340205,5411.342214012927,5783.738372381093,5776.290393106936,2.380820429695895e-05,0.01911312214060242,0.10882488871293021,0
10.142000000000056,0.0,0.0,1.0,0.0,-0.0003916288296171451,1.3659403068147651e-14,1.000018594044885,-0.018733661337396085,-1.1566833132667258e-15,-4.98586029777248e-05,0.022703385442486082,-5.440790164589659e-15,6.23162819776393e-05,3.1777081369581776e-14,0.1325991418016565,7.354136714891046e-17,-2.938004409837161e-15,0.11091002847071861,1.7031508131551939e-15,-8.302822314600944e-17,0.001775958816856446,2.349201372903356e-20,68.67062011194649,4.209231510823564e-06,-0.0006986017005172493,-1.2634999723645264e-07,5403.380319122168,5411.342823733327,5783.7386500564835,5776.290668468278,0.0003920699920836546,0.018733727685234985,0.11091002846959255,0
10.162000000000063,0.0,0.0,1.0,0.0,-0.0007620632841066376,1.3636346994372721e-14,1.0000175962189266,-0.018347302734148245,-1.150639595968729e-15,-4.991519635991805e-05,0.022426173539078376,-5.4390519468362445e-15,6.442869228673113e-05,3.1766920356806015e-14,0.13098006291791592,7.262017618669036e-17,-3.089217375527708e-15,0.1128840398330457,1.7002709289020466e-15,-2.0300912552944693e-16,0.0016790646972260806,-6.682257765512343e-18,68.67063043535653,4.200346066787681e-06,-0.0006971284508198361,-1.2636993285875133e-07,5403.381006838572,5411.343515144025,5783.738821657917,5776.290836065064,0.0007622664074350299,0.018347370633017453,0.11288403983379741,0
10.18200000000007,0.0,0.0,1.0,0.0,-0.0011246975563253003,1.3613466785176495e-14,1.0000165974720923,-0.01795436417374432,-1.137759699370141e-15,-4.9952536093520486e-05,0.022137126303093994,-5.440181912566922e-15,6.65046105736912e-05,3.1773511100198827e-14,0.1292918609918654,7.169904884552326e-17,-3.3011720385575836e-15,0.11474716502475023,1.6903692006910698e-15,-1.4843082184739564e-16,0.0015824130175974792,-5.601199779327045e-18,68.67064037115804,4.188480881242837e-06,-0.0006951605602928659,-1.2628149427289534e-07,5403.381774115719,5411.344286566896,5783.738888857647,5776.290897598244,0.0011248200163954923,0.01795443366244939,0.11474716502562439,0
10.202000000000076,0.0,0.0,1.0,0.0,-0.0014794042474844896,1.359077386603393e-14,1.0000155981948518,-0.01755522733688485,-1.1285940727384487e-15,-4.997012879735929e-05,0.021836637804445627,-5.4391907200697635e-15,6.854227491442782e-05,3.176771323754831e-14,0.1275368376035372,7.071289321609561e-17,-3.576871978464174e-15,0.11649972482613594,1.6789886851944467e-15,-2.1925849716935624e-16,0.0014860717554261002,-4.996255624661604e-18,68.67064992048087,4.173691653956183e-06,-0.0006927072732456447,-1.260863318351074e-07,5403.382619227022,5411.345136264723,5783.738853350222,5776.290854792042,0.0014794864754899865,0.01755529845555128,0.11649972482474631,0
10.222000000000083,0.0,0.0,1.0,0.0,-0.0018260635789394705,1.3568298590536715e-14,1.000014598787731,-0.017150272639929208,-1.1166058595818964e-15,-4.996746456755501e-05,0.02152510443903273,-5.4431600847265176e-15,7.053986938713314e-05,3.1790887694569895e-14,0.1257173079147171,6.97549041867e-17,-3.896541960319317e-15,0.11814211709742654,1.6687444728044604e-15,-2.410372998889415e-16,0.0013901075882270407,-6.060101901358693e-18,68.6706590840614,4.156035365009876e-06,-0.000689778046759013,-1.2578618350916735e-07,5403.383540389539,5411.346062443908,5783.73871685141,5776.290709392839,0.0018261219343002372,0.017150345430090315,0.11814211709662024,0
10.24200000000009,0.0,0.0,1.0,0.0,-0.00216456336400489,1.3546163087628901e-14,1.0000135996615935,-0.016739878972249184,-1.099894927830567e-15,-4.994402146250734e-05,0.021202924599111814,-5.451785344476495e-15,7.249553247749108e-05,3.1841255075386377e-14,0.1238355987437058,6.881969057022444e-17,-4.094923121617111e-15,0.1196748152708857,1.6675672633939594e-15,-1.5340926138301454e-16,0.0012945858648195046,1.4636784170229973e-18,68.670667862262,4.135570213029921e-06,-0.0006863825403801344,-1.2538287158293412e-07,5403.384535766705,5411.347063257197,5783.738481097185,5776.290463168103,0.0021646060860090973,0.016739953476961344,0.11967481526990247,0
10.262000000000096,0.0,0.0,1.0,0.0,-0.0024947989745750417,1.352435707709523e-14,1.000012601237833,-0.016324423438846686,-1.082771548632165e-15,-4.9899269905661756e-05,0.02087049834736761,-5.46205357898757e-15,7.440736549957514e-05,3.1901218357415815e-14,0.12189404666169863,6.78682740466913e-17,-4.2112541785418734e-15,0.1210983668108851,1.6744681981751394e-15,-7.007282033643698e-17,0.0011995705779997176,9.104525464978807e-18,68.67067625509226,4.112355553145164e-06,-0.0006825306058286054,-1.2487829925758572e-07,5403.385603471139,5411.34813680652,5783.738147842794,5776.2901179054315,0.00249483079881895,0.016324499702836354,0.12109836681039042,0
10.282000000000103,0.0,0.0,1.0,0.0,-0.0028166733026554033,1.3502876048563179e-14,1.000011603948479,-0.015904281108342803,-1.0679172114572633e-15,-4.98326769927433e-05,0.02052822709486761,-5.4697417883480764e-15,7.627344100121628e-05,3.1946113048482613e-14,0.11989499611185135,6.684918744471816e-17,-4.269415162200108e-15,0.12241339164355973,1.6806408926431978e-15,-6.2928578541061e-17,0.0011051243386430087,4.043673011723813e-18,68.67068426223122,4.086451835118786e-06,-0.0006782322767223339,-1.2427444714456637e-07,5403.386741567494,5411.349281145832,5783.737718861859,5776.2896754116055,0.002816697205152162,0.0159043591781903,0.1224133916440076,0
10.30200000000011,0.0,0.0,1.0,0.0,-0.0031300967169139845,1.3481680424814702e-14,1.000010608236215,-0.015479824766439389,-1.0514252360287333e-15,-4.9743710691560724e-05,0.020176513283076132,-5.478981116176531e-15,7.809181113293131e-05,3.200006717651079e-14,0.11784079755206164,6.581480889722742e-17,-4.34039588368639e-15,0.12362058055768402,1.6864840415418022e-15,-1.2485150894326307e-17,0.001011308351230302,1.2385009530795354e-17,68.67069188305103,4.0579205415103895e-06,-0.0006734977583303449,-1.2357336972248076e-07,5403.387948075356,5411.350494284011,5783.737195945562,5776.289137511731,0.0031301146930921395,0.015479904690805549,0.12362058055747636,0
10.322000000000116,0.0,0.0,1.0,0.0,-0.0034349870143630095,1.3460756672038686e-14,1.0000096145543194,-0.015051424674949113,-1.0407617010865236e-15,-4.9631843923672596e-05,0.019815760070099074,-5.480698692926825e-15,7.986051593886082e-05,3.201009053732382e-14,0.11573380562246714,6.465828911726166e-17,-4.452879096430565e-15,0.12472069357839922,1.6923072794237481e-15,-1.3793953952533965e-16,0.0009181823907944694,-7.359829081704608e-20,68.67069911664167,4.02682412652454e-06,-0.0006683374173590672,-1.2277719166465253e-07,5403.389220972186,5411.351774187808,5783.736580901861,5776.288506048416,0.003435000469941345,0.015051506504851873,0.12472069357762543,0
10.342000000000123,0.0,0.0,1.0,0.0,-0.0037312693672833003,1.3440087597458518e-14,1.0000086233665177,-0.014619448336484035,-1.0280334843718658e-15,-4.949655851750714e-05,0.01944637102132394,-5.485797350362389e-15,8.15775915680199e-05,3.203986128882301e-14,0.1135763773386226,6.351199029588073e-17,-4.6500377280951476e-15,0.12571455831541534,1.6889361070483518e-15,-2.189750325113598e-16,0.0008258047812827077,-7.058381051674723e-18,68.67070596183659,3.9932259542680004e-06,-0.0006627617717798697,-1.2188810418973453e-07,5403.39055819627,5411.353118784809,5783.735875554773,5776.287782881004,0.0037312793320357055,0.014619532125633532,0.12571455831425465,0
10.36200000000013,0.0,0.0,1.0,0.0,-0.004018876265505468,1.3419800439320997e-14,1.0000076351467686,-0.014184260264887312,-1.0047976037179522e-15,-4.933734902280221e-05,0.019068749804614524,-5.5027733762037026e-15,8.324107834521515e-05,3.213900208085892e-14,0.11137087031128767,6.247137937762586e-17,-4.742340841215009e-15,0.12660306828730686,1.6926179908113735e-15,-1.4941681966635298e-17,0.0007342323753262157,9.298435023527841e-18,68.67071241723913,3.957190238132261e-06,-0.0006567814807036259,-1.2090836130023718e-07,5403.3919576497065,5411.3545259664215,5783.735081743677,5776.286969884843,0.004018883518206189,0.014184346070089721,0.12660306828844,0
10.382000000000136,0.0,0.0,1.0,0.0,-0.004297747454163663,1.3399867310306386e-14,1.000006650378962,-0.013746221761487157,-9.887836513332051e-16,-4.9153726378133324e-05,0.018683299890213546,-5.512979136862933e-15,8.48490287241741e-05,3.219860121457502e-14,0.10911964099372164,6.132210279569018e-17,-4.786835384180722e-15,0.12738718122351053,1.700638533186944e-15,-2.4659114988079765e-17,0.000643520535413334,7.300846730831924e-18,68.6707184812497,3.918781980556177e-06,-0.0006504073343104123,-1.1984027599490982e-07,5403.393417201417,5411.35599359088,5783.734201322671,5776.286068950595,0.004297752599593255,0.013746309643129678,0.12738718122264087,0
10.402000000000143,0.0,0.0,1.0,0.0,-0.004567829867039132,1.3380260560220137e-14,1.0000056695565573,-0.01330569069724649,-9.739253703729011e-16,-4.894522142242379e-05,0.018290424255500565,-5.520108725672163e-15,8.639951505443313e-05,3.224023410948773e-14,0.10682504295734623,6.011022849521671e-17,-4.8329897935080255e-15,0.12806791734562906,1.7109360369029548e-15,-6.855114258735358e-17,0.0005537231164560671,7.939130102301298e-18,68.67072415209348,3.878066912029567e-06,-0.0006436502438401195,-1.1868621648419123e-07,5403.394934690151,5411.357519486272,5783.733236159968,5776.28508198359,0.004567833385543555,0.013305780719878556,0.12806791734592074,0
10.42200000000015,0.0,0.0,1.0,0.0,-0.004829077555612272,1.3361003921190704e-14,1.0000046931821476,-0.01286302130087628,-9.557717585532814e-16,-4.871138824383756e-05,0.01789052509474681,-5.53336988252149e-15,8.789063716797489e-05,3.231767864835426e-14,0.1044894251966042,5.893721706114707e-17,-4.848566467028358e-15,0.1286463576296292,1.7208031967739158e-15,-2.5317605177538848e-17,0.00046489244973992185,8.02685561058253e-18,68.67072942784863,3.835111431516638e-06,-0.0006365212316499573,-1.1744860230918887e-07,5403.396507927511,5411.359101453548,5783.73218813731,5776.284010903195,0.004829079836167224,0.012863113533905448,0.12864635762838772,0
10.442000000000156,0.0,0.0,1.0,0.0,-0.005081451613943125,1.3342024691936383e-14,1.0000037217669575,-0.012418563952975251,-9.410475222509464e-16,-4.845180735903032e-05,0.01748400353400255,-5.5397955540612624e-15,8.932052976473262e-05,3.235520068658453e-14,0.10211513046380667,5.766487197239536e-17,-4.956102199841494e-15,0.1291236420505175,1.7237076693523343e-15,-8.573872857722318e-17,0.0003770793282507898,-2.0509846181237822e-19,68.67073430647466,3.789982547464916e-06,-0.0006290314213462891,-1.1612990053644931e-07,5403.398134700964,5411.360737269543,5783.731059149407,5776.282857642213,0.005081452976894944,0.012418658471500562,0.1291236420506215,0
10.462000000000163,0.0,0.0,1.0,0.0,-0.005324920099501521,1.3323401636062103e-14,1.0000027558302829,-0.011972664986253002,-9.227647565415951e-16,-4.8166088716091025e-05,0.01707125935124679,-5.553214453012712e-15,9.068736956320508e-05,3.2433566903560475e-14,0.09970449363472703,5.643994654206325e-17,-5.037574473504266e-15,0.12950096781106124,1.725006020387189e-15,-5.131422539863592e-17,0.00029033299336446656,4.549629508041333e-18,68.6707387858412,3.7427478181582594e-06,-0.0006211920279961064,-1.1473262186652323e-07,5403.399812776847,5411.362424689994,5783.729851103424,5776.281624146318,0.005324920812620206,0.011972761872064057,0.12950096780980655,0
10.48200000000017,0.0,0.0,1.0,0.0,-0.0055594579500690584,1.3305186241817428e-14,1.0000017958988698,-0.01152566649188837,-9.026275883770834e-16,-4.7853874517449515e-05,0.016652690701923087,-5.569812008151575e-15,9.198938221229623e-05,3.253049827458807e-14,0.0972598401056651,5.5220638730333065e-17,-5.0149689810580326e-15,0.1297795875561107,1.734543712142879e-15,3.1713814339978137e-17,0.00020470112288902882,1.1576140500012545e-17,68.67074286375666,3.6934752939822257e-06,-0.0006130143484238636,-1.1325931678267707e-07,5403.401539903373,5411.364161452529,5783.728565918445,5776.280312373501,0.0055594582401380455,0.011525765834665596,0.12977958755479144,0
10.502000000000177,0.0,0.0,1.0,0.0,-0.005785046896836206,1.3287318776669312e-14,1.000000842506241,-0.011077906132069524,-8.848324222660165e-16,-4.751484185665229e-05,0.01622869384997954,-5.5804143173139344e-15,9.322484894153987e-05,3.2592414617241796e-14,0.09478348422267122,5.391708139556948e-17,-4.9841330507901154e-15,0.12996080757406545,1.749260793432846e-15,5.16175436123584e-17,0.00012022982044870776,1.7243495648555932e-17,68.670746537997,3.642233459404606e-06,-0.0006045097516010498,-1.1171257169749616e-07,5403.4033138135965,5411.365945279647,5783.727205524993,5776.278924293519,0.005785046958185472,0.011078008030830281,0.12996080757446293,0
10.522000000000183,0.0,0.0,1.0,0.0,-0.006001675373818578,1.3269822768523178e-14,0.9999998961919704,-0.010629716958756828,-8.671399267125522e-16,-4.714870516579273e-05,0.01579966290452484,-5.592716712677802e-15,9.439211293149596e-05,3.2664260549391714e-14,0.0922777277435832,5.260740781380661e-17,-4.901008233253195e-15,0.13004598598701178,1.773519008101554e-15,7.628325145662087e-17,3.696360619303566e-05,2.6134034778100006e-17,68.67074980633429,3.5890911753752758e-06,-0.000595689669131751,-1.1009500511831985e-07,5403.405132228366,5411.367773881683,5783.725771864533,5776.277461887371,0.006001675374716337,0.010629821523604303,0.13004598598825023,0
10.54200000000019,0.0,0.0,1.0,0.0,-0.006209338423717259,1.3252705826763888e-14,0.9999989575009118,-0.01018142723870463,-8.468567775017789e-16,-4.6755218471777184e-05,0.01536598956220669,-5.609318833286982e-15,9.548958540175213e-05,3.2761219265060305e-14,0.08974485833349755,5.131529415462923e-17,-4.7460972674692435e-15,0.13003653093104514,1.8030298968269684e-15,1.7882747240106023e-16,-4.5054591178869156e-05,2.6314798385307657e-17,68.67075266656492,3.5341176230306684e-06,-0.0005865655858421033,-1.0840926381236308e-07,5403.406992859259,5411.369644959718,5783.724266888998,5776.2759271467785,0.006209338511230958,0.010181534592952624,0.1300365309307932,0
10.562000000000197,0.0,0.0,1.0,0.0,-0.006408037600348715,1.323592103726548e-14,0.9999980269823828,-0.009733360284772556,-8.307568461906878e-16,-4.6334177455749436e-05,0.014928062855412797,-5.6190724990214034e-15,9.651575139183298e-05,3.281817984204143e-14,0.0871871480942597,4.9939496872516033e-17,-4.5820999826242145e-15,0.12993389872826988,1.829825126682165e-15,1.8058848777971981e-16,-0.00012578344109743231,2.6002399081833116e-17,68.67075511653772,3.4773822478163733e-06,-0.00057714903047695,-1.0665801906986388e-07,5403.4088934114525,5411.371556208474,5783.722692560308,5776.2743220736675,0.0064080379040921285,0.009733470567541066,0.12993389872872557,0
10.582000000000203,0.0,0.0,1.0,0.0,-0.0065977808677703505,1.321944681031687e-14,0.9999971051893121,-0.00928583429355211,-8.196229775697905e-16,-4.5885421317409805e-05,0.014486268906388908,-5.627135825352275e-15,9.746917522649443e-05,3.2865268267674045e-14,0.08460685212852453,4.853107690600194e-17,-4.422627502257483e-15,0.12973959205195756,1.8590492492508987e-15,6.00123041934791e-17,-0.00020518321651692305,2.2543726388968572e-17,68.67075715418132,3.4189547037490794e-06,-0.0005674515665107271,-1.0484396290612577e-07,5403.410831586578,5411.373505319165,5783.721050849903,5776.272648679658,0.006597781502826946,0.009285947662958148,0.1297395920509344,0
10.60200000000021,0.0,0.0,1.0,0.0,-0.0067785824962282625,1.3203182515381707e-14,0.9999961926773494,-0.008839162189329133,-8.057694996075624e-16,-4.54088344416723e-05,0.014040990687362392,-5.6325046687610425e-15,9.834850566268574e-05,3.289661986020305e-14,0.08200620713890407,4.7084202785561886e-17,-4.416445535912101e-15,0.12945515808632335,1.881149452308181e-15,2.308524556036081e-17,-0.00028321579804357487,1.975731325315367e-17,68.6707587775312,3.3589047991631405e-06,-0.0005574847830758665,-1.0296980436861405e-07,5403.412805085536,5411.3754899823025,5783.719343738262,5776.270908985539,0.0067785835654565725,0.008839278826437775,0.12945515808687094,0
10.622000000000217,0.0,0.0,1.0,0.0,-0.006950462955054092,1.3187253874504261e-14,0.9999952900039464,-0.008393651474397768,-7.895005242371219e-16,-4.4904347866810094e-05,0.013592607786754285,-5.645110472451477e-15,9.915248069807712e-05,3.2970239179249145e-14,0.07938743006268575,4.568262691849458e-17,-4.356494835160229e-15,0.1290821866823613,1.904880716135961e-15,5.732776540429635e-17,-0.0003598446768135357,2.129261129202892e-17,68.67075998475595,3.2973024425851773e-06,-0.000547260286014988,-1.0103826588873253e-07,5403.414811611228,5411.377507890447,5783.717573214425,5776.269105020756,0.006950464550923348,0.008393771588154944,0.12908218668176896,0
10.642000000000223,0.0,0.0,1.0,0.0,-0.007113448802638122,1.3171641325614472e-14,0.9999943977274082,-0.007949604085736599,-7.728118863929643e-16,-4.4371940555224876e-05,0.013141496181556647,-5.657625500913527e-15,9.987993204338833e-05,3.3043328619036006e-14,0.07675271674256959,4.4264420604084206e-17,-4.2674377086481884e-15,0.12862230851115988,1.9321733299949826e-15,1.128742616263772e-16,-0.00043503495613878116,3.0535922703445465e-17,68.67076077418297,3.234217590075918e-06,-0.0005367896890599952,-9.905207967832787e-08,5403.416848871286,5411.379556740926,5783.715741275504,5776.267238822887,0.007113451008702592,0.00794972791918495,0.1286223085098257,0
10.66200000000023,0.0,0.0,1.0,0.0,-0.007267572573605947,1.3156356932850134e-14,0.9999935164059239,-0.007507316258052951,-7.595126661338378e-16,-4.3811640467238704e-05,0.012688028015946677,-5.666993889647825e-15,0.00010052978924414051,3.309804043192531e-14,0.07410424063384088,4.2807768560104904e-17,-4.1164299975054496e-15,0.12807719321610037,1.9701106257869864e-15,8.220413373067269e-17,-0.0005087533519358154,2.874839858166861e-17,68.67076114432315,3.169720192629742e-06,-0.000526084605144952,-9.701398417333052e-08,5403.418914580687,5411.381634238468,5783.71384992618,5776.26531243709,0.007267575465698414,0.007507444096246511,0.128077193215442,0
10.682000000000237,0.0,0.0,1.0,0.0,-0.007412872663326088,1.3141335302784227e-14,0.9999926465965758,-0.0070670783931962005,-7.433638813504809e-16,-4.322352543911529e-05,0.012232571386202911,-5.677521272503366e-15,0.00010110108345408835,3.315952165559197e-14,0.07144415154835937,4.13477798303159e-17,-3.9994170425492304e-15,0.12744854756531762,2.002550851981077e-15,1.421612186005332e-16,-0.0005809681919621232,2.6892434197753608e-17,68.67076109389492,3.1038801446651513e-06,-0.0005151566378541769,-9.492672056267876e-08,5403.42100646437,5411.3837380977875,5783.711901178206,5776.263327915571,0.007412876310530826,0.007067210573396832,0.12744854756580573,0
10.702000000000243,0.0,0.0,1.0,0.0,-0.0075493932098758924,1.3126561976716804e-14,0.9999917888543339,-0.006629174935936696,-7.337378499603086e-16,-4.2607723867944454e-05,0.011775490131983576,-5.682294687972733e-15,0.00010159295085066368,3.3187397197796986e-14,0.06877457443571429,3.9836242568017106e-17,-3.928913934639494e-15,0.1267381136057805,2.0246744989513283e-15,2.8134375077625696e-17,-0.0006516494138727058,1.6611893672974495e-17,68.67076062184726,3.036767233679874e-06,-0.0005040173730122706,-9.279302940222608e-08,5403.42312225974,5411.385866046126,5783.709897049867,5776.261287317017,0.0075493976753270445,0.006629311860923764,0.12673811360573986,0
10.72200000000025,0.0,0.0,1.0,0.0,-0.007677183973592989,1.3112102282389181e-14,0.9999909437310399,-0.006193884256101868,-7.153369316251446e-16,-4.1964415205128105e-05,0.011317143634021245,-5.69645800300556e-15,0.00010200463569084582,3.327011470151856e-14,0.0660976082018614,3.838109084631546e-17,-3.785794878818515e-15,0.12594766682032976,2.049777938136372e-15,1.7337707965975823e-16,-0.0007207685621217092,2.4599455023164014e-17,68.67075972738152,2.9684510900101892e-06,-0.0004926783704184519,-9.06156472570724e-08,5403.42525971912,5411.38801582568,5783.707839565441,5776.259192706012,0.007677189315133535,0.006194026411804368,0.12594766682096153,0
10.742000000000257,0.0,0.0,1.0,0.0,-0.007796300214339247,1.3097906564873294e-14,0.9999901117743817,-0.005761478537056756,-7.063818214799655e-16,-4.129383026234824e-05,0.010857886618282506,-5.701162145403218e-15,0.00010233549301040816,3.329758632053849e-14,0.06341532456552522,3.685396778941999e-17,-3.634962886885871e-15,0.12507901428898463,2.0766878501876967e-15,6.762513816780322e-17,-0.0007882987837274793,2.131868635427719e-17,68.67075840997255,2.899001138818687e-06,-0.00048115115572974467,-8.839730346889123e-08,5403.427416612135,5411.390185196009,5783.7057307546465,5776.257046152448,0.0077963064850679175,0.005761626516304523,0.12507901428821988,0
10.762000000000263,0.0,0.0,1.0,0.0,-0.007906802566603989,1.3083912101135452e-14,0.9999892935268642,-0.005332223670511696,-6.952385406289581e-16,-4.059625133276335e-05,0.010398068966635785,-5.707738218354352e-15,0.0001025849909593598,3.333599127495101e-14,0.06072976695261708,3.5333956870732967e-17,-3.563907262712506e-15,0.12413399285580726,2.0970001571823213e-15,3.161807928814751e-17,-0.0008542148229214423,1.4560325664615947e-17,68.67075666938834,2.8284865512056674e-06,-0.0004694472124965761,-8.6140716976099e-08,5403.429590728023,5411.3923719363365,5783.703572652048,5776.2548497309035,0.007906809815331492,0.005332378205640285,0.12413399285535351,0
10.78200000000027,0.0,0.0,1.0,0.0,-0.008008756912572766,1.3070161115602062e-14,0.9999884895247814,-0.004906379157635448,-6.80821748487356e-16,-3.9872012132206806e-05,0.009938035534065056,-5.715650494151854e-15,0.0001027527127773506,3.338220065391371e-14,0.058042949428889073,3.3817517964421554e-17,-3.4935922723389063e-15,0.12311446730259086,2.1190804622486697e-15,9.936282573264555e-17,-0.0009184930147035514,2.456629198921311e-17,68.67075450570877,2.756976197830996e-06,-0.0004575779743541817,-8.384859326135929e-08,5403.431779877877,5411.3945738477805,5783.701367296469,5776.252605520009,0.008008765184204231,0.004906541166221985,0.12311446730341907,0
10.802000000000277,0.0,0.0,1.0,0.0,-0.008102234253287498,1.3056692395141665e-14,0.9999877002971888,-0.004484198016447755,-6.688046972470813e-16,-3.91214975642139e-05,0.009478125972461601,-5.727192903289956e-15,0.00010283835841468333,3.34496121374049e-14,0.055356855671010015,3.2317651998113766e-17,-3.3525545068515457e-15,0.12202232853061062,2.145600915870013e-15,1.0363420282147807e-16,-0.0009811112773260159,1.8075946076590293e-17,68.67075191934298,2.6845386026574724e-06,-0.0004455548173730692,-8.152362133210674e-08,5403.433981896779,5411.396788755526,5783.699116730351,5776.250315601793,0.00810224358914458,0.004484368667079641,0.12202232853101194,0
10.822000000000283,0.0,0.0,1.0,0.0,-0.008187310578023277,1.3043421026439418e-14,0.9999869263648844,-0.004065926695461215,-6.571519718180796e-16,-3.834514331403413e-05,0.009018674561020876,-5.732271887624687e-15,0.00010284174579220044,3.3479274404198215e-14,0.05267343797622071,3.077832696235668e-17,-3.2698332324547706e-15,0.12085949175165009,2.159784227228589e-15,1.0908736027831979e-16,-0.001042049103726455,1.3420951154078092e-17,68.67074891104556,2.611241898114501e-06,-0.0004333890525719914,-7.916847086953277e-08,5403.436194645897,5411.399014510877,5783.696822999123,5776.247982060998,0.008187321016116748,0.004066107505081479,0.1208594917507478,0
10.84200000000029,0.0,0.0,1.0,0.0,-0.00826406673200642,1.3030398252860875e-14,0.9999861682393997,-0.003651804993538049,-6.461387799811776e-16,-3.7543435277133195e-05,0.008560010043266002,-5.73923800418101e-15,0.00010276281171378901,3.351995880114881e-14,0.04999461631069317,2.9248528959720626e-17,-3.14797886843058e-15,0.11962789468949644,2.1741098285957733e-15,1.0788508848925063e-16,-0.0011012875519341178,1.1387408006837121e-17,68.6707454819314,2.537153780565422e-06,-0.0004210919185963693,-7.678578940920228e-08,5403.438416014465,5411.401248993277,5783.694488150507,5776.245606984368,0.008264078307267941,0.003651997976500239,0.11962789468882026,0
10.862000000000297,0.0,0.0,1.0,0.0,-0.008332588282597671,1.3017545347789343e-14,0.9999854264220018,-0.0032420659859233947,-6.379544122197594e-16,-3.671690882760557e-05,0.008102455470714313,-5.743221443591226e-15,0.00010260161242984465,3.354322325938559e-14,0.04732227739668841,2.7704336146211146e-17,-3.1027415884987596e-15,0.1183294957930619,2.1828373301150667e-15,3.5623772634612493e-17,-0.0011588092344730354,6.157216726767049e-18,68.67074163348924,2.4623414677263455e-06,-0.0004086745745645244,-7.437819966347375e-08,5403.440643921682,5411.4034901121995,5783.692114233828,5776.243192459932,0.0083326010270779,0.0032422738916500077,0.11832949579172487,0
10.882000000000303,0.0,0.0,1.0,0.0,-0.00839296538406362,1.3004964874527723e-14,0.9999847014027151,-0.002836935956412828,-6.233948713096225e-16,-3.586614793224387e-05,0.007646328053198231,-5.753244665052128e-15,0.00010235832385996674,3.3601763356112343e-14,0.044658273838577414,2.6190351370190972e-17,-2.960093996421945e-15,0.11696627246226919,2.193757176556019e-15,1.5248542536780916e-16,-0.0012145983067842973,1.1895424487282365e-17,68.67073736759406,2.386871656222117e-06,-0.0003961480930846869,-7.194829692016048e-08,5403.442876318558,5411.405735808982,5783.689703299294,5776.240740576243,0.00839297932710245,0.0028371626674118396,0.11696627246175906,0
10.90200000000031,0.0,0.0,1.0,0.0,-0.00844529264105851,1.299257893346502e-14,0.9999839936593589,-0.002436634335607898,-6.157555980488826e-16,-3.499178411680782e-05,0.007191939015846631,-5.756649784952009e-15,0.00010203324147996877,3.362165085851651e-14,0.042004423287760995,2.4648550727318593e-17,-2.8323853382683875e-15,0.11554021928780944,2.2015605232384627e-15,8.500804317904605e-17,-0.001268640454692045,2.6981510106149894e-18,68.67073268651775,2.310810481131567e-06,-0.0003835234534456666,-6.949864657066413e-08,5403.445111189632,5411.407984058562,5783.687257397236,5776.238253421591,0.008445307809432274,0.0024368855759799267,0.11554021928678586,0
10.922000000000317,0.0,0.0,1.0,0.0,-0.00848966897093768,1.298042675479666e-14,0.9999833036566104,-0.0020413736452097315,-6.028696587172488e-16,-3.409449529128334e-05,0.006739593462727836,-5.766012922737638e-15,0.00010162677988044697,3.367633645628282e-14,0.03936250764649313,2.313582183988795e-17,-2.6392564989795067e-15,0.11405334630585216,2.212878250536838e-15,1.8335867854052876e-16,-0.0013209228809373725,8.976467635881113e-18,68.67072759293872,2.2342234753438605e-06,-0.0003708115349827938,-6.703178174174481e-08,5403.447346554621,5411.410232871123,5783.684778577328,5776.235733083204,0.008489685388987311,0.0020416583440835624,0.11405334630489514,0
10.942000000000323,0.0,0.0,1.0,0.0,-0.008526197465022773,1.2968478808562082e-14,0.99998263184509,-0.0016513594482970764,-5.953533136540781e-16,-3.3175004440551205e-05,0.006289590247150494,-5.769702233406038e-15,0.00010113947200848218,3.369788448297367e-14,0.03673427231058525,2.1604857994832903e-17,-2.408981919762202e-15,0.11250767726876118,2.2231618048325928e-15,1.5028422390712046e-16,-0.0013714342908047621,6.5973350461603894e-18,68.67072208995008,2.157175531440977e-06,-0.00035802311062157734,-6.455020100779545e-08,5403.449580469986,5411.412480293667,5783.682268887791,5776.233181646424,0.008526215154766254,0.0016516926494961632,0.1125076772696422,0
10.96200000000033,0.0,0.0,1.0,0.0,-0.008554985248937828,1.2956667968138824e-14,0.9999819786604762,-0.001266790305531576,-5.851039320832965e-16,-3.2234078187163514e-05,0.005842221848613668,-5.7740962124554435e-15,0.00010057196809468715,3.372354847078861e-14,0.03412142545094023,2.0083424762679508e-17,-2.2242962891849846e-15,0.11090524793283967,2.2327176355663108e-15,2.1453236413524412e-16,-0.001420164876866022,1.0396271038332347e-17,68.67071618106628,2.079730863275281e-06,-0.00034516884060080134,-6.205636624654442e-08,5403.4518110304025,5411.414724411471,5783.679730374552,5776.230601193829,0.008555004230169735,0.0012672003448489745,0.11090524793237141,0
10.982000000000337,0.0,0.0,1.0,0.0,-0.008576143342134081,1.2945033917288132e-14,0.9999813445226494,-0.000887857737229678,-5.793626072415355e-16,-3.1272525235585664e-05,0.0053977742563928776,-5.777942615466993e-15,9.992503428258242e-05,3.3746014696853476e-14,0.03152563733383694,1.8567939491455792e-17,-1.9995498810474715e-15,0.10924810436410007,2.2451751493780526e-15,1.7125741020244044e-16,-0.0014671063028653542,9.423416428961104e-18,68.67070987022855,2.0019529696578016e-06,-0.000332259266378063,-5.955270058962446e-08,5403.454036370127,5411.41696334949,5783.6771650803885,5776.227993804371,0.008576163632514592,0.0008884083140050042,0.1092481043652133,0
11.002000000000344,0.0,0.0,1.0,0.0,-0.008589786516720184,1.2933527091318055e-14,0.9999807298348684,-0.0005147461912370167,-5.727167528560605e-16,-3.0291194701524904e-05,0.004956526859743844,-5.780120205375494e-15,9.919955096361459e-05,3.3758734583640836e-14,0.028948539679858366,1.705650982258855e-17,-1.791229424752485e-15,0.10753830126302896,2.2580066404871508e-15,1.745934460770697e-16,-0.00151225168677345,1.1746604186581572e-17,68.67070316180882,1.9239045986476413e-06,-0.0003193048047173722,-5.704158648724024e-08,5403.456254664311,5411.4191952736355,5783.6745750440505,5776.2253615524605,0.00858980813185557,0.0005156366917408623,0.10753830126185553,0
11.02200000000035,0.0,0.0,1.0,0.0,-0.008596033155713074,1.2922183698894867e-14,0.999980134982982,-0.00014763301653801986,-5.631600036787762e-16,-2.9290974337224128e-05,0.004518752344701382,-5.7848073858214944e-15,9.839651083206526e-05,3.378611205198781e-14,0.0263917250613304,1.5562642767295604e-17,-1.5165214602715371e-15,0.10577790030927889,2.274546109259231e-15,2.815808901546805e-16,-0.0015555955830346385,1.5296444729624984e-17,68.67069606061243,1.8456477129905021e-06,-0.00030631574196201026,-5.452536387330397e-08,5403.458464130184,5411.421418391985,5783.671962299344,5776.222706507039,0.008596056109229372,0.00015051069314085018,0.105777900309122,0
11.042000000000357,0.0,0.0,1.0,0.0,-0.008595005110823487,1.2910973934575785e-14,0.9999795603346762,0.00021331155746972746,-5.584035104922605e-16,-2.8272788659196214e-05,0.004084716597446242,-5.784371564679252e-15,9.751701667127431e-05,3.378356901611688e-14,0.0238567463381119,1.4066760588203707e-17,-1.1899287690151226e-15,0.10396896852720063,2.301539011048012e-15,2.8813299493355357e-16,-0.0015971339640317695,2.693702201209707e-17,68.67068857187928,1.7672434570024392e-06,-0.0002933022284933232,-5.200632848200202e-08,5403.460663028179,5411.423630955904,5783.669328874207,5776.220030730619,0.008595029414434859,0.00021517706924467677,0.10396896852654706,0
11.062000000000364,0.0,0.0,1.0,0.0,-0.008586827559888564,1.289983071439832e-14,0.9999790062387603,0.0005679244361100454,-5.554950009452308e-16,-2.7237596985920754e-05,0.0036546786142082344,-5.783438428167582e-15,9.656227888340304e-05,3.377812174416044e-14,0.02134511613154989,1.2583787510779427e-17,-8.872485135840564e-16,0.10211357667309104,2.3295235920101e-15,2.660124516892008e-16,-0.0016368642007979978,2.069490418686481e-17,68.67068070128383,1.6887521239900766e-06,-0.00028027427337633086,-4.948673018700326e-08,5403.462849662945,5411.425831261063,5783.666676789745,5776.217336278316,0.008586853223461595,0.0005685772171134546,0.10211357667314286,0
11.08200000000037,0.0,0.0,1.0,0.0,-0.008571628864062594,1.2888723945839892e-14,0.999978473024494,0.0009160496690480348,-5.557373912815488e-16,-2.6186391393958296e-05,0.0032288904176698266,-5.7776804960737276e-15,9.553361277113838e-05,3.374449561647016e-14,0.018858306336390414,1.110664746025881e-17,-6.265283549758393e-16,0.1002137976450083,2.3512263231437413e-15,1.8562173373515774e-16,-0.0016747850429971738,1.8563715081464362e-17,68.67067245493368,1.6102331254375862e-06,-0.00026724173919409367,-4.696877158405797e-08,5403.465022384298,5411.42801764838,5783.664008059262,5776.214625196848,0.008571655895677651,0.0009164238775027917,0.10021379764431876,0
11.102000000000377,0.0,0.0,1.0,0.0,-0.008549540424875228,1.2877573252632931e-14,0.9999779610009544,0.0012575384544748264,-5.569209097611658e-16,-2.51201945992898e-05,0.0028075969798299237,-5.770844398909359e-15,9.443243558770365e-05,3.370457278495981e-14,0.0163977476704089,9.646069518885906e-18,-5.091709611104879e-16,0.09827170491597105,2.3659103312253327e-15,9.630168931884994e-17,-0.0017108965982031727,1.4087640622466583e-17,68.67066383936682,1.5317449607966363e-06,-0.00025421433707077646,-4.445460655880882e-08,5403.467179588053,5411.430188504882,5783.661324687251,5776.211899523517,0.008549568830885838,0.001257789326023894,0.0982717049171344,0
11.122000000000384,0.0,0.0,1.0,0.0,-0.008520696541265069,1.2866424740295255e-14,0.9999774704564477,0.001592249137939293,-5.570951241096252e-16,-2.4040057773172412e-05,0.0023910361512835833,-5.765087097629741e-15,9.326026336721589e-05,3.3670950955046827e-14,0.013964829261501013,8.20669655775862e-18,-4.453134991083629e-16,0.09628937099133185,2.379248662786869e-15,4.449363060771635e-17,-0.0017452003105020472,1.0618410510947466e-17,68.67065486154776,1.4533451887878894e-06,-0.00024120162188422367,-4.19463390339108e-08,5403.469319716791,5411.432342264451,5783.658628668383,5776.209161285173,0.008520726326356174,0.0015924306081101804,0.09628937099232938,0
11.14200000000039,0.0,0.0,1.0,0.0,-0.00848523426669468,1.2855254611564956e-14,0.9999770016579648,0.0019200472059115814,-5.589161161972141e-16,-2.2947058299276582e-05,0.001979438596869342,-5.756135644004955e-15,9.201870754841164e-05,3.361867399317696e-14,0.011560898271951328,6.7834327543615305e-18,-4.661572253540906e-16,0.09426886589108226,2.390163813748905e-15,-4.966097971592157e-17,-0.0017776989384438518,7.222838384521586e-18,68.67064552886224,1.3750903997881931e-06,-0.00022821298766917143,-3.9446021805410944e-08,5403.471441260549,5411.434477408522,5783.655921986471,5776.206412497163,0.00848526543394053,0.0019201843245932047,0.09426886589124017,0
11.162000000000397,0.0,0.0,1.0,0.0,-0.00844329326645148,1.2844055916350353e-14,0.9999765548506818,0.002240805274165869,-5.595333914575258e-16,-2.1842297480262976e-05,0.0015730277376318639,-5.751307616754346e-15,9.0709471404236e-05,3.3590480161372164e-14,0.009187259559573927,5.38616388979115e-18,-5.871602124178724e-16,0.09221225565781986,2.3948757859930847e-15,-1.18198061108072e-16,-0.0018083965323708287,3.0674438230907056e-18,68.67063584911092,1.297036189024623e-06,-0.00021525766321136948,-3.695565548339953e-08,5403.47354275739,5411.436592466668,5783.653206613414,5776.203655162265,0.00844332581737383,0.002240911725768954,0.09221225565943077,0
11.182000000000404,0.0,0.0,1.0,0.0,-0.008395015675237138,1.2832855836768822e-14,0.9999761302575075,0.002554403071072206,-5.589790575214587e-16,-2.0726898201660358e-05,0.0011720196990437138,-5.7448850706667715e-15,8.9334346292409e-05,3.355297382803456e-14,0.006845175375396348,4.008602232563512e-18,-7.772540801142079e-16,0.09012160089107325,2.3959163544740175e-15,-1.6770153968137037e-16,-0.0018372984111486817,1.0350390881308475e-18,68.6706258305017,1.2192371315447462e-06,-0.00020234470783184275,-3.447718755028654e-08,5403.475622793936,5411.438686017121,5783.650484508116,5776.200891269596,0.00839504960986437,0.0025544871606277804,0.09012160089125583,0
11.20200000000041,0.0,0.0,1.0,0.0,-0.008340545955146245,1.282171429826685e-14,0.9999757280786779,0.0028607274158896114,-5.547343958517826e-16,-1.9602002560836894e-05,0.0007766232654265034,-5.745088531783318e-15,8.789520774015925e-05,3.3554166929787e-14,0.004535865097537607,2.656341807166526e-18,-9.585632311539413e-16,0.08799895530865363,2.398801711209319e-15,-1.312239912689646e-16,-0.0018644111383266868,3.801692639352201e-18,68.67061548164114,1.141746757569426e-06,-0.00018948300736319933,-3.201251150979514e-08,5403.477680005778,5411.440756687196,5783.647757615424,5776.198122793521,0.00834058127207397,0.0028607945725841358,0.08799895530678344,0
11.222000000000417,0.0,0.0,1.0,0.0,-0.008280030754133251,1.2810658823479221e-14,0.9999753484913979,0.0031596721921549097,-5.507541236581306e-16,-1.846876946818893e-05,0.0003870398405077984,-5.743840313941683e-15,8.639401137709604e-05,3.354688177292566e-14,0.0022605050009085258,1.323533681492152e-18,-1.1083252990059998e-15,0.08584636433567025,2.399820628633318e-15,-1.199160878705925e-16,-0.0018897424977542066,7.161887817300163e-19,68.67060481152458,1.0646175298561929e-06,-0.00017668127031627336,-2.956346613911473e-08,5403.479713077836,5411.442803153652,5783.645027865021,5776.1953516925505,0.00828006745058691,0.003159726168091577,0.0858463643361036,0
11.242000000000424,0.0,0.0,1.0,0.0,-0.008213618765064674,1.279967661355853e-14,0.9999749916495321,0.0034511383162638375,-5.483286346492727e-16,-1.7328372228691918e-05,3.463414046825028e-06,-5.7424484077246415e-15,8.483278873048033e-05,3.3538757660338366e-14,2.0228062343165298e-05,1.1840733935921381e-20,-1.2622109085402471e-15,0.08366586372181614,2.401598199457502e-15,-1.6439952064990284e-16,-0.0019133014686786877,8.161115644517118e-19,68.67059382952539,9.879008213627995e-07,-0.00016394802423801703,-2.7131834866724936e-08,5403.481720744631,5411.444824142967,5783.642297170321,5776.192579908214,0.00821365683696462,0.0034511818193871634,0.0836658637201583,0
11.26200000000043,0.0,0.0,1.0,0.0,-0.00814146058545162,1.2788747099705562e-14,0.9999746576833427,0.0037350337013431086,-5.430664526288507e-16,-1.618199611082758e-05,-0.0003739194655415492,-5.74266258684543e-15,8.321364289816795e-05,3.354001413314721e-14,-0.002183876199250658,-1.278405481043339e-18,-1.4725371360993402e-15,0.08145947818750138,2.400673012654024e-15,-1.4847879779352823e-16,-0.0019350982003534351,8.063944024808107e-19,68.67058254538317,9.116468945973187e-07,-0.0001512916122598921,-2.4719345196323803e-08,5403.4837017904765,5411.446818431531,5783.639567427361,5776.18980936395,0.008141500027481163,0.0037350687553466713,0.08145947818599034,0
11.282000000000437,0.0,0.0,1.0,0.0,-0.008063708577955766,1.2777963222092071e-14,0.9999743466992786,0.00401127321651394,-5.398447204623216e-16,-1.5030835910316215e-05,-0.0007449297126383347,-5.743174249188898e-15,8.15387441087122e-05,3.354300829568517e-14,-0.004350761848152625,-2.5470923314964694e-18,-1.6105918698896826e-15,0.07922922009937902,2.4006153334014314e-15,-2.0730514111264928e-16,-0.001955143986180404,-5.710622883585151e-18,68.6705709691909,8.359048819953901e-07,-0.00013872018983612157,-2.2327668283212702e-08,5403.485655049603,5411.448784845778,5783.63684051368,5776.187041963971,0.00806374938363261,0.004011301377801256,0.07922922009928114,0
11.302000000000444,0.0,0.0,1.0,0.0,-0.007980516731759776,1.2767190335229128e-14,0.9999740587798106,0.004279778641649395,-5.365203583957714e-16,-1.3876093514797367e-05,-0.0011093957200244264,-5.739061649870505e-15,7.981032518864238e-05,3.35189946833562e-14,-0.006479426622952533,-3.79057354501015e-18,-1.914110245913068e-15,0.07697708817578051,2.38860580529158e-15,-2.850823897299161e-16,-0.0019734512374137317,-1.5778110905207284e-17,68.67055911138141,7.607227674320507e-07,-0.0001262417216720152,-1.9958418568822316e-08,5403.48757940621,5411.450722262244,5783.634118287198,5776.18427959213,0.007980558893511323,0.004279801136441923,0.07697708817577395,0
11.32200000000045,0.0,0.0,1.0,0.0,-0.007892040524891187,1.2756484066189505e-14,0.9999737939833158,0.004540478617729738,-5.329347561216949e-16,-1.2718975477826615e-05,-0.0014671533687172743,-5.737334055963457e-15,7.803067694878493e-05,3.3508910908935886e-14,-0.008568911994002415,-5.011449533688439e-18,-2.3255686927047113e-15,0.07470506622254597,2.367121283355272e-15,-3.8621424760931294e-16,-0.001990033456452775,-2.0064388997647903e-17,68.6705469827128,6.861473685988848e-07,-0.00011386397884051024,-1.7613153518877014e-08,5403.4894737944505,5411.452629607542,5783.631402585092,5776.181524110798,0.007892084034134154,0.004540496432153444,0.07470506622306856,0
11.342000000000457,0.0,0.0,1.0,0.0,-0.007798436787586607,1.2745919326712744e-14,0.9999735523440122,0.0047933085929013795,-5.247830245397344e-16,-1.156069060765949e-05,-0.0018180460321232873,-5.741922570559253e-15,7.62021434993628e-05,3.353571658919778e-14,-0.010618303187683135,-6.2149848967614e-18,-2.7651862328306437e-15,0.0724151218997047,2.3460760024041853e-15,-3.980800001304831e-16,-0.0020049052097475552,-1.6155277735960684e-17,68.67053459425321,6.122243209789474e-07,-0.0001015945360871472,-1.5293373443813024e-08,5403.491337198331,5411.454505858287,5783.62869522266,5776.178777359723,0.007798481634811443,0.00479332253414576,0.07241512189960025,0
11.362000000000464,0.0,0.0,1.0,0.0,-0.007699863566781008,1.2735543910958154e-14,0.9999733338719387,0.005038210764346766,-5.146220206926036e-16,-1.040244757776422e-05,-0.0021619245745920133,-5.7485581354877724e-15,7.432711751582355e-05,3.3574478282667944e-14,-0.012626729177987699,-7.399076245034241e-18,-3.2040747419659044e-15,0.07010920551943367,2.326979020128191e-15,-3.991926626099963e-16,-0.0020180821003450587,-1.9725447069738208e-17,68.67052195736474,5.389980628041816e-07,-8.944076932217182e-05,-1.3000521400250185e-08,5403.493168651581,5411.456350040948,5783.625997992222,5776.1760411549085,0.007699909741641608,0.0050382215033576315,0.07010920551786354,0
11.38200000000047,0.0,0.0,1.0,0.0,-0.007596479991804677,1.2725435302552078e-14,0.9999731385529844,0.0052751340160738175,-4.990084828048803e-16,-9.245452564541439e-06,-0.0024986473444609508,-5.762425533248387e-15,7.240803545755507e-05,3.365547773658396e-14,-0.014593362645939953,-8.572125041248589e-18,-3.566169223606464e-15,0.06778924887568684,2.3093818911322123e-15,-2.850871873245292e-16,-0.0020295807401021714,-1.5674230784556027e-17,68.67050908368688,4.6651182077628944e-07,-7.740985329783937e-05,-1.0735983197500001e-08,5403.494967237428,5411.458161231636,5783.623312661984,5776.173317287488,0.007596527483213929,0.005275142118079114,0.06778924887460466,0
11.402000000000477,0.0,0.0,1.0,0.0,-0.007488446141368237,1.271557194992702e-14,0.9999729663489643,0.005504033852734813,-4.859507753559385e-16,-8.090906919262966e-06,-0.0028280801616823704,-5.772439223538813e-15,7.044737276448687e-05,3.371396979482723e-14,-0.016517419907381998,-9.719176401213096e-18,-3.929920984403433e-15,0.06545716410586402,2.286192116484203e-15,-2.787315670843649e-16,-0.0020394187215890033,-1.7693110097414127e-17,68.67049598511896,3.9480759756883016e-07,-6.55087594711923e-05,-8.501087465832588e-09,5403.496732088322,5411.4599385558395,5783.620640974924,5776.170607522613,0.007488494937600022,0.005504039799531395,0.0654571641046328,0
11.422000000000484,0.0,0.0,1.0,0.0,-0.007375922911913931,1.2706014283647407e-14,0.9999728171977411,0.005724872329585949,-4.705996364168134e-16,-6.9400048805923415e-06,-0.003150096300126249,-5.787580526846959e-15,6.844763903744424e-05,3.3802409906343644e-14,-0.018398160809679355,-1.0854240361319337e-17,-4.2337414459069366e-15,0.06311484258485774,2.267047021202549e-15,-2.3976878334713354e-16,-0.0020476145897097156,-1.7003381332860317e-17,68.67048267380254,3.2392615949393213e-07,-5.3744254050409134e-05,-6.297105794807237e-09,5403.498462385607,5411.46168118809,5783.617984647707,5776.167913598341,0.0073759730007122125,0.005724876536112075,0.06311484258477136,0
11.44200000000049,0.0,0.0,1.0,0.0,-0.007259071887409113,1.2696806769686972e-14,0.9999726910133914,0.005937617978699849,-4.531831490903109e-16,-5.793931329847155e-06,-0.0034645764646558915,-5.803647021470062e-15,6.641137321730913e-05,3.389625379758813e-14,-0.0202348885979077,-1.1970984792449243e-17,-4.442001592488026e-15,0.06076415385178264,2.246048222132807e-15,-1.701404795734308e-16,-0.002054187813067035,-2.0707395424831163e-17,68.67046916210279,2.5390702630609144e-07,-4.212289622205463e-05,-4.125252950681253e-09,5403.500157359148,5411.463388351587,5783.615345369576,5776.16523722455,0.007259123256104892,0.00593762080556008,0.060764153852641646,0
11.462000000000497,0.0,0.0,1.0,0.0,-0.007138055210655658,1.2687906941145972e-14,0.999972587686418,0.006142245731544229,-4.378823078146265e-16,-4.65385959787777e-06,-0.0037714087630749435,-5.8175948758892985e-15,6.434113877099357e-05,3.397772393189964e-14,-0.022026949751096783,-1.3062490913452932e-17,-4.646945724398595e-15,0.05840694456966891,2.2218863852953406e-15,-1.7786672109499698e-16,-0.0020591587550932385,-2.2382853699554484e-17,68.67045546258974,1.8478846137448876e-07,-3.065103655990656e-05,-1.986687197374027e-09,5403.501816286867,5411.4650593177585,5783.612724801283,5776.162580081849,0.007138107846292623,0.006142247494613226,0.058406944570438726,0
11.482000000000504,0.0,0.0,1.0,0.0,-0.0070130354561866925,1.2679349804301997e-14,0.9999725070840041,0.006338736838040967,-4.195713257437361e-16,-3.5209493269563455e-06,-0.004070488673047004,-5.8339819291605895e-15,6.223951890463149e-05,3.407344040330476e-14,-0.023773733789122446,-1.4138089839561308e-17,-4.81174339254172e-15,0.05604503751837016,2.200747785714221e-15,-1.169167509806286e-16,-0.002062548644974063,-1.769178194975283e-17,68.67044158801896,1.1660746306861862e-07,-1.933481561225284e-05,1.1748938725720118e-10,5403.503438494279,5411.466693405777,5783.610124574015,5776.15994382052,0.007013089345656567,0.0063387378159237475,0.05604503751729615,0
11.50200000000051,0.0,0.0,1.0,0.0,-0.006884175504819795,1.2671147072885487e-14,0.9999724490503104,0.00652707878222056,-4.004567101527098e-16,-2.3963443919820403e-06,-0.004361719004091052,-5.853492510340506e-15,6.0109111808465335e-05,3.4187400043772186e-14,-0.025474673050848478,-1.5200296030190474e-17,-4.9367110539742484e-15,0.05368023062090695,2.1808964407698784e-15,-4.786529697279675e-17,-0.0020643795483909935,-1.1963169378464012e-17,68.67042755131202,4.939975745311243e-08,-8.18016266558399e-06,2.186230464513852e-09,5403.505023353941,5411.468289982023,5783.60754628836,5776.157330059463,0.006884230635008511,0.006527079222116143,0.0536802306238228,0
11.522000000000517,0.0,0.0,1.0,0.0,-0.006751638419933465,1.266330238927364e-14,0.9999724134068119,0.006707265194587617,-3.8601948418828826e-16,-1.2811708857615888e-06,-0.004645009854757826,-5.8665764829786905e-15,5.795252594757079e-05,3.426382514473693e-14,-0.027129242444132173,-1.6223735719816398e-17,-5.028489422823067e-15,0.05131429600343971,2.163630697944551e-15,-1.2108884225551576e-16,-0.0020646743381036777,-1.6002513649857478e-17,68.67041336553663,-1.680020802577864e-08,2.8072053156294428e-06,4.21854495237866e-09,5403.506570284874,5411.469848459519,5783.604991513274,5776.154740385182,0.006751694777879505,0.0067072653169473855,0.0513142960051847,0
11.542000000000524,0.0,0.0,1.0,0.0,-0.006615587325531385,1.2655806677084907e-14,0.9999723999526762,0.006879295761313794,-3.6583195991506222e-16,-1.765351728459275e-07,-0.00492027856509445,-5.887203209824793e-15,5.5772375407180494e-05,3.438430395424135e-14,-0.02873695916831932,-1.7245603528463165e-17,-5.1138896221175504e-15,0.048948979089037684,2.1442034401974844e-15,-4.317208392370443e-17,-0.002063456664399841,-1.5494232895132698e-17,68.67039904388648,-8.195927041421367e-08,1.3621784576838538e-05,6.21349649074805e-09,5403.508078751947,5411.471368297305,5783.602461785069,5776.152176350769,0.006615644898597852,0.0068792957635788994,0.04894897909022891,0
11.56200000000053,0.0,0.0,1.0,0.0,-0.006476185286156628,1.2648660287126457e-14,0.9999724084651777,0.00704317613037493,-3.4725949115005787e-16,9.164779847416916e-07,-0.005187449664506115,-5.903919232453638e-15,5.357127530851258e-05,3.4481942370765634e-14,-0.0302973824098634,-1.823367365683014e-17,-5.199642018856263e-15,0.04658599772538233,2.129378321827461e-15,-1.5010854065240068e-17,-0.0020607509254343373,-8.393704776098613e-18,68.67038459966093,-1.4604555485915108e-07,2.4258285289609675e-05,8.170202831124561e-09,5403.509548265208,5411.472848999764,5783.599958606431,5776.149639474926,0.006476244062218892,0.007043176190002283,0.04658599772710807,0
11.582000000000537,0.0,0.0,1.0,0.0,-0.0063335951887156326,1.2641926991043518e-14,0.9999724387001502,0.007198917814749692,-3.290531015545274e-16,1.996807226758151e-06,-0.005446454815125539,-5.925227295614421e-15,5.1351837296485784e-05,3.4606400806725804e-14,-0.031810113011715005,-1.921316846359187e-17,-5.192202424528297e-15,0.044227041346515894,2.1187515747888575e-15,-6.092234099428618e-18,-0.0020565822374817477,-1.287110060649411e-17,68.67037004624473,-2.0902847860334096e-07,3.471163209929692e-05,1.0087835233050423e-08,5403.510978379183,5411.474290115953,5783.597483445471,5776.147131241007,0.006333655156366759,0.007198918091682915,0.04422704134341827,0
11.602000000000544,0.0,0.0,1.0,0.0,-0.006187979626269434,1.2635483908294293e-14,0.9999724903924739,0.007346538092797278,-3.1471284646300627e-16,3.0634163155683318e-06,-0.005697232750802373,-5.937649612192803e-15,4.9116665116112836e-05,3.4678961983915985e-14,-0.03327479311713586,-2.013996895534974e-17,-5.2932180177406125e-15,0.04187377016872048,2.101534331685746e-15,-1.052616182839909e-16,-0.0020509764051253178,-1.3195968234952235e-17,68.67035539708753,-2.708787526837131e-07,4.497696450532833e-05,1.1965617698161876e-08,5403.512368692155,5411.475691238849,5783.595037734789,5776.144653096102,0.006188040775045995,0.007346538731500774,0.041873770170961784,0
11.62200000000055,0.0,0.0,1.0,0.0,-0.006039500783847274,1.2629450683453177e-14,0.9999725632565964,0.007486059905932071,-2.900902034678481e-16,4.1152957747578865e-06,-0.005939729211826313,-5.96343089136946e-15,4.6868350282224016e-05,3.482954655654031e-14,-0.0346911057886011,-2.108838418125851e-17,-5.314144252411471e-15,0.039527814420585006,2.093654614339001e-15,7.737803815281513e-17,-0.0020439598914064813,-1.5778610425049088e-18,68.67034066568333,-3.315683841116551e-07,5.5049637078101896e-05,1.3802826309605907e-08,5403.513718845378,5411.477052004604,5783.592622870561,5776.1422064501185,0.006039563104478704,0.007486061037078378,0.039527814422118016,0
11.642000000000557,0.0,0.0,1.0,0.0,-0.005888320326335337,1.262387650222417e-14,0.9999726569870843,0.007617511753713186,-2.674109699969806e-16,5.1514644442058755e-06,-0.006173896875498927,-5.987726705737435e-15,4.460946785546323e-05,3.49714553516229e-14,-0.03605877460246064,-2.2009086070865056e-17,-5.177652123256229e-15,0.03719077360729184,2.097755939144732e-15,2.1123729755020764e-16,-0.0020355597879563613,1.018775524364086e-17,68.67032586555015,-3.910706751531797e-07,6.492521951319646e-05,1.5598788394631924e-08,5403.515028522302,5411.4783720917385,5783.590240211688,5776.139792674935,0.005888383811020576,0.007617513495593195,0.03719077361146417,0
11.662000000000564,0.0,0.0,1.0,0.0,-0.005734599288491044,1.2618795118096029e-14,0.9999727712592059,0.00774092758646691,-2.44896422600949e-16,6.170970948816821e-06,-0.00639969528267049,-6.013388779921839e-15,4.234257232794724e-05,3.5121343919174426e-14,-0.03737756322003821,-2.291181254108777e-17,-4.813334060871195e-15,0.03486421580913001,2.1152082783719404e-15,3.60297857452422e-16,-0.0020258037851311433,1.498155853741731e-17,68.67031101020966,-4.4936022352906875e-07,7.4599496526026e-05,1.7352881739331754e-08,5403.516297447735,5411.479651220327,5783.587891078937,5776.13741310355,0.00573466393120706,0.007740930046177066,0.03486421580897998,0
11.68200000000057,0.0,0.0,1.0,0.0,-0.005578497967130917,1.2614085566935614e-14,0.9999729057295436,0.007856346695560157,-2.2844861485842076e-16,7.172895079031842e-06,-0.006617090760359451,-6.031517001367567e-15,4.007019362548938e-05,3.522723091681433e-14,-0.038647274935854195,-2.3761547304235922e-17,-4.380921422823064e-15,0.03254967701421458,2.133897658510529e-15,3.774745201054038e-16,-0.002014720142175639,1.4295224680916092e-17,68.67029611316701,-5.064129204236036e-07,8.406846759055179e-05,1.906453370492058e-08,5403.517525387008,5411.480889151156,5783.585576754148,5776.135069029297,0.005578563763978623,0.007856349970009151,0.0325496770156549,0
11.702000000000577,0.0,0.0,1.0,0.0,-0.005420175815537715,1.2609642198063372e-14,0.99997306003663,0.007963813601442698,-2.1587641907154858e-16,8.156349081104944e-06,-0.006826056340572863,-6.043909327964758e-15,3.7794833241522e-05,3.529961732322132e-14,-0.03986775220366258,-2.4562302751138643e-17,-4.003713628891034e-15,0.030248660485369432,2.1514198035718602e-15,3.2728696417137557e-16,-0.0020023376574332705,1.6405895260202248e-17,68.6702811878908,-5.622059483225998e-07,9.332834652240781e-05,2.073322036433257e-08,5403.518712145099,5411.482085684856,5783.583298479459,5776.132761705065,0.0054202427651320485,0.00796381777821128,0.030248660488188396,0
11.722000000000584,0.0,0.0,1.0,0.0,-0.005259791340130181,1.260550629147074e-14,0.9999732338016107,0.008063377939575971,-1.9885960381769138e-16,9.120478856136236e-06,-0.007026571675447436,-6.061621279320239e-15,3.5518960499690106e-05,3.5403073182570625e-14,-0.041038876141000234,-2.53579272935331e-17,-3.571971711981942e-15,0.027962636161103505,2.1720137901290968e-15,4.3804306789549167e-16,-0.0019886856386271165,2.068942896589376e-17,68.67026624779338,-6.167177776088e-07,0.00010237556091200929,2.235846559243355e-08,5403.51985756575,5411.4832406610185,5783.581057456572,5776.130492342585,0.00525985944404265,0.008063383097656652,0.02796263615543369,0
11.74200000000059,0.0,0.0,1.0,0.0,-0.005097501999436337,1.2601659172319948e-14,0.9999734266289304,0.00815509434436579,-1.8728902576149686e-16,1.0064465066584565e-05,-0.0072186229488313955,-6.073928895858299e-15,3.324500895496024e-05,3.54749648977449e-14,-0.042160566012949596,-2.6103920343113807e-17,-3.0696515030995984e-15,0.025693040090589116,2.1918879053641037e-15,4.3932261619440476e-16,-0.0019737938732296437,1.575172155064238e-17,68.6702513062113,-6.699281618116021e-07,0.00011120675140750975,2.3939840097436327e-08,5403.520961530558,5411.4843539572885,5783.578854846065,5776.128262111737,0.0050975712627002534,0.008155100554803967,0.025693040087859477,0
11.762000000000597,0.0,0.0,1.0,0.0,-0.004933464105409013,1.2598007501793348e-14,0.9999736381070389,0.00823902233121605,-1.7767345438119037e-16,1.0987524149550751e-05,-0.007402202784428298,-6.083721930571955e-15,3.0975372940424596e-05,3.5532170128518324e-14,-0.043232778695821615,-2.6810950388220848e-17,-2.5928844610020632e-15,0.023441273902524887,2.2071699352628527e-15,4.3481322962365726e-16,-0.001957692598944185,1.504365282871462e-17,68.67023637638617,-7.218181329593814e-07,0.00011981877085300446,2.5476960468625916e-08,5403.522023958051,5411.485425488444,5783.576691766726,5776.126072139903,0.004933534537100115,0.00823902965766987,0.023441273903676778,0
11.782000000000604,0.0,0.0,1.0,0.0,-0.004767832727119865,1.25945501551828e-14,0.9999738678091167,0.008315226176820002,-1.6812484222591378e-16,1.1888909235947448e-05,-0.007577310150624465,-6.0953870561985175e-15,2.871240426132546e-05,3.5600309360667763e-14,-0.04425550812146891,-2.7497830324792073e-17,-2.0884380660518143e-15,0.021208704307745154,2.224834631792621e-15,4.746753997205468e-16,-0.0019404124743160843,1.6750827405114932e-17,68.67022147144593,-7.723699953640574e-07,0.0001282086832830269,2.6969488198261284e-08,5403.523044802764,5411.48645520547,5783.574569294948,5776.12392351136,0.004767904341028206,0.008315234676053069,0.021208704308722584,0
11.80200000000061,0.0,0.0,1.0,0.0,-0.004600761596865873,1.2591233227098095e-14,0.9999741152938183,0.008383774797805188,-1.625779936077433e-16,1.276791097561316e-05,-0.00774395026212233,-6.098964336107358e-15,2.6458409044319317e-05,3.56212112390925e-14,-0.045228784702942455,-2.811906811215647e-17,-1.5900451759031516e-15,0.01899666263541203,2.2395687081052887e-15,4.492746841185021e-16,-0.0019219845494960856,1.1512206453153787e-17,68.67020660438637,-8.21567318516138e-07,0.00013637376277816945,2.8417128669309583e-08,5403.5240240542835,5411.487443094609,5783.57248846415,5776.121817266714,0.004600834412278922,0.0083837845201236,0.01899666263473436,0
11.822000000000617,0.0,0.0,1.0,0.0,-0.00443240301871997,1.2587997106881518e-14,0.9999743801060313,0.008444741627847372,-1.6082733108928153e-16,1.3623858268228025e-05,-0.007902134478502226,-6.10036309868356e-15,2.421564474122771e-05,3.5629389363819606e-14,-0.046152674742207134,-2.870004483257624e-17,-1.138090786521671e-15,0.016806444402607285,2.2516492576083228e-15,3.659523173713761e-16,-0.0019024402371699083,1.0318635386518806e-17,68.67019178805322,-8.693949298316972e-07,0.0001443114921821075,2.9819630132362754e-08,5403.524961736301,5411.48838917641,5783.570450264258,5776.119754402385,0.004432477061342209,0.008444752617490486,0.01680644439844361,0
11.842000000000624,0.0,0.0,1.0,0.0,-0.00426290777955516,1.2584784635016335e-14,0.9999746617776477,0.008498204493368466,-1.634117982297021e-16,1.4456118900039767e-05,-0.008051880199835916,-6.0973987573980136e-15,2.1986317295915927e-05,3.561208455715473e-14,-0.04702727982063514,-2.922971450354308e-17,-7.725972503438112e-16,0.01463930891711753,2.2639714928370192e-15,2.0108499103737905e-16,-0.0018818112836795303,4.157641294776876e-18,68.67017703512474,-9.158389057883391e-07,0.00015201956168663753,3.11767826772922e-08,5403.525857905647,5411.489293504778,5783.568455641204,5776.11773587013,0.00426298308259649,0.008498216788861158,0.014639308905035547,0
11.86200000000063,0.0,0.0,1.0,0.0,-0.004092425062569188,1.2581542245493867e-14,0.999974959828348,0.008544245487932263,-1.6120125103098986e-16,1.5264100087395035e-05,-0.008193210759474817,-6.097556585890582e-15,1.977257847278772e-05,3.561301482162834e-14,-0.047852736172995326,-2.974355212452105e-17,-5.437011565785752e-16,0.012496478913184771,2.268028919406097e-15,1.9814642367918292e-16,-0.001860129740348944,3.2230031179198535e-18,68.67016235809461,-9.60886562887859e-07,0.00015949586728457207,3.248841720144522e-08,5403.526712651333,5411.490156165989,5783.566505496499,5776.115762576601,0.0040925016680437385,0.008544259122405072,0.012496478920644637,0
11.882000000000637,0.0,0.0,1.0,0.0,-0.003921102363334551,1.2578291538945572e-14,0.9999752737663955,0.008582950845451302,-1.6360458059915657e-16,1.604724892728465e-05,-0.008326155314136685,-6.092074918909512e-15,1.757652335152053e-05,3.558100730493806e-14,-0.04862921404566005,-3.0199016876280433e-17,-3.896617508244702e-16,0.010379140219974787,2.2683869986580856e-15,8.508865699870193e-17,-0.001837427935035219,-2.404627879463199e-18,68.67014776925568,-1.004526447223132e-06,0.0001667385090963019,3.375440433518441e-08,5403.527526093572,5411.4909772777455,5783.564600686832,5776.113835382976,0.003921180323624006,0.008582965846933759,0.010379140228565793,0
11.902000000000644,0.0,0.0,1.0,0.0,-0.0037490854083964157,1.257501524870562e-14,0.9999756030894372,0.008614410812317088,-1.6368595632494875e-16,1.6805052756087614e-05,-0.008450748731413892,-6.0906145641175515e-15,1.5400187989323647e-05,3.557248632237119e-14,-0.04935691703974884,-3.064358411877478e-17,-3.1977459341781297e-16,0.008288441462495036,2.2678714484335806e-15,4.985732444466886e-17,-0.0018137384439211122,-7.648542557747573e-19,68.67013328068398,-1.0467483241751338e-06,0.00017374578957095137,3.49746534003655e-08,5403.528298382817,5411.491756988192,5783.562742023718,5776.111955104606,0.0037491647881489456,0.008614427204008615,0.008288441468746164,0
11.92200000000065,0.0,0.0,1.0,0.0,-0.0035765180764387177,1.2571725599816092e-14,0.9999759472853122,0.008638719518565052,-1.638643053588611e-16,1.7537039417562586e-05,-0.008567031474827038,-6.08952719230571e-15,1.324554725267159e-05,3.556614365962868e-14,-0.05003608143993055,-3.105970892764291e-17,-3.0917504906925386e-16,0.006225493794674368,2.2615252129274107e-15,1.1885430342321651e-17,-0.0017890940635667829,-8.218704381064077e-18,68.67011890422356,-1.0875431663920715e-06,0.00018051621156737948,3.6149111359472876e-08,5403.5290296987905,5411.492495474954,5783.560930273204,5776.110122510731,0.0035765989548979006,0.00863873731908711,0.006225493797827295,0
11.942000000000657,0.0,0.0,1.0,0.0,-0.003403542322036554,1.2568456813598779e-14,0.999976305832864,0.008655974848184554,-1.6246052347872805e-16,1.8242777441407078e-05,-0.008675049486547144,-6.089022858426226e-15,1.1114512817358425e-05,3.55632061456108e-14,-0.05066697552960353,-3.1448736294417076e-17,-2.986242004437424e-16,0.004191370664296035,2.2567927830765264e-15,2.50773433854923e-17,-0.0017635277832377424,1.719506313613458e-19,68.67010465147175,-1.1269031418120403e-06,0.00018704847631752895,3.727776172017259e-08,5403.529720249515,5411.493192944159,5783.559166155605,5776.108338324232,0.0034036247959271662,0.008655994071817079,0.004191370659812663,0
11.962000000000664,0.0,0.0,1.0,0.0,-0.0032302981020107587,1.2565189775378793e-14,0.9999766782027544,0.008666278308683056,-1.6422022701511056e-16,1.8921876134491837e-05,-0.008774854067909413,-6.085721438706746e-15,9.008931341862578e-06,3.5543932008985925e-14,-0.05124989889317167,-3.1793313474318335e-17,-3.181514826048542e-16,0.002187107609459588,2.2522664855149783e-15,-5.55440538273401e-17,-0.0017370727575230552,-7.399425315359509e-18,68.67009053376529,-1.164821600587428e-06,0.00019334148127459735,3.836062352384433e-08,5403.530370270344,5411.493849629488,5783.557450345304,5776.1066032214385,0.003230382289154192,0.008666298965587725,0.0021871076353697405,0
11.98200000000067,0.0,0.0,1.0,0.0,-0.0030569233043983846,1.2561917156686507e-14,0.9999770638582808,0.008669734900012584,-1.613033467427345e-16,1.957398558596435e-05,-0.00886650175784158,-6.087283602467711e-15,6.930582805801947e-06,3.555306372819283e-14,-0.05178518170613447,-3.213363410627741e-17,-3.8467473992829573e-16,0.00021370208622696615,2.2414224234693933e-15,-8.795649441357619e-18,-0.0017097622792619116,-8.217252285351075e-18,68.67007656216695,-1.2012930617079495e-06,0.0001993943178511318,3.939775024344739e-08,5403.530980023013,5411.494465791203,5783.555783470589,5776.104917831973,0.0030570093482962892,0.008669756996445052,0.00021370280113839157,0
12.002000000000677,0.0,0.0,1.0,0.0,-0.00288355368005067,1.2558699549399304e-14,0.9999774622561898,0.008666452982965233,-1.6154431082280753e-16,2.0198796587983166e-05,-0.008950054209329114,-6.086364072651649e-15,4.8811790232631085e-06,3.554770087261594e-14,-0.0522731840137048,-3.2431555465137684e-17,-4.0226123987455507e-16,-0.0017278866729090279,2.236956880150986e-15,-5.070593406093088e-17,-0.0016816297527919716,-4.601601226303162e-18,68.67006274745279,-1.2363131983511978e-06,0.00020520626904917146,4.0389228742433e-08,5403.5315497946785,5411.495041715199,5783.554166113533,5776.103282738651,0.0028836417557716524,0.008666476521478068,0.0017278866292258807,0
12.022000000000684,0.0,0.0,1.0,0.0,-0.002710322776867958,1.2555413674691707e-14,0.9999778728474907,0.008656544147143291,-1.64938132185071e-16,2.0796040475144675e-05,-0.009025578064039344,-6.080395080732655e-15,2.862362321536862e-06,3.551284624816714e-14,-0.0527142949986667,-3.267316380322981e-17,-5.776691124167383e-16,-0.0036367377701121417,2.22319964172838e-15,-1.9490470356985741e-16,-0.001652708667534755,-1.8295335974459312e-17,68.67004910010041,-1.269878823273606e-06,0.00021077680698618762,4.133517825016632e-08,5403.532079896973,5411.495577712062,5783.552598809947,5776.101698477438,0.0027104130987152873,0.00865656912678113,0.003636737815980237,0
12.04200000000069,0.0,0.0,1.0,0.0,-0.0025373618766789023,1.2552144360723475e-14,0.9999782950782627,0.008640123078608147,-1.6135228474789581e-16,2.1365488883973678e-05,-0.009093144825225833,-6.081283860008193e-15,8.757043897505691e-07,3.551804462600116e-14,-0.0531089322391823,-3.292258472128454e-17,-7.919372183602994e-16,-0.005511968723241607,2.205112525699076e-15,-1.5764876406617696e-16,-0.001623032571932993,-1.2114701729769393e-17,68.6700356302775,-1.301987873480332e-06,0.00021610559032054686,4.223574928005408e-08,5403.532570665075,5411.496074116117,5783.551082049353,5776.100165537432,0.0025374547083349295,0.008640149495096273,0.005511968745591921,0
12.062000000000697,0.0,0.0,1.0,0.0,-0.0023647999347692797,1.2548940390478379e-14,0.9999787283904585,0.008617307427310733,-1.574144264585282e-16,2.190695343511434e-05,-0.009152830729033822,-6.0849857184735694e-15,-1.0772947080984842e-06,3.553967279320506e-14,-0.05345754095725211,-3.315886884609536e-17,-9.880657091901119e-16,-0.0073527355172533565,2.1892664139443156e-15,-1.314560286127362e-16,-0.0015926350477514803,-9.163760067246868e-18,68.6700223478315,-1.3326393936802867e-06,0.00022119246157945748,4.309112263479695e-08,5403.53302245677,5411.496531284519,5783.549616275016,5776.098684360919,0.0023648956029510633,0.008617335273238099,0.007352735525686209,0
12.082000000000704,0.0,0.0,1.0,0.0,-0.002192763522063636,1.2545824653304884e-14,0.9999791722226994,0.008588217674404956,-1.531909237777536e-16,2.2420285341218812e-05,-0.009204716614326819,-6.08688204056255e-15,-2.995207355901744e-06,3.5550755486448755e-14,-0.053760593258531095,-3.3357246232441415e-17,-1.1484028973514194e-15,-0.009158232626390515,2.180137236224582e-15,-1.139957590002229e-16,-0.001561549684757894,-6.827469556965322e-18,68.67000926227972,-1.3618335198768629e-06,0.00022603744439387254,4.390150835685262e-08,5403.53343565155,5411.496949596326,5783.548201884021,5776.097255343456,0.00219286243526588,0.008588246939402503,0.009158232644443652,0
12.10200000000071,0.0,0.0,1.0,0.0,-0.002021376769961027,1.2542813445974799e-14,0.9999796260110619,0.008552976999543774,-1.4853506530515166e-16,2.2905374942994538e-05,-0.009248887791153454,-6.092443651746475e-15,-4.876679047601764e-06,3.558324534505841e-14,-0.05401858736419491,-3.3547957265769074e-17,-1.2670041734414449e-15,-0.010927693007604194,2.171026322300985e-15,-1.0086716505799128e-16,-0.001529810055792881,-1.0826435767763171e-17,68.66999638280029,-1.3895714623236007e-06,0.000230640740642036,4.466714474607695e-08,5403.533810649691,5411.497329451586,5783.546839227415,5776.095878834007,0.0020214794447540943,0.008553007670458744,0.010927693023832848,0
12.122000000000718,0.0,0.0,1.0,0.0,-0.0018507613178240984,1.25399031798071e-14,0.999980089189855,0.008511711148256428,-1.4324459683121437e-16,2.3362151175806324e-05,-0.009285433907973269,-6.098509259841403e-15,-6.720428888412676e-06,3.5618678675635197e-14,-0.05423204683555001,-3.371406372576767e-17,-1.3640337432295424e-15,-0.01266038806566065,2.1589310581682586e-15,-7.871157497841295e-17,-0.0014974496922446152,-1.0878872189395895e-17,68.66998371822399,-1.4158554875408295e-06,0.00023500272750754002,4.538829732772436e-08,5403.534147871385,5411.4976712704665,5783.54552861036,5776.094555135145,0.0018508684166938022,0.008511743209323241,0.012660388078561808,0
12.142000000000724,0.0,0.0,1.0,0.0,-0.0016810362631188328,1.2537109759275167e-14,0.9999805611923857,0.008464548299503275,-1.368984747950041e-16,2.379058097011798e-05,-0.009314448817758598,-6.102651922722542e-15,-8.525249944141282e-06,3.5642880783432626e-14,-0.05440151979207159,-3.38423983322789e-17,-1.4213928293261604e-15,-0.014355627590404374,2.150805518994481e-15,-3.228767103210595e-17,-0.0014645020599374752,-5.528046476977864e-18,68.66997127702655,-1.440688900227498e-06,0.00023912395445333917,4.6065257901744356e-08,5403.534447755842,5411.497975492346,5783.544270292369,5776.0932845032685,0.0016811486505249906,0.008464581732511458,0.014355627596838874,0
12.162000000000731,0.0,0.0,1.0,0.0,-0.0015123181142003477,1.2534414972646742e-14,0.9999810414517106,0.008411618933503446,-1.3144533724343667e-16,2.4190668589390923e-05,-0.009336030443089227,-6.108817357566564e-15,-1.0290009434771017e-05,3.567889684443077e-14,-0.054527578123550594,-3.3955093340338193e-17,-1.477383307747454e-15,-0.016012759666659097,2.1407447090662282e-15,-1.9774853101869267e-17,-0.0014310005354474663,-8.690040797868903e-18,68.66995906732198,-1.4640760246525238e-06,0.00024300514011660332,4.6698343564931674e-08,5403.534710760435,5411.498242574983,5783.543064487569,5776.092067148886,0.0015124369425175174,0.00841165371796298,0.016012759658945937,0
12.182000000000738,0.0,0.0,1.0,0.0,-0.0013447207457382702,1.2531864899246414e-14,0.9999815294013764,0.008353055699928552,-1.2232498833442359e-16,2.4562454907167253e-05,-0.009350280640355039,-6.117342184586819e-15,-1.2013648783228979e-05,3.572869291082019e-14,-0.05461081669702308,-3.4054389704221575e-17,-1.4612316138873231e-15,-0.017631170557263258,2.1364549884109254e-15,9.736014732780178e-17,-0.0013969783828547558,3.3121128269294168e-18,68.66994709685642,-1.4860221853535295e-06,0.00024664716912733845,4.728789574228345e-08,5403.534937359849,5411.498472993631,5783.541911365,5776.090903236936,0.0013448475924923253,0.008353091813232988,0.01763117055454573,0
12.202000000000744,0.0,0.0,1.0,0.0,-0.001178355356773353,1.252942649680638e-14,0.9999820244761425,0.008288993286554082,-1.2206436688446525e-16,2.490601662759858e-05,-0.009357305063180941,-6.117954613097654e-15,-1.3695183516982884e-05,3.5732275984454546e-14,-0.05465185255914894,-3.4083396703448134e-17,-1.4254155550038199e-15,-0.019210284559746243,2.1340967756878468e-15,-3.4325550988036865e-17,-0.001362468730942606,-3.978714796232501e-18,68.66993537300299,-1.5065336874283124e-06,0.0002500510888543197,4.783427927905244e-08,5403.535128045261,5411.498667240228,5783.5408110489925,5776.089792887167,0.0011784924549161984,0.008289030704141644,0.019210284551802886,0
12.222000000000751,0.0,0.0,1.0,0.0,-0.0010133304313951833,1.252701805821022e-14,0.9999825261126883,0.008219568288458347,-1.1808965673266146e-16,2.522146545234795e-05,-0.009357213025187034,-6.121036458177555e-15,-1.533370303010421e-05,3.5750281653930557e-14,-0.05465132413470065,-3.4100241778917014e-17,-1.5005769995003193e-15,-0.02074956383716397,2.1263985480285793e-15,-6.417146161595429e-17,-0.0013275045508545327,-7.476013885557732e-18,68.66992390275706,-1.5256177969883267e-06,0.00025321810608186696,4.833788149930883e-08,5403.535283323503,5411.498825822569,5783.539763619551,5776.088736174536,0.0010134810802029453,0.008219606983971292,0.020749563842349765,0
12.242000000000758,0.0,0.0,1.0,0.0,-0.0008497517020290693,1.2524763926471572e-14,0.9999830337503046,0.008144919077856945,-1.1019023593689731e-16,2.5508947196855367e-05,-0.009350117362195749,-6.1296659177721345e-15,-1.6928370211035206e-05,3.580068832672494e-14,-0.05460989042181336,-3.4122432527336896e-17,-1.4904943339395644e-15,-0.022248508223624393,2.1236073207726335e-15,1.4416980290502552e-17,-0.0012921186342171275,-2.8103870054915942e-18,68.66991269273268,-1.54328272034143e-06,0.00025614958362147006,4.879911131775171e-08,5403.535403716285,5411.498949263508,5783.538769112801,5776.087733129669,0.000849921060293264,0.008144959023299326,0.022248508228194644,0
12.262000000000764,0.0,0.0,1.0,0.0,-0.0006877221153184357,1.2522655261138907e-14,0.9999835468315645,0.008065185674658946,-1.0319068812121956e-16,2.576864086007761e-05,-0.009336134293996315,-6.1371558751172536e-15,-1.8478420937281168e-05,3.5844439495283364e-14,-0.05452823018464265,-3.411304583344066e-17,-1.4100693613380353e-15,-0.02370665500504269,2.1219097907844932e-15,6.847577494908026e-17,-0.0012563435717386315,-6.978283773223949e-18,68.66990174915925,-1.5595375831698122e-06,0.00025884703686097823,4.921839835377982e-08,5403.535489759387,5411.499038100161,5783.537827521479,5776.086783739359,0.0006879189012155643,0.008065226840552945,0.023706655012696358,0
12.282000000000771,0.0,0.0,1.0,0.0,-0.0005273418005873694,1.2520657440089485e-14,0.9999840648029775,0.007980509617829121,-9.788478818929096e-17,2.6000757649705715e-05,-0.009315383285775587,-6.142670509805007e-15,-1.998316344714153e-05,3.5876653492119615e-14,-0.05440704114406525,-3.4067819408322553e-17,-1.30972461459342e-15,-0.025123578675676425,2.1131409943332253e-15,8.611167853727261e-17,-0.0012202117322917582,-6.613463294709733e-18,68.66989107787936,-1.574392409631836e-06,0.00026131213025616537,4.9596192056287e-08,5403.535542001921,5411.499092883151,5783.536938795448,5776.085887947106,0.0005275825102776569,0.007980551973370104,0.025123578682499377,0
12.302000000000778,0.0,0.0,1.0,0.0,-0.00036870804086628196,1.2518753636821533e-14,0.999984587115622,0.007891033837638433,-9.142428790608111e-17,2.6205539967691132e-05,-0.009287986909322588,-6.1479178891578416e-15,-2.144197758606646e-05,3.59073063858901e-14,-0.05424703916705118,-3.399665353081685e-17,-1.2022556918418578e-15,-0.026498890670999514,2.1056629930604007e-15,1.4668477997648504e-16,-0.0011837552424859238,-1.9790648253429672e-18,68.66988068434704,-1.5878581008313323e-06,0.0002635466737659443,4.9932960882207845e-08,5403.535561005563,5411.499114175856,5783.53610284227,5776.085045653686,0.0003690300481048958,0.007891077350848852,0.026498890668314207,0
12.322000000000784,0.0,0.0,1.0,0.0,-0.00021191524646203727,1.2517022276848475e-14,0.9999851132257577,0.007796902528883413,-8.293935050332976e-17,2.638326035824103e-05,-0.009254070704112919,-6.158658249493429e-15,-2.2854313939889318e-05,3.5970041206231865e-14,-0.05404895745532697,-3.393169540589114e-17,-9.455380358167723e-16,-0.027832239077482144,2.109181875368223e-15,2.809405321083555e-16,-0.0011470059667403867,6.331809000813519e-18,68.66987057362685,-1.5999464130763308e-06,0.0002655526192370736,5.022919145530168e-08,5403.535547343822,5411.499102553661,5783.535319527811,5776.084256717782,0.00021243749134841538,0.007796947166765701,0.02783223907641878,0
12.342000000000791,0.0,0.0,1.0,0.0,-5.7054931052299175e-05,1.2515412358112575e-14,0.9999856425954166,0.007698261025152708,-7.94086656103885e-17,2.6534220422899226e-05,-0.009213763038377372,-6.162014674821751e-15,-2.421969285730421e-05,3.5989649495053795e-14,-0.053813545733939185,-3.3802321580482833e-17,-5.964956362008288e-16,-0.029123308319854428,2.115737167061909e-15,3.0390759330393064e-16,-0.001109995487862271,5.789152260957368e-18,68.66986075039371,-1.610669935462447e-06,0.0002673320567409321,5.0485387769284196e-08,5403.535501601355,5411.499058603263,5783.53458867688,5776.083520956625,5.8833665734469366e-05,0.0076983067538413065,0.02912330832242508,0
12.362000000000798,0.0,0.0,1.0,0.0,9.578430971768721e-05,1.2513815424329923e-14,0.9999861746929719,0.007595255674217315,-7.952270758530797e-17,2.6658749704791985e-05,-0.00916719497025751,-6.161320475007066e-15,-2.553770336664685e-05,3.598559965043984e-14,-0.05354156944031972,-3.362769855810915e-17,-2.925973549895735e-16,-0.03037181882643567,2.1213200500726063e-15,2.568175894241665e-16,-0.0010727550881366472,4.154839458679875e-18,68.66985121893313,-1.6200420680517968e-06,0.00026888721086483323,5.0702070390821004e-08,5403.535424373232,5411.498982921957,5783.533910073902,5776.082838146688,9.67769244319887e-05,0.007595302459129995,0.03037181882250475,0
12.382000000000804,0.0,0.0,1.0,0.0,0.0002465168171591768,1.2512232632808413e-14,0.9999867089936845,0.007488033714618903,-7.839486754592936e-17,2.675720454617665e-05,-0.009114500109149385,-6.162476003518147e-15,-2.6808001992912967e-05,3.599235307164246e-14,-0.053233808914442876,-3.344067898924139e-17,8.433094285276888e-19,-0.031577526673120776,2.123980317634917e-15,2.7188467925256173e-16,-0.0010353157309349762,1.5886819942054033e-18,68.66984198314249,-1.6280769990798788e-06,0.00027022043696311483,5.0879775713711054e-08,5403.535316264296,5411.498876116962,5783.53328346364,5776.082208024419,0.0002468748508681483,0.007488081520607565,0.03157752667139593,0
12.402000000000811,0.0,0.0,1.0,0.0,0.00039505988600962956,1.2510693592421582e-14,0.9999872449802261,0.007376743153528568,-7.680640124895496e-17,2.6829966922271875e-05,-0.009055814477334771,-6.164106221574846e-15,-2.8030311481938293e-05,3.6001878755516475e-14,-0.05289105859065585,-3.3234161824330166e-17,3.651278891861717e-16,-0.03274022320662143,2.127149673365165e-15,3.319244751956557e-16,-0.000997708042846984,3.639311490058385e-18,68.66983304653262,-1.6347896820058609e-06,0.0002713342173701222,5.101905518686016e-08,5403.535177888482,5411.498738804764,5783.532708551939,5776.081630286988,0.0003952657385397512,0.00737679194502974,0.03274022320147913,0
12.422000000000818,0.0,0.0,1.0,0.0,0.000541333778474224,1.2509157346022054e-14,0.9999877821431786,0.007261532645946298,-7.820706848306182e-17,2.687744325531408e-05,-0.00899127637199745,-6.1621749236075315e-15,-2.9204419434423947e-05,3.5990602969034457e-14,-0.05251412619175197,-3.298698119610319e-17,7.740340654687788e-16,-0.033859734647563304,2.130894001427794e-15,3.443201044235739e-16,-0.0009599622963402351,2.4225723782501057e-18,68.6698244122302,-1.640195812545281e-06,0.0002722311575783592,5.112047461443689e-08,5403.5350098681965,5411.49857161046,5783.532185006506,5776.081104593091,0.0005414716389087131,0.007261582387131595,0.033859734644639664,0
12.442000000000824,0.0,0.0,1.0,0.0,0.0006852617358667481,1.250756120277017e-14,0.9999883199815102,0.007142551375309431,-8.025609708664451e-17,2.690006321114975e-05,-0.008921026227720502,-6.1569586463612316e-15,-3.033017686014467e-05,3.5960140837530997e-14,-0.05210383192584779,-3.270155135169381e-17,1.1721896265416897e-15,-0.03493592167404962,2.135892302289273e-15,3.804351904971907e-16,-0.0009221083929547434,8.12181323505993e-18,68.66981608298063,-1.6443118055703713e-06,0.00027291398238662074,5.118461342715468e-08,5403.534812833665,5411.49837516714,5783.53171245771,5776.080630563759,0.0006853612693135145,0.007142602030236278,0.03493592167249789,0
12.462000000000831,0.0,0.0,1.0,0.0,0.0008267699878787765,1.2505940078075522e-14,0.9999888580030264,0.007019948935576049,-8.368031925547834e-17,2.6898278482245336e-05,-0.008845206479558426,-6.153071732015244e-15,-3.1407496653505756e-05,3.593744274180679e-14,-0.051661007686612116,-3.240315900997742e-17,1.6643329957577903e-15,-0.035968678986303994,2.151287216259823e-15,4.2108339361660506e-16,-0.0008841758470321189,1.5540131175244884e-17,68.66980806115166,-1.647154771729116e-06,0.00027338553201959733,5.121206401107324e-08,5403.534587422354,5411.498150115281,5783.531290499436,5776.080207783221,0.0008268450622417916,0.007020000468339059,0.03596867898881979,0
12.482000000000838,0.0,0.0,1.0,0.0,0.0009657877595073412,1.2504192557777701e-14,0.9999893957247978,0.006893875214847395,-8.966297394830767e-17,2.687256155976489e-05,-0.008763961426776157,-6.144257238115993e-15,-3.243635199914194e-05,3.5885964575005807e-14,-0.051186496257385354,-3.205954369905965e-17,2.136049031745171e-15,-0.036957934853009355,2.1654038990244837e-15,4.3202529746660037e-16,-0.0008461937699870718,1.1959353600835953e-17,68.66980034873731,-1.6487424936843313e-06,0.0002736487582234496,5.120343104279073e-08,5403.534334278382,5411.497897102141,5783.530918689946,5776.079835799779,0.0009658459748152255,0.006893927589730835,0.036957934849078444,0
12.502000000000844,0.0,0.0,1.0,0.0,0.0011022472756725581,1.2502261550336486e-14,0.999989932673562,0.006764480280591097,-1.0257977746647369e-16,2.682340449828238e-05,-0.008677437097345184,-6.1289482254013865e-15,-3.341677471167436e-05,3.5796554511315504e-14,-0.05068115051971584,-3.1663943594268643e-17,2.5459814906064523e-15,-0.037903650639965904,2.1735009368760743e-15,2.9186445175481464e-16,-0.0008081908551221552,2.8467969714211587e-18,68.66979294736268,-1.6490934027011455e-06,0.0002737067203401496,5.1159330815654983e-08,5403.534054051932,5411.4976167812,5783.530596552771,5776.079514126714,0.0011022932494527881,0.006764533462223,0.037903650638396166,0
12.522000000000851,0.0,0.0,1.0,0.0,0.0012360837635578897,1.2500112783304665e-14,0.9999904683861007,0.006631914266524855,-1.1142087020068884e-16,2.6751317675690453e-05,-0.008585781113284799,-6.118588910764808e-15,-3.434885351648009e-05,3.573605330495231e-14,-0.05014583266682823,-3.127654315298468e-17,2.8856392368885616e-15,-0.038805820321691845,2.1797354037724092e-15,3.0577915664660225e-16,-0.0007701953629893866,1.0207862260635298e-17,68.66978585828886,-1.6482265550013119e-06,0.0002735625813641744,5.108039063491366e-08,5403.533747398711,5411.497309811586,5783.530323577632,5776.079242243214,0.0012361205128121455,0.006631968220033423,0.038805820320176265,0
12.542000000000858,0.0,0.0,1.0,0.0,0.0013672354527068807,1.2497735318339318e-14,0.9999910024095942,0.006496327261218101,-1.2523067853228848e-16,2.6656828551671303e-05,-0.008489142556934694,-6.100191035086916e-15,-3.523273227816616e-05,3.562860210943933e-14,-0.04958141342252746,-3.0831524510050445e-17,3.176723512392185e-15,-0.03966446997659522,2.1882858128809057e-15,2.096647289234524e-16,-0.0007322351072994173,7.673282184434464e-18,68.66977908241874,-1.6461616073549934e-06,0.00027321960398398186,5.0967248192938874e-08,5403.533414979414,5411.496976857555,5783.530099221381,5776.0790195953405,0.001367265058345199,0.006496381952391185,0.03966446997776607,0
12.562000000000864,0.0,0.0,1.0,0.0,0.0014956435729113493,1.2495113150757985e-14,0.9999915343019471,0.006357869198467027,-1.36026893562389e-16,2.6540480427175547e-05,-0.008387671838242974,-6.085787552021378e-15,-3.606860817888505e-05,3.5544480248639946e-14,-0.048988771266029706,-3.039107269868076e-17,3.4240765505885838e-15,-0.040479657266346655,2.1953556042570558e-15,2.2174244296934345e-16,-0.0006943374413829961,5.779743418979265e-18,68.66977262030304,-1.6429187938956754e-06,0.0002726811466124537,5.0820550990741614e-08,5403.533057459195,5411.496618587945,5783.529922908968,5776.078845596983,0.0014956675316508512,0.006357924593915616,0.04047965727070067,0
12.582000000000871,0.0,0.0,1.0,0.0,0.0016212523499270824,1.2492218755764257e-14,0.9999920636320936,0.006216689749496071,-1.5223157489696816e-16,2.640283120783836e-05,-0.008281520563151611,-6.065569631015962e-15,-3.6856729855990024e-05,3.5426398546166824e-14,-0.04836879166320004,-2.990677326829697e-17,3.609818709923469e-15,-0.0412514709000844,2.1992482850353724e-15,1.0558005997981841e-16,-0.0006565292452024601,3.01815851291428e-18,68.66976647214678,-1.6385189014515492e-06,0.0002719506594082505,5.06409557262828e-08,5403.532675507171,5411.496235675673,5783.5297940344235,5776.07871963088,0.0016212717748976058,0.006216745816822923,0.04125147090304826,0
12.602000000000878,0.0,0.0,1.0,0.0,0.0017440089990541302,1.2488989772198948e-14,0.9999925899802747,0.0060729382170369335,-1.688900930965544e-16,2.6244452174167817e-05,-0.008170841403159376,-6.044465787378499e-15,-3.7597395502867326e-05,3.530314235103244e-14,-0.04772236630466417,-2.9404422289075924e-17,3.653636551502042e-15,-0.04198003008408554,2.198773505079281e-15,-1.3573663908648435e-17,-0.0006188369129179456,-3.683410311699449e-18,68.66976063781634,-1.6329832460735037e-06,0.00027103168029272284,5.042912777310844e-08,5403.532269795924,5411.495828797249,5783.529711961859,5776.078641049617,0.0017440247409868123,0.006072994925011683,0.04198003008038171,0
12.622000000000885,0.0,0.0,1.0,0.0,0.0018638637166197916,1.248542906933873e-14,0.999993112938293,0.005926763431333807,-1.852553617135376e-16,2.6065926760778188e-05,-0.008055787966139875,-6.023124252812967e-15,-3.8290950938338965e-05,3.517849771101777e-14,-0.04705039235124847,-2.888802539510445e-17,3.564625283101918e-15,-0.04266548395753629,2.193163180696235e-15,-1.2273481136934832e-16,-0.0005812863410050422,-2.5206102579723234e-18,68.66975511684674,-1.6263336487348638e-06,0.0002699278309633331,5.018574061265822e-08,5403.531841001038,5411.495398632284,5783.529676026496,5776.0786091766595,0.00186387644058041,0.005926820750076181,0.04266548396014959,0
12.642000000000891,0.0,0.0,1.0,0.0,0.0019807696694033317,1.2481550637089773e-14,0.9999936321097417,0.005778313648121575,-1.9887205415645976e-16,2.5867849347272003e-05,-0.007936514668490572,-6.004020497917083e-15,-3.893778764984249e-05,3.506692279803323e-14,-0.046353771687191375,-2.837004696762716e-17,3.3572146831996624e-15,-0.04330801101503622,2.1876554558897643e-15,-1.6970140593682932e-16,-0.0005439029169273722,-2.9044704675110833e-19,68.66974990844943,-1.6185924114022855e-06,0.0002686428129084073,4.9911475318326806e-08,5403.531389800635,5411.494945863042,5783.52968553569,5776.0786233074095,0.0019807799053035966,0.005778371549294656,0.04330801101449982,0
12.662000000000898,0.0,0.0,1.0,0.0,0.0020946829820423824,1.2477488506433852e-14,0.9999941471102114,0.005627736448621294,-2.0770961730438374e-16,2.5650824063072246e-05,-0.00781317660868619,-5.9904908176499864e-15,-3.9538340817641205e-05,3.4987903495283274e-14,-0.04563341018155549,-2.786622673366842e-17,3.2295779643422e-15,-0.04390781851647018,2.194396084182683e-15,-9.852071438750747e-17,-0.000506711508361762,7.412321497780781e-18,68.66974501152026,-1.609782293036147e-06,0.0002671804034254279,4.960702003232529e-08,5403.530916874924,5411.494471173968,5783.529739769984,5776.078682710259,0.0020946911589962004,0.005627794905637174,0.04390781851487649,0
12.682000000000905,0.0,0.0,1.0,0.0,0.0022055627224618394,1.2473150268182146e-14,0.9999946575674711,0.00547517864159524,-2.2405357796054583e-16,2.5415463608765903e-05,-0.0076859294423077765,-5.9701960858385234e-15,-4.009308732076136e-05,3.4869372231683443e-14,-0.04489021695825704,-2.7319525763324765e-17,3.0113490214518757e-15,-0.04446514188488159,2.195552611028254e-15,-2.5807889919448683e-16,-0.0004697364529754752,-4.63972406167671e-18,68.669740424648,-1.5999264853653625e-06,0.00026554445164504357,4.9273069478690896e-08,5403.530422905778,5411.493975251276,5783.529837984184,5776.078786627666,0.0022055691928159057,0.005475237629835909,0.04446514188119327,0
12.702000000000911,0.0,0.0,1.0,0.0,0.00231337088536689,1.2468560752199178e-14,0.9999951631216275,0.005320786167501599,-2.3445353403726177e-16,2.5162388095550977e-05,-0.007554929258616667,-5.954168037169314e-15,-4.060254373589275e-05,3.477576067208073e-14,-0.04412510367511717,-2.678179625783973e-17,2.7171553850972277e-15,-0.04498024409297904,2.187244385090772e-15,-2.7592698114783456e-16,-0.00043300154875564154,-1.2094643989578414e-17,68.66973614612286,-1.5890485895740627e-06,0.0002637388745652553,4.89103244640365e-08,5403.529908576314,5411.493458782508,5783.5299794084085,5776.07893427724,0.0023133759419202878,0.005320845664558503,0.04498024409411003,0
12.722000000000918,0.0,0.0,1.0,0.0,0.002418072373842591,1.2463749955860317e-14,0.9999956634252599,0.005164704004786649,-2.4507576172373257e-16,2.4892223905288893e-05,-0.007420332458740133,-5.939749178936206e-15,-4.106726432707075e-05,3.469154753971498e-14,-0.04333898381232568,-2.6240960270612603e-17,2.361768658355824e-15,-0.04545341503890778,2.1681868380556397e-15,-3.2960401466895303e-16,-0.00039653004488772545,-1.7246515215213564e-17,68.66973217394559,-1.5771725919145498e-06,0.0002617676530970638,4.8519491415679043e-08,5403.529374570487,5411.492922456129,5783.530163249187,5776.079124852828,0.0024180762624493916,0.00516476399072312,0.045453415035713964,0
12.742000000000925,0.0,0.0,1.0,0.0,0.002519634979103133,1.2458786776254585e-14,0.9999961581435344,0.005007076078350163,-2.504455423394442e-16,2.4605602573186358e-05,-0.007282295635533379,-5.9294227829196794e-15,-4.148783903901882e-05,3.463123657410323e-14,-0.04253277197069527,-2.5708042817541715e-17,2.023642467967803e-15,-0.04588497091191428,2.1542109413996568e-15,-2.639205804998388e-16,-0.00036034463318212123,-5.033262345234637e-18,68.66972850583656,-1.5643228402474995e-06,0.00025963482812487956,4.810128192019793e-08,5403.528821572699,5411.492366961135,5783.530388690544,5776.079357525624,0.00251963790806956,0.005007136535991848,0.045884970913270026,0
12.762000000000931,0.0,0.0,1.0,0.0,0.0026180293584346396,1.2453734930381737e-14,0.9999966469542937,0.0048480451702175836,-2.533291796110109e-16,2.43031596942282e-05,-0.007140975455180331,-5.922719460181787e-15,-4.18648914899024e-05,3.459208628028182e-14,-0.04170738318007084,-2.5180655230387526e-17,1.771727104365586e-15,-0.0462752535485304,2.154506784796097e-15,-1.5969465356565707e-16,-0.0003244674400466716,3.3459534872381165e-18,68.66972513924526,-1.550524020276819e-06,0.00025734449658440875,4.765641229548734e-08,5403.528250267418,5411.491792986664,5783.530654895095,5776.079631445275,0.0026180315056433525,0.004848106085477211,0.04627525354583125,0
12.782000000000938,0.0,0.0,1.0,0.0,0.002713229011375975,1.2448629590570008e-14,0.9999971295481271,0.004687752832450375,-2.568313271169261e-16,2.3985533855684365e-05,-0.006996528540593357,-5.9170559125350076e-15,-4.219907697491927e-05,3.4559008716988737e-14,-0.04086373221824597,-2.464771350031571e-17,1.6303567863171998e-15,-0.04662462977990193,2.1580319468409167e-15,-9.468247606658289e-17,-0.00028892001900255866,3.919381240002122e-18,68.66972207135984,-1.5358011320509485e-06,0.0002549008075610019,4.718560313555284e-08,5403.527661338807,5411.491201221616,5783.530961005151,5776.079945740984,0.002713230529768196,0.004687814194694672,0.04662462977748423,0
12.802000000000945,0.0,0.0,1.0,0.0,0.002805210254182655,1.2443426018885408e-14,0.9999976056284192,0.004526339302323743,-2.621067338627536e-16,2.3653365597236315e-05,-0.006849111356669708,-5.907934411184036e-15,-4.249108048132637e-05,3.450573456559756e-14,-0.04000273294072407,-2.4091191084940527e-17,1.5118038625190282e-15,-0.04693349077088052,2.165186843027697e-15,-8.959127950502545e-17,-0.00025372334373925697,8.747536801987415e-18,68.6697192991169,-1.5201794665774915e-06,0.0002523079584099306,4.6689578879289094e-08,5403.52705547037,5411.490592354298,5783.531306143815,5776.080299522631,0.0028052112760337295,0.004526401104792268,0.04693349077430447,0
12.822000000000951,0.0,0.0,1.0,0.0,0.0028939521926195093,1.2438147521979885e-14,0.9999980749113772,0.004363943419798932,-2.6578866834688845e-16,2.3307296399541056e-05,-0.006698880097460395,-5.901749153200514e-15,-4.274161472027836e-05,3.4469609617686764e-14,-0.03912529762164965,-2.3538097253283832e-17,1.4380978683672025e-15,-0.04720225135149702,2.170253020367725e-15,-5.3874542862107034e-17,-0.00021889780170740802,3.902867485662452e-18,68.66971681921143,-1.5036845827750795e-06,0.0002495701909022459,4.616906743708809e-08,5403.526433344602,5411.489967072064,5783.531689416088,5776.080691881893,0.002893952832914433,0.004364005660087055,0.04720225135435986,0
12.842000000000958,0.0,0.0,1.0,0.0,0.002979436693128269,1.2432801998205285e-14,0.9999985371260388,0.004200702547314997,-2.6723510839443206e-16,2.2947967703346406e-05,-0.006545990575304718,-5.896554639428179e-15,-4.2951418177944776e-05,3.4439271043687125e-14,-0.03823233630622155,-2.2980640217492207e-17,1.415059929797792e-15,-0.04743134934142829,2.176342659650497e-15,4.311167827541129e-17,-0.00018446318824357887,9.306110984988368e-18,68.66971462810682,-1.4863422841358447e-06,0.00024669178739807556,4.562479973656315e-08,5403.525795642652,5411.489326060984,5783.532109909982,5776.081121893342,0.0029794370522565738,0.0042007652279365025,0.04743134933774797,0
12.862000000000965,0.0,0.0,1.0,0.0,0.0030616483524167114,1.2427419402839433e-14,0.9999989920142615,0.0040367524919230685,-2.720633562830086e-16,2.2576019960074584e-05,-0.006390598111981523,-5.888264104807604e-15,-4.3121253191098644e-05,3.439084978863327e-14,-0.037324756174885544,-2.2403569741553223e-17,1.4918717472608253e-15,-0.04762124486806561,2.189856563646276e-15,4.875774240379249e-17,-0.00015043870122555638,1.2469460558595012e-17,68.66971272204499,-1.468178595920584e-06,0.00024367706704974968,4.505750937270965e-08,5403.525143043992,5411.488670005492,5783.532566697619,5776.081588615583,0.003061648518346156,0.004036815620972097,0.047621244866485404,0
12.882000000000971,0.0,0.0,1.0,0.0,0.0031405744655164615,1.2421923441503798e-14,0.9999994393306924,0.003872227429783786,-2.7671971831669773e-16,2.2192091714742294e-05,-0.0062328574319259426,-5.879861817416905e-15,-4.325190405194259e-05,3.4341775698663494e-14,-0.03640346091959237,-2.18193977997799e-17,1.5526402481780124e-15,-0.0477724196787898,2.207073285432641e-15,6.658454688950523e-17,-0.00011684293625087411,1.8253638491223707e-17,68.66971109705666,-1.4492197426106202e-06,0.00024053038203776812,4.446793219953499e-08,5403.524476226108,5411.487999588086,5783.533058836322,5776.082091092346,0.003140574515563049,0.003872291021721459,0.04777241967625712,0
12.902000000000978,0.0,0.0,1.0,0.0,0.003216204992356909,1.2416279439889937e-14,0.9999998788427201,0.0037072598330467757,-2.866763254903595e-16,2.179681872240263e-05,-0.006072922557558005,-5.866066406087945e-15,-4.3344175140632876e-05,3.4261202531916755e-14,-0.03546935013239165,-2.120963396030371e-17,1.545932713379797e-15,-0.047885376448049514,2.223127043228177e-15,-6.471634774652756e-17,-8.369388233710961e-05,1.084735180702156e-17,68.6697097489715,-1.4294921251872192e-06,0.00023725611384058361,4.385680596677486e-08,5403.5237958641765,5411.487315488985,5783.533585369735,5776.082628353603,0.00321620499463896,0.003707323909645396,0.047885376446287854,0
12.922000000000985,0.0,0.0,1.0,0.0,0.003288532522903082,1.2410498158946665e-14,1.0000003103304091,0.0035419803991287068,-2.9059042323500717e-16,2.1390833099065737e-05,-0.0059109467067673446,-5.856378940949602e-15,-4.3398889091681476e-05,3.42046220081691e-14,-0.0345233187066204,-2.0609842564476993e-17,1.4858768821304316e-15,-0.04796063807983714,2.232196289232159e-15,-2.997674831156172e-17,-5.100891813522193e-05,8.824318644590122e-18,68.66970867342857,-1.409022299226409e-06,0.0002338586695416944,4.322486993830776e-08,5403.523102630776,5411.486618385852,5783.534145328896,5776.083199416672,0.003288532537545626,0.003542044990616667,0.04796063807741209,0
12.942000000000991,0.0,0.0,1.0,0.0,0.0033575522409055925,1.2404615281939274e-14,1.00000073358642,0.0033765179824047234,-2.9672505766143057e-16,2.097476250766217e-05,-0.005747082192595847,-5.847364740132344e-15,-4.34168850034394e-05,3.4151973613486407e-14,-0.03356625625093075,-2.000764876495168e-17,1.4261103965079273e-15,-0.04799874700614785,2.240970447673299e-15,-6.186280894370866e-17,-1.880480865411144e-05,7.215450712048147e-18,68.66970786588651,-1.3878369524591421e-06,0.00023034247817518543,4.257286452457082e-08,5403.522397195579,5411.485908953471,5783.53473773333,5776.083803287305,0.0033575523210456755,0.0033765831288692888,0.047998747009334534,0
12.962000000000998,0.0,0.0,1.0,0.0,0.0034232618863110904,1.2398638263037216e-14,1.0000011484159084,0.003210999528325847,-3.011502339106278e-16,2.0549229379692726e-05,-0.005581480325157929,-5.838512954716512e-15,-4.339901667401858e-05,3.4100273700427934e-14,-0.032599046516388834,-1.940171436802293e-17,1.3733838340668978e-15,-0.048000264482003646,2.252389792236746e-15,-4.976536241827836e-17,1.290229751024542e-05,1.0947884453465278e-17,68.66970732163382,-1.365962883224991e-06,0.00022671198711318347,4.190153094682854e-08,5403.521680225081,5411.485187863469,5783.535361592126,5776.084438960782,0.0034232620789430165,0.003211065281450521,0.048000264481590116,0
12.982000000001005,0.0,0.0,1.0,0.0,0.003485661716381846,1.2392575287197788e-14,1.0000015546364156,0.0030455500099729428,-3.048582934319547e-16,2.011485017317158e-05,-0.005414291315835625,-5.831328603935532e-15,-4.334615089714819e-05,3.405831245091177e-14,-0.03162256683686193,-1.8797391645663852e-17,1.3346853971247172e-15,-0.04796576987761637,2.265459257153191e-15,-2.3899659609508934e-17,4.4096870448805895e-05,1.0379220413996632e-17,68.66970703579919,-1.343426978939927e-06,0.0002229716584952012,4.121161087771715e-08,5403.520952382303,5411.48445578402,5783.536015905004,5776.0851054229815,0.003485662063072727,0.0030456164352136795,0.047965769878709985,0
13.002000000001011,0.0,0.0,1.0,0.0,0.0035447544655732967,1.2386363255477467e-14,1.000001952077739,0.0028802923670560774,-3.1208473045749926e-16,1.967223466729335e-05,-0.005245664183783749,-5.819214332263309e-15,-4.325916578259837e-05,3.398755751903798e-14,-0.03063768758290016,-1.8174115584070534e-17,1.1982736524475374e-15,-0.04789585996825678,2.267366480402837e-15,-1.0736533755504676e-16,7.476400071918206e-05,7.935398549296491e-20,68.66970700336168,-1.3202561946947542e-06,0.00021912596570354998,4.0503846088772554e-08,5403.520214326538,5411.483713379582,5783.536699663377,5776.085801651462,0.0035447550030727553,0.0028803595464001203,0.0478958599659361,0
13.022000000001018,0.0,0.0,1.0,0.0,0.0036005453042185468,1.2380071203048597e-14,1.0000023405817922,0.002715347447365864,-3.161014741957941e-16,1.9221985293893818e-05,-0.005075746664777771,-5.8123740522616495e-15,-4.313894913909624e-05,3.3947605625594307e-14,-0.02964527162930362,-1.7564748286600447e-17,1.0637903763921774e-15,-0.04779114822238964,2.2655547119004585e-15,-1.122228614433792e-16,0.00010488940064123708,-3.551476459835116e-18,68.66970721916086,-1.296477532666459e-06,0.00021517938988491796,3.977897811966011e-08,5403.519466713069,5411.48296131061,5783.537411851397,5776.086526616504,0.003600546064981443,0.0027154154828745733,0.04779114822459295,0
13.042000000001025,0.0,0.0,1.0,0.0,0.0036530417960689127,1.237371789640215e-14,1.0000027200024504,0.002550833950681748,-3.2062623695563296e-16,1.8764696506217243e-05,-0.004904685122435088,-5.8039560548577026e-15,-4.2986396897416535e-05,3.389843885395423e-14,-0.028646173836553775,-1.6948203515067457e-17,9.467949411184054e-16,-0.04765226408862814,2.259788851223979e-15,-1.440339766003531e-16,0.00013445940511261738,-1.0918047463206406e-17,68.66970767790676,-1.2721180209392325e-06,0.0002111364165209358,3.903774793702723e-08,5403.518710192911,5411.482200233305,5783.5381514469855,5776.087279282159,0.0036530428087061502,0.0025509029691043964,0.04765226408611513,0
13.062000000001031,0.0,0.0,1.0,0.0,0.0037022538547396896,1.236725397938739e-14,1.0000030902053845,0.0023868683751401385,-3.254728730824614e-16,1.8300954184986416e-05,-0.004732624461838019,-5.793580018792941e-15,-4.28024115816208e-05,3.383783591414733e-14,-0.027641240546275033,-1.6324408773840305e-17,7.524119834653184e-16,-0.04747985228205139,2.2444938373341168e-15,-1.9879534781922858e-16,0.00016346097195176005,-1.6978818922563314e-17,68.66970837419004,-1.2472046934836919e-06,0.00020700153204924576,3.8280895608971995e-08,5403.517945412567,5411.481430799337,5783.538917422862,5776.088058607289,0.003702255144409176,0.0023869385340155296,0.047479852282393875,0
13.082000000001038,0.0,0.0,1.0,0.0,0.0037481936991103485,1.2360701971537343e-14,1.000003451067884,0.0022235649660634527,-3.302371462665977e-16,1.7831335081545795e-05,-0.004559708045584635,-5.7862083451594865e-15,-4.2587900841096235e-05,3.379478008374999e-14,-0.026631309090879053,-1.570794933432651e-17,4.982298766685037e-16,-0.04727457207042314,2.225383411447978e-15,-2.697066964438507e-16,0.0001918816817763,-1.7899543736228736e-17,68.66970930249158,-1.2217645700924957e-06,0.000202779220536961,3.750915997416438e-08,5403.517173013759,5411.480653655609,5783.5397087475485,5776.088863546569,0.0037481952878578853,0.002223636461927973,0.04727457207341983,0
13.102000000001045,0.0,0.0,1.0,0.0,0.00379087580772838,1.2354074698934912e-14,1.0000038024786673,0.0020610356672493696,-3.3178639154998243e-16,1.7356406298411447e-05,-0.004386077612291362,-5.778916813969312e-15,-4.23437760235826e-05,3.375219224133739e-14,-0.025617207317531424,-1.5090760342354858e-17,1.7644147888032428e-16,-0.047037096560838924,2.2020845166652815e-15,-2.802733037118401e-16,0.00021970973742291332,-2.135643427177225e-17,68.66971045719232,-1.1958246364479833e-06,0.00019847396040771002,3.672327832640657e-08,5403.516393633199,5411.479869443993,5783.540524386358,5776.089693051497,0.0037908777147864204,0.0020611087468917428,0.047037096563342894,0
13.122000000001051,0.0,0.0,1.0,0.0,0.0038303168722659646,1.2347425585115295e-14,1.0000041443376848,0.0018993900747176756,-3.331359352635248e-16,1.687672480655645e-05,-0.004211873197569082,-5.774462014631398e-15,-4.207095081161098e-05,3.3726172455000607e-14,-0.02459975312656782,-1.4480219971840085e-17,-1.6178861756348668e-16,-0.04676811198732219,2.1760001453936805e-15,-3.152250273018527e-16,0.000246933962918007,-2.249416892652422e-17,68.66971183258273,-1.1694118249447182e-06,0.00019409022122414036,3.5923986075763114e-08,5403.515607902338,5411.479078801091,5783.541363302375,5776.090546071372,0.003830319114316739,0.0018994650509488752,0.04676811198871564,0
13.142000000001058,0.0,0.0,1.0,0.0,0.0038665357500785717,1.2340769385385651e-14,1.0000044765559104,0.0017387353929104654,-3.3257029089651315e-16,1.6392836999655086e-05,-0.004037233057492349,-5.771058517827077e-15,-4.177033990803464e-05,3.370629279503884e-14,-0.023579754024474223,-1.3871633783551714e-17,-5.295189621992764e-16,-0.04646831699988024,2.148019347985037e-15,-3.300045731615776e-16,0.00027354380200476014,-2.2359870158671153e-17,68.66971342287223,-1.1425529954737173e-06,0.00018963246052742364,3.511201644940349e-08,5403.514816447142,5411.478282358,5783.54222445741,5776.091421554269,0.003866538341486928,0.001738812667214156,0.046468316999985396,0
13.162000000001065,0.0,0.0,1.0,0.0,0.0038995534159144973,1.2334125358359717e-14,1.000004799055126,0.001579176393339541,-3.317119780115002e-16,1.5905278284584634e-05,-0.003862293594579125,-5.7684500027569396e-15,-4.144285778066445e-05,3.3691056203838394e-14,-0.022558006691532753,-1.3264555576609999e-17,-9.343042526643107e-16,-0.04613842195552181,2.1230457465212575e-15,-3.718178328304907e-16,0.0002995293162367033,-1.90059042906144e-17,68.66971522219838,-1.115274916822427e-06,0.00018510512073520875,3.428810015957739e-08,5403.5140198878435,5411.477480740061,5783.5431068129465,5776.092318447981,0.0038995563689348724,0.001579256489351299,0.04613842195842997,0
13.182000000001072,0.0,0.0,1.0,0.0,0.003929392912824194,1.2327559334282797e-14,1.0000051117676962,0.0014208153756732885,-3.274010927649088e-16,1.5414572707668153e-05,-0.003687189286296343,-5.772081506510181e-15,-4.1089417459804e-05,3.3712264822256844e-14,-0.021535296564222702,-1.267115326599465e-17,-1.313373395613538e-15,-0.04577914821172924,2.1043970365735367e-15,-3.5576833386107917e-16,0.000324881182644683,-1.5606950808663077e-17,68.66971722463585,-1.0876042483917637e-06,0.00018051262609908883,3.3452965115280675e-08,5403.513218838732,5411.476674566644,5783.544009331054,5776.093235700949,0.003929396237785391,0.0014208989903583534,0.04577914820879734,0
13.202000000001078,0.0,0.0,1.0,0.0,0.003956079302318085,1.2321050710259218e-14,1.0000054146363397,0.0012637521312535464,-3.2437636860344983e-16,1.4921232616320274e-05,-0.0035120526161045206,-5.771346870043939e-15,-4.071092939597219e-05,3.370797260282763e-14,-0.020512397432453807,-1.2067753013874684e-17,-1.7447946808251805e-15,-0.04539122742286782,2.0848796066734518e-15,-4.1671144639670664e-16,0.000349590690986222,-2.2210324797767512e-17,68.66971942420527,-1.059567521906566e-06,0.00017585937972345648,3.2607336080641385e-08,5403.512413907918,5411.47586445091,5783.544930975299,5776.0941722631815,0.0039560830077889205,0.0012638402163369668,0.04539122742248448,0
13.222000000001085,0.0,0.0,1.0,0.0,0.003979639613821354,1.2314662088962672e-14,1.00000570761389,0.001108083909031393,-3.1576370794961497e-16,1.442575835587331e-05,-0.0033370140070525245,-5.7778615478077935e-15,-4.0308300370708714e-05,3.374602045853638e-14,-0.01949007105169665,-1.1479245580635014e-17,-2.175325458014841e-15,-0.044975400840006355,2.0646671801660574e-15,-3.6090888872653906e-16,0.0003736497405850929,-1.8863928016127422e-17,68.66972181488188,-1.03119112439208e-06,0.00017114976064640537,3.175193438213011e-08,5403.511605697115,5411.475050999589,5783.545870711623,5776.095127087135,0.003979643706759751,0.0011081778070140345,0.04497540083769104,0
13.242000000001092,0.0,0.0,1.0,0.0,0.004000102793473925,1.2308457724526992e-14,1.000005990663053,0.0009539053839090667,-3.0704714599930513e-16,1.3928638000087642e-05,-0.003162201757931557,-5.785657313596886e-15,-3.9882432468438585e-05,3.379155052900975e-14,-0.018469066770063207,-1.0892571799877823e-17,-2.549555097485423e-15,-0.04453241861461173,2.042784624598401e-15,-3.4324525666778544e-16,0.00039705083677170523,-2.2929171166916136e-17,68.66972439060385,-1.0025012803660225e-06,0.0001663881209841899,3.0887477606277716e-08,5403.510794801428,5411.474234812759,5783.546827509211,5776.096099128593,0.004000107279361606,0.0009540070693696359,0.04453241861198566,0
13.262000000001098,0.0,0.0,1.0,0.0,0.004017499652323623,1.2302403609560213e-14,1.0000062637561589,0.0008013086274738278,-2.968887772716733e-16,1.3430347115436472e-05,-0.002987741981995406,-5.793424728047201e-15,-3.943422210077477e-05,3.383691494100397e-14,-0.017450121170378485,-1.0305440673674696e-17,-2.964433993857569e-15,-0.044063039106571014,2.017452371165733e-15,-3.210864139816896e-16,0.0004197870869305635,-2.2391528862107733e-17,68.6697271452804,-9.735240353529835e-07,0.00016157878314023303,3.001467926608174e-08,5403.509981809131,5411.473416483637,5783.54780034132,5776.097087347507,0.004017504535288249,0.0008014211693533125,0.04406303910632274,0
13.282000000001105,0.0,0.0,1.0,0.0,0.004031862813960183,1.2296633439617365e-14,1.0000065268749097,0.00065038308110786,-2.8160013665856122e-16,1.2931348557961269e-05,-0.002813758548252013,-5.808858737315882e-15,-3.896455909127185e-05,3.392705658300665e-14,-0.016433957727272797,-9.731184579199945e-18,-3.2456560623672066e-15,-0.043568028196984285,1.9997124507966855e-15,-1.8654136960514565e-16,0.0004418521961657079,-1.0578658301900538e-17,68.66973007279988,-9.442852395177482e-07,0.00015672603708004104,2.9134248538626932e-08,5403.509167301468,5411.472596598351,5783.5487881861145,5776.098090708828,0.004031868096886481,0.0006505116232373414,0.043568028198405495,0
13.302000000001112,0.0,0.0,1.0,0.0,0.0040432266616374215,1.2291173803711495e-14,1.0000067800101229,0.0005012155314568731,-2.6600782965166077e-16,1.2432092301723357e-05,-0.002640373025329352,-5.825229023630413e-15,-3.8474325812469246e-05,3.402266654837983e-14,-0.015421286479312162,-9.157276255890134e-18,-3.379679955267729e-15,-0.04304815860616067,1.9951865821276255e-15,-6.639858228482892e-17,0.00046324046259331306,-3.83771260963485e-18,68.66973316703728,-9.148105312984444e-07,0.00015183413767224646,2.8246889927636797e-08,5403.508351852436,5411.471775735744,5783.549790027457,5776.099108183321,0.004043232346268633,0.0005013696898423302,0.04304815860522403,0
13.322000000001118,0.0,0.0,1.0,0.0,0.00405162728493056,1.2286004899022057e-14,1.0000070231614724,0.0003538900882386395,-2.529132610229204e-16,1.1933015298475527e-05,-0.002467704627916804,-5.838124128434249e-15,-3.796439638383082e-05,3.4097979401141317e-14,-0.014412803716173525,-8.577376609940522e-18,-3.4184634222689526e-15,-0.042504209217239054,1.9905326018222836e-15,-2.5582829272184033e-17,0.00048394677226966387,-3.3688764851978056e-18,68.66973642186177,-8.851253220306637e-07,0.00014690730209766838,2.7353302981039003e-08,5403.507536028594,5411.470954467154,5783.550804855677,5776.100138748318,0.004051633371961344,0.000354091219049083,0.042504209219393504,0
13.342000000001125,0.0,0.0,1.0,0.0,0.004057102425975261,1.228109676475026e-14,1.000007256337227,0.0002084881643711981,-2.4031581772498933e-16,1.1434541366932297e-05,-0.00229587016578117,-5.852328967916754e-15,-3.743563592048146e-05,3.4180941789195307e-14,-0.013409191680859878,-7.999521081564938e-18,-3.41402519145819e-15,-0.04193696440584535,1.986377348476121e-15,-1.0626755695777307e-18,0.0005039665937646876,-3.605246111326801e-18,68.66973983114381,-8.55254780849052e-07,0.00014194970732662925,2.6454181972565217e-08,5403.506720388846,5411.470133356222,5783.551831668335,5776.101181388515,0.004057108915137022,0.00020880149285659768,0.041936964404392194,0
13.362000000001132,0.0,0.0,1.0,0.0,0.004059691425334553,1.2276353600477049e-14,1.0000074795539873,6.508845839909436e-05,-2.329146826951723e-16,1.0937081111556986e-05,-0.0021249839953546485,-5.857296426418718e-15,-3.688889983688522e-05,3.4209952541471856e-14,-0.012411118286939426,-7.410384636890385e-18,-3.523307239102688e-15,-0.04134721337618644,1.975527623113925e-15,-1.271096620030173e-16,0.0005232959723904831,-1.2046349559057742e-17,68.66974338876217,-8.25223819523763e-07,0.0001369654876655267,2.5550215617062856e-08,5403.505905484258,5411.469312958688,5783.552869470939,5776.10223509668,0.004059698315474038,6.60009633263895e-05,0.041347213373533115,0
13.382000000001138,0.0,0.0,1.0,0.0,0.004059435167539339,1.2271865867710134e-14,1.0000076928364185,-7.623306080534366e-05,-2.1760888119454885e-16,1.0441031868885656e-05,-0.0019551579738901954,-5.8738775017924225e-15,-3.632503320611229e-05,3.4306793385230994e-14,-0.01141923685078214,-6.837456440815113e-18,-3.609883811927879e-15,-0.04073574950396965,1.9635826411602966e-15,-3.9875934274696193e-17,0.0005419315240946981,-8.157255379980036e-18,68.66974708861046,-7.950570788038776e-07,0.00013195873237311124,2.464208677533287e-08,5403.505091857858,5411.468493822186,5783.5539172776635,5776.103298874374,0.004059442456691227,7.694475099861139e-05,0.04073574950626174,0
13.402000000001145,0.0,0.0,1.0,0.0,0.004056376026347734,1.2267664715442402e-14,1.000007896216988,-0.00021540316708999212,-2.0173775296426896e-16,9.946777681070743e-06,-0.0017865014161779396,-5.889099376470611e-15,-3.574487016907572e-05,3.439569566460124e-14,-0.010434185838756497,-6.263830978197646e-18,-3.633103271129313e-15,-0.0401033696865265,1.952432211202295e-15,5.729140283573583e-17,0.0005598704290281989,-4.731515328104745e-18,68.66975092460365,-7.647789135049299e-07,0.00012693348334774857,2.3730472145258315e-08,5403.504280044444,5411.467676486064,5783.554974112019,5776.104371732643,0.00405638371180185,0.00021563270340705677,0.04010336968425927,0
13.422000000001152,0.0,0.0,1.0,0.0,0.0040505578097679565,1.226377559308708e-14,1.000008089735697,-0.00035235138784578326,-1.8833602562489868e-16,9.454689295167185e-06,-0.0016191210538144185,-5.90358163290937e-15,-3.5149233398734515e-05,3.448027809777228e-14,-0.00945658862933826,-5.690921863467596e-18,-3.552630549441774e-15,-0.0394508737005068,1.945647124307823e-15,8.654689084183549e-17,0.0005771104247971252,-6.614259505680137e-18,68.66975489068406,-7.344133797076859e-07,0.00012189373288530371,2.2816041972111755e-08,5403.5034705703965,5411.466861481179,5783.556039007515,5776.105452692678,0.004050565888131661,0.0003524782144566068,0.03945087370357682,0
13.442000000001158,0.0,0.0,1.0,0.0,0.004042025704888991,1.2260132744331278e-14,1.0000082734398155,-0.00048701001263124,-1.7729531707567206e-16,8.96512418733736e-06,-0.0014531209970147926,-5.91725374135943e-15,-3.453893360624627e-05,3.456012875406291e-14,-0.008487053290073793,-5.11928899244563e-18,-3.4677885914432803e-15,-0.03877906356749946,1.9375645486007503e-15,5.845598504678395e-17,0.0005936497994088438,-8.350700764473976e-18,68.66975898082747,-7.03984221458519e-07,0.00011684342150932437,2.1899459759059715e-08,5403.502663953495,5411.466049329722,5783.557111008301,5776.10654078646,0.004042034172145224,0.0004870925228894146,0.03877906356471131,0
13.462000000001165,0.0,0.0,1.0,0.0,0.004030826222562693,1.2256705814204347e-14,1.0000084473836173,-0.0006193140996267624,-1.6659803295271206e-16,8.478426610319903e-06,-0.0012886026989563466,-5.927126016729806e-15,-3.391476910822871e-05,3.461778617582496e-14,-0.007526172369329389,-4.547270798455765e-18,-3.4164117722880247e-15,-0.03808874292792317,1.9320714667113497e-15,3.052350829418686e-17,0.0006094873839227449,-3.3214528045469343e-18,68.66976318904838,-6.735148580936463e-07,0.00011178643587319697,2.0981381970697382e-08,5403.501860702742,5411.465240545022,5783.558189169758,5776.107635057364,0.004030835074124096,0.0006193721318515179,0.038088742932334246,0
13.482000000001172,0.0,0.0,1.0,0.0,0.004017007141980381,1.2253515555482747e-14,1.000008611628117,-0.0007492014799478132,-1.5503920874921015e-16,7.994927663507327e-06,-0.0011256649226399438,-5.940596003398029e-15,-3.327752543139154e-05,3.4696456232416965e-14,-0.006574522702748789,-3.98131661080344e-18,-3.357345087823916e-15,-0.037380716423521226,1.9338021345386205e-15,3.153626154350556e-17,0.0006246225448144678,2.191566164743139e-18,68.6697675094056,-6.430283722373205e-07,0.0001067266067348814,2.006245775236819e-08,5403.501061318166,5411.464435631375,5783.559272559101,5776.108734560761,0.004017016372739874,0.0007492441367300368,0.03738071642691413,0
13.502000000001178,0.0,0.0,1.0,0.0,0.004000617455186467,1.2250514877379944e-14,1.000008766240807,-0.0008766127598473723,-1.4799337015944849e-16,7.514945384533834e-06,-0.0009644037102544804,-5.947496307522438e-15,-3.262797496565803e-05,3.473675556853708e-14,-0.005632665234331308,-3.414920205152732e-18,-3.3632350133804645e-15,-0.036655789088779395,1.9347511499972488e-15,-9.388781008425963e-17,0.0006390551760650324,-4.6766513100451896e-18,68.66977193600722,-6.125474976141997e-07,0.00010166770700464598,1.9143328637829392e-08,5403.500266290667,5411.4636350838655,5783.560360255933,5776.109838364586,0.004000627059564605,0.0008766449709724909,0.03665578908592462,0
13.522000000001185,0.0,0.0,1.0,0.0,0.003981707311570939,1.2247673208113647e-14,1.000008911295398,-0.0010014913208390382,-1.3583279088032752e-16,7.038784860748458e-06,-0.0008049123550277568,-5.958501957597936e-15,-3.1966876665903776e-05,3.4801032417971625e-14,-0.004701144852033704,-2.855440585746416e-18,-3.4854699979983816e-15,-0.03591476575157821,1.932324851563866e-15,-7.889567928356459e-17,0.0006527856909842957,1.8687246390948467e-18,68.66977646301532,-5.820946083069607e-07,9.661344986639231e-05,1.8224628257644993e-08,5403.49947610184,5411.46283938818,5783.56145135278,5776.110945549867,0.003981717283560342,0.0010015160558913857,0.035914765747310555,0
13.542000000001192,0.0,0.0,1.0,0.0,0.003960327962381963,1.2245146204480648e-14,1.000009046871561,-0.001123783317773218,-1.1894787856163215e-16,6.566738359676515e-06,-0.0006472813755455688,-5.9779018982334304e-15,-3.1294975791891884e-05,3.491433664637267e-14,-0.003780490237789378,-2.303717828371476e-18,-3.481277578963234e-15,-0.035158450443376656,1.940277668700468e-15,6.175239333200885e-17,0.000665815013778752,1.2275801721798387e-17,68.6697810846507,-5.516917074762027e-07,9.156748697231193e-05,1.730698206796682e-08,5403.498691223796,5411.462049020466,5783.562544955607,5776.112055211261,0.003960338295589091,0.0011238025037158736,0.035158450441482185,0
13.562000000001198,0.0,0.0,1.0,0.0,0.0039365317052991585,1.224289996763964e-14,1.000009173054673,-0.0012434376748999302,-1.079190979303688e-16,6.099085477164345e-06,-0.0004915984925192873,-5.992577289972321e-15,-3.0613003690727004e-05,3.5000046789911725e-14,-0.002871213731829542,-1.7539270042196677e-18,-3.405875938333745e-15,-0.03438764581921289,1.9559182071125198e-15,3.986827392389373e-17,0.0006781445708759761,1.1093862111595104e-17,68.66978579519683,-5.213604167542559e-07,8.65334067106829e-05,1.639100706391835e-08,5403.497912119012,5411.46126444713,5783.563640184302,5776.113166457526,0.003936542392983662,0.001243452632875174,0.03438764581917569,0
13.582000000001205,0.0,0.0,1.0,0.0,0.003910371829107455,1.2240933832713807e-14,1.0000092899355644,-0.0013604060799525062,-9.189700894713041e-17,5.6360933025318035e-06,-0.0003379486079808148,-6.008444310979379e-15,-2.9921677619019347e-05,3.509271668661992e-14,-0.0019738112111829555,-1.208926699346179e-18,-3.2556367877927218e-15,-0.03360315258779665,1.970499371114678e-15,1.6751592223468227e-16,0.0006897762820123717,1.406627351823168e-17,68.66979058900424,-4.911219667965135e-07,8.151473254817906e-05,1.5477311510254173e-08,5403.4971392401685,5411.460486124702,5783.564736173146,5776.114278412013,0.003910382864219304,0.0013604177549265738,0.03360315258346991,0
13.602000000001212,0.0,0.0,1.0,0.0,0.0038819025585107043,1.2239236069548742e-14,1.0000093976102722,-0.001474642976287577,-8.044108400012681e-17,5.178016598500975e-06,-0.0001864137868822569,-6.022535533766114e-15,-2.9221700605279585e-05,3.517501488159237e-14,-0.0010887619822217741,-6.684125645958566e-19,-3.031799900318064e-15,-0.03280576895195657,1.9865076870233675e-15,1.8431274820906092e-16,0.0007007125510961566,1.0877567166316026e-17,68.66979546049389,-4.609971873317417e-07,7.651492144653887e-05,1.4566494650336533e-08,5403.4963730299805,5411.459714499671,5783.5658320712455,5776.11539021309,0.003881913933725319,0.0014746520672247328,0.0328057689559678,0
13.622000000001218,0.0,0.0,1.0,0.0,0.0038511789991235415,1.2237788116239029e-14,1.000009496179795,-0.0015861055531176625,-6.77285318892793e-17,4.7250979957398895e-06,-3.70732410760557e-05,-6.0375805061202185e-15,-2.8513761345713947e-05,3.5262883481249964e-14,-0.00021652868711174623,-1.3326332111788387e-19,-2.739931273337093e-15,-0.031996290059692845,2.0033113596044714e-15,2.6170429190346596e-16,0.0007109562568583308,1.3675818434601753e-17,68.66980040416095,-4.310064982647064e-07,7.153736235165949e-05,1.365914646017561e-08,5403.495613921065,5411.458950008327,5783.566927042956,5776.116501014581,0.0038511907068750698,0.0015861125912689034,0.031996290054595054,0
13.642000000001225,0.0,0.0,1.0,0.0,0.0038182570826792257,1.2236557240207776e-14,1.0000095857498514,-0.0016947537338732257,-5.724760369797056e-17,4.277568200252983e-06,0.0001099966843496026,-6.048821411533062e-15,-2.779853413261345e-05,3.5328534150097737e-14,0.0006424427759804546,3.961297279331228e-19,-2.4021055934670542e-15,-0.031175507466074483,2.017962452193522e-15,3.046725521467278e-16,0.0007205107432968362,1.00178321129847e-17,68.66980541457785,-4.011699008377664e-07,6.658537475833148e-05,1.2755847369267781e-08,5403.49486233578,5411.458193076613,5783.568020268269,5776.117609986147,0.0038182691151921557,0.001694759132168034,0.03117550746836965,0
13.662000000001232,0.0,0.0,1.0,0.0,0.003783193512490468,1.2235507373317406e-14,1.0000096664306464,-0.00180055016273226,-4.91350944001492e-17,3.83564621272144e-06,0.00025472252240720254,-6.056564578647128e-15,-2.70766788213246e-05,3.5373756027086906e-14,0.001487723319081119,9.185032853432727e-19,-2.0405718365711715e-15,-0.03034420860620716,2.0252646257489734e-15,3.1535674114032324e-16,0.0007293798099297857,4.793339670583752e-18,68.6698104863974,-3.7150696960254857e-07,6.16622073468133e-05,1.1857168000930367e-08,5403.494118686088,5411.457444119987,5783.569110943179,5776.118716313668,0.003783205861809717,0.0018005542481961039,0.030344208608246968,0
13.682000000001239,0.0,0.0,1.0,0.0,0.0037460457091994578,1.2234611027653868e-14,1.0000097383366369,-0.0019034601893558238,-3.995279223082454e-17,3.3995395586162977e-06,0.00039703369324595845,-6.069869753853805e-15,-2.6348840821200994e-05,3.545146314778061e-14,0.0023189007171672093,1.4348076593809422e-18,-1.657849205705394e-15,-0.02950317627948924,2.0307143142493005e-15,3.927952849989054e-16,0.0007375677018625766,8.045712406946824e-18,68.6698156143555,-3.420368447169193e-07,5.6771036694641875e-05,1.0963668907395298e-08,5403.493383373407,5411.4567035432765,5783.570198280043,5776.119819199592,0.0037460583672190855,0.0019034632251062062,0.029503176283464685,0
13.702000000001245,0.0,0.0,1.0,0.0,0.0037068717568525533,1.223383811216588e-14,1.0000098015863073,-0.0020034518518689984,-3.670001291864679e-17,2.9694445280469104e-06,0.0005368625109170215,-6.071872500595513e-15,-2.5615651120103877e-05,3.546315769199846e-14,0.0031355796476602946,1.9407634626893072e-18,-1.2589457916651941e-15,-0.028653188145359325,2.0372674956002456e-15,3.422092712139616e-16,0.0007450790996829347,5.4835597142469686e-18,68.6698207932737,-3.127782241005797e-07,5.1914966061457194e-05,1.0075900328126293e-08,5403.492656788496,5411.4559717405455,5783.571281507883,5776.120917863262,0.0037068847153432323,0.0020034540524699147,0.028653188142314667,0
13.722000000001252,0.0,0.0,1.0,0.0,0.0036657303493342714,1.2233137252297725e-14,1.0000098563019468,-0.002100495858127247,-3.5058667201808245e-17,2.54554642384634e-06,0.0006741441878984401,-6.0753892965174225e-15,-2.487772633663887e-05,3.5483695123852444e-14,0.003937381716835572,2.438449280274797e-18,-8.831453108926753e-16,-0.027795016230726416,2.041255780075781e-15,2.827059249532863e-16,0.0007519191091929431,-3.879269864529145e-19,68.66982601806146,-2.8374935738501775e-07,4.7097024246385315e-05,9.194401948734534e-09,5403.491939311307,5411.455249094967,5783.572359872704,5776.122011541218,0.003665743599969647,0.002100497400573568,0.027795016224907407,0
13.742000000001259,0.0,0.0,1.0,0.0,0.0036226807371944367,1.2232437748940132e-14,1.0000099026094311,-0.002194565565308793,-3.447919036325143e-17,2.1280198174119066e-06,0.0008088168374115047,-6.07536752385161e-15,-2.4135668788567846e-05,3.548356531195158e-14,0.004723945473330783,2.9255632608131062e-18,-6.063146488351107e-16,-0.02692942644926451,2.0352428494801444e-15,2.25379846390342e-16,0.0007580932509874463,-5.219162360234424e-18,68.66983128371828,-2.549680387615273e-07,4.2320164518817055e-05,8.31970263206348e-09,5403.491231310882,5411.454535978695,5783.573432637764,5776.123099487482,0.003622694271576498,0.0021945665970545176,0.026929426451536932,0
13.762000000001265,0.0,0.0,1.0,0.0,0.0035777826749015117,1.2231754442743068e-14,1.0000099406380127,-0.002285636957874322,-3.368317802205851e-17,1.717028810877995e-06,0.0009408214735614278,-6.075070654938881e-15,-2.3390066599381085e-05,3.548182877623436e-14,0.005494926408947613,3.402869100277994e-18,-3.7083281871909434e-16,-0.026057178132740118,2.02686540585145e-15,1.9972422130501886e-16,0.0007636074498901529,-6.8340747198880045e-18,68.66983658533553,-2.264516013699378e-07,3.758726362162919e-05,7.452320204998329e-09,5403.490533145212,5411.453832752753,5783.574499083832,5776.124180973816,0.0035777964845851024,0.0022856376028121614,0.02605717813242165,0
13.782000000001272,0.0,0.0,1.0,0.0,0.003531096368554299,1.2231094783285071e-14,1.000009970520113,-0.0023736886239357456,-3.387198844226506e-17,1.3127273045433986e-06,0.0010701020093362918,-6.076184665635385e-15,-2.264149381299038e-05,3.5488332565051473e-14,0.006249996946943776,3.871174659438553e-18,-1.3683140163564145e-16,-0.025179023574530446,2.020693681970652e-15,1.6983358056122283e-16,0.0007684680242555085,-6.21834614173812e-18,68.6698419180982,-1.9821691158748697e-07,3.290112084672131e-05,6.592761214703921e-09,5403.489845161146,5411.453139766914,5783.57555850942,5776.12525528996,0.003531110445070882,0.0023736889869262466,0.025179023579869942,0
13.802000000001279,0.0,0.0,1.0,0.0,0.0034826824240833756,1.2230441755444528e-14,1.000009992391122,-0.0024587017300764986,-3.2242139927136065e-17,9.152592689311469e-07,0.0011966052524993755,-6.076400117796586e-15,-2.1890510534716288e-05,3.548958826277024e-14,0.006988846418020994,4.328962504744418e-18,9.299383271321386e-17,-0.024295707585477506,2.0150837293350452e-15,2.1314253778466116e-16,0.0007726816751503652,-2.557276620193061e-18,68.66984727728615,-1.7028036384239772e-07,2.8264457181197186e-05,5.741520718011984e-09,5403.489167694274,5411.452457359594,5783.576610231,5776.126321743839,0.0034826967589641784,0.0024587019004305294,0.024295707583428108,0
13.822000000001285,0.0,0.0,1.0,0.0,0.0034326017959727517,1.2229751736535922e-14,1.0000100063892021,-0.0025406599946659527,-3.4504579752328886e-17,5.247590201985318e-07,0.0013202808994106769,-6.0715292205681065e-15,-2.1137663091510805e-05,3.546113682416171e-14,0.007711181024218121,4.7725547479066694e-18,2.727821563649864e-16,-0.02340796706221384,2.007923498555403e-15,1.6518217705840706e-16,0.000776255475418804,-7.909301731264404e-18,68.66985265827569,-1.4265787595098208e-07,2.367991452661791e-05,4.899082041745676e-09,5403.488501068828,5411.451785857765,5783.577653583193,5776.127379661781,0.0034326163807714117,0.002540660048858963,0.023407967060079228,0
13.842000000001292,0.0,0.0,1.0,0.0,0.003380915736531406,1.2229001021597677e-14,1.0000100126550986,-0.0026195496597114618,-3.907570486053575e-17,1.413514979340108e-07,0.0014410815268148993,-6.06753328838628e-15,-2.0383484203096327e-05,3.5437795675474435e-14,0.008416723790927118,5.2057959490528206e-18,3.825157041149066e-16,-0.022516530568082383,1.9945111194430795e-15,6.724573403186812e-17,0.0007791968586475767,-1.3447399652056786e-17,68.66985805654035,-1.153648850006298e-07,1.915005498672364e-05,4.0659165923738585e-09,5403.487845597591,5411.451125576837,5783.578687918946,5776.128428388667,0.0033809305628462443,0.002619549663525141,0.02251653056201395,0
13.862000000001299,0.0,0.0,1.0,0.0,0.0033276857457434543,1.2228226088714379e-14,1.0000100113319548,-0.002695359461291481,-4.117128004215241e-17,-2.3484745531971936e-07,0.0015589625816335687,-6.065958725952328e-15,-1.9628493172112715e-05,3.5428596686666935e-14,0.00910521450725203,5.630169864284502e-18,4.969072446116425e-16,-0.021622117926762278,1.9830568392022164e-15,5.113545197816159e-17,0.0007815136080357634,-1.2809722756177648e-17,68.669863467652,-8.841634328207918e-08,1.4677360226701035e-05,3.2424836360808388e-09,5403.4872015818055,5411.4504768205925,5783.579712609678,5776.129467288101,0.0033277008052395095,0.0026953594715226448,0.021622117928965165,0
13.882000000001305,0.0,0.0,1.0,0.0,0.0032729735217248554,1.2227379035151496e-14,1.000010002565134,-0.0027680805986138803,-4.3994296012717016e-17,-6.037308137051957e-07,0.0016738823688001768,-6.06191163375171e-15,-1.8873196086862473e-05,3.540495674373282e-14,0.009776409654938105,6.041166770118967e-18,5.481953614054e-16,-0.020725439828702803,1.9676639104342957e-15,2.165102790707801e-17,0.0007832138451813291,-1.3912495278998752e-17,68.66986888728145,-6.18267148099158e-08,1.0264230901512475e-05,2.4292301156787216e-09,5403.486569311095,5411.449839881095,5783.580727045414,5776.13049574254,0.003272988806155814,0.0027680806644520806,0.020725439820914966,0
13.902000000001312,0.0,0.0,1.0,0.0,0.0032168409118136566,1.2226521026659089e-14,1.0000099865020455,-0.0028377067017437744,-4.4167615894384193e-17,-9.652000880811561e-07,0.001785802037178001,-6.0624192734733235e-15,-1.8118086032663437e-05,3.540791898958432e-14,0.010430082326102746,6.445631967243129e-18,6.455890917054207e-16,-0.019827197450454,1.960296548548601e-15,7.623412918374256e-17,0.0007843060187937946,-5.067346951032143e-18,68.66987431119918,-3.560997257692174e-08,5.91298615262e-06,1.6265904553843742e-09,5403.485949063396,5411.449215038611,5783.581730634907,5776.131513153406,0.003216856413043831,0.0028377068658923775,0.01982719745255493,0
13.922000000001319,0.0,0.0,1.0,0.0,0.003159349864319903,1.222557053458211e-14,1.0000099632919772,-0.0029042337980455047,-5.1363519923279116e-17,-1.3191650464664063e-06,0.0018946855636009564,-6.052026260977298e-15,-1.736364331379319e-05,3.534721533947007e-14,0.011066022130004101,6.826908859132529e-18,6.629575193732962e-16,-0.01892808208697308,1.947512057316793e-15,-6.538966440069563e-17,0.0007847988933423163,-1.7709745675605675e-17,68.66987973527549,-9.77959541099834e-09,1.6258631729941206e-06,8.349863830278877e-10,5403.485341104874,5411.448602561553,5783.582722805713,5776.132518941186,0.003159365574346409,0.0029042340976419647,0.01892808208769845,0
13.942000000001325,0.0,0.0,1.0,0.0,0.0031005623809604336,1.2224461122763787e-14,1.0000099330859327,-0.002967660277383618,-5.74726561168913e-17,-1.665543436373281e-06,0.0020004997350786587,-6.043573102596202e-15,-1.6610335685785377e-05,3.529784153582572e-14,0.011684035089087752,7.198108128034659e-18,4.927040313651991e-16,-0.018028774796976118,1.9224405303734456e-15,-1.813762711130064e-16,0.0007847015376478145,-2.5322691458278936e-17,68.66988515548107,1.5651433470767745e-08,-2.5949831602396473e-06,5.482674728252816e-11,5403.484745689881,5411.448002706414,5783.583703004295,5776.133512545515,0.0031005782919357443,0.002967660744761023,0.01802877478830966,0
13.962000000001332,0.0,0.0,1.0,0.0,0.0030405404700028825,1.222333808733022e-14,1.0000098960364754,-0.003027986856127993,-5.4733641250738856e-17,-2.004260709137302e-06,0.0021032141292076393,-6.0454321622339e-15,-1.5858618589826077e-05,3.530869685387255e-14,0.012283943524556614,7.570017171279948e-18,3.5531238851391445e-16,-0.01712994606139064,1.898443875212198e-15,-6.170334313292698e-17,0.0007840233134300009,-1.5964010771314562e-17,68.66989056788688,4.067062876440167e-08,-6.7474805872417595e-06,-7.134926262590863e-10,5403.484163060891,5411.447415717708,5783.584670696052,5776.134493425224,0.0030405565742579552,0.0030279875194499854,0.01712994605723472,0
13.982000000001339,0.0,0.0,1.0,0.0,0.0029793461001423123,1.222224251548561e-14,1.0000098522975784,-0.0030852165400083267,-5.548109700471395e-17,-2.335249747707323e-06,0.0022028010928311797,-6.044996051879748e-15,-1.5108935399936045e-05,3.530614710662856e-14,0.012865585931712052,7.927883511858014e-18,3.053204635250005e-16,-0.01623225545495706,1.884416872486517e-15,-4.991346443504005e-17,0.0007827738638171074,-1.3775792631641381e-17,68.66989596866425,6.52660047299533e-08,-1.0829639700732682e-05,-1.4695891081442832e-09,5403.4835934484545,5411.44684182794,5783.585625365382,5776.135461058391,0.0029793623902104925,0.0030852174238021435,0.016232255460739593,0
14.002000000001345,0.0,0.0,1.0,0.0,0.002917041155132989,1.2221140046875977e-14,1.0000098020244779,-0.0031393545858634272,-5.596076837461227e-17,-2.658450597487097e-06,0.0022992357189909893,-6.043249506445125e-15,-1.4361717666003614e-05,3.5295943698724147e-14,0.013428816845318775,8.272559741771334e-18,2.77360408494883e-16,-0.015336351331015652,1.868899443863872e-15,-3.450780537323187e-17,0.0007809631018278014,-1.177144332196048e-17,68.6699013540848,8.942607571260137e-08,-1.4839554116424245e-05,-2.213093390044604e-09,5403.483037071176,5411.44628125755,5783.586566515701,5776.136414942371,0.0029170576237749347,0.0031393557114703188,0.01533635133414974,0
14.022000000001352,0.0,0.0,1.0,0.0,0.002853687389196905,1.2220003082720393e-14,1.0000097453735317,-0.0031904084623308347,-5.81823276369135e-17,-2.9738102014112487e-06,0.002392495822214509,-6.039624764114057e-15,-1.3617385362453589e-05,3.527477058795374e-14,0.013973506695249209,8.602941478180996e-18,2.2568095243496076e-16,-0.014442870519503787,1.8555727216240337e-15,-7.177310797911133e-17,0.00077860119883524,-1.2692813574731711e-17,68.66990672052003,1.1313985700349572e-07,-1.877540058013348e-05,-2.9436496471746804e-09,5403.482494135656,5411.445734214903,5783.587493669438,5776.137354593789,0.0028537040294267938,0.0031904098482889802,0.014442870523856321,0
14.042000000001359,0.0,0.0,1.0,0.0,0.0027893463832297377,1.2218819832837345e-14,1.0000096825020868,-0.0032383878095223004,-6.070654490027938e-17,-3.2812821401398145e-06,0.0024825619121820602,-6.0372296520963195e-15,-1.287634713982912e-05,3.5260779217396476e-14,0.01449954165266572,8.923259895509397e-18,1.249676503586443e-16,-0.01355243803818077,1.842869483742042e-15,-1.2445580613531616e-16,0.0007756985730198889,-1.3164954821728941e-17,68.66991206444115,1.3639686502778788e-07,-2.263543901102914e-05,-3.660915636036227e-09,5403.4819648365,5411.445200896246,5783.588406368055,5776.138279548549,0.002789363188343081,0.0032383894718941895,0.013552438040768259,0
14.062000000001365,0.0,0.0,1.0,0.0,0.0027240795018240263,1.2217593407150655e-14,1.0000096135683467,-0.0032833043977307883,-5.991523613304257e-17,-3.5808263770552362e-06,0.0025694171658187026,-6.037150377472116e-15,-1.2139000572802924e-05,3.5260313639616317e-14,0.015006823467002653,9.23532763892391e-18,-3.383025881082688e-17,-0.012665666817086052,1.8245845145507423e-15,-9.78467065544549e-17,0.0007722658778216204,-1.4043346622756488e-17,68.66991738241845,1.5918711731056856e-07,-2.6418012483134264e-05,-4.364562819452133e-09,5403.48144935627,5411.4446814857065,5783.589304171995,5776.139189361807,0.0027240964654274254,0.003283306350384605,0.012665666804580181,0
14.082000000001372,0.0,0.0,1.0,0.0,0.0026579478511284385,1.2216413649830513e-14,1.0000095387312484,-0.003325172085214605,-5.939030355760769e-17,-3.872409008959105e-06,0.0026530473978560593,-6.03684384689205e-15,-1.1405732410219433e-05,3.5258520775195715e-14,0.015495269294012666,9.535436506900033e-18,-1.1817676143769924e-16,-0.011783157436226202,1.812973994753722e-15,-8.764070492903416e-17,0.0007683139903989353,-8.195402355792595e-18,68.66992267112083,1.8150113200505616e-07,-3.012154714579099e-05,-5.054276493902191e-09,5403.480947865508,5411.444176155287,5783.590186660662,5776.1400836079265,0.002657964967171711,0.0033251743400672957,0.011783157426718472,0
14.102000000001379,0.0,0.0,1.0,0.0,0.0025910122375610786,1.2215236795738668e-14,1.0000094581503418,-0.003364006775104258,-5.901807852882683e-17,-4.156002023043056e-06,0.0027334410299097982,-6.03648532021937e-15,-1.0676918821704289e-05,3.5256424240327484e-14,0.01596481151514415,9.82379793406749e-18,-2.0866283980178246e-16,-0.010905497876477658,1.8061648600620787e-15,-9.063820545156841e-17,0.0007638540001043622,-4.696143232227418e-18,68.6699279273152,2.0332992696910202e-07,-3.374455208417757e-05,-5.729755847752106e-09,5403.480460522716,5411.443685064858,5783.591053432359,5776.1409618804355,0.0025910295003722275,0.003364009342332474,0.010905497878913298,0
14.122000000001385,0.0,0.0,1.0,0.0,0.002523333127393881,1.2214092788872162e-14,1.0000093719856746,-0.0033998263714775227,-5.513141745189014e-17,-4.431583060141733e-06,0.0028105890581187985,-6.0389046474702646e-15,-9.952925642594287e-06,3.527055192944137e-14,0.01641539754851866,1.010510946315753e-17,-2.672184329691294e-16,-0.01003326328368182,1.8035620055177425e-15,-2.9752793526099587e-18,0.0007588971969830382,9.831144232907847e-19,68.6699331478656,2.2466501856068337e-07,-3.728561912053009e-05,-6.390714064727042e-09,5403.4799874743785,5411.443208362176,5783.591904104233,5776.141823791956,0.002523350531717476,0.003399829259701498,0.010033263296208055,0
14.142000000001392,0.0,0.0,1.0,0.0,0.0024549706072242313,1.2212994800260863e-14,1.000009280397681,-0.003432650734648161,-5.41240532379401e-17,-4.6991351847204254e-06,0.0028844850193924295,-6.040963912159694e-15,-9.234108607705383e-06,3.528257666901428e-14,0.016846989651779467,1.0374327751841009e-17,-2.790520585567432e-16,-0.009167015745900063,1.8057668921506596e-15,4.230879825418689e-19,0.0007534550603034794,4.403845122316015e-18,68.66993832973262,2.45498420209605e-07,-4.074342255750782e-05,-7.036878411396471e-09,5403.479528854967,5411.4427461829,5783.592738312184,5776.142668974124,0.0024549881482638625,0.003432653951092659,0.009167015757218054,0
14.162000000001399,0.0,0.0,1.0,0.0,0.0023859843453490344,1.2211958386259045e-14,1.0000091835470761,-0.0034625016357135853,-4.9544590572675176e-17,-4.958646662154177e-06,0.002955124956312647,-6.0458162775171565e-15,-8.520813591116618e-06,3.5310914679681164e-14,0.01725956471708413,1.0636926717734501e-17,-2.1997234607665077e-16,-0.008307304083787251,1.8144823413721587e-15,1.065612798865766e-16,0.0007475392471285426,1.3948050588684545e-17,68.66994346997237,2.658226403518033e-07,-4.4116718864601156e-05,-7.667990269180225e-09,5403.4790847869845,5411.442298650613,5783.593555710779,5776.1434970775,0.0023860020188146446,0.003462505186349325,0.008307304102923395,0
14.182000000001405,0.0,0.0,1.0,0.0,0.002316433554055564,1.2210969828928203e-14,1.0000090815947567,-0.003489402710406587,-4.8991552808775713e-17,-5.210110743116425e-06,0.003022507380737876,-6.046411512673177e-15,-7.813376835273257e-06,3.531438870982312e-14,0.01765311405851536,1.088053827412684e-17,-1.063007989197332e-16,-0.007454663654032047,1.8278464461130616e-15,1.0486978558409585e-16,0.000741161580934267,1.132649378132785e-17,68.66994856573554,2.856306804422581e-07,-4.74043463090884e-05,-8.283805209165714e-09,5403.478655380977,5411.441865876865,5783.594355973142,5776.144307771457,0.0023164513562166193,0.003489406600074974,0.0074546636675516965,0
14.202000000001412,0.0,0.0,1.0,0.0,0.002246376952842507,1.221002645168107e-14,1.0000089747016996,-0.0035133794122960632,-4.5976231983580643e-17,-5.453525455571833e-06,0.0030866332361558675,-6.0487924461827855e-15,-7.112125167518779e-06,3.532829222540793e-14,0.018027643192185788,1.111575480310815e-17,6.952385245950568e-17,-0.0066096161658053335,1.843754653988078e-15,1.8720068332580175e-16,0.0007343340402841133,1.5520126798129578e-17,68.66995361426655,3.049160320514416e-07,-5.0605224532391094e-05,-8.884093029138221e-09,5403.478240735592,5411.44144796121,5783.595138790842,5776.145100744064,0.002246394880588136,0.003513383644819581,0.006609616160913005,0
14.222000000001419,0.0,0.0,1.0,0.0,0.002175872732583742,1.2209096693936196e-14,1.0000088630288706,-0.0035344589653814166,-4.557519841135159e-17,-5.688893404882614e-06,0.003147505858832837,-6.050790813315228e-15,-6.417376217432019e-06,3.533996136122913e-14,0.018383171609313017,1.1338715848613697e-17,2.754073501079496e-16,-0.0057726695101483925,1.862058230805352e-15,2.1412755239902313e-16,0.00072706874756538,1.8335747324031698e-17,68.66995861290245,3.2367267430508957e-07,-5.37183540723316e-05,-9.468637778021535e-09,5403.477840937628,5411.441044991258,5783.595903873763,5776.145875701967,0.002175890783491258,0.003534463543661647,0.005772669527996094,0
14.242000000001426,0.0,0.0,1.0,0.0,0.0021049785206464773,1.2208159607645328e-14,1.0000087467371346,-0.003552670316125163,-4.702986897216448e-17,-5.916221581149032e-06,0.003205130937806517,-6.046746293977823e-15,-5.729438622689382e-06,3.531633672430439e-14,0.018719732542543117,1.1538587514085651e-17,4.989075006700116e-16,-0.004944317602223662,1.878448815528611e-15,2.0694050833475649e-16,0.0007193779577972659,1.1404809177081554e-17,68.66996355907187,3.4189507062425234e-07,-5.6742815834136914e-05,-1.0037237771040548e-08,5403.4774560620845,5411.440657042748,5783.596650949962,5776.146632370233,0.0021049966930599996,0.0035526752422300944,0.004944317592206669,0
14.262000000001432,0.0,0.0,1.0,0.0,0.0020337513469745076,1.220714162836545e-14,1.0000086259871712,-0.003568044084967837,-5.1736242689795647e-17,-6.135521175063765e-06,0.0032595164737706673,-6.041785650097418e-15,-5.048612229233696e-06,3.52873614407744e-14,0.019037372725800288,1.1724749110777875e-17,6.44437711002727e-16,-0.004125040236342684,1.888095779175113e-15,1.294372697937288e-16,0.0007112740475152488,8.885440965580465e-18,68.6699684502939,3.595781650048477e-07,-5.967777050988836e-05,-1.058970561530794e-08,5403.477086172235,5411.440284179592,5783.597379765528,5776.147370492209,0.002033769640095776,0.003568049360209869,0.004125040218568303,0
14.282000000001439,0.0,0.0,1.0,0.0,0.001962247611146459,1.2206051560560838e-14,1.0000085009393918,-0.0035806125173691097,-5.67507173363314e-17,-6.346807401716294e-06,0.0033106727368987193,-6.034636485548723e-15,-4.375188280095165e-06,3.524560401767924e-14,0.019336152147941075,1.1894669287809675e-17,7.446510379759141e-16,-0.0033153029536798465,1.895576952580288e-15,5.430626391203354e-17,0.0007027695037402242,2.7840059955247206e-18,68.66997328417695,3.767173784824376e-07,-6.252245794794416e-05,-1.1125868174339305e-08,5403.476731319711,5411.439926453975,5783.598090084402,5776.148089829357,0.0019622660251404564,0.0035806181423749376,0.0033153030004242395,0
14.302000000001446,0.0,0.0,1.0,0.0,0.0018905230504180069,1.2204877359542944e-14,1.0000083717538597,-0.003590409434418633,-6.050088498304872e-17,-6.550099332389099e-06,0.003358612223654388,-6.029528335749881e-15,-3.709449592743168e-06,3.5215767275330895e-14,0.019616143800492654,1.2056691562501137e-17,7.916532481987489e-16,-0.002515556922568814,1.902571469744505e-15,2.444937997228448e-17,0.0006938769130388926,5.76023730899518e-18,68.6699780584176,3.933086048470756e-07,-6.52761964743938e-05,-1.1645566587546758e-08,5403.476391544568,5411.439583906433,5783.59878168823,5776.148790161081,0.0018905415865366445,0.0035904154091920327,0.0025155569387020453,0
14.322000000001452,0.0,0.0,1.0,0.0,0.0018186327087562164,1.2203640552724265e-14,1.0000082385902163,-0.0035974701830597897,-6.30665760500066e-17,-6.745419734471536e-06,0.003403349612636909,-6.026308021834216e-15,-3.0516707310849444e-06,3.519695656322128e-14,0.01987743341975339,1.2210762338426306e-17,8.2553294550497e-16,-0.001726238831273598,1.9097556332174545e-15,2.9311482920729824e-17,0.0006846089506825031,3.5816217700867845e-18,68.66998277079942,4.093482064276122e-07,-6.793838216710299e-05,-1.2148656200685206e-08,5403.4760668753925,5411.439256565933,5783.599454376167,5776.149471284544,0.0018186513694841914,0.003597476507038181,0.0017262388949379917,0
14.342000000001459,0.0,0.0,1.0,0.0,0.0017466309068732595,1.2202367783208128e-14,1.0000081016076086,-0.0036018315859690704,-6.522038176889681e-17,-6.932794919761031e-06,0.003444901719508566,-6.0243286625287316e-15,-2.4021181662605527e-06,3.518539373744065e-14,0.020120119223534145,1.2355784464243785e-17,8.944978291951588e-16,-0.0009477707931186999,1.921269324000636e-15,5.395520136616509e-17,0.0006749783699090469,1.1648729149023256e-17,68.66998741919184,4.248330093590857e-07,-7.050848808326758e-05,-1.263500657689765e-08,5403.4757573294,5411.438944450007,5783.6001079646985,5776.150133014489,0.0017466496961012956,0.0036018382580746,0.00094777065993017,0
14.362000000001466,0.0,0.0,1.0,0.0,0.0016745712132659382,1.2201038550511452e-14,1.0000079609646193,-0.003603531891133471,-6.809760677275089e-17,-7.112254600424212e-06,0.0034832874510522163,-6.0193735574153706e-15,-1.7610504264271404e-06,3.515645094863314e-14,0.020344311642818996,1.248318437070755e-17,9.729626365530384e-16,-0.00018056026385394262,1.9373328377177656e-15,6.350816891191695e-17,0.0006649979912960179,1.4148715936437077e-17,68.66999200154879,4.3976029871965246e-07,-7.29860634425444e-05,-1.3104501402836679e-08,5403.475462912536,5411.438647564824,5783.600742287437,5776.150775183026,0.0016745901364980705,0.0036035389098192723,0.0001805605108827789,0
14.382000000001472,0.0,0.0,1.0,0.0,0.0016025064162665892,1.2199635012551224e-14,1.0000078168192013,-0.0036026107211678997,-7.142583361370389e-17,-7.283831753190444e-06,0.003518527758406339,-6.0143494460025504e-15,-1.1287182366229643e-06,3.512710515660269e-14,0.020550133048622844,1.2598950136270007e-17,1.0370049056857392e-15,0.0005750000288760294,1.9486123453758728e-15,6.397408892360102e-17,0.0006546806922518786,8.420547276587073e-18,68.66999651590763,4.5412781318372437e-07,-7.53707327672593e-05,-1.355703844193531e-08,5403.475183619608,5411.4383659053365,5783.601357194925,5776.151397639431,0.001602525480870121,0.0036026180844600923,0.0005749999123842919,0
14.402000000001479,0.0,0.0,1.0,0.0,0.001530488497110111,1.2198129122762086e-14,1.0000076693286128,-0.0035991090224138556,-7.956683860864832e-17,-7.447562491291188e-06,0.003550645589524882,-6.0052400644921405e-15,-5.053646473890808e-07,3.507389917640816e-14,0.02073771747432209,1.2694697622473344e-17,1.0499122719940665e-15,0.0013185321440962443,1.95765417805124e-15,-6.448982809779758e-17,0.0006440393966273364,2.1319636590881617e-18,68.67000096038785,4.679337397845499e-07,-7.76621949797189e-05,-1.3992529483744191e-08,5403.474919434391,5411.438099455396,5783.601952554412,5776.152000249935,0.0015305077126194883,0.0035991167279497732,0.0013185322624830378,0
14.422000000001486,0.0,0.0,1.0,0.0,0.001458568604021043,1.2196449258130892e-14,1.000007518649357,-0.0035930690138605424,-8.48563493000805e-17,-7.603485944166534e-06,0.0035796658409092364,-5.997173635055704e-15,1.0877484405720726e-07,3.502678464445573e-14,0.02090721033373484,1.2781261444526028e-17,8.94690564179955e-16,0.002049672974242521,1.9586399131952016e-15,-1.190676565943655e-16,0.0006330870644571687,3.8478286955608567e-19,68.67000533318989,4.811767080061822e-07,-7.986022245916628e-05,-1.4410900217786978e-08,5403.474670329774,5411.437848187878,5783.602528249649,5776.152582897497,0.0014585879825104995,0.0035930770589236286,0.002049672976303449,0
14.442000000001492,0.0,0.0,1.0,0.0,0.0013867970273237938,1.2194751045428752e-14,1.0000073649371217,-0.0035845341359287525,-8.56008009987686e-17,-7.751644144758548e-06,0.0036056153086593008,-5.995253512500239e-15,7.134721897954781e-07,3.5015567950700215e-14,0.02105876813522473,1.2869791043274232e-17,8.083529300195479e-16,0.0027680742802309905,1.959221718277006e-15,-5.827869897294064e-17,0.0006218366818351751,1.6055235767654315e-18,68.67000963259395,4.938557839768984e-07,-8.196466005922539e-05,-1.4812090163719284e-08,5403.474436267902,5411.43761206485,5783.603084180651,5776.153145481575,0.0013868165838685801,0.0035845425174804994,0.0027680742589138952,0
14.462000000001499,0.0,0.0,1.0,0.0,0.0013152231755783302,1.2193045181431308e-14,1.000007208346723,-0.0035735489991574796,-8.663052900010853e-17,-7.892081924337011e-06,0.0036285226388904383,-5.9933134893438055e-15,1.308506689193012e-06,3.500423505859822e-14,0.021192558192102046,1.2947363275944141e-17,8.012603681838818e-16,0.003473402715012742,1.965784543657916e-15,-9.13400661544022e-18,0.0006103012509285938,5.697285211550306e-18,68.67001385695868,5.059704644871132e-07,-8.397542408748676e-05,-1.5196052572632206e-08,5403.474217200306,5411.437391037691,5783.603620263464,5776.153687917892,0.0013152429288313346,0.0035735577138667463,0.003473402720195357,0
14.482000000001506,0.0,0.0,1.0,0.0,0.0012438955527428312,1.219131486118541e-14,1.000007049032051,-0.0035601593328326206,-8.647968513769675e-17,-8.024846814196249e-06,0.0036484182775627884,-5.9921473254243155e-15,1.8936649035439769e-06,3.499742196101998e-14,0.02130875832959316,1.3015820639361161e-17,8.43261021430718e-16,0.004165339835776567,1.9736539427073416e-15,7.315963353504772e-17,0.0005984937801370962,8.066287287221866e-18,68.67001800472009,5.175206703559606e-07,-8.589250124790395e-05,-1.55627542792539e-08,5403.474013068081,5411.4371850472635,5783.604136429939,5776.154210138197,0.001243915525663318,0.003560168377102634,0.004165339815914555,0
14.502000000001512,0.0,0.0,1.0,0.0,0.001172861736364048,1.2189548946736344e-14,1.0000068871460164,-0.003544411933596556,-9.019112940268092e-17,-8.149988954627848e-06,0.0036653344197691935,-5.9874139687303734e-15,2.468740577181696e-06,3.496977453822186e-14,0.021407556588648635,1.3065838640529607e-17,9.222341477795426e-16,0.004843582104967813,1.9850654105505277e-15,5.530415529000453e-17,0.0005864272744010315,1.1662591399070441e-17,68.67002207439036,5.285067400133274e-07,-8.771594754789615e-05,-1.5912175613571576e-08,5403.473823802034,5411.436994024081,5783.604632627465,5776.154712090011,0.0011728819571496273,0.0035444213035898593,0.004843582130913854,0
14.522000000001519,0.0,0.0,1.0,0.0,0.0011021683567953198,1.2187696641719442e-14,1.000006722840499,-0.0035263546140768334,-9.426474399184559e-17,-8.267561010474335e-06,0.0036793049585276596,-5.981466373395531e-15,3.0335345719041916e-06,3.493503533359799e-14,0.02148915092685821,1.3102609576103303e-17,9.646521089307521e-16,0.005507840880299081,1.998667588043145e-15,3.060117121979929e-17,0.0005741147256646413,8.86148732381836e-18,68.6700260645566,5.389294225501279e-07,-8.944588717192873e-05,-1.624431022017537e-08,5403.473649322855,5411.436817888471,5783.605108818745,5776.155193736378,0.0011021888600894448,0.0035263643057384234,0.005507840896358445,0
14.542000000001526,0.0,0.0,1.0,0.0,0.001031861077441456,1.2185753969846103e-14,1.0000065562662979,-0.0035060361515715094,-9.804533737966563e-17,-8.377618093332036e-06,0.0036903654331238173,-5.974950698207031e-15,3.587854809640628e-06,3.4896978269488715e-14,0.021553748916738075,1.3127680541660718e-17,9.654496712913024e-16,0.006157842393931916,2.0068827081852502e-15,1.6980081828847937e-17,0.0005615691034978095,8.03023968256909e-18,68.67002997387975,5.487898708437448e-07,-9.108251132178302e-05,-1.6559164937295613e-08,5403.473489541303,5411.436656550751,5783.605564981521,5776.155655055604,0.0010318819059206394,0.003506046160650381,0.006157842411756516,0
14.562000000001532,0.0,0.0,1.0,0.0,0.000961984576028943,1.218373537110468e-14,1.0000063875730845,-0.0034835062368281135,-1.0339686274129808e-16,-8.48021768979101e-06,0.0036985529770486116,-5.969178633384381e-15,4.131516221844434e-06,3.486326433450718e-14,0.021601567441654663,1.314409445716331e-17,9.492226616737692e-16,0.0067933277210141425,2.0117158709197083e-15,-4.181939699331801e-17,0.0005488033458811427,3.476698131314273e-18,68.67003380109344,5.580896343461987e-07,-9.262607702610341e-05,-1.685675963303571e-08,5403.473344358378,5411.436509911429,5783.60600110832,5776.156096040992,0.0009620057825228986,0.003483516558897407,0.0067933277070910195,0
14.582000000001539,0.0,0.0,1.0,0.0,0.0008925825268991995,1.2181632090955012e-14,1.0000062169093538,-0.003458815422952551,-1.0806442403285752e-16,-8.575419595831154e-06,0.0037039062655758927,-5.9633377383995274e-15,4.664340714849331e-06,3.4829148432211e-14,0.021632832389645917,1.3150237570896552e-17,9.006746786910007e-16,0.0074140527377632446,2.014592883930883e-15,-8.490679411467705e-17,0.0005358303501586113,-9.120277490638027e-19,68.67003754500287,5.668306517722395e-07,-9.407690591930456e-05,-1.713712702962214e-08,5403.473213665517,5411.436377861377,5783.606417206193,5776.156516700581,0.0008926041772743801,0.003458826053428487,0.007414052713538382,0
14.602000000001546,0.0,0.0,1.0,0.0,0.0008236975843218923,1.217944758763294e-14,1.0000060444223815,-0.003432015074483623,-1.0899819961253688e-16,-8.663285856619827e-06,0.0037064654630243484,-5.956778008205608e-15,5.186157134953433e-06,3.47908341790268e-14,0.0216477783453994,1.3144846884723457e-17,8.19399096547319e-16,0.008019788069290264,2.014891497491129e-15,-2.7604900036442798e-17,0.000522662964162832,2.3161706669846302e-18,68.67004120448371,5.750152435374349e-07,-9.54353829929673e-05,-1.740031252810369e-08,5403.473097344789,5411.436260282037,5783.606813296444,5776.1569170568655,0.0008237197614842361,0.0034320260086433876,0.008019788086831766,0
14.622000000001552,0.0,0.0,1.0,0.0,0.0007553713668246123,1.217724626348104e-14,1.0000058702581773,-0.0034031573166680216,-1.1157842332964991e-16,-8.743880711917e-06,0.0037062721697474574,-5.95527526474845e-15,5.696801250967076e-06,3.478205552640715e-14,0.02164664828064251,1.3140844071674639e-17,8.031078819522676e-16,0.008610319027363658,2.018567044342138e-15,-2.198538530876034e-17,0.000509313977514159,1.9715908877780024e-18,68.67004477848106,5.826461039637613e-07,-9.670195531885216e-05,-1.7646374019389515e-08,5403.472995269092,5411.4361570456285,5783.607189414355,5776.157297146525,0.0007553941764069614,0.003403168549666765,0.008610319040300803,0
14.642000000001559,0.0,0.0,1.0,0.0,0.0006876444425345241,1.21749942430935e-14,1.0000056945614426,-0.003372294984970198,-1.1378106178173362e-16,-8.817270546302906e-06,0.003703369368894977,-5.950381741381244e-15,6.196115738986506e-06,3.4753472908253814e-14,0.021629693243198918,1.3119761118094367e-17,7.940470077036872e-16,0.009185445538315648,2.0224273906628625e-15,-6.1110730816317215e-18,0.0004957961131004109,4.261013371022076e-18,68.67004826600838,5.897262937521459e-07,-9.787713074680375e-05,-1.7875381683897302e-08,5403.472907302383,5411.436068015351,5783.607545608913,5776.157657020137,0.0006876680211981942,0.003372306511857283,0.009185445547244563,0
14.662000000001566,0.0,0.0,1.0,0.0,0.0006205563155269199,1.2172690008464454e-14,1.0000055174755278,-0.003339481574850598,-1.1831845232050843e-16,-8.883523844226144e-06,0.0036978013729888058,-5.94580606919489e-15,6.683950177255873e-06,3.4726746754161937e-14,0.021597172044961276,1.3089960775899098e-17,7.884129835674325e-16,0.009744982061300311,2.026033827783032e-15,-5.939550344356597e-17,0.0004821220187392592,-2.175752625489225e-18,68.67005166614646,5.962592315900402e-07,-9.896147657865412e-05,-1.80874177888746e-08,5403.472833299854,5411.435993045601,5783.607881942528,5776.157996741904,0.0006205808434656567,0.003339493390585243,0.00974498205932968,0
14.682000000001572,0.0,0.0,1.0,0.0,0.0005541454131749504,1.2170291378977743e-14,1.000005339142391,-0.0033047711918450864,-1.2303174682671427e-16,-8.942711149538376e-06,0.0036896137703554197,-5.9395630730298586e-15,7.160161045765583e-06,3.469028256045187e-14,0.02154935094902685,1.3047262156910044e-17,7.155135377713836e-16,0.010288757497113724,2.0246681921631802e-15,-1.188398352247402e-16,0.00046830425902605945,-3.793626212326407e-18,68.67005497804247,6.022486862869942e-07,-9.995561821798295e-05,-1.8282576475020603e-08,5403.472773108191,5411.435931982202,5783.608198490754,5776.158316389355,0.0005541711336620746,0.0033047832913115343,0.010288757503268213,0
14.70200000000158,0.0,0.0,1.0,0.0,0.0004884490744941515,1.2167785035539173e-14,1.0000051597025574,-0.003268218501977628,-1.246847458110829e-16,-8.994905028715787e-06,0.003678853371456754,-5.934618243749425e-15,7.6246117361134965e-06,3.466140040958487e-14,0.02148650335624042,1.2998379376379816e-17,5.461924081284002e-16,0.010816615087790955,2.0208931723486797e-15,-1.0348965004471356e-16,0.00045435530736955264,-4.588541108544379e-19,68.67005820090897,6.076987683518909e-07,-0.0001008602377984054,-1.8460963522996583e-08,5403.4727265657675,5411.435884662615,5783.608495342005,5776.158616053067,0.0004884763258384937,0.0032682308799999683,0.01081661509021587,0
14.722000000001586,0.0,0.0,1.0,0.0,0.00042350353947475874,1.2165291211599503e-14,1.0000049792950783,-0.0032298786825377497,-1.2405117469565731e-16,-9.040180038324889e-06,0.0036655681551607485,-5.9340158194228166e-15,8.077172565279504e-06,3.4657880307226415e-14,0.021408909491385405,1.2950123232468899e-17,4.57640796766316e-16,0.011328412307198657,2.0193761228590615e-15,-3.824000516481074e-17,0.00044028753822289305,4.0138069191576787e-19,68.67006133402286,6.12613921672069e-07,-0.0001016760727923031,-1.8622696123244276e-08,5403.472693502893,5411.435850916184,5783.608772597253,5776.15889583636,0.0004235328102132406,0.003229891333894519,0.011328412294224302,0
14.742000000001592,0.0,0.0,1.0,0.0,0.000359343939394174,1.2162791233026961e-14,1.0000047980574924,-0.0031898073732531313,-1.2578173818107191e-16,-9.078612695623132e-06,0.003649807214992032,-5.930752159304455e-15,8.517720794000766e-06,3.463881718049328e-14,0.02131685608925926,1.288734825111125e-17,4.1205702636925415e-16,0.011824020742846884,2.023901484809501e-15,-4.233603965729805e-17,0.00042611321950635373,5.822637193897993e-18,68.67006437672471,6.16998915161456e-07,-0.00010240391459970813,-1.8767902654881477e-08,5403.472673742042,5411.4358305643655,5783.609030369766,5776.159155855021,0.0003593759704474194,0.0031898202926918186,0.011824020735606811,0
14.7620000000016,0.0,0.0,1.0,0.0,0.00029600428810135337,1.2160314984608444e-14,1.0000046161257874,-0.003148060627887309,-1.2274166790019108e-16,-9.110281452125434e-06,0.00363162070540276,-5.932195114532789e-15,8.946140652674205e-06,3.464724328662403e-14,0.02121063608086724,1.2826251043579846e-17,4.535359269692713e-16,0.012303325969141505,2.0361201776159637e-15,8.489770769788058e-17,0.0004118445052286106,1.2087048926301988e-17,68.67006732841756,6.208588337971831e-07,-0.00010304460711964828,-1.8896722406464242e-08,5403.472667098089,5411.435823420965,5783.6092687847795,5776.159396236989,0.0002960402796777392,0.0031480738101388878,0.01230332597071568,0
14.782000000001606,0.0,0.0,1.0,0.0,0.00023351747426429272,1.2157878444013256e-14,1.0000044336343608,-0.003104694866291463,-1.2191117115364957e-16,-9.135266670009886e-06,0.0036110597881029594,-5.9328176387863025e-15,9.362323367879294e-06,3.465087766972315e-14,0.021090548279963987,1.2754970752529115e-17,6.114986645440099e-16,0.012766227412307716,2.0544206432174803e-15,1.595349645220942e-16,0.0003974934283072335,1.7388604426244133e-17,68.6700701885663,6.241990703145067e-07,-0.00010359904530546402,-1.900930534693214e-08,5403.472673378553,5411.435829292386,5783.609487979238,5776.159617122061,0.0002335595596425449,0.0031047083060850816,0.012766227413597989,0
14.802000000001613,0.0,0.0,1.0,0.0,0.00017191525457121884,1.2155453449343232e-14,1.000004250715981,-0.003059766826938568,-1.209149850217462e-16,-9.153650600912117e-06,0.003588176578488967,-5.932825839519708e-15,9.766167201251543e-06,3.465092411034455e-14,0.02095689707016853,1.2674159247784577e-17,8.577777078692295e-16,0.013212638207212942,2.0785509650525914e-15,2.5806902656237077e-16,0.0003830718935913814,2.4384008980260376e-17,68.67007295669669,6.270253161336524e-07,-0.00010406817370453371,-1.91058118560486e-08,5403.472692383849,5411.435847977882,5783.609688101474,5776.159818661602,0.00017196779739427363,0.0030597805190165253,0.013212638219187969,0
14.82200000000162,0.0,0.0,1.0,0.0,0.00011122824787553267,1.2152991369511217e-14,1.0000040675017514,-0.0030133335199673266,-1.257275183315688e-16,-9.165517366789222e-06,0.0035630240922080287,-5.926147447741596e-15,1.0157577481378944e-05,3.46119172630211e-14,0.020809992092874947,1.2571147732832107e-17,1.1389744340421206e-15,0.013642485046322579,2.102821020616926e-15,2.1568673693575588e-16,0.00036859167108770215,1.7803167761618802e-17,68.67007563239456,6.293435526652692e-07,-0.00010445298498480063,-1.9186412454233435e-08,5403.472723907522,5411.435879269798,5783.609869310921,5776.16000101823,0.00011130259518968415,0.0030133474591004733,0.013642485057968959,0
14.842000000001626,0.0,0.0,1.0,0.0,5.148593027401795e-05,1.215041075739247e-14,1.000003884121073,-0.002965452180762558,-1.3078338959581926e-16,-9.170952942319144e-06,0.003535656191896281,-5.9185432953445535e-15,1.053646664207338e-05,3.4567503516205124e-14,0.020650147936176023,1.2458579881558821e-17,1.3516237723002559e-15,0.014055708021022791,2.119659045482236e-15,1.9076656684161109e-16,0.0003540643893923339,1.3231385355844868e-17,68.67007821530503,6.311600420842803e-07,-0.00010475451844850321,-1.9251287533955498e-08,5403.472767736524,5411.435922953832,5783.610031777814,5776.1601643655185,5.163223230396608e-05,0.0029654663617662705,0.014055708011971601,0
14.862000000001633,0.0,0.0,1.0,0.0,-7.283368892702477e-06,1.2147746380086621e-14,1.0000037007016072,-0.002916180224097879,-1.3582804995549635e-16,-9.170045139017683e-06,0.0035061275341267727,-5.9103410516498e-15,1.0902754267149076e-05,3.4519596637311686e-14,0.02047768382501404,1.2337407338970651e-17,1.5776772125404523e-15,0.01445226045554784,2.1341613964074703e-15,1.89889548928024e-16,0.0003395015293304348,1.4820534361374766e-17,68.67008070513174,6.324813185680454e-07,-0.00010497385853546203,-1.930062707384689e-08,5403.472823651453,5411.435978809292,5783.610175682893,5776.1603088876955,8.169617788636001e-06,0.0029161946418487586,0.014452260464903374,0
14.88200000000164,0.0,0.0,1.0,0.0,-6.505247012898202e-05,1.2144970280471222e-14,1.0000035173692376,-0.0028655751988656097,-1.4083631182712224e-16,-9.162883590352262e-06,0.003474493516603215,-5.904177739432078e-15,1.1256367134007472e-05,3.448359826932686e-14,0.020292923312767094,1.2213342876987149e-17,1.8010007503824908e-15,0.014832108733748682,2.1560330178931985e-15,2.1267146227385648e-16,0.00032491441780293373,2.102634157822414e-17,68.67008310163604,6.33314179092682e-07,-0.00010511213331525949,-1.9334630360268747e-08,5403.472891426815,5411.436046609355,5783.610301217093,5776.160434779329,6.514749232500095e-05,0.00286558984831908,0.014832108741182855,0
14.902000000001646,0.0,0.0,1.0,0.0,-0.00012179534597425213,1.2142035956049953e-14,1.0000033342480368,-0.002813694743418221,-1.516042609442564e-16,-9.14955973784226e-06,0.00344081022563479,-5.889302473291415e-15,1.1597239254435543e-05,3.439671741532777e-14,0.020096193974477292,1.206446787119586e-17,1.9670430675907986e-15,0.015195232118944722,2.1755804228036606e-15,9.084042309318111e-17,0.00031031422184499394,1.6198009833385814e-17,68.67008540463628,6.336656745488447e-07,-0.00010517051297223813,-1.9353505685679964e-08,5403.472970831288,5411.43612612133,5783.610408581256,5776.160542245028,0.00012184097632142702,0.0028137096196272143,0.015195232110430428,0
14.922000000001653,0.0,0.0,1.0,0.0,-0.00017748712230689713,1.2138939038060231e-14,1.0000031514602277,-0.0027605965415445403,-1.5640320996318744e-16,-9.130166817211323e-06,0.003405134383926132,-5.883114706084564e-15,1.1925311923824835e-05,3.436057630944309e-14,0.01988782710192004,1.1926832881054254e-17,2.088319363655485e-15,0.015541622567097926,2.1962316287932762e-15,1.5061893986523324e-16,0.00029571194289365225,2.083098698146709e-17,68.67008761400712,6.335430999307606e-07,-0.0001051502082817958,-1.9357470065025538e-08,5403.473061627985,5411.43621710693,5783.610497985813,5776.160631499137,0.00017751509875599323,0.0027606116396794726,0.015541622577316281,0
14.94200000000166,0.0,0.0,1.0,0.0,-0.00023210407877484858,1.2135728979363208e-14,1.0000029691261503,-0.0027063382791033823,-1.6378856392216412e-16,-9.104799844691338e-06,0.003367523298716304,-5.871914804288867e-15,1.2240533759728468e-05,3.4295161669457186e-14,0.019668157400711882,1.1772640677598804e-17,2.2569260496545776e-15,0.01587128453355359,2.215563339343727e-15,1.4959334559643416e-16,0.00028111841126938987,1.608009268273265e-17,68.67008972967876,6.329539860180874e-07,-0.00010505246908217477,-1.934674893306011e-08,5403.473163574716,5411.43631932252,5783.610569650502,5776.160702765423,0.00023212306885360913,0.002706353594473654,0.015871284534592755,0
14.962000000001666,0.0,0.0,1.0,0.0,-0.00028562364836628583,1.2132382810015239e-14,1.000002787364223,-0.002650977601336161,-1.7017789946176101e-16,-9.07355560354371e-06,0.0033280348102992996,-5.8626331566314e-15,1.254286075198266e-05,3.424095071952296e-14,0.019437522689647067,1.1616200170683464e-17,2.4571721614705934e-15,0.016184234773589875,2.239264955514158e-15,1.9782337450803973e-16,0.0002665442808690251,2.3027672062481023e-17,68.6700917516363,6.319060893495491e-07,-0.00010487858273975738,-1.932157585222456e-08,5403.473276424263,5411.436432519411,5783.610623804048,5776.160756276771,0.0002856372488058574,0.00265099312941345,0.01618423476640578,0
14.982000000001673,0.0,0.0,1.0,0.0,-0.0003380244161342541,1.212890375560418e-14,1.0000026062909106,-0.0025945720708793903,-1.7835166787639371e-16,-9.036532630563525e-06,0.0032867272409583025,-5.85192736274081e-15,1.283225630117865e-05,3.417842203202556e-14,0.019196263602450817,1.1451070081317563e-17,2.716402345921148e-15,0.016480502137021066,2.267743393037821e-15,2.158526063156191e-16,0.0002520000240720935,2.4077728642796808e-17,68.67009367991902,6.304073834373617e-07,-0.00010462987261191382,-1.9282192177540377e-08,5403.473399924633,5411.436556444108,5783.610660683868,5776.160792274878,0.00033803446370927077,0.002594587807323034,0.016480502131086087,0
15.00200000000168,0.0,0.0,1.0,0.0,-0.0003892861170894188,1.212519217978675e-14,1.0000024260206877,-0.002537179126497084,-1.9262639395801638e-16,-8.993831201432314e-06,0.00324365934434475,-5.8338360266191134e-15,1.3108691262379895e-05,3.407275783068786e-14,0.01894472329213078,1.1266082120288269e-17,2.8993656091343766e-15,0.016760127357098312,2.2927338333363635e-15,8.427463026188049e-17,0.00023749592686147838,1.821994185298582e-17,68.67009551461973,6.284660493680337e-07,-0.00010430769650682416,-1.9228846776565292e-08,5403.473533819345,5411.436690838591,5783.610680535771,5776.160811009943,0.0003892936764640979,0.002537195067181904,0.01676012735191489,0
15.022000000001686,0.0,0.0,1.0,0.0,-0.0004393896332755665,1.2121235653256533e-14,1.000002246666004,-0.0024788560425521603,-2.034930554477906e-16,-8.945553315398155e-06,0.0031988902553326164,-5.818551984763984e-15,1.3372143983456878e-05,3.3983489795773896e-14,0.018683247138104243,1.1081478123056983e-17,3.0050563153730313e-15,0.017023162833953945,2.310711693949029e-15,6.035784184452596e-17,0.00022304208415709455,1.1782589709675023e-17,68.67009725588416,6.260904662398975e-07,-0.00010391344514197503,-1.9161795695739688e-08,5403.473677847683,5411.436835440587,5783.610683613648,5776.160812740362,0.00043939537701046644,0.0024788721835991216,0.017023162832721,0
15.042000000001693,0.0,0.0,1.0,0.0,-0.0004883169900428351,1.211701093503374e-14,1.000002068337251,-0.0024196598892352312,-2.146020280763023e-16,-8.891802678904943e-06,0.0031524794403774968,-5.802639659132327e-15,1.3622600338827135e-05,3.3890552292827115e-14,0.018412182456273855,1.0890837456484947e-17,3.0053811694007447e-15,0.01726967241283357,2.3179588742267417e-15,3.602659004168453e-17,0.00020864839536466844,8.28166023713786e-18,68.67009890391022,6.23289202315544e-07,-0.00010344854060280546,-1.908130186659277e-08,5403.47383174498,5411.436989983836,5783.61067017918,5776.160797732418,0.0004883213703940042,0.0024196762270454145,0.017269672406204854,0
15.0620000000017,0.0,0.0,1.0,0.0,-0.0005360513515340146,1.2112619493985254e-14,1.000001891142727,-0.0023596474935681858,-2.242500814760701e-16,-8.832684687790811e-06,0.00310448664840917,-5.788328021013896e-15,1.3860053766001101e-05,3.3806963718846023e-14,0.01813187821221934,1.069858450051459e-17,3.0720475401370637e-15,0.017499731157362124,2.3323347501861133e-15,5.99935295857801e-17,0.00019432456013778216,1.5371668206967045e-17,68.67010045894743,6.200710054497488e-07,-0.00010291443480226369,-1.8987634771296277e-08,5403.473995242877,5411.437154198362,5783.610640501529,5776.160766259977,0.0005360546874174853,0.002359664024860619,0.017499731162080357,0
15.082000000001706,0.0,0.0,1.0,0.0,-0.0005825770153995995,1.2107990896428043e-14,1.0000017151886043,-0.0022988754011992107,-2.372225117654647e-16,-8.768306408075327e-06,0.003054971862285505,-5.770028983798784e-15,1.4084505292788665e-05,3.3700086628056464e-14,0.01784268473766792,1.0494664995008227e-17,3.0938653652128027e-15,0.017713425118088495,2.34187304061149e-15,-1.1409138805830978e-17,0.00018008007435390367,3.3715271324514023e-18,68.6701019212963,6.164447940337795e-07,-0.00010231260794234335,-1.8881070114932e-08,5403.4741680696025,5411.437327810756,5783.610594857041,5776.1607186041865,0.0005825795402722734,0.0022988921230532107,0.01771342511560077,0
15.102000000001713,0.0,0.0,1.0,0.0,-0.0006278794067575936,1.2103119794755118e-14,1.000001540578895,-0.0022373998390050097,-2.474684700525899e-16,-8.698776554787586e-06,0.0030039952508347507,-5.755323876196623e-15,1.4295963561529053e-05,3.3614200076451744e-14,0.01754495345040138,1.0293246228761161e-17,3.0648515963727026e-15,0.017910851096553212,2.3471166637494705e-15,-1.362718187672943e-18,0.00016592422630321382,7.162172366135636e-18,68.67010329130757,6.124196474179856e-07,-0.00010164456697886809,-1.876188954841657e-08,5403.474349950228,5411.437510544427,5783.610533528945,5776.160655053157,0.0006278812967540911,0.0022374167489078098,0.017910851090104634,0
15.12200000000172,0.0,0.0,1.0,0.0,-0.0006719450714143813,1.2098023575404468e-14,1.0000013674154196,-0.0021752766785152013,-2.6210091847662873e-16,-8.62420546952274e-06,0.0029516171215123762,-5.736789758724181e-15,1.449444485011791e-05,3.3505950087313634e-14,0.017239036577752543,1.0081201361100695e-17,3.0106830240587388e-15,0.018092116405123662,2.3500871036023913e-15,-1.2201564973519843e-16,0.00015186609309137127,-3.543048455540156e-18,68.67010456938173,6.080047971311726e-07,-0.00010091184409081677,-1.8630380290068588e-08,5403.4745406069505,5411.437702119889,5783.610456807052,5776.160575901671,0.0006719464627654555,0.0021752937744157932,0.018092116407720075,0
15.142000000001726,0.0,0.0,1.0,0.0,-0.0007147616683632614,1.2092705838402488e-14,1.0000011957977741,-0.0021125614001729523,-2.701675376469503e-16,-8.544705095212167e-06,0.0028978978736977526,-5.723543416284146e-15,1.4679973086751303e-05,3.342858360758864e-14,0.01692528688383889,9.874869741862512e-18,2.930903317355501e-15,0.018257338622840586,2.35048571594536e-15,-6.22684731821947e-17,0.0001379145372540185,-2.3952339949239734e-19,68.67010575596835,6.032096172006985e-07,-0.0001001159951549606,-1.8486834851977028e-08,5403.474739759358,5411.43790225503,5783.610364987459,5776.1604814508755,0.0007147626686486568,0.0021125786805432523,0.018257338615771616,0
15.162000000001733,0.0,0.0,1.0,0.0,-0.0007563179615775163,1.208717378270168e-14,1.0000010258232983,-0.0020493090584450635,-2.807164758076601e-16,-8.460388949031535e-06,0.0028428979526550703,-5.707313598641349e-15,1.4852579859774874e-05,3.3333792069126746e-14,0.01660405740067574,9.659981832076184e-18,2.8278965996886795e-15,0.01840664534751797,2.3482681727535207e-15,-8.030862832666184e-17,0.00012407820358168202,8.391866113631101e-19,68.67010685156538,5.980436155192371e-07,-9.925859822656338e-05,-1.83315506901122e-08,5403.474947124688,5411.438110665362,5783.610258372254,5776.160372007976,0.0007563186572591005,0.00204932652234976,0.01840664533803815,0
15.18200000000174,0.0,0.0,1.0,0.0,-0.0007966038111151466,1.2081405117079967e-14,1.0000008575870447,-0.001985574247794029,-2.9204687470704536e-16,-8.371372092771423e-06,0.0027866778041821124,-5.690932886264188e-15,1.5012304421777372e-05,3.3238119271148334e-14,0.01627570116330708,9.441772043412231e-18,2.653775464651901e-15,0.018540173944338153,2.3416743464698144e-15,-1.3494862311232757e-16,0.00011036551615645004,-3.3583529213913543e-18,68.67010785671853,5.925164243106592e-07,-9.834125202792228e-05,-1.81648298904477e-08,5403.475162418095,5411.4383270643075,5783.610137269213,5776.160247885941,0.0007966042727344082,0.0019855918949707517,0.018540173942471837,0
15.202000000001746,0.0,0.0,1.0,0.0,-0.0008356101635526344,1.2075484806610146e-14,1.0000006911817467,-0.0019214110695235742,-3.002671769942179e-16,-8.27777110123035e-06,0.0027292978299695383,-5.678734209267306e-15,1.5159193688800196e-05,3.316687186308762e-14,0.015940570949085957,9.227535985465037e-18,2.5307593438070256e-15,0.018658071291182292,2.3405095097133713e-15,-1.1515147091350262e-16,9.678467559688742e-05,-9.91798770937358e-19,68.67010877202071,5.866377912114629e-07,-9.73655744452643e-05,-1.7986978856905196e-08,5403.475385352917,5411.438551163451,5783.61000199151,5776.160109403197,0.0008356104494108887,0.0019214289004754067,0.0186580712823693,0
15.222000000001753,0.0,0.0,1.0,0.0,-0.0008733290417653291,1.2069348179403427e-14,1.0000005266977914,-0.001856873099508469,-3.107561282816031e-16,-8.179704027239009e-06,0.0026708183436924444,-5.6630035938402925e-15,1.5293302228925653e-05,3.307499607478673e-14,0.015599019021232109,9.004807874308089e-18,2.337463895234865e-15,0.0187604935209354,2.3372590231408326e-15,-1.743055617731025e-16,8.33436565113152e-05,-2.481983835041848e-18,68.6701095981113,5.804175704852008e-07,-9.633320103478436e-05,-1.7798307974139466e-08,5403.475615640936,5411.438782672807,5783.609852857427,5776.159956883337,0.0008733292005889368,0.0018568911156112955,0.018760493519271285,0
15.24200000000176,0.0,0.0,1.0,0.0,-0.000909753534072249,1.2063055572891276e-14,1.0000003642231885,-0.0017920133568185852,-3.173708537827501e-16,-8.077290364591587e-06,0.002611299527855187,-5.651680545009288e-15,1.5414692246688122e-05,3.30088628986647e-14,0.015251396876788814,8.786533089386545e-18,2.1517490307815786e-15,0.018847605761003656,2.3361321526403967e-15,-1.4252546835078885e-16,7.005020515800705e-05,9.350165308836747e-19,68.67011033567553,5.738657136643717e-07,-9.52457835393833e-05,-1.7599131299681855e-08,5403.475852992631,5411.439021301081,5783.6096901900555,5776.159790654813,0.0009097536069812956,0.001792031560446369,0.018847605766482804,0
15.262000000001766,0.0,0.0,1.0,0.0,-0.0009448777827632873,1.2056653206813898e-14,1.0000002038435423,-0.0017268842732462827,-3.2207078253256475e-16,-7.9706510080999e-06,0.002550801391409475,-5.643079019640855e-15,1.5523433563758057e-05,3.2958624932036857e-14,0.014898054999096248,8.569905245585284e-18,2.0275663175375614e-15,0.01891958187027938,2.337705745910284e-15,-7.360520280582777e-17,5.691183731015355e-05,2.8035017558249863e-18,68.67011098544378,5.669922610627333e-07,-9.410498841673715e-05,-1.7389766239427104e-08,5403.476097117441,5411.439266755919,5783.6095143170105,5776.159611050656,0.0009448778047514164,0.001726902667918153,0.018919581879758448,0
15.282000000001773,0.0,0.0,1.0,0.0,-0.0009786969720269809,1.2050112130839615e-14,1.0000000456420237,-0.0016615376637454597,-3.2958224063914626e-16,-7.85990821064532e-06,0.002489383728164829,-5.628667436261992e-15,1.5619603587292754e-05,3.287445313741868e-14,0.014539342614892559,8.342201404263517e-18,1.901015895458843e-15,0.018976604173788096,2.3337244449910496e-15,-9.660542025909021e-17,4.393583632417905e-05,-1.992219220544044e-18,68.67011154819095,5.598073329364282e-07,-9.291249537906273e-05,-1.7170533246074257e-08,5403.476347724013,5411.439518744171,5783.609325570135,5776.159418408164,0.0009786969730912502,0.0016615562542995046,0.01897660417205187,0
15.30200000000178,0.0,0.0,1.0,0.0,-0.0010112073152971587,1.2043457286296551e-14,0.9999998896993447,-0.001596024697789795,-3.348508308873306e-16,-7.745185537397698e-06,0.002427106076009793,-5.620791831153759e-15,1.570328727071471e-05,3.282845502433081e-14,0.014175607456150185,8.122121577260078e-18,1.8023612864066776e-15,0.019018863195249463,2.3330347273743194e-15,-6.532546929894414e-17,3.11292514098643e-05,1.5053678599832527e-18,68.6701120247357,5.523211203566924e-07,-9.166999594663459e-05,-1.694175549058393e-08,5403.476604520451,5411.439776972137,5783.609124285227,5776.159213068628,0.0010112073213128562,0.0015960434905897818,0.019018863200537976,0
15.322000000001786,0.0,0.0,1.0,0.0,-0.0010424060420369315,1.2036675131280194e-14,0.9999997360937316,-0.0015303958716569193,-3.427670970508333e-16,-7.626607817224396e-06,0.002364027676961151,-5.6072065031432885e-15,1.5774577072503754e-05,3.274910909413098e-14,0.013807195526748138,7.891913716084503e-18,1.6972968539212587e-15,0.019046557387782007,2.3317168770167806e-15,-1.208544692084665e-16,1.8498896101002095e-05,-6.3264241312062026e-18,68.67011241593984,5.445438772639129e-07,-9.037919201463624e-05,-1.670375854738919e-08,5403.476867214569,5411.440041145819,5783.608910801742,5776.158995377031,0.0010424060754435477,0.0015304148748399367,0.019046557388032768,0
15.342000000001793,0.0,0.0,1.0,0.0,-0.0010722913839786036,1.2029782103412713e-14,0.999999584900901,-0.0014647009816443858,-3.4583620658576135e-16,-7.5043010913080414e-06,0.0023002074380577726,-5.599415494851809e-15,1.5833572899313658e-05,3.2703605157947444e-14,0.01343445087407727,7.668190861658234e-18,1.6013088144909244e-15,0.01905989286297986,2.3316362806702123e-15,-4.505547620390755e-17,6.051346922678188e-06,4.648309021758751e-18,68.67011272270751,5.364859111911015e-07,-8.904179443549947e-05,-1.645687010669757e-08,5403.477135514134,5411.4403109711575,5783.608685462519,5776.158765681764,0.001072291464323955,0.0014647202054197575,0.019059892855731855,0
15.3620000000018,0.0,0.0,1.0,0.0,-0.0011008625608382044,1.2022841409828305e-14,0.9999994361940354,-0.0013989890982226611,-3.497610794365311e-16,-7.378392558274732e-06,0.002235703893114596,-5.592967111229339e-15,1.588038204836906e-05,3.266594291571799e-14,0.013057715365669197,7.44457243931769e-18,1.6086127494726676e-15,0.01905908311858656,2.3396823394496683e-15,-2.4872526809749714e-18,-6.207057744836969e-06,2.627210482578842e-18,68.67011294598454,5.281575754167459e-07,-8.765952161618774e-05,-1.620141963940999e-08,5403.477409127096,5411.440586154292,5783.608448613486,5776.158524334343,0.0011008627052146035,0.0013990085552356708,0.019059083114208647,0
15.382000000001806,0.0,0.0,1.0,0.0,-0.001128119765523428,1.2015782466524393e-14,0.9999992900437618,-0.0013333085411294668,-3.550375797018935e-16,-7.249010517150158e-06,0.0021705751653515342,-5.58159245954606e-15,1.59151191361409e-05,3.259950865414407e-14,0.01267732847093507,7.213003808303764e-18,1.60188254056731e-15,0.019044348764988162,2.3458641990633305e-15,5.874839533436086e-18,-1.8270218609445582e-05,8.272879893606623e-18,68.6701130867576,5.195692603979072e-07,-8.623409813193296e-05,-1.5937738127897193e-08,5403.477687761836,5411.4408664017665,5783.608200603402,5776.158271689123,0.0011281199889207239,0.001333328246907814,0.019044348759456167,0
15.402000000001813,0.0,0.0,1.0,0.0,-0.0011540641488538494,1.2008593607227255e-14,0.9999991465181293,-0.0012677068554091606,-3.623683932093965e-16,-7.116284306858853e-06,0.002104878930911251,-5.570853267259015e-15,1.593790602207813e-05,3.2536785859296154e-14,0.012293627048095812,6.981231619991536e-18,1.5628610522699054e-15,0.01901591725074747,2.3524707313487313e-15,-4.824074699018914e-17,-3.0132276217973467e-05,4.204924543320804e-18,68.6701131460535,5.107313853316993e-07,-8.47672533581199e-05,-1.5666157736211233e-08,5403.477971127391,5411.4411514207995,5783.60794178356,5776.158008103014,0.0011540644644477463,0.0012677268289161187,0.019015917242987262,0
15.42200000000182,0.0,0.0,1.0,0.0,-0.0011786978038123516,1.200125157843033e-14,0.9999990056825889,-0.0012022307883998832,-3.720076594893695e-16,-6.980344242761426e-06,0.0020386723832785812,-5.5558247626601285e-15,1.59488717241169e-05,3.2449011209314584e-14,0.01190694513637823,6.743404081443371e-18,1.4470239111861524e-15,0.018974022587395306,2.351964621026391e-15,-1.7509878441128365e-16,-4.178761152068893e-05,-5.764407606307607e-18,68.67011312493837,5.016543903427457e-07,-8.32607201183497e-05,-1.538701153464659e-08,5403.478258933686,5411.441440919483,5783.607672507533,5776.157733935208,0.0011786982232018402,0.0012022510527266558,0.01897402259434627,0
15.442000000001826,0.0,0.0,1.0,0.0,-0.0012020237493467396,1.1993796540395782e-14,0.9999988675999759,-0.0011369262676707867,-3.7400822298529255e-16,-6.841321550960783e-06,0.001972012198613987,-5.548383489390698e-15,1.594815232337145e-05,3.2405550119930716e-14,0.011517613753549538,6.514172778707896e-18,1.3082036752539487e-15,0.01891890507369435,2.3492907950953636e-15,-9.704648725538447e-17,-5.323084624662066e-05,2.3105591875009834e-19,68.67011302451684,4.923487280481288e-07,-8.171623335297881e-05,-1.510063320501187e-08,5403.478550891752,5411.441734607025,5783.607393130881,5776.157449546904,0.0012020242827511464,0.001136946850912737,0.018918905069438805,0
15.462000000001833,0.0,0.0,1.0,0.0,-0.0012240459137405648,1.1986280562713065e-14,0.9999987323304916,-0.0010718383799105237,-3.777712371572044e-16,-6.699348299105583e-06,0.0019049545020120564,-5.54085461827398e-15,1.5935890862171906e-05,3.2361577451333956e-14,0.011125960698854433,6.284121442687882e-18,1.2179007442494483e-15,0.018850811019587223,2.352751555246627e-15,-7.991751594546489e-17,-6.445684309816488e-05,3.653856766298417e-18,68.67011284593126,4.828248561872566e-07,-8.01355288053545e-05,-1.4807356752271708e-08,5403.478846713949,5411.442032193962,5783.607104010905,5776.157155301026,0.0012240465701642876,0.0010718593162896187,0.018850811025157118,0
15.48200000000184,0.0,0.0,1.0,0.0,-0.0012447691175721902,1.197871357368151e-14,0.9999985999316869,-0.001007011350767825,-3.806112789135253e-16,-6.554557324898845e-06,0.0018375548346956391,-5.535048858964345e-15,1.591223723521716e-05,3.2327668723284106e-14,0.010732310361416654,6.055429822562106e-18,1.1811768988874866e-15,0.01876999247003694,2.360039488164655e-15,-4.480462570251228e-17,-7.546070576291432e-05,4.318747136706941e-18,68.67011259036074,4.730932294048684e-07,-7.852034172922975e-05,-1.4507516211204444e-08,5403.479146114184,5411.442333392378,5783.606805506359,5776.156851561965,0.0012447699049433717,0.0010070326820897945,0.018769992475476893,0
15.502000000001846,0.0,0.0,1.0,0.0,-0.0012641990562811394,1.197101136384523e-14,0.9999984704584488,-0.0009424885256440171,-3.868513329429816e-16,-6.407082161920419e-06,0.0017698681221550387,-5.5211036862624116e-15,1.587734806952497e-05,3.224622147204286e-14,0.01033698353416,5.817682583601164e-18,1.0530636136743553e-15,0.018676706928965548,2.358673287648368e-15,-1.1382565428687875e-16,-8.6237778748476e-05,-3.7320333645338514e-18,68.67011225902041,4.631642919032556e-07,-7.68724056161966e-05,-1.4201445389608054e-08,5403.479448808109,5411.442637916107,5783.6064979772045,5776.156538695298,0.0012641999815691664,0.0009425103032181997,0.018676706937716156,0
15.522000000001853,0.0,0.0,1.0,0.0,-0.00128234228236076,1.1963198931218349e-14,0.9999983439629861,-0.0008783123514367581,-3.9330219060311996e-16,-6.257056962905964e-06,0.0017019486432410017,-5.512060204136586e-15,1.583138659886783e-05,3.2193402773267624e-14,0.009940297233299871,5.585262887281373e-18,8.604854371086958e-16,0.018571217083492932,2.349696930755367e-15,-2.0273507068288483e-16,-9.678364704212489e-05,-8.407218164376806e-18,68.67011185316039,4.5304846938225946e-07,-7.519345094437831e-05,-1.3889477591905708e-08,5403.479754513335,5411.442945480953,5783.606181784336,5776.156217067533,0.0012823433516764512,0.0008783346386475966,0.01857121708083447,0
15.54200000000186,0.0,0.0,1.0,0.0,-0.0012992061871962158,1.1955278370083894e-14,0.999998220494819,-0.000814524359233572,-3.9653095864882537e-16,-6.1046164204989285e-06,0.0016338500002193767,-5.50087480000096e-15,1.5774522529486248e-05,3.2128074132128835e-14,0.009542564523451296,5.350904056252393e-18,5.879970722737845e-16,0.018453790528674345,2.339469872690505e-15,-2.2080443829963684e-16,-0.00010709413559794126,-5.496685902668941e-18,68.67011137406499,4.4275616228387995e-07,-7.348520394906649e-05,-1.3571945339374293e-08,5403.480062949633,5411.443255804883,5783.605857289333,5776.155887045846,0.0012992074058777597,0.0008145472350493262,0.018453790537354308,0
15.562000000001866,0.0,0.0,1.0,0.0,-0.0013147989825667728,1.1947321350079798e-14,0.9999981001007681,-0.0007511651479530113,-3.9937208248973637e-16,-5.9498956858447586e-06,0.0015656250897944563,-5.495671337722764e-15,1.570693189721481e-05,3.209768329219691e-14,0.009144094348394352,5.12261541141556e-18,3.2185698452860805e-16,0.0183246994929324,2.3292395174025367e-15,-2.578255989050633e-16,-0.00011716530865563859,-1.2285273810085895e-17,68.67011082305162,4.3229773798807666e-07,-7.174938541587147e-05,-1.3249180101238448e-08,5403.480373839114,5411.443568608209,5783.6055248542025,5776.155548997815,0.0013148003552538737,0.0007511887118147755,0.018324699501611873,0
15.582000000001873,0.0,0.0,1.0,0.0,-0.0013291296818313113,1.1939302718823575e-14,0.9999979828249469,-0.0006882743689307072,-3.9977055728131083e-16,-5.793030284259159e-06,0.001497326075107172,-5.488669382724695e-15,1.5628796916279325e-05,3.2056788320785095e-14,0.00874519136753309,4.892903976308539e-18,-1.1137644537105076e-17,0.018184220564374368,2.312319592062505e-15,-2.533027885561678e-16,-0.0001269934688931048,-1.3770430886615485e-17,68.67011020146998,4.216835241398856e-07,-6.998770949638435e-05,-1.2921512076503016e-08,5403.48068690644,5411.443883613807,5783.605184841122,5776.155203291173,0.001329131212529522,0.00068829874773011,0.018184220558640815,0
15.60200000000188,0.0,0.0,1.0,0.0,-0.00134220808081592,1.1931333687172307e-14,0.9999978687087556,-0.0006258907114468676,-3.973738212293638e-16,-5.634156029868869e-06,0.0014290043587136024,-5.489363224035073e-15,1.55403058214895e-05,3.206084098401181e-14,0.00834615579807977,4.670235315720008e-18,-2.6378637053436107e-16,0.01803263441818382,2.299408681298476e-15,-1.9736051788354834e-16,-0.00013657515641596403,-9.33900014613569e-18,68.67010951070097,4.1092380116494056e-07,-6.820188254787764e-05,-1.2589269905446014e-08,5403.481001878982,5411.444200547275,5783.604837612201,5776.15485029355,0.0013422097729527689,0.0006259160697646571,0.01803263442605558,0
15.622000000001886,0.0,0.0,1.0,0.0,-0.0013540447384223575,1.1923397208772586e-14,0.9999977577908752,-0.0005640518891910964,-3.9405276301482434e-16,-5.473408937717727e-06,0.001360710556548292,-5.487754737807886e-15,1.5441652704821815e-05,3.205144684777602e-14,0.0079472832629907,4.445736290454376e-18,-4.942939572421874e-16,0.01787022554527035,2.2847898793099252e-15,-1.411429818318619e-16,-0.00014590714758857873,-1.0466973593203509e-17,68.67010875215568,4.000287959772127e-07,-6.639360199653628e-05,-1.2252780434688158e-08,5403.481318487025,5411.444519137126,5783.604483529228,5776.154490372228,0.0013540465948965825,0.0005640784448154746,0.01787022553756572,0
15.642000000001893,0.0,0.0,1.0,0.0,-0.0013646509569760767,1.1915571879543071e-14,0.9999976501072649,-0.000502794627659871,-3.8892458711237217e-16,-5.3109251339823505e-06,0.0012924944728761863,-5.490978081759224e-15,1.533303734144474e-05,3.2070273239506776e-14,0.00754886464467592,4.2253400365575576e-18,-5.975271875286636e-16,0.01769728198235765,2.2773394115439792e-15,-4.930403761327284e-17,-0.0001549864537087463,-6.071563775838652e-18,68.67010792727442,3.8900867471683887e-07,-6.4564555225056e-05,-1.1912368494223772e-08,5403.481636463912,5411.444839114954,5783.604122953429,5776.154123893893,0.001364652980201043,0.0005028226760294399,0.017697281987075816,0
15.6620000000019,0.0,0.0,1.0,0.0,-0.0013740387623324107,1.1907814100652389e-14,0.9999975456911616,-0.0004421546524813372,-3.8554964955557434e-16,-5.146840764771822e-06,0.001224405076236188,-5.4896616858331584e-15,1.5214665009746252e-05,3.2062585135710966e-14,0.007151185944500212,4.0017870342297115e-18,-6.588893791816678e-16,0.017514095043686832,2.2685348116088437e-15,-1.475361790487856e-17,-0.00016381031952999,-4.725872368140377e-18,68.67010703752553,3.7787353671867516e-07,-6.271641848516246e-05,-1.15683566405085e-08,5403.481955546241,5411.445160215612,5783.603756245236,5776.15375122439,0.0013740409542746014,0.000442184607014706,0.017514095040722377,0
15.682000000001906,0.0,0.0,1.0,0.0,-0.001382220883759399,1.1900133457371854e-14,0.9999974445730796,-0.00038216667866153206,-3.825075476661695e-16,-4.98129190326407e-06,0.0011564904763785627,-5.489536712026153e-15,1.5086746306300222e-05,3.2061855612410995e-14,0.006754528148088536,3.779732251708174e-18,-6.668754723157675e-16,0.017320959054507507,2.2638987055066662e-15,7.458316806351145e-18,-0.00017237622163406117,-2.7310708138409254e-18,68.67010608440442,3.6663340763242875e-07,-6.08508558357098e-05,-1.1221064949233174e-08,5403.482275473989,5411.445482177356,5783.603383764041,5776.153372728499,0.0013822232459727189,0.0003821991412185698,0.01732095906404316,0
15.702000000001913,0.0,0.0,1.0,0.0,-0.0013892107336156145,1.1892496057735528e-14,0.9999973467808133,-0.00032286440074545794,-3.8309631433857526e-16,-4.814414455565564e-06,0.0010887979021975576,-5.487776878330997e-15,1.4949496952224514e-05,3.205157765744148e-14,0.006359167096443741,3.557353427110894e-18,-6.769282121949306e-16,0.01711817108652541,2.2625372915280882e-15,-7.178261152003462e-17,-0.00018068186665899481,-2.747396526866305e-18,68.67010506943247,3.5529823353709513e-07,-5.896951810574813e-05,-1.0870810783033986e-08,5403.48259599071,5411.445804742028,5783.603005867977,5776.152988769674,0.0013892132672721227,0.0003229002939844955,0.017118171081681156,0
15.72200000000192,0.0,0.0,1.0,0.0,-0.001395022386841207,1.1884854994209061e-14,0.9999972523394418,-0.0002642804838859916,-3.804284379580144e-16,-4.6463440652455845e-06,0.0010213736806600274,-5.4855975389102276e-15,1.4803137595680682e-05,3.20388495937743e-14,0.005965373362881296,3.3357378365909974e-18,-7.69013734260352e-16,0.016906030695470912,2.2583394507766506e-15,-6.64793517898026e-17,-0.00018872518938449956,-2.502995334331444e-18,68.67010399415575,3.4387787466918165e-07,-5.707404188429752e-05,-1.0517908579505357e-08,5403.482916843649,5411.446127655174,5783.602622913685,5776.152599709845,0.0013950250927587937,0.0002643213246716702,0.016906030689105914,0
15.742000000001926,0.0,0.0,1.0,0.0,-0.001399670560280243,1.187730107767076e-14,0.9999971612713353,-0.00020644655581294541,-3.7630490327034503e-16,-4.477216016968246e-06,0.0009542632167298972,-5.4879538059345955e-15,1.4647893604754277e-05,3.2052611949766344e-14,0.005573412135779974,3.1178983454052904e-18,-8.047901810257491e-16,0.016684839660948518,2.2568241707774917e-15,-2.7702698460532652e-17,-0.00019650435067948807,-3.590577168276493e-18,68.67010286014404,3.3238209948174544e-07,-5.51660485356802e-05,-1.0162669648544787e-08,5403.483237783902,5411.446450666216,5783.602235256083,5776.152205909158,0.0013996734389476859,0.0002064950989013787,0.01668483966490399,0
15.762000000001933,0.0,0.0,1.0,0.0,-0.001403170591852251,1.1869821443224133e-14,0.9999970735961629,-0.0001493931996941451,-3.7209061196699275e-16,-4.307165139339951e-06,0.0008875109742878006,-5.487659636784346e-15,1.4483994859416e-05,3.205089435818348e-14,0.005183543107144636,2.899641015681014e-18,-8.115502273714916e-16,0.016454901728723957,2.2516849997391993e-15,9.199321878664804e-18,-0.00020401773531405652,-1.0940571736870017e-17,68.6701016689896,3.2082057912310265e-07,-5.324714324247833e-05,-9.805401971999342e-09,5403.483558566554,5411.446773528577,5783.601843248163,5776.151807725782,0.0014031736434520193,0.00014945527687703857,0.016454901738953934,0
15.78200000000194,0.0,0.0,1.0,0.0,-0.0014055384195907196,1.1862393680317102e-14,0.9999969893309031,-9.314994787971633e-05,-3.7183298054333833e-16,-4.1363257069096596e-06,0.0008211604580442424,-5.485704001117158e-15,1.4311675533586895e-05,3.2039472934213994e-14,0.004796020366971488,2.6819072166561802e-18,-8.289221858342517e-16,0.016216522355601132,2.2352647250482944e-15,-6.221346347446829e-17,-0.00021126394964214972,-1.3988248797133716e-17,68.67010042230594,3.092028815231772e-07,-5.1318914074608985e-05,-9.446410012747663e-09,5403.483878950804,5411.447095999808,5783.601447240763,5776.151405515668,0.001405541644019838,9.324173947512729e-05,0.016216522346812576,0
15.802000000001946,0.0,0.0,1.0,0.0,-0.0014067905605661115,1.1854972511060545e-14,0.9999969084898562,-3.7745276520467384e-05,-3.6998633585118367e-16,-3.96483134167707e-06,0.0007552541964441365,-5.483676195895312e-15,1.4131173876178093e-05,3.2027630028978554e-14,0.004411092303403254,2.4657458782850607e-18,-9.25060858830109e-16,0.015970008457035015,2.2238919782085765e-15,-9.067168341303076e-17,-0.00021824181915547355,-6.251797140421315e-18,68.67009912172665,2.975384660691165e-07,-4.938293108573327e-05,-9.085994523922385e-09,5403.484198700089,5411.447417841735,5783.6010475823505,5776.150999632343,0.0014067939574553493,3.795294174598975e-05,0.01597000845617643,0
15.822000000001953,0.0,0.0,1.0,0.0,-0.0014069440897107677,1.18476209079618e-14,0.999996831084658,1.6793398949457817e-05,-3.6573565728296676e-16,-3.792814914523821e-06,0.0006898337255598248,-5.4857428178610085e-15,1.3942731985113125e-05,3.2039700816898996e-14,0.00402900150865734,2.2530106740646634e-18,-1.0094271738756683e-15,0.015715668157625946,2.2168726571387127e-15,-6.440188490204882e-17,-0.0002249503859150679,-6.074884144991889e-18,68.6700977689042,2.8583667830249436e-07,-4.744074543764483e-05,-8.72445234037867e-09,5403.4845175822165,5411.447738820559,5783.600644618832,5776.150590426702,0.0014069476584423835,1.7216378633484025e-05,0.01571566816820149,0
15.84200000000196,0.0,0.0,1.0,0.0,-0.001406016618562878,1.1840386278997954e-14,0.9999967571242956,7.04397274758198e-05,-3.59171872766784e-16,-3.620408446292543e-06,0.0006249395739688843,-5.488506844072001e-15,1.374659557799579e-05,3.205584484947504e-14,0.003649984690705454,2.042093568905194e-18,-1.01710537503718e-15,0.015453810544632378,2.209987123320965e-15,2.1285153888322372e-17,-0.0002313889058629137,-4.19694264422743e-18,68.67009636550863,2.7410674493942005e-07,-4.54938885515995e-05,-8.36207626170337e-09,5403.484835369463,5411.448058706978,5783.600238693333,5776.1501782467985,0.0014060203582871137,7.053270563494462e-05,0.015453810535700814,0
15.862000000001967,0.0,0.0,1.0,0.0,-0.0014040262739464825,1.183326543224943e-14,0.9999966866151266,0.0001231684252041191,-3.5471587743555916e-16,-3.447743008811985e-06,0.000560611248612559,-5.4915254354501315e-15,1.3543013758230709e-05,3.2073475706654734e-14,0.0032742725906803336,1.8328976973428266e-18,-9.514677154806818e-16,0.015184745424638223,2.209556675963697e-15,5.2785699332987784e-17,-0.00023755684601789654,1.0332384714472769e-18,68.67009491322638,2.6235776878470533e-07,-4.3543871288321845e-05,-7.999154848221555e-09,5403.485151838697,5411.448377276297,5783.59983014601,5776.149763437641,0.0014040301835969774,0.0001232166705406273,0.015184745428041569,0
15.882000000001973,0.0,0.0,1.0,0.0,-0.00140099167660425,1.1826193989599647e-14,0.9999966195608986,0.00017495527746719125,-3.5242021782520803e-16,-3.274948626531052e-06,0.0004968872216297383,-5.490677790855423e-15,1.3332238777864735e-05,3.2068525682011876e-14,0.002902089905979972,1.6243036648167555e-18,-9.100996909644604e-16,0.014908783083503071,2.2122392095431347e-15,2.919703115060883e-17,-0.00024345388156065689,3.964878794200718e-18,68.6700934137589,2.505987240594522e-07,-4.159218315483165e-05,-7.63597226676546e-09,5403.485466771464,5411.448694308529,5783.59941931385,5776.149346341002,0.0014009957549125213,0.00017498592629731197,0.014908783079508946,0
15.90200000000198,0.0,0.0,1.0,0.0,-0.00139693191979955,1.181917871924758e-14,0.9999965559627705,0.00022577713995206283,-3.491805118312964e-16,-3.1021541782616897e-06,0.00043380491816110686,-5.489642320040912e-15,1.3114525798746438e-05,3.2062478674625415e-14,0.002533655219037882,1.4178228674632417e-18,-8.786941932602642e-16,0.014626234049722967,2.2145565921152304e-15,3.332785498030575e-17,-0.00024907989280907236,1.9583356691864292e-18,68.67009186882153,2.3883845162643664e-07,-3.964029154091604e-05,-7.272808134454032e-09,5403.485779954095,5411.449009588496,5783.599006530481,5776.148927295214,0.0013969361653086711,0.00022579845058254733,0.014626234048825624,0
15.922000000001987,0.0,0.0,1.0,0.0,-0.0013918665479041065,1.1812259544247206e-14,0.9999964958193377,0.00027561193905818575,-3.432669333105904e-16,-2.9294872995402764e-06,0.0003714007051170655,-5.4934284200660625e-15,1.2890132648184558e-05,3.208459227094043e-14,0.0021691809317221007,1.2147017866069024e-18,-7.905461803633266e-16,0.014337408861321205,2.214297930669398e-15,1.1660527477111861e-16,-0.0002544349620913919,9.86029937165007e-19,68.670090280142,2.2708565464329668e-07,-3.768964098270129e-05,-6.909937381793207e-09,5403.48609117779,5411.449322905904,5783.598592125989,5776.148506634996,0.0013918709589816898,0.00027562750742125006,0.014337408854998374,0
15.942000000001993,0.0,0.0,1.0,0.0,-0.001385815534987262,1.1805382250299206e-14,0.9999964391266573,0.00032443867145938806,-3.4489094915684456e-16,-2.757074285825021e-06,0.0003097098809027218,-5.490669468496823e-15,1.2659319574507965e-05,3.206847924952692e-14,0.0018088732053237271,1.0124273259441051e-18,-7.220717125568625e-16,0.014042617836386474,2.2140361081075506e-15,-2.385873001584028e-18,-0.00025951937051896246,-5.5303436038610425e-18,68.67008864945929,2.153488945632449e-07,-3.5741652454951844e-05,-6.547630128616946e-09,5403.486400238705,5411.449634055453,5783.598176426731,5776.148084691257,0.0013858201098378513,0.00032445038603298086,0.014042617838231443,0
15.962000000002,0.0,0.0,1.0,0.0,-0.0013787992634226478,1.179850162368864e-14,0.9999963858782757,0.00037223740288230427,-3.4357674281082865e-16,-2.585039996527248e-06,0.0002487666660925581,-5.4873618994498e-15,1.2422348999740237e-05,3.204916202595076e-14,0.0014529319060918834,8.127169306665838e-19,-7.416596868312629e-16,0.013742170847370616,2.205569788317489e-15,-3.605333878949685e-17,-0.0002643335946612628,-8.347920775871324e-18,68.67008697852218,2.0363658656094672e-07,-3.379772269244846e-05,-6.186151502810139e-09,5403.486706938032,5411.449942836888,5783.5977597551655,5776.147661790926,0.001378804000099606,0.00037224637880891003,0.013742170852601706,0
15.982000000002007,0.0,0.0,1.0,0.0,-0.0013708385025277747,1.179166477818163e-14,0.9999963360652596,0.00041898926611461676,-3.413609859359743e-16,-2.4135077604590635e-06,0.0001886041950466547,-5.4868689582391e-15,1.2179485269521232e-05,3.204628377159048e-14,0.0011015505562676148,6.161117278222995e-19,-7.7256085576915015e-16,0.01343637709925386,2.1961855572262498e-15,-4.5802809985138254e-17,-0.0002688783031313406,-7.692012342835485e-18,68.67008526908805,1.9195699588389607e-07,-3.185922353893627e-05,-5.825761570509418e-09,5403.487011082067,5411.4502490550985,5783.597342429676,5776.147238256772,0.001370843398944742,0.0004189962173325374,0.013436377088066236,0
16.00000000000201,0.0,0.0,1.0,0.0,-0.0013628837401683236,1.1785556890468465e-14,0.999996294161425,0.00046015613468678346,-3.386549888376223e-16,-2.25965862735855e-06,0.00013515201136396417,-5.4869539687486755e-15,1.1956089100125432e-05,3.2046781005863633e-14,0.0007893608976248867,4.415067922097216e-19,-7.996890592565884e-16,0.013156846094853793,2.1889884057723134e-15,-3.8449283289154677e-17,-0.0002727388094531265,-8.677887542671922e-18,68.67008369914065,1.8148004508544626e-07,-3.0120330750668552e-05,-5.5025522072535345e-09,5403.48728247099,5411.450522302857,5783.596966537359,5776.146856797401,0.0013628887784609362,0.00046016168283223385,0.013156846106777215,0
