time,target_x,target_y,target_z,target_yaw_deg,x,y,z,vx,vy,vz,desired_ax,desired_ay,desired_az,desired_roll_deg,desired_pitch_deg,desired_yaw_deg,roll_deg,pitch_deg,yaw_deg,wx,wy,wz,Fz,Tx,Ty,Tz,rpm1,rpm2,rpm3,rpm4,position_error_norm,speed_norm,tilt_deg,allocator_saturated
0.002,-2.0,1.0,1.5,0.0,7.966339682096631e-08,-4.019501584140744e-08,1.0000041972783398,3.983169841048316e-05,-2.009750792070372e-05,0.0020986391698815388,-1.0,0.5,1.0,-2.659507918885909,-5.273948168675591,0.24463043066972187,-6.35128057458925e-05,-0.00012668789803085546,9.76174229421892e-07,-0.0005542537793045048,-0.0011055604762560583,8.518114427180906e-06,76.07364129578654,-0.044252136666045105,-0.07938197644362478,0.004356328902980876,5674.874338358138,5679.134604917415,6117.899120176297,6076.051386072536,2.2912870186388488,0.002099113346006823,0.0001417161384750089,0
0.022000000000000006,-2.0,1.0,1.5,0.0,5.05867870127227e-06,-2.552806341160895e-06,1.0002734153007664,0.0004114132803229203,-0.00020763835822594232,0.02263504588674896,-1.0004546493071096,0.5002294501393733,0.9583077366232459,-2.6711111491750446,-5.296546678382905,0.2467490636659991,-0.004086952474499456,-0.008152091008306769,6.37045599618322e-05,-0.0058687538707061495,-0.011706149568433437,9.15037489506345e-05,75.78371814194408,-0.04096751028278138,-0.07348359681556384,0.004061495236491733,5664.99730991443,5669.407507288801,6104.143348902471,6064.645356559017,2.2912337287615934,0.02263973667846567,0.009119197770855033,0
0.04200000000000002,-2.0,1.0,1.5,0.0,1.6670381657714253e-05,-8.415069562966129e-06,1.0009444565993155,0.000704017267618667,-0.00035552777941562624,0.04236426184757317,-1.0008230215988512,0.5004155904308534,0.9174261036538554,-2.682367660635161,-5.318466140020638,0.24881292350870676,-0.013945835011067503,-0.027816913856345854,0.00022186368968017163,-0.010782206560419057,-0.021506549121695185,0.00017059410090395797,75.49938364887538,-0.037837271410797894,-0.06785983016501768,0.0037781560680191506,5655.261241452676,5659.8252453088435,6090.678198247667,6053.43758399504,2.2911001609299895,0.04237160278069246,0.031116988853373967,0
0.06200000000000004,-2.0,1.0,1.5,0.0,3.288444060617277e-05,-1.6607947711962715e-05,1.0020013483570396,0.0008772267861206119,-0.0004435019018233757,0.06130180336285836,-1.0010551900179936,0.5005333884108571,0.8773560376885865,-2.693134924672469,-5.339430002080746,0.250794970274877,-0.029192563234494307,-0.058227886417785694,0.00047662128266360356,-0.015313321770073485,-0.030544149639231244,0.0002459164031912009,75.22060215055475,-0.03485429845390036,-0.062498571345204396,0.0035060007177640214,5645.66832840786,5650.38885515449,6077.500205861576,6042.427562194704,2.290887909098406,0.06130968370746795,0.06513595175825812,0
0.08200000000000006,-2.0,1.0,1.5,0.0,5.090263121141278e-05,-2.57274071761307e-05,1.0034284259179496,0.0008942690150551577,-0.0004531241874246584,0.07946298853439525,-1.0011052392544633,0.500559823224023,0.8380982527283516,-2.703279422106535,-5.359179422069276,0.25266946587349,-0.049400508344281044,-0.09853350611678964,0.0008315746379389219,-0.01947997828598611,-0.03885468083845545,0.000317584980799052,74.94733913612828,-0.032011842675011344,-0.05738828908138053,0.0032447065694879746,5636.220611332964,5641.099403356501,6064.606020689203,6031.614869176155,2.2905978251929127,0.0794693122243923,0.11022368006251282,0
0.10200000000000008,-2.0,1.0,1.5,0.0,6.722936269884381e-05,-3.4019786822204634e-05,1.0052103287477203,0.0007218029087175721,-0.0003676792764053428,0.09686293136878017,-1.000931044844632,0.5004737753132722,0.7996532612770706,-2.712676319246609,-5.377472589747959,0.25441199448354784,-0.07416308486863597,-0.14792218773563817,0.0012920195248309683,-0.023299264227599186,-0.04647229216633113,0.000385702309531469,74.6795613589222,-0.029303507915137875,-0.05251799949073021,0.0029939428273932887,5626.9199956589,5631.957983205691,6051.992410349973,6020.999163128149,2.2902300717350457,0.09686631850567227,0.16547242840373858,0
0.1220000000000001,-2.0,1.0,1.5,0.0,7.773808768974103e-05,-3.9415108240766e-05,1.0073319963408547,0.00032971855875472955,-0.0001720726192767029,0.11351654153896679,-1.0004940644511144,0.5002559220574904,0.762021384022772,-2.721209162486685,-5.394084083727118,0.25599949066440514,-0.1030928715412372,-0.20562050265835238,0.0018643295839831046,-0.026787515580705325,-0.05342962943154126,0.00045036003432162087,74.41723687919837,-0.02672323149627095,-0.047877240791520996,0.0027533738376214053,5617.768267727304,5622.96570962367,6039.656265291943,6010.580176576237,2.2897841714872365,0.11351715080234467,0.23001714207642804,0
0.1420000000000001,-2.0,1.0,1.5,0.0,7.773382112292247e-05,-3.955843921631887e-05,1.0097786641742106,-0.0003090524635377314,0.00014726443104853487,0.12943852863267505,-0.9997591404394953,0.4998886390204622,0.7252027502529845,-2.728769589724899,-5.4088042592654855,0.2574102727409823,-0.13582077443671492,-0.270891503527121,0.0025554336001041636,-0.029960352885379068,-0.05975790774335124,0.0005116399507156334,74.1603350517199,-0.02426526622462332,-0.04345604914259098,0.0025226620108391626,5608.767107577042,5614.123712812533,6027.594600173598,6000.357709101632,2.289259054338142,0.12943898135735504,0.30303358229418587,0
0.16200000000000012,-2.0,1.0,1.5,0.0,6.201198092973464e-05,-3.183941620052859e-05,1.0125358597853662,-0.0012187164098640814,0.0006024643756370186,0.14464340988608976,-0.998694313104715,0.4993559064920882,0.6891972908767703,-2.735257057005227,-5.421438665222739,0.2586240793590032,-0.17199522936330017,-0.34303313045465794,0.0033723792993146486,-0.0328327161637025,-0.0654869809362017,0.0005696149522011097,73.90882646782715,-0.021924163417019506,-0.039244935556909596,0.0023014703795181182,5599.918098913339,5605.433130958551,6015.804552877184,5990.331618922584,2.2886531016321685,0.14464979867420125,0.38373654250529515,0
0.18200000000000013,-2.0,1.0,1.5,0.0,2.4913751020983182e-05,-1.342002558768234e-05,1.015589399035845,-0.0024207868920138784,0.0012043084656107365,0.15914552054224276,-0.9972706439363651,0.49864322102053565,0.6540047256777557,-2.740578578868414,-5.4318074881986895,0.25962210736861785,-0.2112814410380575,-0.42137669502255876,0.0043219734870289,-0.03541889816779903,-0.07064540764890083,0.0006243499452730656,73.66268286051316,-0.019694756879214476,-0.03523486383556108,0.00208946482089008,5591.222736642194,5596.895102230035,6004.283381513646,5980.501813609531,2.2879641881337442,0.15916848707177655,0.47137815139669087,0
0.20200000000000015,-2.0,1.0,1.5,0.0,-3.962184426193554e-05,1.8739262046899325e-05,1.018925382603399,-0.003934245208166955,0.001962307012270569,0.17295902609783192,-0.9954620483481796,0.49773751165145486,0.6196245462028032,-2.7446484809860117,-5.439745021979691,0.2603870494323221,-0.2533606569820479,-0.5052854383993473,0.005410489390862319,-0.0377325760243909,-0.07526051421770989,0.0006759027334740456,73.42187697991088,-0.017572147770459373,-0.0314172294710579,0.001886315974162016,5582.682432311103,5588.510756278373,5993.028459740069,5970.868240170726,2.2871897218034176,0.17301489428046044,0.5652462583966831,0
0.22200000000000017,-2.0,1.0,1.5,0.0,-0.00013800897580410466,6.785491589076527e-05,1.022530192734058,-0.005775691979676254,0.0028847753692511783,0.18609793581181072,-0.9932451373319984,0.4966270606074343,0.5860559954964097,-2.7473881637371247,-5.445099160497816,0.26090312996807447,-0.2979294743915408,-0.5941531600274977,0.0066434330190582955,-0.03978684134804864,-0.07935845453361698,0.0007243248710996397,73.18638244565206,-0.015551690293782774,-0.027783839471396825,0.0016917008783771603,5574.298517759972,5580.281205423656,5982.037270675101,5961.430874714483,2.2863266815497614,0.18620988765420585,0.6646628976919317,0
0.2420000000000002,-2.0,1.0,1.5,0.0,-0.0002769689871247595,0.0001372972431516238,1.0263904902732024,-0.007959490587536542,0.003978905828994826,0.19857611694552302,-0.9905990675300604,0.4953014281572841,0.5532980457188441,-2.7487258754727266,-5.447730912592458,0.2611561382337195,-0.3446991784851579,-0.687402913452308,0.0080253611986997,-0.041594228891503764,-0.08296426700564005,0.0007696624868127925,72.95617358170985,-0.013628978156240623,-0.02432689305872597,0.0015053043553003007,5566.072247252648,5572.207535681622,5971.307399666216,5952.189711866789,2.2853716531083537,0.19877539939130076,0.7689828269801521,0
0.2620000000000002,-2.0,1.0,1.5,0.0,-0.00046348715462499873,0.00023056868243937525,1.0304932119852548,-0.010497902867358532,0.005250835660910806,0.21040730928891016,-0.9875053992514081,0.49375138144038205,0.5213493745339675,-2.7485964942974204,-5.447513936946892,0.26113345753656947,-0.3933951110106724,-0.7844857659940571,0.009559744728495351,-0.04316674379783761,-0.08610192876406207,0.0008119570770490417,72.73122523858999,-0.011799831747832576,-0.021038963198899346,0.0013268201598674472,5558.004798329753,5564.290797766971,5960.836526134265,5943.144754098695,2.2843208631868697,0.21073446097387463,0.8775921373179499,0
0.2820000000000002,-2.0,1.0,1.5,0.0,-0.0007047720806235632,0.00035128341747522846,1.0348255681635141,-0.013401217493046949,0.006705711504502163,0.22160513960169376,-0.9839479619882796,0.49196882702611283,0.49020834101840793,-2.7469413172835866,-5.444334095654416,0.2608240897143405,-0.44375606773153553,-0.8848796190957916,0.01124887077612775,-0.04451588751603996,-0.08879440723005975,0.0008512462688098566,72.51151260707175,-0.010060285991897419,-0.017912978920553747,0.0011559519190590612,5550.097271596722,5556.531998188647,5950.622414695272,5934.296001096363,2.283170212003625,0.22211122685484347,0.9899069306149786,0
0.3020000000000002,-2.0,1.0,1.5,0.0,-0.0010082175774347708,0.0005031482404490248,1.039375040524972,-0.01667787145257099,0.008347750317521857,0.23218313566358204,-0.9799127270165835,0.4899467470023269,0.459872961725352,-2.7437078561179504,-5.438089024949979,0.2602186741823037,-0.4955337238123017,-0.9880880863104653,0.013093779277054893,-0.04565268243831923,-0.09106370917121631,0.0008875645512243089,72.29701102711502,-0.008406578823625095,-0.014942208384644998,0.000992413878518636,5542.350689637043,5548.932090535562,5940.662905736702,5925.643439287401,2.281915304335717,0.23293098724327235,1.1053720614799774,0
0.32200000000000023,-2.0,1.0,1.5,0.0,-0.0013813669085324732,0.00068994459820985,1.0441293803794587,-0.020334564994211938,0.010180297066869803,0.24215473968451143,-0.9753876866908455,0.4876791383997234,0.4303408874319473,-2.7388496382654974,-5.428687721723598,0.2593095009779529,-0.5484920860923649,-1.0936394260214117,0.015094228656584432,-0.0465876953146502,-0.09293092735589284,0.0009209439751024558,72.08769579503327,-0.006835140256861327,-0.012120242667627042,0.0008359314748310263,5534.765995219365,5541.491967036019,5930.955905605028,5917.1870316200775,2.2805514791823387,0.24322016966844473,1.2234599402575284,0
0.34200000000000025,-2.0,1.0,1.5,0.0,-0.0018318792601531133,0.0009155117581013963,1.0490766070580544,-0.02437637039843568,0.01220587933844602,0.25153332087562547,-0.9703627400684319,0.4851609557711369,0.4016093810075755,-2.7323260128203835,-5.416050144511563,0.2580905173599676,-0.6024069712856609,-1.2010855261180984,0.017248686705677505,-0.04733105949735704,-0.09441628491333878,0.000951414819599045,71.88354197157643,-0.005342582002649728,-0.00944098022364106,0.0006862417500863652,5527.344048947901,5534.212450460658,5921.499376543147,5908.926707676999,2.279073838138831,0.25300632884366114,1.343669394251967,0
0.36200000000000027,-2.0,1.0,1.5,0.0,-0.002367498323554289,0.00118373103365915,1.0542050065821957,-0.02880683490900192,0.014426259031506598,0.26033218702494737,-0.9648295845204482,0.4823880567558904,0.37367529675971567,-2.724101960297367,-5.400106827740248,0.25655732763375994,-0.6570655091757587,-1.3100009379739361,0.019554342898460392,-0.04789249606600721,-0.09553917750074727,0.0009790062250491357,71.68452419316694,-0.0039256876059912205,-0.006898611993203355,0.0005430936241748259,5520.085626488532,5527.094286426764,5912.291326499989,5900.862354191355,2.2774772725676797,0.2623181242085853,1.4655245842510605,0
0.3820000000000003,-2.0,1.0,1.5,0.0,-0.002996022874595749,0.0014985110135874648,1.0595031305522127,-0.033628078137002713,0.01684248129318892,0.2685645949592362,-0.9587816130075546,0.47935715046971866,0.3465350615435002,-2.714147905700424,-5.380798508075429,0.2547071859822989,-0.7122656698955502,-1.4199819571938852,0.022007138850534527,-0.04828133388057511,-0.0963182133731667,0.001003746791019965,71.49061648817977,-0.0025814030700850436,-0.004487607127925183,0.00040624803917349404,5512.9914154876515,5520.138136151335,5903.329798920037,5892.993806022127,2.2757564896438427,0.27118528441071127,1.588573973604044,0
0.4020000000000003,-2.0,1.0,1.5,0.0,-0.003725279243378832,0.001863773740446248,1.0649597952320202,-0.03884088423312688,0.019454920839739043,0.2762437598059975,-0.9522138167181402,0.4760657485702949,0.32018465785930816,-2.7024395342867247,-5.3580757618069725,0.2525389821788787,-0.767815814392157,-1.5306457487164684,0.0246018139861899,-0.048506528608659866,-0.09677125144726673,0.001025665138642798,71.3017920998477,-0.0013068279398948293,-0.0022026993027747565,0.0002754779891910425,5506.062012287136,5513.344569690939,5894.612862607489,5885.3208376341,2.273906037343706,0.27963855790045355,1.7123893472130796,0
0.4220000000000003,-2.0,1.0,1.5,0.0,-0.0045630955723972595,0.002283441788313733,1.0705640808052888,-0.044444789106469554,0.022263325802537728,0.28338286299762205,-0.9451226927839632,0.4725121188571754,0.2946196091087975,-2.688957609524111,-5.331898652275054,0.2500532201486109,-0.8235342671834772,-1.641629513967021,0.02733196381348674,-0.04857668077053631,-0.09691543744537981,0.0010447904363384839,71.11802331710113,-9.920681925306397e-05,-3.887358929200622e-05,0.0001505684481189962,5499.297918526485,5506.714059698198,5886.138601748163,5877.8431551194135,2.2719203284393568,0.28770964876979277,1.836564877922405,0
0.44200000000000034,-2.0,1.0,1.5,0.0,-0.00551727776704424,0.0027614261913670463,1.0763053307775259,-0.05043816295254427,0.025266859229233458,0.2899950589836669,-0.9375061568045928,0.4686952412730492,0.26983496713281496,-2.673687792817742,-5.302236386418894,0.24725198942807947,-0.8792489105153052,-1.752589697866697,0.030190108502502953,-0.04850005284395757,-0.0967672382020169,0.0010611528881273315,70.9392813144151,0.0010440787021124573,0.002008646135027908,3.131620689188085e-05,5492.699537712306,5500.246975717508,5877.905106161859,5870.560388789114,2.269793663552967,0.29543113697150775,1.9607162378905767,0
0.46200000000000035,-2.0,1.0,1.5,0.0,-0.006595587047413085,0.0033016151778484082,1.0821731514980522,-0.05681828833870201,0.0284641383631009,0.29609348063784185,-0.9293634599269175,0.4646147661806068,0.24582530211387765,-2.656620464656597,-5.269066979603019,0.24413892964818873,-0.934796799028852,-1.8632012336047474,0.033167769727171746,-0.04828458546889494,-0.09634247421112052,0.0010747841838139984,70.7655360015274,0.002125517733248452,0.003944409264223038,-8.247036892449362e-05,5486.267171825363,5493.943579036227,5869.910461848571,5863.472086356172,2.2675202533196925,0.30283638212527514,2.084479752636869,0
0.4820000000000004,-2.0,1.0,1.5,0.0,-0.007805719015144075,0.003907863666273249,1.0881574117757817,-0.06358143408181474,0.03185327181710145,0.30169124336372305,-0.9206951102397016,0.4602709747961782,0.22258469489058974,-2.6377505469024567,-5.232376927948494,0.24071918823399338,-0.9900237940491099,-1.9731568231799053,0.03625555396811178,-0.047937912790798835,-0.09565635048870508,0.0010857179104570719,70.59675588371033,0.0031474773981395735,0.0057727500496321735,-0.0001909716511243534,5480.001018026687,5487.804018101921,5862.152741883573,5856.577706724946,2.265094239701712,0.30995941025834894,2.207511595550131,0
0.5020000000000003,-2.0,1.0,1.5,0.0,-0.009155284153630119,0.00458398348299772,1.0942482425629687,-0.07072292514073943,0.03543189475298096,0.3068014479179584,-0.9115027982558095,0.45566474166757376,0.20010673170095994,-2.6170773260124007,-5.192160887467712,0.23699937157746054,-1.0447842166058312,-2.0821662518105546,0.03944324068547876,-0.047467376979476526,-0.0947234858221777,0.0010939899246681592,70.43290793312121,0.004112209801502304,0.007497798713790276,-0.0002943571210181165,5473.901165516189,5481.828324511385,5854.629997709003,5849.876614396688,2.2625097164907886,0.3168347830507324,2.32948702074508,0
0.5220000000000004,-2.0,1.0,1.5,0.0,-0.010651789684216912,0.005333734262406482,1.1004360366815937,-0.078237208734649,0.039197202170052944,0.31143718198207965,-0.9017893262663581,0.45079749908936934,0.17838450134542794,-2.594604277050547,-5.148421359370775,0.23298748999483254,-1.098940518301664,-2.1899557344027665,0.04271987395971355,-0.04688004195929754,-0.09355794047455002,0.0010996386854331946,70.27395747161722,0.0050218586608339645,0.009123492110839026,-0.0003927857929715714,5467.967592590169,5476.0164095727905,5847.340250862676,5843.368074495759,2.2597607490320057,0.32349744946365194,2.4500996322352826,0
0.5420000000000004,-2.0,1.0,1.5,0.0,-0.012302622705137095,0.006160814993016017,1.1067114485677976,-0.08611791688770756,0.04314598040303925,0.3156115205242795,-0.8915585413618284,0.44567120335422516,0.15741059473810892,-2.5703388884052525,-5.101168380979408,0.22869289682968869,-1.152362969146662,-2.2962672923505325,0.046073856366472994,-0.04618270638514896,-0.09217324240890012,0.0011027055473065929,70.11986806530174,0.005878465619971847,0.010653583950470237,-0.000486406681140771,5462.200163937651,5470.368061438496,5840.281485178952,5837.051248416917,2.256841393197108,0.3299825800275906,2.569060687485131,0
0.5620000000000004,-2.0,1.0,1.5,0.0,-0.01411503454381765,0.007068856174721464,1.1130653940107,-0.09435792559069642,0.04727463692343402,0.31933752500091606,-0.8808152719251274,0.44028830274379177,0.13717710679578998,-2.544292487184021,-5.050419221750072,0.22412622210604333,-1.204929361485366,-2.400858159023699,0.049493044002155415,-0.045381915897364726,-0.09058241209582549,0.001103235013993732,69.97060143096412,0.006683976258184866,0.012091654601145205,-0.0005753593017756318,5456.598628209607,5464.8829428028475,5833.451639490817,5830.925190090434,2.2537457136321244,0.3363253845485538,2.6860984334805624,0
0.5820000000000004,-2.0,1.0,1.5,0.0,-0.01609612625690959,0.008061412554253628,1.1194890498630121,-0.10294941076098703,0.05157922853428321,0.322628241454295,-0.8695652674108632,0.434651707167356,0.11767564059820235,-2.5164800653098167,-4.996198083971888,0.21929930117301413,-1.256524729152063,-2.5035002123765517,0.05296484171022662,-0.04448397468772636,-0.08879798596420939,0.0011012749525071053,69.8261173544837,0.007440245807702062,0.01344112048714827,-0.0006597742039949399,5451.162615889871,5459.5605891562545,5826.848600857409,5824.9888428583645,2.2504678013006223,0.3425609145482261,2.800957473540737,0
0.6020000000000004,-2.0,1.0,1.5,0.0,-0.01825283521592124,0.009141956407663033,1.125973853702034,-0.11188390117363632,0.056055488043995294,0.3254966975686503,-0.8578151412337278,0.42876475936066744,0.09889731373975419,-2.4869201063889044,-4.938535807766481,0.2142250988138242,-1.307041081001804,-2.6039794331837975,0.056476297677795884,-0.04349495640758644,-0.08683203855340345,0.0010968767682533367,69.6863736211914,0.008149044591594419,0.014705243092948425,-0.0007397735224395462,5445.891637491785,5454.4004075844105,5820.47019833668,5819.241036952645,2.247001790341048,0.34872385236714154,2.913398163168398,0
0.6220000000000004,-2.0,1.0,1.5,0.0,-0.020591922719701918,0.010313871340315714,1.132511503420932,-0.12115232852828345,0.06069884950078795,0.32795589875039194,-0.8455723165969699,0.4226312075613905,0.08083276678179507,-2.4556344134618997,-4.877469580076138,0.20891762931733296,-1.3563771479792928,-2.7020953874811804,0.06001419667819811,-0.04242071444816888,-0.08469620342287515,0.001090095541580637,69.55132595811222,0.008812063193031542,0.015887137587347052,-0.0008154715456903928,5440.7850821001875,5449.401676099335,5814.314197318599,5813.680487563001,2.243341874254083,0.3548482895037283,3.0231960333118475,0
0.6420000000000005,-2.0,1.0,1.5,0.0,-0.023119962578231852,0.011580446576475658,1.13909395673153,-0.13074507480889708,0.06550447206560128,0.33001882330176047,-0.8328449750995357,0.4162551795813859,0.0634721737054561,-2.422647937786028,-4.813042647383193,0.20339187303003187,-1.404438142904757,-2.7976607318552618,0.06356515133016932,-0.041266891622172695,-0.08240169287347847,0.0010809901264863403,69.42092798795353,0.00943091736615327,0.016989781078983204,-0.0008869752947978597,5435.842216274354,5444.563543486937,5808.378294430531,5808.305793480699,2.2394823214337625,0.36096749740226725,3.1301412394812074,0
0.6620000000000005,-2.0,1.0,1.5,0.0,-0.025843330615235114,0.012944871712065873,1.1457134305612644,-0.14065201708620562,0.07046726259774319,0.3316984167591716,-0.8196420079676232,0.40964115819956176,0.046805254257843765,-2.387988608827854,-4.745304031957504,0.19766368992067396,-1.4511355321753237,-2.8905007402912846,0.06711569082887281,-0.04003892927491551,-0.0799593165327598,0.001069623212350743,69.29513119465165,0.010007152698100851,0.01801602051396329,-0.0009543851067099084,5431.0621833238565,5439.885029654246,5802.660113022847,5803.115436302093,2.2354174900542687,0.3671136944993726,3.234038035232016,0
0.6820000000000005,-2.0,1.0,1.5,0.0,-0.028768195040052992,0.01441023190564789,1.1523624003283994,-0.15086256990579128,0.07558189702415562,0.3330075854688702,-0.8059729697631959,0.4027939578023853,0.030821288078652698,-2.3516871656717915,-4.674308251479892,0.1917497306986112,-1.496386818602053,-2.98045285134967,0.07065234667973222,-0.03874207585240945,-0.07737949885508691,0.001056061349724417,69.1738849002448,0.010542249031144705,0.018968580225651135,-0.0010177952178109823,5426.4440029659,5435.36502645806,5797.157199239479,5798.107780174522,2.2311418423227516,0.3733178138478751,3.3347042685968167,0
0.7020000000000005,-2.0,1.0,1.5,0.0,-0.0319005076420026,0.015979503484041827,1.15903359908105,-0.1613657253983028,0.0808428405599772,0.3339591894731635,-0.7918480344284652,0.3957187022023218,0.015509130489916867,-2.313776990070742,-4.600115041937313,0.18566734603070673,-1.5401153346264926,-3.067366234500772,0.07416173503380943,-0.037381394952955505,-0.07467229558588283,0.001040374941350212,69.0571362528004,0.011037624653318529,0.01985006914601981,-0.0010772943431930782,5421.986571369579,5431.002298995448,5791.867018675072,5793.281072065458,2.2266499581072328,0.37960927601508726,3.4319709001083734,0
0.7220000000000005,-2.0,1.0,1.5,0.0,-0.03524599576310566,0.017655549940328443,1.165720016487029,-0.17215009124199984,0.08624436684501285,0.33456603478054375,-0.7772779535315393,0.38842080356750297,0.0008572298285066671,-2.2742939413812286,-4.522789083730367,0.179434494400601,-1.5822500451861836,-3.1511013745041816,0.07763063528428187,-0.03596177288806311,-0.07184740923783951,0.0010226381997464717,68.94483022509124,0.011494640265514711,0.020662987687412218,-0.0011329662476756764,5417.68866158957,5426.795487335721,5786.786953617457,5788.6334425348605,2.2219365479476187,0.3860157721595091,3.5256815411239644,0
0.7420000000000005,-2.0,1.0,1.5,0.0,-0.03881015500760999,0.01944111830323466,1.1724148976630033,-0.18320392660185786,0.09178057605778536,0.3348408650925524,-0.7622740165843724,0.3809059423988291,-0.01314635380114293,-2.2332761936366454,-4.442399730975187,0.17306964914842274,-1.622725359525815,-3.23152967277339,0.08104606463826468,-0.03448792577774682,-0.06891420362566178,0.0010029290728142536,68.83690962368487,0.011914602732603405,0.02140973430307893,-0.0011848903049732113,5413.548924389186,5422.743108672457,5781.914300871555,5784.162906989477,2.2169964654569987,0.3925630621948106,3.6156920112187754,0
0.7620000000000006,-2.0,1.0,1.5,0.0,-0.042598242649147806,0.02133883585810602,1.1791117418328867,-0.19451517616370054,0.09744541206602408,0.33479635305933536,-0.7468480133098706,0.3731800484935036,-0.02651392847775913,-2.1907640750188997,-4.359020744019859,0.16659170521902758,-1.6614809512794482,-3.308533064718952,0.08439534842753232,-0.03296440620452763,-0.06588171750464838,0.000981329139055728,68.73331510808394,0.0122987686258129,0.02209261173446498,-0.0012331420417783347,5409.56588945012,5418.843559873595,5777.2462701581,5779.867367397025,2.2118247191197806,0.3992747927337059,3.70186991347771,0
0.7820000000000006,-2.0,1.0,1.5,0.0,-0.04661527169868195,0.023351207200816897,1.1858043008068169,-0.20607150237626903,0.1032326786697296,0.33444509113456894,-0.7310121977405397,0.36524928283669367,-0.039258149241471085,-2.1467999099909476,-4.2727300252300155,0.16001988613283366,-1.6984615861791925,-3.382003652113817,0.08766618596627965,-0.03139560944974131,-0.06275867735722704,0.0009579234741051791,68.63398521953317,0.012648347563326879,0.022713832952887453,-0.0012777936638861684,5405.737966963962,5415.095120406997,5772.779983078358,5775.744614437495,2.2064164834927267,0.40617233906428246,3.7840942265737327,0
0.8020000000000006,-2.0,1.0,1.5,0.0,-0.05086600559859068,0.025480611607062723,1.1924865772734767,-0.2178603160087584,0.10913605499032875,0.33379958209885224,-0.7147792540364409,0.35712002036562007,-0.051391995823330316,-2.1014278643510167,-4.183609358129418,0.15337365167566686,-1.7336169567767512,-3.451843349573048,0.09084671180449416,-0.029785779335063697,-0.059553509370429,0.0009328004903743321,68.5388564190873,0.012964505355830092,0.023275526802984073,-0.0013189145618294493,5402.063449598407,5411.4959556184385,5768.512472633575,5771.792330068122,2.200767109814648,0.4132746747620238,3.862254912574211,0
0.8220000000000006,-2.0,1.0,1.5,0.0,-0.05535495351033417,0.02772930070052102,1.1991528228998622,-0.22986880512613772,0.11514911005689327,0.3328722293188161,-0.698162263915433,0.3487988335529158,-0.062928749448949,-2.0546937934636085,-4.09174415000859,0.1466726067830308,-1.7669015235960952,-3.517963544287148,0.0939255522622963,-0.02813901369146502,-0.05627435064619188,0.0009060517517020601,68.44786313451831,0.013248366963546195,0.023779743355115616,-0.0013565717938270037,5398.540514829073,5408.04412033868,5764.44068328592,5768.008090478184,2.1948721360303005,0.4205982717138663,3.936252539475796,0
0.8420000000000006,-2.0,1.0,1.5,0.0,-0.06008636616513643,0.030099396404360053,1.2057975362339421,-0.2420839625795017,0.12126531663792862,0.3316753268071312,-0.6811746755937853,0.3402924767585619,-0.07388196883767195,-2.0066450939134315,-3.997223178138469,0.13993641207031743,-1.7982743621679895,-3.5802847681934575,0.0968918771641672,-0.026459269477123404,-0.05292905968532046,0.0008777717649729858,68.3609378156233,0.013501019271160031,0.024228458973762405,-0.0013908305441675966,5395.167227625992,5404.737562795991,5760.5614715455295,5764.389369409266,2.188727296233953,0.42815703237259567,4.0059979175179805,0
0.8620000000000007,-2.0,1.0,1.5,0.0,-0.06506423224900679,0.03259288916151753,1.2124154604069124,-0.2544926121037731,0.12747806436484263,0.3302210491463521,-0.6638302741402229,0.3316078713021205,-0.08426546551678504,-1.9573305588161831,-3.900138339746156,0.13318469643397815,-1.827699015430011,-3.6387363818139096,0.09973544672270457,-0.024750367565147237,-0.04952522618488925,0.0008480577507302075,68.27801099748211,0.013723513686902148,0.024623581108866935,-0.0014217545554584298,5391.941543482181,5401.574128810458,5756.871607066531,5760.933541816466,2.1823285295381063,0.4359622550278016,4.071411748381267,0
0.8820000000000007,-2.0,1.0,1.5,0.0,-0.07029227529521843,0.03521163641006843,1.2190015806330015,-0.2670814331102692,0.13378067219086853,0.32852144133713695,-0.6461431531513488,0.3227520912093421,-0.09409327856798788,-1.9068002370052957,-3.8005844059265543,0.12643697212003444,-1.8551433510087925,-3.6932562690296833,0.10244665354973768,-0.023015997221280563,-0.04607018018785201,0.0008170093948543436,68.19901137120166,0.01391686857197841,0.02496695281703003,-0.0014494065334609055,5388.86131177003,5398.551566246186,5753.36777423305,5757.6378878457035,2.1756719883729243,0.4440226318357047,4.1324242864231815,0
0.9020000000000007,-2.0,1.0,1.5,0.0,-0.07577395105905999,0.037957361300851075,1.2255511215059514,-0.27983698425696274,0.14016640022694282,0.32658840862886673,-0.6281276876611648,0.3137323495895341,-0.10337964892071694,-1.8551052962963868,-3.698658779676595,0.11971255262584782,-1.880579422934406,-3.7437905421042914,0.10501655979856611,-0.02125972029108792,-0.04257100062260043,0.0007847285834141873,68.12386586167457,0.014082071506459692,0.0252603570194705,-0.0014738485235165123,5385.924279409964,5395.667529697742,5750.046574214707,5754.499597102219,2.1687540462220984,0.45234427835592966,4.188975011156983,0
0.9220000000000007,-2.0,1.0,1.5,0.0,-0.08151244535128248,0.04083165164532642,1.2320595440924385,-0.29274572587469505,0.14662846099381696,0.32443370638807734,-0.6097985082021031,0.30455598560234415,-0.11213899330398203,-1.8022978910119904,-3.5944612582485687,0.11303047376922108,-1.9039833373698056,-3.7902932563060854,0.10743692946498308,-0.019484975115444694,-0.03903452326920113,0.0007513191228134802,68.05249971187081,0.014220081397695242,0.025505520503689354,-0.0014951422578313382,5383.128094834371,5392.919585387091,5746.9045274694845,5751.515773185277,2.16157130480107,0.460930792453729,4.241012310225235,0
0.9420000000000007,-2.0,1.0,1.5,0.0,-0.08751067230817963,0.04383595908240687,1.238522542823774,-0.3057940413231403,0.15316003012751803,0.3220689300574293,-0.5911704759395924,0.295230451974831,-0.12038587796517286,-1.7484310339281235,-3.4880938000252524,0.10640941822600762,-1.92533512197096,-3.832726133519557,0.10970025589679851,-0.01769508019248137,-0.03546734818802065,0.0007168864473641653,67.9848365731749,0.0143318304372747,0.025704117675846776,-0.0015133494731388597,5380.470312228781,5390.305216247555,5743.938076670635,5748.683438464115,2.154120600683796,0.4697833396851553,4.288493172165898,0
0.9620000000000007,-2.0,1.0,1.5,0.0,-0.09377127307766754,0.046971598453710094,1.2449360421882485,-0.3189682573459619,0.15975425657315673,0.31950550525520166,-0.5722586588066912,0.285763303031883,-0.12813499226089098,-1.6935584727821567,-3.379660296122695,0.09986764380384727,-1.9446185985255482,-3.8710582942717235,0.11179978458193418,-0.01589323760345418,-0.031875846645421646,0.0006815373164095972,67.92079860127585,0.014418225912535209,0.025857774070950374,-0.001528532198497012,5377.948396031117,5387.821827171536,5741.143590032998,5745.9995390702725,2.1463990113845113,0.4789007617199449,4.331382888316191,0
0.9820000000000008,-2.0,1.0,1.5,0.0,-0.10029661490207152,0.05023974737737051,1.2512961932274578,-0.3322546634903585,0.16640427230001806,0.31675467806250895,-0.5530783085697637,0.2761621832051815,-0.13540112222125555,-1.637734571458314,-3.269266346926606,0.09342291568576612,-1.96182125854966,-3.905265997635707,0.11372953130395337,-0.014082536219341232,-0.02826616757017466,0.0006453795031010998,67.86030655711245,0.014480151878589356,0.025968069628061422,-0.0015407530131960785,5375.559725669042,5385.46675039899,5738.517365012985,5743.460950081554,2.138403860901276,0.4882797039866327,4.369654763240054,0
1.0020000000000007,-2.0,1.0,1.5,0.0,-0.10708879057958665,0.05364144601117736,1.257599369840853,-0.3456395306520536,0.17310320156885614,0.3138275055426351,-0.5336448387605175,0.26643481598801166,-0.1421991241853352,-1.581014195943463,-3.157019043765432,0.08709244284349883,-1.976934141552837,-3.935332388508127,0.11548429577120897,-0.012265954704282767,-0.0246442435731777,0.0006085214768996801,67.80327991237553,0.01451847069682963,0.026036541737849663,-0.0015500752749589926,5373.301600514609,5383.237251024052,5736.055632355689,5741.064480873145,2.1301327247283957,0.4979147585459509,4.403289833109154,0
1.0220000000000007,-2.0,1.0,1.5,0.0,-0.11414961828755389,0.057177596996405324,1.2638421649036222,-0.35910912880274964,0.17984416978034998,0.3107348465340519,-0.513973803413989,0.2565889933052862,-0.14854389860146044,-1.5234526051219437,-3.0430267559177984,0.08089281878684045,-1.9899517157116648,-3.9612472517903154,0.11705967084172494,-0.010446364331310182,-0.02101579656200924,0.0005710720818318988,67.74963695906632,0.01453402444584933,0.026064688069961033,-0.0015565633188049774,5371.171245034773,5381.1305325975845,5733.754560461612,5738.806880611661,2.121583434345173,0.5077986181981928,4.432276591509631,0
1.0420000000000007,-2.0,1.0,1.5,0.0,-0.12148064175179277,0.060848965574261435,1.2700213862038099,-0.3726497439531402,0.1866203119317649,0.30748735275585865,-0.4940808765562268,0.2466325652701656,-0.15445036408210977,-1.4651053464543065,-2.927398923143962,0.07483996678237409,-2.0008717607211253,-3.9830067730355707,0.11845204748053055,-0.008626531625129516,-0.017386342980753384,0.0005331402124750295,67.6992949226114,0.014527636210698032,0.026053969187799016,-0.001560282627120001,5369.165814115883,5379.143742803839,5731.610260045015,5736.684843868235,2.112754081188771,0.5179222379842905,4.456610722182279,0
1.0620000000000007,-2.0,1.0,1.5,0.0,-0.1290831307472486,0.0646561798673924,1.2761340522053166,-0.3862476944007637,0.19342478070700214,0.30409546026155665,-0.47398183238950653,0.23657343030063904,-0.15993343179890407,-1.406028156561272,-2.810245853920847,0.06894908964283185,-2.0096952526206477,-4.000613305155657,0.11965861559948543,-0.00680912084604875,-0.013761198704433998,0.000494834489583841,67.65217007803614,0.014500111256365546,0.026005810958456974,-0.0015612999716347526,5367.282398539801,5377.273979190017,5729.618789055288,5734.695016327139,2.1036430201193332,0.528275000518807,4.476294838245865,0
1.0820000000000007,-2.0,1.0,1.5,0.0,-0.13695808191615944,0.06859973131938028,1.2821773876441196,-0.3998893463082784,0.20025075422341027,0.3005693812742556,-0.4536925261268843,0.22641952557136258,-0.16500798029901553,-1.3462768667112834,-2.6916785295479078,0.06323462415734077,-2.0164262504184176,-4.014075140809597,0.1206773609417111,-0.004996696328467777,-0.010145483616274629,0.00045626293719880904,67.6081778687019,0.014452238091358111,0.02592160676567139,-0.0015596835281512405,5365.518030589155,5375.518294927972,5727.776157832442,5732.834000566966,2.0942488723858457,0.5388448819627925,4.4913382274868,0
1.1020000000000008,-2.0,1.0,1.5,0.0,-0.14510621989081907,0.07267997528560226,1.2881488189656791,-0.4135611286541604,0.207091443456977,0.29691909643361514,-0.4332288754317669,0.21617881777793918,-0.16968883081995878,-1.2859073131878587,-2.571808414277213,0.057710200203106216,-2.0210717843627837,-4.023406290126596,0.12150705818360337,-0.003191724686676323,-0.006544125894862574,0.00041753266299594214,67.56723302711661,0.014384789427192617,0.02580271953378983,-0.0015555029649840322,5363.86968975902,5373.87370458794,5726.078334467593,5731.098361891752,2.084570528101574,0.5496186158726356,4.501756603335875,0
1.1220000000000008,-2.0,1.0,1.5,0.0,-0.15352799870881345,0.07689713176924402,1.2940459696120703,-0.4272495475943587,0.2139400993658211,0.2931543474820517,-0.4126068424219498,0.20585929419265947,-0.17399072317535025,-1.2249752524917807,-2.450747271605542,0.05238860455084675,-2.0236417457334555,-4.028626263442372,0.12214726043705755,-0.0013965769000403104,-0.002961866037145389,0.0003787495435511418,67.52924969733493,0.01429852303958471,0.025650483570857936,-0.0015488295061910746,5362.334308552351,5372.337189904816,5724.521250339332,5729.4846341901775,2.07460714823823,0.5605818526173222,4.507571861183467,0
1.1420000000000008,-2.0,1.0,1.5,0.0,-0.16222360350934237,0.08125128629663665,1.2998666551679074,-0.4409412002701114,0.22079001973026052,0.28928463041500085,-0.3918424162012146,0.19546895399251363,-0.1779282922797919,-1.1635362813132775,-2.328606986849594,0.047281749349685064,-2.02414877804772,-4.029759858754702,0.12259828534302421,0.0003864697110008454,0.0005967393579794516,0.0003400179160988298,67.49414155847082,0.014194182537051661,0.025466206239027546,-0.0015397359707625576,5360.908778336657,5370.905705518169,5723.100805796814,5727.989325801414,2.064358166148368,0.571719312514873,4.508811839719021,0
1.1620000000000008,-2.0,1.0,1.5,0.0,-0.17119295249990737,0.08574239092643432,1.305608878374585,-0.45462278809391243,0.2276345557261509,0.28531918911731796,-0.3709515958851092,0.18501579984201055,-0.18151604537654797,-1.10164576119065,-2.20549939610754,0.04240064525231321,-2.0226081695978233,-4.0268369536291715,0.12286119795482602,0.0021552296073604022,0.004127314021896423,0.0003014402782667151,67.4618219488548,0.014072498042579058,0.02525116946056603,-0.001528296789015213,5359.589955239539,5369.5761846678715,5721.812875960771,5726.6089253669725,2.0538232886258023,0.5830149312783407,4.50551008700958,0
1.1820000000000008,-2.0,1.0,1.5,0.0,-0.1804356991832513,0.09037026538746808,1.3112708240227795,-0.4682811295425424,0.23446711824666427,0.2812670095052329,-0.3499503740909411,0.17450782971501977,-0.184768340027182,-1.0393587477546848,-2.081536121691594,0.037755379118196264,-2.0190377472551644,-4.019892301310266,0.12293779061583436,0.003907607242027237,0.007625658641927273,0.0002631169971655074,67.4322039903781,0.01393418679392076,0.025006631067802203,-0.0015145879975032174,5358.374666061141,5368.345544828022,5720.653316613954,5725.339907648558,2.04300249651415,0.5944519967672338,4.4977056310611765,0
1.2020000000000008,-2.0,1.0,1.5,0.0,-0.1899512348349811,0.0951345983403972,1.3168508537335106,-0.4819031724831363,0.2412811839862178,0.27713681419065156,-0.32885472086528145,0.16395302894146524,-0.1876993629177901,-0.9767299244425551,-1.9568284140970873,0.03335509621140611,-2.0134577714948727,-4.008965330815977,0.12283056004113511,0.005641595349598149,0.011087747659201628,0.00022514602910725463,67.40520071257731,0.01377995366800925,0.02473382600538302,-0.0014986872138076164,5357.25971418199,5367.210693262557,5719.617970153003,5724.1787392927035,2.031896044873888,0.6060132764014715,4.485442754634688,0
1.2220000000000009,-2.0,1.0,1.5,0.0,-0.1997386912227947,0.1000349487585391,1.3223475006383654,-0.49547600605545256,0.24807030129886584,0.27293705768202264,-0.3076805680254129,0.1533593624662527,-0.190323109531933,-0.9138135405509097,-1.8314870005541046,0.0292079867904305,-2.005890832610696,-3.994099950815835,0.12254268181672447,0.0073552733057521726,0.014509726218727429,0.0001876226511177156,67.3807251760256,0.013610491634845873,0.02443396739322154,-0.001480673592603269,5356.241885445175,5366.1685324867885,5718.702671574352,5723.12188452374,2.02050446271858,0.6176811349064278,4.468770774112762,0
1.2420000000000009,-2.0,1.0,1.5,0.0,-0.20979694355866477,0.10507074742348994,1.3277594639697603,-0.5089868721308497,0.2548280958421356,0.26867592213346236,-0.2864437938941492,0.14273476730930257,-0.19265336473585182,-0.8506633534855107,-1.705621940188107,0.02532127696999162,-1.9963617481049671,-3.975344357113104,0.12207798253259107,0.009046805548407333,0.01788790725283674,0.00015063920529822457,67.35869059461157,0.013426482146128361,0.024108247458508435,-0.0014606277644269854,5355.317953992604,5365.215965619942,5717.903254467559,5722.165810747529,2.008828552331192,0.6294376423176016,4.447743822239447,0
1.262000000000001,-2.0,1.0,1.5,0.0,-0.2201246136757165,0.11024129853135355,1.3330856035722989,-0.5224231763659515,0.2615482760160244,0.2643613136513642,-0.26516020841030385,0.1320871452169805,-0.1947036843169836,-0.787332575054112,-1.5793424857965264,0.02170122371952816,-1.9848974612516712,-3.95275084357146,0.12144090976777835,0.010714440052901121,0.021218768680374606,0.0001142848569827122,67.33901045630026,0.013228595463737834,0.02375783834511056,-0.0014386317585837576,5354.484688035569,5364.349901614577,5717.215556990234,5721.306994049194,1.9968693881716484,0.6412646723831896,4.422420634576349,0
1.282000000000001,-2.0,1.0,1.5,0.0,-0.2307200734218678,0.11554578140557792,1.3383249343464625,-0.5357724988666146,0.2682246382056771,0.26000085916531174,-0.24384553859977331,0.12142435549657105,-0.19648737751234946,-0.723873821640308,-1.452756952229084,0.018353113849513002,-1.9715269408424063,-3.926375616344838,0.12063650014620961,0.01235650685411099,0.024498950705170032,7.864536752508047e-05,67.32159864198915,0.013017490933073967,0.023383892808620892,-0.0014147689116303264,5353.7388555409125,5363.567260349711,5716.635427799723,5720.541924569072,1.9846283153870063,0.65314399166573,4.39286433954017,0
1.302000000000001,-2.0,1.0,1.5,0.0,-0.24158144826258898,0.12098325231255545,1.3434766206359696,-0.5490226044755797,0.2748510718351376,0.2556019038677653,-0.22251541439475697,0.11075420802672126,-0.19801749055885898,-0.6603390680887665,-1.325972591340907,0.01528126682515476,-1.956281082135305,-3.8962786112866667,0.11967034568173306,0.013971416608997594,0.027725253198498574,4.380288244268284e-05,67.30636954208735,0.0127938172060706,0.022987544805225184,-0.0013891237628675071,5353.077229814708,5362.864977575305,5716.158731917737,5719.86711174192,1.9721069479358473,0.6650573397646996,4.359142251906375,0
1.322000000000001,-2.0,1.0,1.5,0.0,-0.25270662108538366,0.12655264637628044,1.3485399705702077,-0.5621614526951147,0.2814215642385062,0.25117150922471687,-0.20118535479100907,0.10008445643798985,-0.19930679129317708,-0.5967796051265933,-1.1990954734693726,0.012489041237197821,-1.9391926090357758,-3.8625233144308484,0.11854855862953367,0.01555765919359653,0.030894633151395366,9.835735533758015e-06,67.29323817046577,0.01255821241856788,0.022569909982433023,-0.00136178193825606,5352.496594966451,5362.240009696699,5715.781356505196,5719.2790893855135,1.959307166338655,0.676986501165977,4.321325669682476,0
1.342000000000001,-2.0,1.0,1.5,0.0,-0.2640932361987963,0.13225277958847165,1.3535144303731605,-0.5751772072540289,0.2879302053538534,0.24671645155729627,-0.179870754335254,0.08942279145877174,-0.2003677548244006,-0.5332460001414823,-1.0722303753683062,0.009978844751423752,-1.9202959775453385,-3.8251765854521023,0.11727773505880669,0.01711380232901469,0.03400420218380664,-2.318173051899867e-05,67.28212027544456,0.012311304326543078,0.022132086079574603,-0.001332830024145808,5351.99375123772,5361.689338388482,5715.499216525819,5718.7744206256275,1.9462311150661427,0.6889133692770667,4.279489674269862,0
1.362000000000001,-2.0,1.0,1.5,0.0,-0.2757387035189208,0.13808235091066573,1.3583995786502305,-0.5880582453266574,0.29437119224431707,0.24224322119217773,-0.15858686993695903,0.07877683442292643,-0.20121255029846452,-0.46978806113473554,-0.9454806745167059,0.0077521473519765035,-1.8996272805209027,-3.7843084840273993,0.11586491735844218,0.018638490231489044,0.037051224098678066,-5.5179326649935285e-05,67.27293244750442,0.012053710405527203,0.021675153245793173,-0.0013023554321755925,5351.565520180172,5361.209975028245,5715.308260278195,5718.349702645456,1.9328811995776485,0.7008200032344755,4.233712933849948,0
1.382000000000001,-2.0,1.0,1.5,0.0,-0.28764020293651743,0.14403994446486587,1.363195120664287,-0.6007931664097895,0.30073883344997,0.23775802217657455,-0.1373488080005626,0.06815413093642414,-0.20185302876894423,-0.4064548036661539,-0.8189482497037652,0.005809497688694371,-1.8772241537915955,-3.7399920990332816,0.1143175558834707,0.020130442282056796,0.04003311247015208,-8.609116270812349e-05,67.26559222342854,0.011786037917346915,0.02120017428307162,-0.0012704462566626527,5351.208749669023,5360.798964941512,5715.20447477737,5718.001571248504,1.9192600830218556,0.7126886780768068,4.184077509943347,0
1.402000000000001,-2.0,1.0,1.5,0.0,-0.2997946888579489,0.15012403180939293,1.367900882612168,-0.6133708008620296,0.30702755317326735,0.23326677255163317,-0.11617151187600039,0.05756214470122489,-0.20230071218474172,-0.3432944206079935,-0.6927333877775724,0.004150542335127233,-1.853125683683809,-3.6923033805259697,0.11264346994522793,0.02158845171184777,0.042947428256104654,-0.0001158557753388934,67.26001818660355,0.011508883948140014,0.020708194821612697,-0.0012371911257558303,5350.920318739007,5360.453391450162,5715.1838909684,5717.72670522504,1.9053706826122327,0.7245019288686169,4.130668667103945,0
1.422000000000001,-2.0,1.0,1.5,0.0,-0.31219889491322106,0.1563329742966355,1.3725168059127208,-0.6257802181087467,0.31323189530017803,0.22877510517614116,-0.09506974962694892,0.04700825149544052,-0.20256678350105423,-0.2803542545267833,-0.5669346964317362,0.0027740477617473154,-1.8273723160075432,-3.6413209744620705,0.11085080834265762,0.023011384299453232,0.04579187742626268,-0.00014441623832915786,67.25613006322929,0.01122283542139608,0.020200243434656595,-0.0012026790475779389,5350.697142231155,5360.170379717486,5715.242588755629,5717.521830513169,1.8912161656896889,0.7362425893399042,4.0735746857203985,0
1.442000000000001,-2.0,1.0,1.5,0.0,-0.3248493388244631,0.1626650255094289,1.3770429415172776,-0.6380107345145793,0.3193465272584714,0.22428836909065286,-0.07405810211762798,0.03649973330957745,-0.20266207791602886,-0.2176807725144535,-0.44164902289219693,0.0016779248279114904,-1.8000057665584626,-3.5871260601279573,0.10894800962595712,0.024398177077246203,0.04856430859813096,-0.00017172025538505774,67.25384881420952,0.010928469089573442,0.01967733169956388,-0.0011669992525294725,5350.536175239678,5359.947100384028,5715.376701832921,5717.3837241466645,1.8767999454850504,0.7478938255776842,4.012886677909626,0
1.462000000000001,-2.0,1.0,1.5,0.0,-0.3377423274282102,0.1691183337728178,1.3814794442532492,-0.6500519209244147,0.32536624371406186,0.21981163141041699,-0.05315095142025961,0.02604377263933605,-0.20259707523161252,-0.15531954329405537,-0.31697137835577816,0.0008592555962962064,-1.771068933190441,-3.5298021902549013,0.10694376227692459,0.025747837043927194,0.05126271067389582,-0.00019772023539369428,67.25309672251782,0.010626351507637242,0.01914045421171947,-0.0011302410328696173,5350.4344173495565,5359.780772989188,5715.582422301478,5717.309217982671,1.8621256765940264,0.7594391652722611,3.9486984064926043,0
1.482000000000001,-2.0,1.0,1.5,0.0,-0.35087396184486075,0.1756909447379684,1.385826567211276,-0.661893609872847,0.331285970105817,0.21534967973386301,-0.03236246954638833,0.01564744693604181,-0.20238189333336182,-0.09331521643011136,-0.1929948680226276,0.00031432227469054637,-1.740605809512804,-3.4694351338051788,0.10484696498296492,0.02705943988094225,0.05388521047237843,-0.00022237335030013668,67.25379747585552,0.010317038991660457,0.018590588557525708,-0.0010924935806318557,5350.388916656366,5359.668669174503,5715.8560050632905,5717.2952022034715,1.8471972501774168,0.7708625229837925,3.8811061070536437,0
1.5020000000000011,-2.0,1.0,1.5,0.0,-0.3642401427886678,0.182380804035,1.3900846561860776,-0.6735259024613527,0.33710076601879885,0.21090702505186462,-0.01170660750621444,0.005317723216310577,-0.20202628278029133,-0.03171150347929644,-0.06981062655654492,3.863809209073174e-05,-1.7086614002651241,-3.4061127214218465,0.10266668717381262,0.02833212867077359,0.05643007035097227,-0.0002456415758045335,67.25587624444118,0.010001077565421918,0.018028695252451075,-0.0010538458248709227,5350.396773561267,5359.6081156654,5716.193771979727,5717.338628587429,1.8320187888993453,0.7821482218563617,3.810208313089269,0
1.5220000000000011,-2.0,1.0,1.5,0.0,-0.3778365760116073,0.18918575999150083,1.39425414418085,-0.6849391749017675,0.34280582839554213,0.2064879051415662,0.008802915299107816,-0.004938547167000484,-0.20153962249236823,0.0294488390764414,0.05249224119965863,2.697991888513335e-05,-1.6752816384202927,-3.3399246935412195,0.10041212998169662,0.02956511261543182,0.058895685813316584,-0.00026749171515369583,67.25925975379376,0.00967900289772839,0.01745571764979193,-0.001014386269176113,5350.455144334959,5359.596497029061,5716.592115786158,5717.436513545275,1.8165946416163488,0.7932810121683365,3.7361056842592455,0
1.5420000000000011,-2.0,1.0,1.5,0.0,-0.3916587778744278,0.19610356641348098,1.3983355459847038,-0.6961240847241355,0.34839649458466315,0.2020962884272145,0.029152621346601015,-0.015114633590118387,-0.20093091651986095,0.09012402526509605,0.17382671443221176,0.0002734224444509816,-1.6405133040638304,-3.2709625511726808,0.09809258777696651,0.030757665753783327,0.06128058309922295,-0.0002878954063650619,67.26387635239377,0.00935134023298487,0.016872581825484716,-0.0009742028303237969,5350.561244445669,5359.63125820688,5717.047503754941,5717.585940918856,1.8009293778301614,0.8042460870703397,3.658900837755864,0
1.5620000000000012,-2.0,1.0,1.5,0.0,-0.40570208103814237,0.20313188542549998,1.4023294528322827,-0.7070715766466048,0.3538682452258481,0.1977358782892006,0.04932928491590671,-0.02520393105721208,-0.20020879187554208,0.1502732535712982,0.2941079056706564,0.0007713737296055009,-1.604403945094099,-3.199319409355441,0.09571741042219939,0.031909125676634266,0.06358341675410824,-0.00030682911328036404,67.26965607412914,0.009018604317331803,0.016280196443979336,-0.0009333826788795196,5350.712351647254,5359.709906820826,5717.556481100427,5717.784064540414,1.7850277819170406,0.8150290958263625,3.57869818281378,0
1.5820000000000012,-2.0,1.0,1.5,0.0,-0.41996164026917776,0.21026829036668365,1.4062365271543076,-0.7177728881047528,0.35921670697007857,0.19341011780138195,0.06931994166253597,-0.03519996492979005,-0.19938149740766503,0.20985671952948504,0.41325310539427285,0.0015136119559741718,-1.567001799784231,-3.1250898533058273,0.0932959663785489,0.03301889223874616,0.0658029671758549,-0.00032427410090007935,67.27653069545465,0.008681299322472826,0.01567945260985556,-0.0008920120824981617,5350.905808824606,5359.830015253816,5718.1156741210125,5718.028110551362,1.768894847146464,0.8256161548398927,3.4956037583816535,0
1.6020000000000012,-2.0,1.0,1.5,0.0,-0.4344324383513375,0.21751026873932092,1.4100574974273825,-0.7282195544375576,0.36443765503381775,0.18912219487571866,0.0891118978331884,-0.04509639548346395,-0.19845690368875302,0.2688356270900332,0.5311818221186747,0.0024923231993719567,-1.5283557212423857,-3.048369797272113,0.0908376067886718,0.03408642626720676,0.06793813813765877,-0.00034021639549859797,67.28443378721413,0.008339918769116201,0.015071223709531179,-0.0008501762526094839,5351.139026594467,5359.989222504918,5718.721793074579,5718.315379480463,1.7525357695020016,0.8359938567157011,3.4097250739841845,0
1.6220000000000012,-2.0,1.0,1.5,0.0,-0.4491092920976813,0.2248552252067056,1.4137931531309682,-0.7384034137271546,0.36952701558579776,0.1848750477923305,0.10869273911625965,-0.054887022288791276,-0.19744250389247298,0.32717219887608434,0.6478158181514255,0.0036991400596611437,-1.488515103802418,-2.9692563461166377,0.08835163065101143,0.03511124826578904,0.06998795428600021,-0.0003546467300644752,67.29330076109763,0.00799494545176853,0.01445636524708004,-0.0008079591951163006,5351.4094856609145,5360.1852358210335,5719.371634784881,5718.6432480821595,1.7359559413171186,0.8461492775792451,3.321170953799541,0
1.6420000000000012,-2.0,1.0,1.5,0.0,-0.46398685845536336,0.23230048463685943,1.4174443398189895,-0.7483166112895452,0.37448086796501673,0.1806713710922541,0.12805033912065655,-0.06456578841284527,-0.19634541562834018,0.38482968543978746,0.7630791412054921,0.005125180985180178,-1.4475298113722097,-2.887847659646999,0.08584725119059912,0.036092937115135885,0.0719515586134202,-0.0003675604756488882,67.30306891072378,0.007646851366429595,0.013835714677844908,-0.0007654435656742266,5351.714738925545,5360.415832107295,5720.062084977694,5719.0091709366125,1.719160944738609,0.8560699828495656,3.2300513839808858,0
1.6620000000000013,-2.0,1.0,1.5,0.0,-0.47905964069642154,0.23984329518874514,1.421011954313063,-0.7579516038135351,0.37929544672856275,0.1765136218094638,0.1471728674761309,-0.07412678443815557,-0.19517238370158235,0.44177237361757976,0.8768981520582246,0.006761090135666024,-1.405450107762033,-2.804242819719701,0.08333356352190606,0.03703112876877852,0.07382820990625932,-0.00037895755924076586,67.31367744735927,0.0072960976425634995,0.013210091243207113,-0.000722710530064862,5352.052413353419,5360.678859119184,5720.790120346666,5719.41068181384,1.7021565450302876,0.8657440316380035,3.136477363249812,0
1.6820000000000013,-2.0,1.0,1.5,0.0,-0.4943219946874503,0.24748083143755217,1.4244969400238767,-0.7673011631453764,0.3839671435279421,0.17240402601810045,0.16604879754854684,-0.0835642522957174,-0.1939297837633212,0.49796559407503604,0.9892015484416359,0.008597077633561817,-1.3623265890100962,-2.7185417001403893,0.0808195136896839,0.03792551494516225,0.07561728016797478,-0.00038884236881641786,67.32506753030505,0.006943134480545811,0.01258029580954924,-0.0006798396301198233,5352.420211596653,5360.972236439931,5721.552810349953,5719.845394805053,1.684948683729464,0.8751599799239592,3.040560756789693,0
1.7020000000000013,-2.0,1.0,1.5,0.0,-0.5097681352310489,0.25521019753561025,1.4279002824067508,-0.7763583797168613,0.38849250881267927,0.16834458567034247,0.18466691376378452,-0.09287258890885436,-0.19262362681419165,0.553375728122667,1.099920385346927,0.010622960059658173,-1.3182101177174352,-2.6308448393854693,0.07831386916423574,0.03877584181598388,0.07731825201903501,-0.00039722364623813813,67.33718229199819,0.0065884010956265456,0.01194711071413636,-0.0006369086556001237,5352.8159133783065,5361.293956247398,5722.347318739718,5720.3110052250795,1.6675434716686448,0.8843068826401156,2.942414153464534,0
1.7220000000000013,-2.0,1.0,1.5,0.0,-0.5253921424718914,0.2630284304054654,1.431223004556919,-0.7851166656149493,0.39286825336009257,0.16433708569994837,0.20301631853436464,-0.10204634964486986,-0.19125956452270754,0.6079702138750948,1.2089880919227174,0.012828201055119406,-1.273151759399094,-2.5412533161697084,0.0758251908581854,0.03958190869127556,0.07893071607475514,-0.0004041143686973209,67.34996685789457,0.0062323256692888305,0.011311299620332243,-0.0005939935223850824,5353.237376640071,5361.642083875202,5723.170904827595,5720.805290290314,1.6499471818747558,0.8931742947828817,2.842150726389945,0
1.7420000000000013,-2.0,1.0,1.5,0.0,-0.54118796836023,0.27093250296162963,1.4344661629495692,-0.7935697572914174,0.3970912496303084,0.16038310136619033,0.22108643878333523,-0.11108025157160017,-0.18984289531804438,0.6617175518171774,1.3163404851422298,0.015201951898054076,-1.22720272085354,-2.4498686278840163,0.07336180672261768,0.04034356670176769,0.08045436830274187,-0.0004095316194159632,67.36336836121562,0.005875325308739378,0.010673607384271923,-0.0005511681572768429,5353.682538457921,5362.014758173336,5724.020924490152,5721.326109577417,1.6321662423580816,0.9017522716491247,2.739884096877609,0
1.7620000000000013,-2.0,1.0,1.5,0.0,-0.557149443165624,0.2789193273575017,1.4376308433291658,-0.8017117179114688,0.40115853294577436,0.15648400581269598,0.23886703206048254,-0.11996917651620331,-0.18837857121545265,0.714587309832045,1.4219157804099065,0.017733091928873217,-1.1804142905472694,-2.3567925719267517,0.07093178697147494,0.041060717479157044,0.0818890073618833,-0.0004134964483339917,67.37733595265624,0.005517806015123984,0.010034759934826512,-0.0005085043896810723,5354.149415730548,5362.4101916740365,5724.894830919186,5721.871405268434,1.614207228802937,0.9100313682873532,2.635728201777472,0
1.7820000000000014,-2.0,1.0,1.5,0.0,-0.5732702820336605,0.28698575825394307,1.440718156752076,-0.8095369393407432,0.40506730249474904,0.1526409778156085,0.25634819224652183,-0.1287081739237747,-0.1868712053312776,0.7665501277376698,1.5256545992726414,0.020410268704712232,-1.1328377810068255,-2.262127129950677,0.06854292097435308,0.041733311834979275,0.08323453192505736,-0.0004160337235206372,67.39182080516724,0.005160162660933012,0.00939546416842134,-0.00046607185038115295,5354.636105646083,5362.826670569104,5725.790175122558,5722.439202188622,1.5960768571719492,0.9180026382402481,2.5297971642334556,0
1.8020000000000014,-2.0,1.0,1.5,0.0,-0.5895440915784407,0.295128596105984,1.4437292357860025,-0.8170401437707085,0.4088149221584912,0.14885500969546342,0.27352035484155957,-0.1372924635136618,-0.18532508004349135,0.8175777213705487,1.6274999743950815,0.023221937769153253,-1.084524473205817,-2.1659743550461923,0.06620269584936787,0.04236134843884355,0.08449093798791353,-0.000417171974055288,67.4067761139384,0.004802778976939615,0.008756407860007562,-0.00042393787758237254,5355.140785933062,5363.262554505272,5726.70460618193,5723.027607643782,1.5777819762356378,0.9256576316456047,2.422205167871646,0
1.8220000000000014,-2.0,1.0,1.5,0.0,-0.6059643765035972,0.30334459046413387,1.4466652308692145,-0.8242163849829888,0.4123989211621295,0.14512691536726585,0.2903743018348104,-0.14571743773166257,-0.18374415575275205,0.8676428862474159,1.7273973519523715,0.026156401929359033,-1.0355255629301934,-2.0684362618796546,0.06391827677959118,0.04294487249683732,0.0856583161662478,-0.00041694322512718005,67.42215709172127,0.004446027548900222,0.008118259591240937,-0.0003821674303644145,5355.661714902248,5363.716276204586,5727.635871274514,5723.634811064247,1.5593295600388082,0.9329883927542358,2.3130663344333824,0
1.8420000000000014,-2.0,1.0,1.5,0.0,-0.6225245462446402,0.31163044328677186,1.4495273068320633,-0.8310610492537811,0.4158169945494753,0.14145733850342296,0.3069011661532707,-0.15397866399662352,-0.1821320801983503,0.916719500828581,1.8252945915872874,0.029201849938503267,-0.9858921091009081,-1.9696147198035834,0.06169648906870382,0.04348397443094199,0.08673684898460429,-0.00041538282610428773,67.43792095964267,0.004090269824143576,0.007481668696685798,-0.00034082300964457987,5356.197231286259,5364.186340917082,5728.581815466443,5724.259083463234,1.5407267003150578,0.939987456916009,2.2024946048648006,0
1.8620000000000014,-2.0,1.0,1.5,0.0,-0.6392179216254449,0.3199828122601015,1.452316639582765,-0.8375698559001332,0.41906700348232906,0.13784676078445096,0.32309243568780954,-0.16207188674030681,-0.1804921982828659,0.9647825293996566,1.9211419640721248,0.03234639448705279,-0.9356749840293219,-1.8696113489533048,0.05954380194399948,0.043978788560324014,0.08772680815883149,-0.0004125292723206892,67.45402693366992,0.0037358561280804088,0.006847265228646506,-0.0002999645867203437,5356.74575388444,5364.671325713335,5729.54038128602,5724.898776717475,1.5219805988604895,0.9466478470788353,2.090603623870611,0
1.8820000000000014,-2.0,1.0,1.5,0.0,-0.6560377415217515,0.3283983141221696,1.4550344129589292,-0.8437388574704868,0.42214697536513474,0.13429551021271868,0.33893995689591594,-0.16999302923976178,-0.17882756235905473,1.011808024581972,2.014892146808888,0.0355781094120154,-0.8849248255771407,-1.7685274193421512,0.057466314107712295,0.044429491785384245,0.08862855187537962,-0.0004084240213266867,67.47043620689969,0.003383125690577888,0.006215659941020635,-0.00025964953942877284,5357.305781020771,5365.169878624731,5730.509608085506,5725.5523226784735,1.5030985598775106,0.9529630698399748,1.9775066279392295,0
1.9020000000000015,-2.0,1.0,1.5,0.0,-0.6729771695245871,0.33687352798746645,1.4576818157458296,-0.8495644395825294,0.425055103796141,0.13080376946491554,0.3544359379811317,-0.1777381952418129,-0.17714094293233112,1.0577731294760289,2.1065002172944687,0.03888506603871676,-0.8336919911895209,-1.66646375296482,0.055469741030848,0.0448363022754452,0.08944252207015686,-0.0004031113043404862,67.48711192784916,0.003032406682069148,0.005587444292383523,-0.00021993259593091653,5357.875889822914,5365.680717639449,5731.487631200545,5726.218232122928,1.4840879822993431,0.9589271110843389,1.8633163368411134,0
1.9220000000000015,-2.0,1.0,1.5,0.0,-0.6900293005966005,0.34540499866865526,1.460260038861926,-0.85504332041204,0.4277897483465408,0.12737158425943482,0.3695729516500039,-0.1853036703796661,-0.1754348397322389,1.102656079436859,2.195923644670515,0.04225536857500864,-0.7820265137670991,-1.5635206289157808,0.05355940397727506,0.045199478160962835,0.09016924170977181,-0.0003966379336307341,67.50401917493765,0.002684016259195113,0.00496319046833404,-0.00018086578610211016,5358.454735330784,5366.202629562415,5732.47268091668,5726.895093551158,1.4649563521056423,0.9645344312404828,1.74814484860395,0
1.9420000000000015,-2.0,1.0,1.5,0.0,-0.7071871677143748,0.353989239992008,1.4627702727116814,-0.8601725498370492,0.43034943416937516,0.12399887171543476,0.3843439374481967,-0.19268592338202262,-0.1737114931064894,1.1464362034751507,2.2831222794707973,0.04567718848304651,-0.7299780593401703,-1.4597976915268882,0.05174022073979167,0.04551931623112862,0.09080931207796426,-0.00038905310654888353,67.52112492735237,0.0023382606197196783,0.004343451422982205,-0.00014249840048433479,5359.041049443272,5366.734468747533,5733.463081252751,5727.581571842493,1.4457112346393544,0.9697799601815729,1.6321035379665063,0
1.9620000000000015,-2.0,1.0,1.5,0.0,-0.7244437484898776,0.36262273810316675,1.4652137047052542,-0.8649495082422631,0.432732851440295,0.12068542868098141,0.3987422036782011,-0.1998816070754872,-0.17197289569149884,1.1890939252735409,2.368058341671963,0.049138797758908476,-0.6775958865060715,-1.3553938615255494,0.05001669806422333,0.045796150637717005,0.09136341007000413,-0.00038040820691805403,67.5383980324978,0.0019954350664041377,0.003728760939303798,-0.00010487695673287502,5359.633639711906,5367.275155710687,5734.457248571163,5728.276406776785,1.426360266934687,0.9746590917957384,1.515302958317234,0
1.9820000000000015,-2.0,1.0,1.5,0.0,-0.7417919717643133,0.3713019547598918,1.4675915169442126,-0.8693719049893187,0.4349388546325856,0.1174309400083819,0.41276142890187506,-0.2068875591814443,-0.17022080431387032,1.230610763803449,2.450696407146789,0.0526286010553687,-0.6249288075889499,-1.2504072502119274,0.04839292573232768,0.046030351606010524,0.09183228549776275,-0.00037075660447029855,67.55580917023272,0.0016558240794815554,0.003119633707969879,-6.80451734684481e-05,5360.231387990436,5367.823675631988,5735.45369002521,5728.978411431265,1.4069111500657905,0.979167678247763,1.3978527471240394,0
2.002000000000001,-2.0,1.0,1.5,0.0,-0.7592247241677627,0.38002333060851345,1.469904884071972,-0.8734377765590297,0.4369664616291581,0.11423498675557826,0.4263956630318264,-0.21370080290896987,-0.16845675207789684,1.2709693335243881,2.531003392612371,0.05613516658809352,-0.5720251514796255,-1.1449350766508295,0.046872572269386396,0.04622232415360181,0.0922167584081031,-0.0003601534530090123,67.57333081410344,0.0013197013973377718,0.002516565424136301,-3.20439514257125e-05,5360.833248949398,5368.379076755879,5736.45100185385,5729.686470462093,1.3873716415254589,0.983302023952018,1.2798615348866529,0
2.021999999999999,-2.0,1.0,1.5,0.0,-0.7767348566381207,0.388783288440857,1.472154971287258,-0.8771454843723623,0.4388148526745063,0.11109705429328735,0.43963932801639993,-0.22031854734572254,-0.1666820605949672,1.3101533441447033,2.608948539159211,0.05964725577040377,-0.5189327281120472,-1.0390735878710564,0.045458882237842814,0.046372506817846056,0.09251771641713565,-0.000348655487955845,67.59093718978318,0.000987330104971116,0.0019200329015838693,3.0886382291416638e-06,5361.438248464798,5368.940468697607,5737.44786753435,5730.399538279889,1.3677495476428954,0.9870588792747981,1.1614368576647252,0
2.0419999999999967,-2.0,1.0,1.5,0.0,-0.7943151908929894,0.397578236428478,1.4743429325184936,-0.880493712297428,0.4404833691699106,0.10801654029843837,0.452487218123774,-0.22673818764913384,-0.1648978523116818,1.3481475999202037,2.684503394440845,0.06315385152655172,-0.4656987945320032,-0.932917982062178,0.044154675074193295,0.04648137039270098,0.09273611206279342,-0.0003363208239227836,67.60860423093081,0.0006589627297810946,0.001330494203510449,3.731735855613794e-05,5362.0454818901,5369.50702066465,5738.443055803316,5731.116637128652,1.348052716049258,0.9904354339827639,1.0426850733073147,0
2.0619999999999945,-2.0,1.0,1.5,0.0,-0.8119585258483273,0.40640457133110947,1.476469908756629,-0.883481463850305,0.4419715123154422,0.10499276261536489,0.4649344998313736,-0.232957305040579,-0.16310506289451737,1.3849379984652157,2.7576417935976667,0.06664418523820377,-0.4123700225131976,-0.8265623347559364,0.042962345422555615,0.04654941667565195,0.09287296017805928,-0.0003232087529308733,67.62630953268243,0.00033484134421893016,0.0007483887892048468,7.06098046345448e-05,5362.654112220736,5370.077959601573,5739.43541855663,5731.836855077306,1.328289028199437,0.99342931045298,0.923711281649007,0
2.0819999999999923,-2.0,1.0,1.5,0.0,-0.829657643977826,0.41525868167629915,1.4785370265435773,-0.8861080590979873,0.44327894160257936,0.10202496696715746,0.47697671132747343,-0.23897366660555397,-0.16130445363005064,1.4205115290490196,2.8283398389826635,0.07010776228349985,-0.35899246767556214,-0.7200995279767506,0.041883864914904916,0.046577177225380365,0.09292933528706494,-0.0003093795438762583,67.64403230298981,1.519767482092309e-05,0.00017413767577113544,0.00010293639466558735,5363.263368160263,5370.652568266707,5740.4238886387675,5732.55934393319,1.3084663919581825,0.9960385566590054,0.8046192492949988,0
2.10199999999999,-2.0,1.0,1.5,0.0,-0.8474053176071502,0.4241369509072952,1.480545396613068,-0.8883731312722212,0.44440547316149165,0.09911233450056382,0.48860976163251424,-0.24478522490322507,-0.15949662380102014,1.4548562703496888,2.89657587875139,0.07353438613269962,-0.3056115400606973,-0.6136211823431644,0.040920785344883796,0.04656521213079841,0.09290636902614667,-0.00029489424382229035,67.66175331201926,-0.00029974678286339985,-0.00039185638597569736,0.00013427035457252583,5363.8725420973215,5371.230183248992,5741.407477531953,5733.28331708653,1.2885927342584096,0.9982616389466501,0.685511340487784,0
2.121999999999988,-2.0,1.0,1.5,0.0,-0.8651943151373597,0.433035760496317,1.4824961126804281,-0.8902766231034105,0.44535107796727413,0.09625398914883009,0.4998299293482489,-0.250390117389027,-0.1576820229998723,1.4879613876366915,2.9623304843731577,0.07691418096900848,-0.2522719761196513,-0.5072175920995348,0.04007424317934089,0.04651410879202177,0.09280524759181052,-0.0002798144816745351,67.67945483982294,-0.0006097806439332385,-0.0009492087223595201,0.0001645876962978772,5364.480988002416,5371.81019293314,5742.385272955455,5734.008047295006,1.2686759938391883,1.0000974346122922,0.5664884581047831,0
2.1419999999999857,-2.0,1.0,1.5,0.0,-0.8830174071920196,0.4419514930204414,1.4843902503774742,-0.8918187828841554,0.44611587990962764,0.09344900479791413,0.5106338610433957,-0.25578666565428887,-0.15586096334288632,1.5198171293535259,3.025586427115517,0.08023761280772602,-0.19901781206878225,-0.4009776630547971,0.03934496534932716,0.04642448071381923,0.09262720921742201,-0.000264202274771792,67.69712062249317,-0.0009147025088756099,-0.0014975525353799288,0.0001938671900088212,5365.088119253438,5372.392035421151,5743.356436385215,5734.732864417217,1.2487241140706105,1.0015452242960565,0.4476500074318765,0
2.1619999999999835,-2.0,1.0,1.5,0.0,-0.9008673726826998,0.4508805351974253,1.486228866328441,-0.8930001602723386,0.44670015373067123,0.09069641224255119,0.5210185692849953,-0.26097337448714797,-0.15403363154952499,1.5504148230719088,3.086328653549444,0.08349550909136519,-0.14589235857023508,-0.2949888534028143,0.03873327626016193,0.04629696631203043,0.09237354168029097,-0.00024811983890252133,67.71473579700732,-0.0012143208338573305,-0.002036538689895876,0.00022209033043203014,5365.693406398786,5372.975196418057,5744.320200503904,5735.457153103743,1.228745035872413,1.002604684201654,0.32909393165938833,0
2.1819999999999813,-2.0,1.0,1.5,0.0,-0.918737004787766,0.4598192808788775,1.4880129973626022,-0.8938216018439786,0.4471043228357508,0.08799520591972396,0.5309814303251461,-0.26594893075926745,-0.1522001008532587,1.5797468707896996,3.144544260118394,0.08667907674286408,-0.09293817669454339,-0.18933711739657208,0.03823910595836694,0.046132227733404266,0.09204557984068411,-0.00023162940223152021,67.73228684496758,-0.0015084537970383295,-0.0025658354904194445,0.0002492412975485175,5366.296374866661,5373.559207089553,5745.27586659118,5736.180350454303,1.2087466907329152,1.0032758781542621,0.21091708624632063,0
2.201999999999979,-2.0,1.0,1.5,0.0,-0.9366191168395737,0.46876413399829747,1.4897436598590044,-0.8942842464063405,0.4473289569822619,0.085344350408162,0.5405201814532138,-0.27071220214311675,-0.15036034271179222,1.6078067435457928,3.200222466810344,0.08977991866344381,-0.04019705512404484,-0.08410685184637873,0.0378619993917363,0.045930949689269494,0.09164470321415256,-0.0002147930235965914,67.74976153543656,-0.0017969291613578618,-0.0030851284484858087,0.00027530691188766093,5366.896602629115,5374.143641898981,5746.222801863869,5736.901943649253,1.188736993834513,1.0035592495074648,0.09321890692085344,0
2.221999999999977,-2.0,1.0,1.5,0.0,-0.9545065481153867,0.4777115114715974,1.4914218492185214,-0.8943895200820182,0.44737476985164376,0.08274278668358243,0.5496329180240033,-0.2752622356647899,-0.14851423828634835,1.634588975326555,3.253354589968257,0.09279004866606225,0.012290011442862264,0.020619154589751238,0.0376011266975576,0.04569383830341034,0.0911723335784204,-0.00019767241560943885,67.76714886706512,-0.0020795841342311715,-0.0035941200415504798,0.00030027658466736236,5367.493717829082,5374.728116430909,5747.160436775426,5737.621467563496,1.168723837291649,1.0034556129099677,0.02400403946558656,0
2.2419999999999747,-2.0,1.0,1.5,0.0,-0.9723921695275606,0.48665784604782675,1.4930485394582378,-0.894139131174896,0.44724261650981817,0.08018943812046533,0.5583180901727194,-0.27959825609753275,-0.14666158966143933,1.6600891562401279,3.3039340142712086,0.09570190483977206,0.06448284272510793,0.12475976935721332,0.03745529445300571,0.04542161997448191,0.09062993261594399,-0.0001803287729690019,67.78443900970358,-0.002356265224572934,-0.0040925294643529096,0.0003241422630341872,5368.087396378525,5375.312285208326,5748.088262283882,5738.3385023705205,1.1487150835068693,1.0029661459425347,0.14043870721549107,0
2.2619999999999725,-2.0,1.0,1.5,0.0,-0.9902688892087479,0.49559958910793006,1.4946246829230057,-0.893535064829041,0.4469334907614458,0.0776832162322408,0.5665744992278284,-0.28371966420132394,-0.14480213077838028,1.6843039249368559,3.35195616391522,0.09850836134459719,0.11634209216685654,0.22823556123283636,0.03742295782098912,0.045115040253265265,0.09001899959311341,-0.00016282260636924198,67.80162324568315,-0.002626828097542829,-0.0045800923736577515,0.00034689837066369066,5368.677359535586,5375.895839510175,5749.005827097126,5739.052671144127,1.1287185586502522,1.0020923806353559,0.2561774428536943,0
2.2819999999999703,-2.0,1.0,1.5,0.0,-1.0081296579881094,0.5045332134094715,1.4961512101088568,-0.8925795774916901,0.4464485224034521,0.07522302614283825,0.5744012938331874,-0.28762603481400534,-0.14293553805762788,1.707230960256392,3.3974184730203123,0.10120273864080644,0.16782926515508828,0.33096884286681455,0.0375022335242219,0.04477486273502696,0.08934106907693677,-0.0001452135823570901,67.81869391094799,-0.002891137427386991,-0.005056560627259496,0.00036854174398687797,5369.263371468368,5376.478505195757,5749.912734904169,5739.763637465036,1.1087420462671898,1.0008361948758429,0.3710885661173785,0
2.301999999999968,-2.0,1.0,1.5,0.0,-1.0259674747547343,0.5134552157753749,1.497629029592838,-0.8912751911915675,0.445788974383335,0.07280777178361261,0.5817979657910102,-0.2913171147995905,-0.14106144068691862,1.7288689720844947,3.4403203552878345,0.10377881216066584,0.21890673618021148,0.4328837106770087,0.037690913580014015,0.044401867967219615,0.08859770868992199,-0.00012756036946869702,67.83564433621241,-0.003149066748724083,-0.005521702018100211,0.00038907156431324837,5369.845236812761,5377.060040542202,5750.808641600658,5740.471103039291,1.0887932810191878,0.9991998037166568,0.48508510008195377,0
2.321999999999966,-2.0,1.0,1.5,0.0,-1.0437753917047017,0.522362119724833,1.499059028063716,-0.8896246876438004,0.4449562398678075,0.07043636081071197,0.588764345637391,-0.2947928208594809,-0.1391794305540411,1.7492176914052457,3.480663172930105,0.10623081943489007,0.269537764971203,0.5339060821354207,0.03798647972820605,0.04399685237272512,0.08779051690375059,-0.0001099204909463521,67.85246878831173,-0.0034004983065978878,-0.005975300004311894,0.00040848928612559045,5370.422798231489,5377.640234100961,5751.6932525166685,5741.174805335102,1.068879942562043,0.9971857505935813,0.598083780460284,0
2.3419999999999637,-2.0,1.0,1.5,0.0,-1.061546519468435,0.5312504780446564,1.5004420704479136,-0.8876311021927026,0.4439518392273546,0.06810770923898372,0.5953005979622266,-0.2980532372124113,-0.13728907180497146,1.7682778595372541,3.5184502048925648,0.10855346569007907,0.31968651163485906,0.6339637304878376,0.03838611848480792,0.04356062718882106,0.0869211208722187,-9.235018431049122e-05,67.86916241190806,-0.0036453229055957203,-0.006417153435954207,0.0004267985618249868,5370.995933981219,5378.218902578969,5752.566319654408,5741.874515244414,1.0490096495654615,0.9947968984626786,0.7100037369857586,0
2.3619999999999615,-2.0,1.0,1.5,0.0,-1.0792740321152385,0.5401168752994401,1.501779000124986,-0.8852977176036583,0.4427774169422859,0.06582074578952749,0.6014072164854584,-0.3010986131490116,-0.13538991001001335,1.7860512165455038,3.55368661438729,0.11074192793741429,0.36931805082681335,0.7329863169487325,0.038886736754228914,0.043094017422022804,0.08599117430381743,-7.490426803447152e-05,67.8857211717062,-0.0038834397583019016,-0.0068470762791687035,0.00044400516320739825,5371.564555494395,5378.795888749858,5753.427638943221,5742.570034775181,1.029189953877867,0.9920364208659977,0.8207663019916909,0
2.3819999999999593,-2.0,1.0,1.5,0.0,-1.0969511720321128,0.5489579302790403,1.50307063922687,-0.8826280577152713,0.4414347384358579,0.0635744159489915,0.6070850189015744,-0.3039293604669085,-0.13348148092242285,1.802540488823543,3.5863794157553635,0.11279185757676995,0.41839838498003523,0.830905420414452,0.03948497793349162,0.04259786081893403,0.08500235537421724,-5.763601554279477e-05,67.9021417953264,-0.004114756333333623,-0.007264897338429609,0.0004601168999557051,5372.128604982096,5379.371059400251,5754.277047518835,5743.261194779994,1.0094283348398754,0.9889077929349237,0.9302949822367184,0
2.401999999999957,-2.0,1.0,1.5,0.0,-1.1145712546741815,0.5577702983819636,1.5043177890151467,-0.8796258809628447,0.4399256868400111,0.06136768573967037,0.6123351415043213,-0.30654605079232805,-0.13156331881591615,1.817749375844036,3.616537440674749,0.11469938154418814,0.4668944566145952,0.9276545647385788,0.04017723844250128,0.0420730068532153,0.0839563646788334,-4.059703672646e-05,67.91842171697519,-0.004339188203174953,-0.0076704599775157265,0.00047514353543237425,5372.6880530640055,5379.944303315935,5755.114421033565,5743.947852726393,0.9897321937496072,0.985414782340086,1.038515467838252,0
2.421999999999955,-2.0,1.0,1.5,0.0,-1.1321276731842724,0.5665506739333795,1.5055212303305185,-0.8762951737841296,0.4382522596992237,0.05919954520039398,0.6171590336035302,-0.3089494127941528,-0.12963496438927286,1.8316825360789217,3.6441713037296286,0.11646110203433066,0.5147741597505731,1.0231692436140611,0.040959684615279476,0.04152031572876752,0.08285492322555658,-2.383716714202334e-05,67.93455902204599,-0.00455665889200334,-0.008063621839781277,0.0004890967000591151,5373.242896431201,5380.515529312343,5755.9396710037245,5744.629890513819,0.9701088484827438,0.9815614401965713,1.1453556510934695,0
2.4419999999999527,-2.0,1.0,1.5,0.0,-1.149613902879422,0.5752957924365826,1.5066817241087358,-0.8726401439181246,0.4364165656179293,0.05706901157910069,0.6215584517458881,-0.3111403292963869,-0.12769597222809326,1.8443455720937871,3.669293367356662,0.11807409483306221,0.5620063504441305,1.1173869431073336,0.0418282698880623,0.040940657399209705,0.08169977046765729,-7.404365034430257e-06,67.95055239277542,-0.004767099723676224,-0.008444254568248941,0.0005019898025699061,5373.793155547272,5381.084664313514,5756.752742200243,5745.307212341885,0.9505655282699372,0.9773520919329989,1.2507456474504661,0
2.4619999999999505,-2.0,1.0,1.5,0.0,-1.1670235056022775,0.5840024327568304,1.5078000119572126,-0.8686652136075298,0.4344208208568721,0.054975132238853475,0.6255354537513746,-0.3131198342949459,-0.12574591781554706,1.8557450148243757,3.6919177061834207,0.11953590629871991,0.6085608564649561,1.2102471618901627,0.04277875222129631,0.04033491060371861,0.08049266237679406,8.655383702639466e-06,67.9664010550722,-0.004970449670020413,-0.008812243525996648,0.0005138379394237658,5374.338872392906,5381.651651483364,5757.553610088049,5745.979742634217,0.931109368633936,0.9727913281328393,1.3546178159814832,0
2.4819999999999482,-2.0,1.0,1.5,0.0,-1.1843501339355862,0.5926674192365986,1.5088768167866402,-0.8643750127152533,0.43226734588369176,0.05291698727989336,0.6290923925769604,-0.3148891098846443,-0.12378440408573016,1.8658883070464582,3.712060070774245,0.12084454903387114,0.654408486131555,1.3016914292153547,0.04380671169383386,0.0397039619192852,0.07923536955600549,2.4298152541718078e-05,67.98210472662858,-0.005166655199542709,-0.009167487517262077,0.0005246578026619638,5374.8801082588025,5382.216448412797,5758.342278319493,5746.647424021878,0.9117474064885146,0.9678839953561614,1.4569067783530398,0
2.501999999999946,-2.0,1.0,1.5,0.0,-1.201587535278163,0.60128762374139,1.5099128434919455,-0.8597743717651454,0.42995856188293385,0.05089369188111915,0.6322319100189799,-0.3164494831021952,-0.121811067514942,1.8747837860535612,3.7297378507988754,0.1219984962924442,0.6995210363191882,1.391663320682808,0.044907568209024286,0.039048704829441824,0.07792967539249197,3.9482153250301534e-05,67.99766356641577,-0.005355670126662664,-0.009509898509630913,0.000534467586493198,5375.4169415914785,5382.779025365917,5759.11877628665,5747.310215389957,0.892486575401043,0.9626351869498025,1.5575494358818103,0
2.521999999999944,-2.0,1.0,1.5,0.0,-1.2187295557809357,0.6098599676353483,1.510908779677033,-0.8548683149168947,0.42749698723057766,0.048904398365141634,0.6349569302654293,-0.3178024226909627,-0.11982558374788682,1.8824406655602686,3.744970037639645,0.12299667517002755,0.7438712996537041,1.4801084718426105,0.046076599253910985,0.0383700388094959,0.07657737424995531,5.416780669693324e-05,68.01307812565771,-0.00553745546153904,-0.009839401357629219,0.000543286892887345,5375.949465896198,5383.339363588242,5759.8831567370635,5747.968089990645,0.8733337010202845,0.9570502338537555,1.6564849845015253,0
2.5419999999999416,-2.0,1.0,1.5,0.0,-1.2357701441418505,0.6183814236860165,1.5118652964178305,-0.8496620528847579,0.4248852339380541,0.04694829799177807,0.6372706533092022,-0.318949535793115,-0.11782767275741468,1.8888690168518494,3.757777186453407,0.12383845862784632,0.7874330709030317,1.5669745896820477,0.0473089576543701,0.03766886842831402,0.0751802697002204,6.83178055239234e-05,68.02834930036903,-0.005711979260550836,-0.010155933527992336,0.0005511366364555018,5376.477787700992,5383.897453679557,5760.635493457075,5748.621033625726,0.854295496670773,0.9511346954113602,1.7536549275822189,0
2.5619999999999394,-2.0,1.0,1.5,0.0,-1.2527033552586269,0.6268490178976863,1.5127830490582694,-0.8441609758095238,0.42212600407060735,0.04502462248553324,0.6391765482330655,-0.3198925645747366,-0.11581710353800255,1.8940797492040318,3.7681813777050994,0.1245236564034555,0.8301811525767356,1.6522114620434785,0.048599689270755475,0.03694610246668798,0.07374017279382769,8.189716869970972e-05,68.04347828553553,-0.005879216477467938,-0.010459444826830285,0.0005580389488899727,5377.002024585388,5384.453294033734,5761.375879026569,5749.26904290112,0.8353785591148849,0.9448943501906817,1.8490030865902047,0
2.5819999999999372,-2.0,1.0,1.5,0.0,-1.2695233537385178,0.6352598312728779,1.5136626780339466,-0.8383706460928259,0.4192220861447171,0.043132645303248764,0.6406783463769182,-0.3206333827893392,-0.11379369833467996,1.8980845895995435,3.776206178190576,0.1250525048634994,0.8720913597427936,1.7357709650200375,0.0499437505804424,0.0362026530523182,0.07225890036924996,9.487328798815074e-05,68.05846653100807,-0.006039148815336153,-0.010749897128869828,0.0005640170832336094,5377.522303277173,5385.006889347589,5762.10442264859,5749.912123555786,0.816589364483503,0.9383351868242428,1.94247560960187,0
2.601999999999935,-2.0,1.0,1.5,0.0,-1.28622441726443,0.6436110015015777,1.5145048097183427,-0.8322967912026217,0.4161763515091643,0.04127168264869887,0.6417800343976127,-0.3211739922850994,-0.11175733641056651,1.9008960617707678,3.7818766015672094,0.12542565585598928,0.9131405240696195,1.8176070683761048,0.05133602609557959,0.035439434811447845,0.07073827340038283,0.00010721596639531579,68.07331569917218,-0.006191764579079752,-0.011027264108907973,0.0005690953182422571,5378.038757820228,5385.5582492004605,5762.821248056941,5750.550288866946,0.7979342643759425,0.931463394874063,2.0340209777034635,0
2.621999999999933,-2.0,1.0,1.5,0.0,-1.3028009398169114,0.6518997245779631,1.5153100572866174,-0.8259452964583512,0.4129917507141747,0.03944109424146333,0.6424858472313453,-0.3215165194610198,-0.10970795735759004,1.9025274646004013,3.7852190684117377,0.1256441646214253,0.9533064971003531,1.8976758390393385,0.05277134556636141,0.034657364037182475,0.06918011538191912,0.00011889744867669206,68.08802762444948,-0.006337058528818004,-0.011291530975569826,0.0005732988630986074,5378.5515278161565,5386.107386706072,5763.526491504565,5751.1835581333335,0.7794194821296164,0.9242853557287364,2.1235900093092823,0
2.6419999999999306,-2.0,1.0,1.5,0.0,-1.3192474347517,0.6601232563444155,1.5160790215921538,-0.819322197803981,0.40967130987293127,0.03764028384791987,0.64280026096833,-0.32166321167707884,-0.1076455639562779,1.9029928499143476,3.7862613658259163,0.12570947682373856,0.9925681527655632,1.9759354427109912,0.054244500922211274,0.03385735787453227,0.0675862507522319,0.0001298924440097099,68.10260427467783,-0.006475031733873195,-0.011542694207430164,0.0005766537627288799,5379.060756742104,5386.65431723778,5764.2202998351195,5751.811955237795,0.761051109259704,0.9168076335390652,2.2111358624394595,0
2.6619999999999284,-2.0,1.0,1.5,0.0,-1.3355585377326702,0.668278913962721,1.5168122920511795,-0.8124336745768184,0.4062181270195889,0.035868699582665114,0.6427279856491739,-0.32161643362329173,-0.10557022459177597,1.9023069997032491,3.785032606611541,0.12562341476343147,1.030905389139753,2.0523461436409542,0.055750262905417715,0.033040333522218614,0.06595850335336215,0.0001401781409577719,68.11704771441143,-0.006605691427444997,-0.011780761291514749,0.0005791868039666684,5379.566590346916,5387.1990572282175,5764.9028286398525,5752.435507290335,0.7428351020689002,0.9090369661985401,2.2966140350001703,0
2.681999999999926,-2.0,1.0,1.5,0.0,-1.3517290095201826,0.6763640773124286,1.5175104475309753,-0.8052860422796732,0.40263536846777437,0.034125833989099054,0.6422739579920734,-0.3213786636524636,-0.10348207523447402,1.900485402811017,3.7815631880377083,0.12538816283647344,1.0682991294464657,2.1268703026138165,0.057283397353981344,0.032207207451286114,0.06429869492773256,0.00014973421487164332,68.13136007017367,-0.006729050861909479,-0.012005750464177642,0.0005809254228005048,5380.069175127461,5387.741623043925,5765.574240501597,5753.054243352376,0.7247772784271415,0.9009802563747397,2.3799823631081183,0
2.701999999999924,-2.0,1.0,1.5,0.0,-1.3677537386149805,0.6843761903164216,1.5181740572373514,-0.7978857453636128,0.39892626517339386,0.032411223908291244,0.6414433340596338,-0.3209524900812635,-0.10138132099471465,1.8975442311304644,3.7758847502241952,0.12500625230342774,1.1047313223162567,2.199472373191928,0.05883868109270322,0.031358894640570366,0.0626086436511891,0.0001585428278939305,68.14554349768906,-0.00684512916470064,-0.012217690454307019,0.0005818976129331398,5380.56865688663,5388.28202993544,5766.234703327279,5753.668193242719,0.70688331472102,0.8926445625974957,2.461201017504764,0
2.721999999999922,-2.0,1.0,1.5,0.0,-1.3836277437579245,0.6923127621938241,1.5188036815972576,-0.790239350028254,0.3950941091054154,0.03072445014558649,0.6402414818738192,-0.3203406074640957,-0.0992682372621442,1.8935003153476362,3.76803013416621,0.12448054543397104,1.1401849413015086,2.2701188962611702,0.06041091739387381,0.030496307829072835,0.060890162701999116,0.00016658862175071134,68.15960015111348,-0.006953951194723189,-0.012416620228796601,0.0005821318358715478,5381.065179374295,5388.8202910629725,5766.88438877015,5754.277386425455,0.6891587429724388,0.8840370904094623,2.5402324981031152,0
2.7419999999999196,-2.0,1.0,1.5,0.0,-1.3993461762859865,0.7001713686404463,1.519399873132594,-0.7823535370462055,0.39114224962813426,0.029065136944707543,0.6386739739872098,-0.31954581284409733,-0.09714317044125007,1.888371120277808,3.7580333394268224,0.12381421909240493,1.1746439836517586,2.3387784929248348,0.06199495097129198,0.02962035678530031,0.05914505886544018,0.00017385870353139545,68.17353215427512,-0.007055547399241926,-0.012602588740193316,0.0005816569327572723,5381.55888301216,5389.3564165976,5767.523470742553,5754.881850979736,0.6716089481258936,0.8751651835844938,2.6170416267132,0
2.7619999999999174,-2.0,1.0,1.5,0.0,-1.4149043223450586,0.7079496529370324,1.51996317732148,-0.7742350946179782,0.3870740898982701,0.027432951279368716,0.6367465800184591,-0.31857100198542565,-0.09500653829554132,1.882174719837072,3.7459294815246733,0.1230107478299487,1.2080934683531865,2.4054218557906637,0.06358568247375745,0.028731947593630184,0.05737513117362751,0.00018034262467496277,68.18734157393253,-0.007149953671191526,-0.01277565467640867,0.0005805020381364187,5382.049903703252,5389.89041289769,5768.152124019779,5755.48161265116,0.6542391655036129,0.866036315419036,2.691595537988364,0
2.781999999999915,-2.0,1.0,1.5,0.0,-1.430297604960252,0.7156453269856421,1.5204941334434405,-0.7658909112633582,0.38289308328009175,0.025827601972635082,0.634465259159508,-0.31741916559085365,-0.09285882991368376,1.8749297716943731,3.7317547490456873,0.12207388654955591,1.2405194334358802,2.470021738695811,0.06517808244662493,0.027831981957770025,0.05558216958025325,0.00018603235339570453,68.20103039504907,-0.007237211206848825,-0.012935886212371605,0.0005786964958582247,5382.538371726418,5390.422281760013,5768.770522935277,5756.0766939842315,0.6370544784276498,0.8566580801015125,2.763863668638758,0
2.801999999999913,-2.0,1.0,1.5,0.0,-1.4455215859644766,0.723256172274563,1.5209932754051865,-0.7573279687549498,0.3786027297816078,0.024248838654435265,0.6318361526618373,-0.31609338550853133,-0.09070060531167759,1.8666554916493925,3.715546360508644,0.12100765280871385,1.2719089325526192,2.532552944914035,0.0667672047324789,0.02692135652137839,0.05376795366992106,0.0001909222407959407,68.21460049807752,-0.007317366363809644,-0.013083360763477936,0.0005762697772801573,5383.02441071602,5390.952019744837,5769.378840167191,5756.667113535074,0.6200598160078702,0.8470381841644874,2.833817744954425,0
2.821999999999911,-2.0,1.0,1.5,0.0,-1.4605719677862057,0.7307800407722052,1.5214611325438607,-0.7485533350992983,0.3742065725147114,0.02269645056777811,0.6288655763087221,-0.314596830931622,-0.08853249468586381,1.8573716277820926,3.6973425210155697,0.11981630882516317,1.3022500308332503,2.5929923138891984,0.06834819928448423,0.026000962205925925,0.051934251401793176,0.00019500898092658439,68.22805363824232,-0.007390470519213281,-0.013218164740688466,0.0005732514019460587,5383.50813672672,5391.479617574013,5769.977245615937,5757.25288516347,0.6032599510946562,0.8371844380241823,2.9014317686825226,0
2.8419999999999086,-2.0,1.0,1.5,0.0,-1.4754445950974382,0.7382148557504881,1.521898230404842,-0.7395741575707124,0.369708194182016,0.021170265234321358,0.6255600128801755,-0.31293275459436504,-0.08635519733217148,1.847098434419846,3.6771823787189177,0.11850434324973225,1.331531800018945,2.65131870653863,0.06991632436846786,0.025071683565870553,0.05008281788728293,0.0001982915650682723,68.24139142680214,-0.007456579928161804,-0.01334039330711608,0.0005696708608922468,5383.989657383045,5392.005059601017,5770.5659053722875,5757.834017402987,0.5866594983950161,0.8271047476117204,2.9666820013022592,0
2.8619999999999064,-2.0,1.0,1.5,0.0,-1.4901354563229583,0.7455586125382814,1.522305091491419,-0.7303976558026388,0.36511121359297743,0.019670146990008745,0.6219261046169786,-0.31110448896797843,-0.08416948024761925,1.8358566459680483,3.655105981138495,0.11707645276952103,1.3597443128812299,2.7075129891697127,0.07146695813230786,0.024134398161232144,0.048215394201552686,0.0002007712305170009,68.25461531426825,-0.007515755582284105,-0.013450150135937148,0.0005655575427244218,5384.469071113067,5392.528323351531,5771.144980775131,5758.410512907794,0.5702629127506741,0.8168071061002931,3.0295469467413056,0
2.881999999999904,-2.0,1.0,1.5,0.0,-1.5046406850121015,0.7528093792055143,1.522682235983841,-0.7210311149411662,0.36041928221175074,0.01819599540151618,0.6179706456899197,-0.30911544245965666,-0.0819761764305151,1.8236674506497852,3.6311542313619114,0.11553752360348961,1.3868786369311217,2.761558016052554,0.0729956095237137,0.023189975947643597,0.04633370622860391,0.00020245140416751242,68.26772657555111,-0.0075680630683965635,-0.013547547169462071,0.0005609406625960081,5384.946466465477,5393.0493791331655,5771.714627557896,5758.982367974568,0.5540744875765983,0.806299585732243,3.0900073325764685,0
2.901999999999902,-2.0,1.0,1.5,0.0,-1.518956561074314,0.7599652971786122,1.5230301824254944,-0.711481878864986,0.35563608073909886,0.016747743574245633,0.6137005746801073,-0.30696909561779223,-0.07977618289628785,1.8105524641996809,3.605368844163216,0.11389261295114278,1.4129268274243743,2.813438610691301,0.07449792853999286,0.02223927868397023,0.04443946353977053,0.000203337641196827,68.28072629700137,-0.007613572427224151,-0.013632704379198918,0.0005558491942061956,5385.421921508927,5393.568189712667,5772.274995082366,5759.5495721377665,0.5380983534583187,0.7955903297498947,3.1480460897623894,0
2.9219999999999,-2.0,1.0,1.5,0.0,-1.5330795118798806,0.7670245817879673,1.5233494483741392,-0.7017573434758873,0.3507653157305321,0.015325356362563426,0.6091229670759615,-0.30466899734639785,-0.07757045842619095,1.79653370355632,3.5777923020750415,0.11214693045343353,1.43788191966954,2.863141545836315,0.07596971579589289,0.021283159357575084,0.04253435830545172,0.00020343755915723784,68.29361536530661,-0.007652358012143494,-0.013705749526748438,0.0005503118049232153,5385.895503312429,5394.084710058745,5772.826225658395,5760.112107836245,0.5223384769062861,0.784687544433779,3.2036483309304615,0
2.9419999999998976,-2.0,1.0,1.5,0.0,-1.5470061132272739,0.7739855227481891,1.5236405510163789,-0.6918649500636289,0.34581071625273313,0.013928828492911027,0.6042450277922458,-0.30221876113158536,-0.07536002106644353,1.7816335605967992,3.548467811450155,0.11030581972326846,1.4617379206463388,2.910655522279016,0.07740693139808387,0.020322461627319783,0.04062006423994304,0.00020276076779460534,68.30639445820216,-0.007684498347923677,-0.013766817925369995,0.0005443567941258857,5386.3672675053185,5394.598887148711,5773.36845394782,5760.669950149229,0.5067986592654214,0.7735994912517465,3.2568013273031164,0
2.9619999999998954,-2.0,1.0,1.5,0.0,-1.5607330901786536,0.7808464845719233,1.5239040077437318,-0.6818121787488122,0.3407760305802004,0.012558182610312298,0.5990740837162712,-0.29962206128282354,-0.0731459453955832,1.765874775955921,3.517439258548896,0.10837474000109709,1.4844897999426414,2.95597114647094,0.07880570311729578,0.019358019284380593,0.038698235579252206,0.0002013187949125916,68.31906403694845,-0.00771007598944252,-0.013816052202069586,0.0005380120348437063,5386.837257915153,5395.110659836735,5773.901806450713,5761.2230665993375,0.49148253577791706,0.7623344791223036,3.3074944842632217,0
2.981999999999893,-2.0,1.0,1.5,0.0,-1.5742573177651145,0.7876059069180621,1.5241403366888855,-0.6716065420071583,0.335665022933921,0.011213467258672226,0.5936175762861852,-0.2968826291915749,-0.07092935957796603,1.7492804129712862,3.4847511656893584,0.1063592479890013,1.50613348001929,2.9990809070081785,0.0801623338515425,0.018390655730962498,0.036770506091810415,0.00019912500860758296,68.33162434052466,-0.007729177380366987,-0.01385360206007151,0.0005313049187630085,5387.305506281659,5395.6199587816245,5774.42640107187,5761.771417020319,0.4763935747972535,0.7509008567953588,3.355719315624612,0
3.001999999999891,-2.0,1.0,1.5,0.0,-1.5875758215633438,0.7942623048752079,1.524350057220927,-0.6612555782784008,0.3304814702637776,0.009894754805102752,0.58788305410604,-0.2940042496097966,-0.06871144222146339,1.7318738317942357,3.4504486474973786,0.10426497991450719,1.5266658258128714,3.0399791500220155,0.08147330837624098,0.017421183476986905,0.034838488122001264,0.00019619453620150004,68.3440753814845,-0.007741892711793601,-0.013879624041538629,0.0005242623046542473,5387.772032044734,5396.126706431786,5774.942346765302,5762.314953487032,0.4615350771513203,0.7393070053534347,3.401469416643797,0
3.0219999999998888,-2.0,1.0,1.5,0.0,-1.6006857781454156,0.8008142691812794,1.524533690398537,-0.65076684566281,0.32522915907628475,0.008602139318327217,0.5818781656021522,-0.2909907569506775,-0.06649341905743864,1.713678663705051,3.4145773672937207,0.10209763387301514,1.546084633687607,3.0786620535164073,0.08273529937936937,0.016450403654826796,0.032903771666459886,0.00019254418020143497,68.35641694341656,-0.007748315780851297,-0.013894281290426398,0.0005169104702627866,5388.236842204306,5396.630817064985,5775.449743254336,5762.853620305064,0.4469101756524362,0.727561330836269,3.4447404358185,0
3.0419999999998866,-2.0,1.0,1.5,0.0,-1.613584515403509,0.8072604663801863,1.5246917593803386,-0.6401479157081901,0.31991188230914935,0.007335734411004696,0.5756106517250651,-0.2878460316138771,-0.06427655946106686,1.694718785669235,3.3771834936557577,0.09986295249530877,1.564388619748388,3.115127600692441,0.08394517278208434,0.015479105552156468,0.03096792348310549,0.00018819233161538804,68.36864857994851,-0.007748543849281477,-0.013897743315367719,0.0005092750676934158,5388.699931249709,5397.132196880421,5775.94868082476,5763.387354057309,0.4325218347519821,0.7156722569916147,3.485530045513501,0
3.0619999999998844,-2.0,1.0,1.5,0.0,-1.6262695127513813,0.8135996389165234,1.5248247897917855,-0.6294063672900232,0.3145334362540558,0.006095671055581428,0.5690883387012624,-0.28457399633743247,-0.06206217282999385,1.6750182951699317,3.3383136571910117,0.09756670598406877,1.5815774075281073,3.149375552299773,0.08509999234744432,0.014508066162975737,0.029032486232893066,0.00018315888095270642,68.38076961523208,-0.00774267750201418,-0.013890185752499402,0.0005013810823065592,5389.161281156093,5397.630744140551,5776.439240188327,5763.916083704719,0.4183728503372879,0.7036482181549425,3.523837911457342,0
3.081999999999882,-2.0,1.0,1.5,0.0,-1.638738401204499,0.8198306051692625,1.5249333100481675,-0.6185497805872768,0.30909761752898557,0.004882095383022698,0.5623191308386163,-0.28117861257840343,-0.059851604839214076,1.6546014853497337,3.2980149075596583,0.09521467556070218,1.5976515150634154,3.1814074180547376,0.0861970235820441,0.013538049756862366,0.02709897765427353,0.00017746512723607895,68.39277914584271,-0.007730820505770795,-0.013871790128159468,0.0004932527951324163,5389.620861445255,5398.1263493600445,5776.921492413801,5764.439730738437,0.40446584966831717,0.6914976522606511,3.5596656611535815,0
3.10199999999988,-2.0,1.0,1.5,0.0,-1.6509889633407546,0.8259522594254476,1.5250178516334805,-0.6075857311562484,0.3036082201012969,0.0036951664735027224,0.5553110033893974,-0.27766387692423816,-0.05764623358983669,1.6334928204932126,3.2563346707828784,0.0928126373611109,1.612612341374023,3.2112264271645143,0.08723373693745543,0.012569807466497869,0.025168889770369938,0.00017113368534926347,68.4046760440262,-0.00771307966773088,-0.013842743621398867,0.0004849137487976416,5390.078629308165,5398.618895539142,5777.395498922663,5764.9582093803265,0.39080329145162357,0.6792289939873131,3.5930168512483016,0
3.1219999999998778,-2.0,1.0,1.5,0.0,-1.6630191331437603,0.8319635717949205,1.5250789493351102,-0.5965217841046827,0.29806903236271115,0.002535054147835734,0.5480719954745396,-0.2740338175367565,-0.055447465669225364,1.6117169118795358,3.213320706873481,0.09036634681628469,1.6264621523617175,3.23883749799647,0.08820781032038467,0.011604076893500119,0.023243688128882705,0.00016418839204076523,68.41645896222204,-0.007689564694309889,-0.01380323882627204,0.00047638671694799135,5390.534529786317,5399.10825843874,5777.8613115463795,5765.471426829021,0.37738746604896223,0.6668506680394113,3.623896933897556,0
3.1419999999998756,-2.0,1.0,1.5,0.0,-1.6748269957307504,0.8378635880671279,1.5251171414344316,-0.5853654883682772,0.2924838342572783,0.0014019367681197238,0.5406102030727237,-0.270292490630571,-0.05325673213969826,1.5892984940325112,3.169021067824829,0.08788152355082499,1.6392040661462393,3.26424720693159,0.0891171309223951,0.010641581732590376,0.021324811074749088,0.00015665421089919676,68.4281263387918,-0.007660388050100407,-0.013753473513888942,0.00046769367713961937,5390.988496009022,5399.594306894361,5778.318972642207,5765.979283548433,0.3642204958178392,0.6543710825679666,3.6523132221771872,0
3.1619999999998734,-2.0,1.0,1.5,0.0,-1.6864107869671536,0.8436514295110792,1.525132969853593,-0.5741243710915663,0.286856394463324,0.00029599905573695587,0.5329337720777156,-0.2664439769876909,-0.051075484472639626,1.5662624013932964,3.123484055993283,0.08536383682969288,1.650842037856129,3.2874637564406273,0.08995979638189217,0.009683031414103514,0.019413669055570973,0.0001485571366100129,68.43967640488005,-0.007625664817039294,-0.013693650394225603,0.00045885578716117173,5391.440449483567,5400.076903166244,5778.768515264309,5766.481673595754,0.3513043355812031,0.6417986227324157,3.678274854578151,0
3.181999999999871,-2.0,1.0,1.5,0.0,-1.6977688929699528,0.8493262926195464,1.525126980258933,-0.5628059321150753,0.2811904676303172,-0.0007825700654865784,0.5250508914272922,-0.2624923785099868,-0.048905190444564976,1.5426335454389901,3.0767581829089172,0.08281889158066388,1.6613808438936004,3.3084969424213306,0.09073411529283397,0.008729120764846788,0.017511643959838254,0.00013992409879723158,68.45110719233277,-0.007585512553869544,-0.013623976877713006,0.0004498933647390795,5391.8903004351705,5400.555903322722,5779.209963386935,5766.978484985843,0.3386407732233542,0.629141644406077,3.701792758630869,0
3.201999999999869,-2.0,1.0,1.5,0.0,-1.708899849501973,0.8548874487986133,1.525099722121601,-0.5514176385705335,0.2754897916715373,-0.0018335795935157907,0.5169697863069851,-0.2584418148111327,-0.04674733001121952,1.5184368922681437,3.028892128548235,0.08025221501714178,1.6708260656934237,3.3273581208349428,0.09143860707629908,0.00778052968729505,0.01562008848797026,0.00013078286574626615,68.46241654259926,-0.007540051155972796,-0.013544664836641204,0.0004408258705687859,5392.337948193607,5401.031157654043,5779.643332176412,5767.469600089002,0.3262314304090436,0.6164084680275379,3.7228796137009272,0
3.2219999999998667,-2.0,1.0,1.5,0.0,-1.7198023412592764,0.8603342440037,1.5250517487361206,-0.5399669195858376,0.2697580851133614,-0.0028568385326523922,0.5086987114317717,-0.25429641984957524,-0.04460339117539855,1.4936974406721637,2.97993470110179,0.07766924388317925,1.6791840729965892,3.344060173679809,0.09207200123261622,0.006837922857092428,0.01374032555619201,0.00012116194829544869,68.47360211654109,-0.007489402715652708,-0.013455930366434594,0.0004316718946058587,5392.783281623261,5401.502511113812,5780.068628308572,5767.954896059039,0.31407776342259364,0.6036073726003085,3.7415498129991613,0
3.2419999999998645,-2.0,1.0,1.5,0.0,-1.730475201053882,0.865666098323203,1.524983617197761,-0.5284611611013845,0.2639990445019451,-0.003852157931689102,0.5002459444087681,-0.2500603386040386,-0.042474865863672794,1.4684402007095207,2.92993479726868,0.07507531233976969,1.6864620066604374,3.358617474339847,0.09263323599323789,0.005901949438827854,0.01187364773324979,0.0001110905041758203,68.48466140507252,-0.007433691382958912,-0.013357993546870757,0.0004224491455424248,5393.226179593388,5401.969803785198,5780.485850328292,5768.434245288617,0.30218106412371537,0.5907465898431359,3.7578194248496186,0
3.2619999999998623,-2.0,1.0,1.5,0.0,-1.7409174088940478,0.8708825055109066,1.5248958883397161,-0.5169077007992963,0.25821634186801623,-0.004819352869348701,0.4916197791838849,-0.24573772379300518,-0.04036324582672146,1.4426901727975063,2.878941363108656,0.07247564050871443,1.6926677610276186,3.371045852345257,0.0931214563929077,0.004973242820023802,0.0100213167099679,0.00010059824306846174,68.49559174055645,-0.0073730432271426295,-0.01325107820333239,0.0004131744433864906,5393.666511485332,5402.432871369129,5780.894989047745,5768.907515888822,0.2905424610165246,0.5778342984934299,3.771706153258803,0
3.28199999999986,-2.0,1.0,1.5,0.0,-1.7511280909643963,0.8759830324683371,1.524789126631209,-0.5053138231470036,0.25241362225046027,-0.005758244381080026,0.48282851957534656,-0.24133273263958277,-0.03827001857741702,1.4164723273343944,2.827003355481605,0.06987532368767475,1.6978099658769572,3.381362557582662,0.09353601178393978,0.004052420363274236,0.008184562801634402,8.971533263914547e-05,68.50639030887986,-0.007307586098842629,-0.013135411668201355,0.0004038637150544389,5394.104137733418,5402.891545691683,5781.296027980031,5769.374572190012,0.2791629204280423,0.5648786187663607,3.783229297827186,0
3.301999999999858,-2.0,1.0,1.5,0.0,-1.7611065185081798,0.8809673186782399,1.5246639000377589,-0.49368675455657224,0.24659450127933322,-0.006668661321677035,0.4738804728968946,-0.23684952368311074,-0.03619666338025979,1.3898115848627384,2.774169704102806,0.06727932224735603,1.701897967979992,3.389586223991682,0.09387645281558991,0.0031400831764412883,0.006364584483185273,7.847230579891107e-05,68.51705416213305,-0.007237449493102173,-0.013011224542518306,0.00039453199288020714,5394.538910396219,5403.345655227881,5781.688943804776,5769.835275260915,0.2680432477922227,0.5518876069723141,3.792409713048799,0
3.3219999999998557,-2.0,1.0,1.5,0.0,-1.7708521066140201,0.885835075590377,1.5245207798449483,-0.4820336586611026,0.24076256281889635,-0.007550442158591255,0.4647839436734419,-0.2322922536388239,-0.03414464730516188,1.3627327967827048,2.720489274241185,0.06469245221919055,1.7049418122874098,3.3957368327845243,0.09414252790254429,0.0022368159008129065,0.0045625479571429865,6.689996942847685e-05,68.52758023181812,-0.007162764413320678,-0.01287875045804253,0.0003851934159384649,5394.970673754975,5403.795025639209,5782.073706862366,5770.2894834431345,0.2571840890352507,0.5388692502955811,3.799269767039255,0
3.3419999999998535,-2.0,1.0,1.5,0.0,-1.7803644129094756,0.8905860859608503,1.5243603404471335,-0.4703616317094637,0.23492135667123498,-0.008403436691211056,0.45554722745187637,-0.227665074306854,-0.0321154213579769,1.3352607266224108,2.66601083008639,0.06211937657936427,1.7069522227702512,3.399835675225157,0.0943341792075026,0.00134318651710484,0.0027795867542418566,5.5029314792605914e-05,68.53796534251249,-0.007083663236250979,-0.012738225839868491,0.00037586123407366113,5395.399264935868,5404.239480322191,5782.450281673519,5770.737052898153,0.24658593205750004,0.5258314617373764,3.8038332997360627,0
3.3619999999998513,-2.0,1.0,1.5,0.0,-1.7896431361638134,0.8952202031461692,1.5241831591026225,-0.45867769808057046,0.22907439634098392,-0.009227507691785607,0.446178604709657,-0.22297212953180967,-0.030110416699535646,1.3074200318704647,2.6107829988091407,0.05956459723259609,1.7079405829410539,3.401905315004153,0.09445153816365573,0.0004597461691694325,0.0010168013666613834,4.289142985835424e-05,68.54820622591433,-0.007000279578146732,-0.012589889669761337,0.0003665478145216126,5395.824514552951,5404.678840965394,5782.818627480869,5771.177838164055,0.23624910830711876,0.5127820752265811,3.806125580613594,0
3.381999999999849,-2.0,1.0,1.5,0.0,-1.7986881148023977,0.8997373503532886,1.5239898156569331,-0.44698880591835655,0.22322515686165356,-0.010022532464080573,0.43668633486379627,-0.21821755221414224,-0.028131040964300986,1.27923524637417,2.5548542353379244,0.05703244769672724,1.7079189160805448,3.401969550245136,0.09449492056358706,-0.00041297099473566355,-0.0007247410862470712,3.0517413719315418e-05,68.55829953519826,-0.006912748162174273,-0.012433983250389916,0.000357264651006039,5396.246247368553,5405.112928112303,5783.178698809346,5771.611692719241,0.22617379443968624,0.4997288409019652,3.8061732659557737,0
3.401999999999847,-2.0,1.0,1.5,0.0,-1.8074993253351108,0.9041375198468569,1.523780892235818,-0.4353018228885401,0.21737707268401785,-0.010788404316255398,0.42707865038276016,-0.2134054613744758,-0.026178674689108884,1.2507307633052285,2.498272787873597,0.05452708648691578,1.7068998651957168,3.4000533751784294,0.09446482124173532,-0.0012744479632845985,-0.0024440071598732537,1.793829331501871e-05,68.56824185961094,-0.006821204687199636,-0.012270749970641448,0.0003480223751886571,5396.664282968007,5405.541561727613,5783.5304460422,5772.038469550447,0.2163600140577756,0.4866794205701015,3.804004355726495,0
3.4219999999998447,-2.0,1.0,1.5,0.0,-1.8160768807012615,0.9084207721149158,1.5235569729098026,-0.42362353205822917,0.21153353562699498,-0.011525033944857804,0.4173637510037742,-0.2085399592720421,-0.024254667861756403,1.2219308186931916,2.441086664162023,0.05205249119606636,1.704896672735381,3.3961829415172033,0.09436190837806259,-0.0021241849862124232,-0.004139997354051429,5.184942621930879e-06,68.57802973923789,-0.006725785698061529,-0.012100435072220722,0.0003388307703480369,5397.078436445657,5405.964561764482,5783.873816009488,5772.458021722534,0.2068076395234938,0.4736413833437454,3.7996481500830104,0
3.4419999999998425,-2.0,1.0,1.5,0.0,-1.824421028533445,0.9125872349943127,1.5233186433320478,-0.41196062789936,0.20569789289142448,-0.012232350727229387,0.407549798057964,-0.2036251285783362,-0.022360336598546908,1.1928594755254949,2.3833435985433638,0.04961245326606195,1.7019231600893618,3.3903855195711405,0.09418701745096655,-0.002961699681431994,-0.005811746350750002,-7.71199552030587e-06,68.58765967987443,-0.006626628457442207,-0.011923285417732524,0.00032969878715984887,5397.488519099068,5406.381748730457,5784.208752586057,5772.870202947505,0.19751639383615754,0.46062220146614824,3.793135205570867,0
3.4619999999998403,-2.0,1.0,1.5,0.0,-1.832532149342844,0.9166371027570805,1.5230664903513957,-0.400319712416912,0.19987344513711514,-0.012910303920013081,0.39764490890571236,-0.19866502960707583,-0.020496959959196603,1.1635406084114996,2.3250910197951145,0.04721057344240218,1.6979937068976216,3.3826894591322754,0.09394114486776654,-0.003786527125353827,-0.007458323219959301,-2.0722184796936287e-05,68.59712816793603,-0.006523870819445447,-0.011739549260458101,0.00032063456144901237,5397.894339128604,5406.792944249776,5784.535197296,5773.274868150379,0.18848585256615977,0.44762924632763396,3.784497291043428,0
3.481999999999838,-2.0,1.0,1.5,0.0,-1.8404107546284745,0.9205706351590595,1.522801101602492,-0.3887072914027882,0.1940634446235106,-0.01355886376184336,0.38765715148456,-0.19366369760151805,-0.018665776906794107,1.1339978888067166,2.2663760197845257,0.04485025790300029,1.6931232301954873,3.3731241501673,0.09362544130127726,-0.004598219926640551,-0.009078831594013615,-3.381566788303422e-05,68.60643168534509,-0.00641765110499065,-0.011549476016050749,0.0003116454337824703,5398.295702339395,5407.197971619933,5784.853089920757,5773.671874029625,0.17971544583472895,0.434669784681828,3.7737673433471106,0
3.501999999999836,-2.0,1.0,1.5,0.0,-1.8480574849128977,0.9243881564520345,1.5225230650749275,-0.37712977081620075,0.1882710934142936,-0.0141780224786845,0.3775945389719187,-0.18862514008015968,-0.016867983419842525,1.104254770792228,2.207245322944454,0.042534715050144105,1.6873271634211686,3.3617199833503264,0.09324120476107099,-0.005396348283639149,-0.010672409810634215,-4.696293586116582e-05,68.61556672433342,-0.006308107979128137,-0.011353316036358195,0.00030273797077053744,5398.692412843029,5407.596656360378,5785.162369108049,5774.061079609899,0.1712044603276613,0.421750975070242,3.7609794228117113,0
3.5219999999998337,-2.0,1.0,1.5,0.0,-1.855473107706941,0.9280900543606725,1.5222329686633522,-0.3655934532913445,0.18249954164622031,-0.0147677951906584,0.3674650245648179,-0.18355333424181536,-0.015104729762673203,1.0743344774032264,2.1477452565853,0.04026695295299229,1.6806214353114883,3.3485083104696436,0.0927898734280121,-0.006180500025752508,-0.012238231024983535,-6.01349944804119e-05,68.62452980210251,-0.006195380330378964,-0.011151320385605205,0.0002939179879438048,5399.08427375624,5407.988826751446,5785.462972978975,5774.442346785044,0.1629520413291165,0.4088798644655472,3.7461686685870466,0
3.5419999999998315,-2.0,1.0,1.5,0.0,-1.8626585154059792,0.9316767790255411,1.5219313997005457,-0.35410453477308707,0.17675188586245083,-0.015328220719571684,0.35727649637883796,-0.17845222443103784,-0.013377117919853507,1.0442599874996468,2.0879217220541055,0.03804977742645143,1.673022448711577,3.3335214047416595,0.09227301828053835,-0.006950280639024365,-0.01377550329107551,-7.330342715881105e-05,68.63331747528534,-0.0060796071521991915,-0.010943740619155479,0.00028519057407288856,5399.4710878940405,5408.374314361566,5785.7548397307155,5774.815540849301,0.1549571947591963,0.39606338514589456,3.729371253865572,0
3.5619999999998293,-2.0,1.0,1.5,0.0,-1.8696147231203404,0.9351488419135108,1.5216189444754324,-0.3426691012813466,0.17103116741061314,-0.015859362296712306,0.34703677246832604,-0.1733257196648174,-0.011686199199487698,1.0140540231709938,2.027820166750504,0.035885790730867326,1.664547059323937,3.316792421064743,0.0916923355409601,-0.007705313276225511,-0.015283469612901817,-8.644045464370247e-05,68.64192635415702,-0.005960927426663595,-0.010730828565076843,0.0002765601167982356,5399.852658454815,5408.752954561032,5786.037908232353,5775.180531014891,0.14721878919613537,0.3833083518151689,3.7106243410296504,0
3.581999999999827,-2.0,1.0,1.5,0.0,-1.8763428664424278,0.938506814696829,1.5212961877380402,-0.3312931258047688,0.16534037090580944,-0.016361308170833623,0.33675359596992777,-0.1681776912214605,-0.010032972009649442,0.9837390376666911,1.9674855570077285,0.0337773908756597,1.6552125544219511,3.298355356245307,0.09104963896975779,-0.008445238751740134,-0.01676140796567207,-9.951899125741178e-05,68.65035311654373,-0.005839480010462249,-0.010512836108733648,0.00026803032943841025,5400.228789695061,5409.124587020657,5786.312118611477,5775.537190914172,0.1397355578604789,0.37062145898723403,3.6899660367627054,0
3.601999999999825,-2.0,1.0,1.5,0.0,-1.8828441991531342,0.9417513281021714,1.5209637121933934,-0.3199824653242532,0.15968242275874556,-0.016834172116582658,0.32643463037139425,-0.1630119702925187,-0.00841837981147655,0.9533372038426203,1.9069623518455208,0.031726771508837744,1.6450366315524299,3.278245009227935,0.09034685203548025,-0.009169715521569552,-0.018208631287594316,-0.00011251269766838465,68.65859452138173,-0.005715403523294477,-0.010290014980626191,0.00025960427884618386,5400.599287591478,5409.489056193719,5786.577412829323,5775.885399084696,0.13250610053449918,0.35800927865621074,3.6674353471618124,0
3.6219999999998227,-2.0,1.0,1.5,0.0,-1.8891200908701669,0.9448830707309748,1.5206220979863292,-0.30874285796681367,0.15406018976913274,-0.017278093843958252,0.3160874549075583,-0.1578323456986043,-0.006843309251799622,0.9228704031139331,1.8462944776003793,0.029735922373247896,1.6340373772513352,3.256496941360889,0.08958599998738905,-0.00987841964877345,-0.019624487442654756,-0.00012539603013967537,68.6666474218826,-0.005588836238744848,-0.010062616547689697,0.0002512844141835281,5400.96396048835,5409.846211779808,5786.833735242391,5776.22503943568,0.1255288853851756,0.3454782582798777,3.643072132889582,0
3.6419999999998205,-2.0,1.0,1.5,0.0,-1.8951720246408832,0.9479027878523536,1.5202719221792045,-0.29757992029019126,0.14847647778448292,-0.017693239309695404,0.3057195600852928,-0.15264256166989162,-0.0053085884775182154,0.8923602149037586,1.7855253034373306,0.027806630309429172,1.622233245796296,3.2331474367279407,0.08876920185746469,-0.010571044754688312,-0.021008359154877993,-0.00013814428621912735,68.67450877826136,-0.005459915977715519,-0.009830891608269858,0.00024307259648846438,5401.322619728183,5410.19590916913,5787.081033148481,5776.5560016944,0.11880225065329443,0.333034719109694,3.6169170644027115,0
3.6619999999998183,-2.0,1.0,1.5,0.0,-1.9010015944822634,0.9508112801699171,1.5199137582244415,-0.28649914469856685,0.14293403042438454,-0.018079800931779327,0.29533834333918874,-0.1474463156920707,-0.003814985633272712,0.8618279065770201,1.7246976177460123,0.02594048078407603,1.6096430380188553,3.20823346257669,0.0878986624177779,-0.011247301956267008,-0.02235966391458856,-0.0001507336468471452,68.68217566998992,-0.0053287800044872395,-0.00959509019097337,0.00023497012890912576,5401.675080263748,5410.53800986617,5787.319257315362,5776.8781818312555,0.112324406164458,0.3206848549091491,3.5890115772913,0
3.681999999999816,-2.0,1.0,1.5,0.0,-1.9066105028706366,0.9536094025637896,1.5195481754338387,-0.27550589698965045,0.13743552787031418,-0.018437997708578117,0.28495110481960045,-0.1422472564184756,-0.002363207543348643,0.8312944238482807,1.6638536054227395,0.02413885992233929,1.5962858801988258,3.181792629873273,0.08697666411856435,-0.011906919789892986,-0.023677853857212713,-0.00016314121486905023,68.68964530753853,-0.005195564925474697,-0.009355461357596438,0.0002269777874829447,5402.02116124978,5410.8723818914705,5787.548362490312,5777.191482462288,0.1060934346100457,0.30843473111270286,3.559397827767214,0
3.701999999999814,-2.0,1.0,1.5,0.0,-1.9120005581838042,0.9562980628091493,1.519175738446527,-0.2646054140333445,0.13198358572100571,-0.0187680752443597,0.27456504331462717,-0.13704898164907472,-0.0009538985781111994,0.800780381652326,1.603034826038989,0.022402957021523368,1.5821812030624105,3.153863154012582,0.08600555903160234,-0.012549644122036316,-0.024962415615195115,-0.00017534504995055266,68.69691504357287,-0.005060406590734381,-0.009112253010314928,0.00021909585234183593,5402.360686612706,5411.198900160591,5787.76830788893,5777.495813228098,0.10010729253738061,0.29629028449125644,3.5281186483338267,0
3.7219999999998117,-2.0,1.0,1.5,0.0,-1.9171736720981762,0.9588782202725957,1.5187970066974312,-0.25380280158210233,0.1265807539133628,-0.019070305683218918,0.26418725230749485,-0.13185503637696508,0.00041236029531276086,0.7703060554660313,1.542282192895576,0.020733767523162375,1.5673487209050134,3.1244838157126202,0.08498776082270224,-0.013175238047120313,-0.0262128701436195,-0.0001873241999050487,68.70398238357662,-0.004923439998278232,-0.008865711703324146,0.00021132413922741834,5402.693485596957,5411.517446839328,5787.9790576617825,5777.791091148204,0.0943638109787479,0.284257323407948,3.495217503671976,0
3.7419999999998095,-2.0,1.0,1.5,0.0,-1.92213185694357,0.9613508845876545,1.5184125338880363,-0.24310303221302115,0.12122951570886495,-0.019344987553687725,0.25382471617071656,-0.12666891090297042,0.0017350522789911574,0.7398913730700215,1.4816359529607914,0.01913209641997675,1.5518084108589305,3.0936939221210134,0.08392573677627263,-0.013783481772975514,-0.027428772520159374,-0.00019905872845169244,68.71084499587229,-0.00478479920124136,-0.008616082459092797,0.00020366203120371254,5403.019393286474,5411.827911674402,5788.180581337519,5778.077240950028,0.08886069563868802,0.2723415287715472,3.4607384467751054,0
3.7619999999998073,-2.0,1.0,1.5,0.0,-1.9268772230182982,0.9637171143107325,1.518022867461222,-0.2325109434016229,0.11593228674537996,-0.019592445526531485,0.24348430649830355,-0.1214940390188993,0.003013725328201669,0.7095559067386297,1.4211356676896985,0.017598562073819938,1.5355804923252776,3.0615332681609786,0.08282199989403473,-0.014374172494269201,-0.0286097117199989,-0.00021052973943348145,68.71750072101634,-0.004644617217940953,-0.008363608589394745,0.00019610851045842332,5403.338251100201,5412.130192298945,5788.372854241269,5778.35419537176,0.08359552654885859,0.26054845582585173,3.4247260753658657,0
3.781999999999805,-2.0,1.0,1.5,0.0,-1.9314119758671766,0.9659780155588249,1.5176285480818712,-0.22203123572719047,0.11069141415425643,-0.019813030088453417,0.23317277857719015,-0.11633379625996679,0.004247992555490486,0.6793188658467015,1.3608201947208074,0.016133600420417792,1.5186854065887585,3.028042098143529,0.08167910108902404,-0.014947124254293702,-0.029755310366390435,-0.0002217193975332264,68.7239475805476,-0.004503025944864641,-0.008108531521268522,0.00018866219008781282,5403.649907260483,5412.42419451221,5788.555857887263,5778.621895438548,0.07856575709070186,0.24888353695513551,3.387225488625006,0
3.801999999999803,-2.0,1.0,1.5,0.0,-1.935738413525089,0.968134740630282,1.5172301091249023,-0.2116684712094374,0.1055091757425311,-0.020007117134627567,0.2228967679989386,-0.1111914982268414,0.005437532457266747,0.6491990898819769,1.3007276704455197,0.014737469536483291,1.5011437966329872,2.993261067671912,0.08049962149504471,-0.015502167795511073,-0.030865224457531374,-0.00023261094553496576,68.73018378507089,-0.004360156072612871,-0.00785109062804012,0.00018132134576406047,5403.9542172333795,5412.709832533059,5788.729580344688,5778.88029071146,0.07376871227985413,0.23735208574193625,3.3482822442638858,0
3.8219999999998007,-2.0,1.0,1.5,0.0,-1.939858923728723,0.970188486609935,1.5168280761723136,-0.20142707177619557,0.10038777924004454,-0.020175107483166616,0.2126627874126627,-0.1060703989777228,0.006582088965912822,0.619215041851918,1.2408954934447878,0.01341025454464346,1.482976487173241,2.9572312058636707,0.07928616491073777,-0.01603915039924812,-0.031939143070468023,-0.00024318871818627329,68.7362077416604,-0.004216137004816228,-0.007591523065537425,0.00017408394718824858,5404.251044140103,5412.987029226833,5788.894016576026,5779.12933950892,0.06920158620533769,0.22595930259017416,3.3079423159692505,0
3.8419999999997985,-2.0,1.0,1.5,0.0,-1.943775981099098,0.9721404939598739,1.5164229665207685,-0.19131131786171302,0.095329361611217,-0.020317426314801303,0.20247722342000257,-0.1009736894908061,0.007681471330868134,0.5893848020741123,1.1813603087867175,0.012151872831548827,1.464204464922655,2.9199938779149432,0.07804135039639193,-0.016557935714941286,-0.03297678804273719,-0.00025343815272519505,68.74201806057084,-0.004071096780046131,-0.007330063613609744,0.0001669476892363822,5404.540259138846,5413.255716305399,5789.049168747128,5779.369009100277,0.06486143852483608,0.21471028233236747,3.2662520512491424,0
3.8619999999997963,-2.0,1.0,1.5,0.0,-1.9474921442974928,0.9739920450971727,1.516015288701175,-0.18132534713505652,0.09033598843119434,-0.020434522541203013,0.19234633361286163,-0.09590449619743582,0.008735553832596173,0.5597260623396618,1.1221579931780759,0.010962079554539534,1.4448488591070074,2.8815907480309906,0.07676780504057011,-0.017058403579331086,-0.03397791363249584,-0.00026334579614320253,68.74761356124685,-0.003925161996723913,-0.007066944523049844,0.0001599100227103427,5404.821741776404,5413.515834500179,5789.195046508485,5779.599275871396,0.060745189940313755,0.20361002438725004,3.2232581297078813,0
3.881999999999794,-2.0,1.0,1.5,0.0,-1.951010053157365,0.9757444629598381,1.5156055420116543,-0.1714731533580169,0.08540965332602916,-0.020526868105516724,0.18227624375448995,-0.09086587958619276,0.00974427533374226,0.5302561204392666,1.0633236409620053,0.009840473412313826,1.4249309222423272,2.842063742746106,0.07546815691254927,-0.017540449826008567,-0.03494230615787055,-0.0002728993092622094,68.75299327762349,-0.003778457741032983,-0.006802395368011613,0.00015296818460991608,5405.0953803091925,5413.76733370812,5789.331667247269,5779.820125462172,0.05684961662340714,0.19266344624249757,3.179007521776876,0
3.901999999999792,-2.0,1.0,1.5,0.0,-1.954332425794849,0.9773991095622669,1.515194216065206,-0.161758585371815,0.08055227747651966,-0.020594957218797234,0.17227294510437877,-0.08586083287810903,0.01070763867220794,0.5009918750421137,1.0048915509536158,0.008786502655182072,1.40447201118871,2.8014550146554105,0.0741450282154852,-0.0180039860857137,-0.035869783616297383,-0.0002820874677107389,68.75815646271427,-0.003631107517830237,-0.006536642903994979,0.00014611922784689435,5405.361071993241,5414.010173110631,5789.459056309783,5780.031552876046,0.053171343637316175,0.18187540133560964,3.133547447925644,0
3.9219999999997897,-2.0,1.0,1.5,0.0,-1.9574620557003932,0.9789573845414746,1.5147817903533178,-0.15218534621180696,0.07576570918528212,-0.020639305536146887,0.16234229188729882,-0.08089228077313772,0.011625709901218244,0.4719498209180033,0.9468952141045681,0.007799471310685501,1.3834935684928251,2.759806906580201,0.0728010286541135,-0.01844893957778712,-0.036760195284616826,-0.00029090015989014054,68.76310259248494,-0.003483233184548819,-0.006269910931460624,0.00013936005032667332,5405.6187233429955,5414.244321265642,5789.577247194111,5780.233562561605,0.04970683752383831,0.17125070283934812,3.086925338379976,0
3.9419999999997875,-2.0,1.0,1.5,0.0,-1.9604018088140969,0.980420723695356,1.5143687338266776,-0.14275699234928502,0.07105172350658957,-0.02066044927644548,0.15248999890668669,-0.07596307826795552,0.01249861738180208,0.44314604449361394,0.8893673019872517,0.006878545600614604,1.3620171040307414,2.717161916187827,0.07143874902969702,-0.018875252893173593,-0.03761342130070431,-0.0002993283820274638,68.76783136901442,-0.0033349548880766437,-0.006002420165124044,0.00013268742332744595,5405.868250358808,5414.469756172963,5789.686281712933,5780.42616846656,0.04645239840515059,0.16079415549756543,3.0391887933692177,0
3.9619999999997852,-2.0,1.0,1.5,0.0,-1.963154620587265,0.9817905975142298,1.5139555044940722,-0.13347693305937003,0.06641202193846196,-0.020658944289638867,0.1427216393024542,-0.07107600954510976,0.013326550733430718,0.4145962197342062,0.8323396560886978,0.006022760525769655,1.34006417696181,2.673562661086216,0.07006075507382357,-0.019282883769374985,-0.038429372227414084,-0.0003073642304168043,68.77234272294582,-0.003186391004591406,-0.005734388108964293,0.0001260980191117802,5406.109578723092,5414.6864653132625,5789.786210126403,5780.609394064347,0.04340415220507413,0.15051059861701668,2.99038554392504,0
3.981999999999783,-2.0,1.0,1.5,0.0,-1.9657234930327048,0.9830685097069036,1.5135425490404841,-0.1243484299138888,0.06184823217644803,-0.02063536507561544,0.13304264245315967,-0.0662337869334645,0.014109759648821135,0.38631560434251,0.7758432779039602,0.0052310265951644305,1.3176563780035173,2.629051844412464,0.06866958153155704,-0.019671804857745483,-0.03920798859963233,-0.00031500089095554736,68.77663681523411,-0.003037658082328063,-0.005466028936970883,0.00011958843771007894,5406.34264396526,5414.894445661056,5789.877091245312,5780.78327235381,0.04055804393629176,0.14040496478830464,2.9405634132561125,0
4.001999999999781,-2.0,1.0,1.5,0.0,-1.968111491766236,0.9842559957224873,1.5131303024653022,-0.11537459639802829,0.05736190792849277,-0.020590303758745876,0.12345829202234868,-0.06143904993983715,0.014848552579191668,0.3583190362670097,0.719908319818332,0.0045021366767799605,1.2948153120363688,2.583672220934036,0.06726772650334824,-0.020042003483519377,-0.03994924045522023,-0.00032223262608604503,68.78071403819793,-0.002888870787250099,-0.005197553379639299,0.00011315523281999489,5406.567391595676,5415.0937036721225,5789.958992504686,5780.947845832413,0.03790983343270581,0.13048236119906104,2.889770278715791,0
4.021999999999779,-2.0,1.0,1.5,0.0,-1.970321743041891,0.9853546212691717,1.5127191877414923,-0.10655839764945775,0.05295452879023865,-0.020524369022192,0.11397372414873813,-0.0566943643516586,0.015543295296479034,0.3306209305123014,0.6645640767674571,0.0038347729474243774,1.2715625810470563,2.5374665636804155,0.06585764605402644,-0.020393481398959825,-0.040653126850642145,-0.0003290547592572785,68.78457501588613,-0.0027401418515879735,-0.004929168616215818,0.00010679493677049288,5406.78377720885,5415.284255245937,5790.031990008152,5781.103166443535,0.03545509541722143,0.12074818405580802,2.8380540343847724,0
4.041999999999777,-2.0,1.0,1.5,0.0,-1.9723574307832255,0.986365980831168,1.512309615496484,-0.09790265031850873,0.04862750018006265,-0.020438185006113,0.10459392577978123,-0.05200222141042351,0.016194409339230893,0.30323527624464236,0.6098389786641041,0.0032275139197445917,1.2479197674173454,2.490477631122138,0.06444174909611815,-0.02072625453000709,-0.04131967536207031,-0.0003354636570241065,68.78822060377118,-0.002591582025210931,-0.004661078172674334,0.00010050408450409586,5406.991766556352,5415.466125663653,5790.096168543464,5781.249295498509,0.03318922634337123,0.11120828260293517,2.7854625542873666,0
4.061999999999775,-2.0,1.0,1.5,0.0,-1.9742217936131554,0.9872916961850007,1.511901983715453,-0.08941002254790385,0.04438215333310602,-0.020332390173897603,0.09532373314801851,-0.047365037055641004,0.016802370349063907,0.27617563418630797,0.5557605835801523,0.0026788415249636506,1.2239084175653698,2.4427481349134452,0.06302239255368396,-0.021040352716804957,-0.04194894157275199,-0.000341456708904573,68.79165188778353,-0.0024433000297874176,-0.004393481825402903,9.427923653505381e-05,5407.191335589889,5415.6393495023385,5790.151621569675,5781.386303574053,0.03110746094974629,0.10186919925415933,2.732043656257368,0
4.0819999999997725,-2.0,1.0,1.5,0.0,-1.9759181218846822,0.9881334149163227,1.5114966774675929,-0.08108303407042791,0.040219745353508446,-0.020207636150545293,0.08616783038948622,-0.042785151238930376,0.017367706304732215,0.24945513429280278,0.5023555716721287,0.002187148230479595,1.1995500259452518,2.3943207082139284,0.061601876811825065,-0.021335819448475585,-0.04254100854742246,-0.000347032305118365,68.79487018270333,-0.0022954025156899046,-0.004126575510563334,8.811700084595945e-05,5407.382470475081,5415.803970526194,5790.19845117655,5781.5142703859,0.02920490177869177,0.09273852969052326,2.677845066472514,0
4.10199999999977,-2.0,1.0,1.5,0.0,-1.97744975471486,0.9888928089384066,1.5110940686558847,-0.07292405642283777,0.03614145932401377,-0.020064586537295436,0.07713074830332371,-0.03826482730784592,0.017890995660967995,0.22308647370743057,0.44964973983849593,0.0017507441720562176,1.1748660194102443,2.345237874603726,0.060182441455994204,-0.02161271159250675,-0.04309598629453538,-0.00035218981233112986,68.79787702992657,-0.0021479940215964675,-0.003860551239080415,8.201405368964997e-05,5407.565167576649,5415.96004155547,5790.236768016831,5781.633284639401,0.027476564833330327,0.08382547775076016,2.6229143846711738,0
4.121999999999768,-2.0,1.0,1.5,0.0,-1.9788200770242979,0.9895715730134517,1.5106945157907983,-0.0649353132742136,0.03214840447207143,-0.01990391570657191,0.06821686325158537,-0.03380625145895541,0.018372865399362802,0.19708191498817032,0.3976679970967251,0.0013678642809597159,1.1498777419439117,2.295542017606105,0.058766261304254684,-0.02187109911910921,-0.04361401121709673,-0.00035692954753125723,68.80067419462556,-0.002001176936736898,-0.0035955970171975744,7.596715926764206e-05,5407.739433415653,5416.107624313988,5790.266691212102,5781.7434438579985,0.025917443829785353,0.07514173727413072,2.567299050067022,0
4.141999999999766,-2.0,1.0,1.5,0.0,-1.9800325165844734,0.9901714232778249,1.5102983637882774,-0.05711888086686288,0.028241616391514054,-0.019726307581262294,0.05943039619813986,-0.029411532259633992,0.01881398899861403,0.17145328460221654,0.3464343606681278,0.001036675387045677,1.1246064397631639,2.2452753508303536,0.05735544273466228,-0.022111064820897634,-0.04409524555284677,-0.0003612527501667864,68.80326366232413,-0.0018550514657296848,-0.0033318967725395996,6.997318826058713e-05,5407.905284599644,5416.246789256106,5790.288348233025,5781.844854190478,0.02452259388907939,0.06670294340341268,2.5110463079758616,0
4.161999999999764,-2.0,1.0,1.5,0.0,-1.9810905410750812,0.9906940957723391,1.5099059437922655,-0.049476688567798084,0.024422057318850787,-0.019532454402296805,0.05077541188540718,-0.0250827002379783,0.01921508433154588,0.14621197168396036,0.29597195275830795,0.0007552832794755355,1.0990732467963709,2.194479888747235,0.05595202030900992,-0.022332704028235464,-0.0445398768045567,-0.0003651615526707289,68.80564763490969,-0.0017097155959550404,-0.0030696302856049735,6.402913519053701e-05,5408.062747726494,5416.377615374017,5790.3018747548185,5781.9376301979555,0.023287232827090276,0.05853115726088045,2.454203177165665,0
4.1819999999997615,-2.0,1.0,1.5,0.0,-1.981997655153611,0.9911413449786475,1.5095175730219825,-0.04201051952872399,0.02069061646317478,-0.019323055488420598,0.04225581814756561,-0.020821707540184465,0.019576911496277674,0.12136892705255753,0.24630299802108926,0.0005217397074382631,1.0732991705391373,2.1431974181083717,0.05455795369326455,-0.022536124320581864,-0.04494811716116962,-0.00036865894950366445,68.80782852610562,-0.0015652650674054403,-0.0028089731266060258,5.8132134598780735e-05,5408.211859262884,5416.500189986405,5790.307414488856,5782.021894621629,0.02220685445947749,0.05065931142552256,2.3968164179437426,0
4.201999999999759,-2.0,1.0,1.5,0.0,-1.9827573975392956,0.9915149423628175,1.5091335546440492,-0.03472201145238584,0.01704811038864422,-0.019098815991978508,0.033875365358732666,-0.016630427654678596,0.019900270588980466,0.09693466248561002,0.19744882169369998,0.0003340493039692514,1.0473050782897568,2.0914694700201975,0.05317512487415121,-0.022721445234170874,-0.04532020291053165,-0.00037174876484248517,68.8098089564282,-0.0014217933449535282,-0.002550096597562264,5.2279476027061674e-05,5408.352665398353,5416.614608509376,5790.305118991378,5782.097778132291,0.02127734389344761,0.04313955168309548,2.338932500990791,0
4.221999999999757,-2.0,1.0,1.5,0.0,-1.9833733381135406,0.9918166749271203,1.5087541776695075,-0.027612657463051242,0.013495283448458165,-0.018860445654440252,0.025637646014514646,-0.012510655202228861,0.020185999425584272,0.07291925024580022,0.14942984839103896,0.0001901764166920907,1.0211116837658403,2.0393372926823234,0.05180533567049625,-0.0228887979663411,-0.04565639384441231,-0.0003744356190436948,68.81159174765388,-0.0012793915929782387,-0.002293167679555881,4.646861779396466e-05,5408.485221875979,5416.720974210748,5790.295147450327,5782.165419062708,0.020495080419563317,0.03605964417198432,2.2805975769512594,0
4.241999999999755,-2.0,1.0,1.5,0.0,-1.9838490750388804,0.9920483437710591,1.5083797168756978,-0.020683807078820955,0.01003280826921224,-0.018608657565299756,0.01754609444519294,-0.008464105791217364,0.02043497121979429,0.04933232285766049,0.1022656015467924,8.805183005797515e-05,0.9947395341030756,1.9868418247994168,0.050450305537133124,-0.02303832507682941,-0.0459569726565327,-0.0003767248940091449,68.81317991682272,-0.0011381486522866282,-0.0020383489850393783,4.0697199561906395e-05,5408.60959380065,5416.819397948697,5790.277666451308,5782.224963123956,0.019857010570572427,0.02957632927567661,2.221857446791594,0
4.261999999999753,-2.0,1.0,1.5,0.0,-1.984188231898484,0.9922117626626249,1.5080104327528907,-0.01393666728339224,0.0066612862844842415,-0.018344166927875345,0.009603986658717138,-0.0044924159371935255,0.0206480922246699,0.02618307313192126,0.05597470348925822,2.557936441988419e-05,0.9682089972366176,1.9340236696749022,0.04911166965840224,-0.023170180186331303,-0.04622224433428052,-0.00037862269758088873,68.81457666980552,-0.0009981510192708055,-0.0017857987150890335,3.496305369396276e-05,5408.725855426125,5416.909997895839,5790.252849723859,5782.276563106809,0.019360673650676147,0.023981490575224657,2.1627575329309363,0
4.2819999999997505,-2.0,1.0,1.5,0.0,-1.984394454858166,0.9923087566207565,1.5076465714754905,-0.007372303694829228,0.0033812483164664367,-0.018067689835424307,0.0018144403115601133,-0.000597143045780033,0.02082629934498101,0.003480254435146181,0.01057487613973007,6.42338052392282e-07,0.941540249665168,1.880923069994126,0.04779097732754049,-0.023284527672630062,-0.0464525355447908,-0.00038013582709106196,68.81578539446203,-0.000859482827234452,-0.0015356706214874585,2.9264215403164682e-05,5408.834089921908,5416.992899249851,5790.220877869054,5782.320378569329,0.019004165838635522,0.01980467414363323,2.103342851155639,0
4.301999999999748,-2.0,1.0,1.5,0.0,-1.9844714098528147,0.9923411605099496,1.5072883648975777,-0.0009916418288306692,0.0001931552044304472,-0.01777994206086512,-0.0058195851946122815,0.0032202345420461386,0.020970557727397227,-0.01876781879740301,-0.03391705767866986,1.110987901122003e-05,0.9147532645973534,1.8275798833037518,0.04648969060755562,-0.02338154236457326,-0.04664819401604482,-0.00038127173219018026,68.81680965341883,-0.0007222258298297229,-0.0012881139735175997,2.359893170046721e-05,5408.934389121174,5417.068233931691,5790.181938069688,5782.3565755118225,0.018786037292996608,0.017808621567583657,2.043657983321145,0
4.321999999999746,-2.0,1.0,1.5,0.0,-1.9844227797991025,0.9923108176479384,1.5069360305724715,0.005204531546074954,-0.0029026015212194347,-0.01748163786327471,-0.013295288492597233,0.006958317443325689,0.021081858335497736,-0.04055327030754673,-0.07748517233373492,5.4843074517524106e-05,0.8878678004796845,1.774033558193628,0.04520918326852285,-0.02346140923418365,-0.046809587913631476,-0.00038203847707638726,68.81765317649523,-0.0005864593865403022,-0.0010432735293451766,1.7965669150823627e-05,5409.026853250838,5417.136140272568,5790.136223784147,5782.385326040289,0.018705128562315824,0.01846943168015071,1.9837470508485995,0
4.341999999999744,-2.0,1.0,1.5,0.0,-1.9842522618362881,0.9922195784273482,1.506589771795955,0.011215566964032806,-0.005905698920575877,-0.01717348881419181,-0.020610025907875577,0.010615785066213013,0.021161215516398914,-0.06186866102030423,-0.12011443689049765,0.00012970094634867028,0.8609033899049887,1.7203231111864934,0.04395073999561603,-0.02352432308717132,-0.046937105213793545,-0.00038244470224529,68.81831985280652,-0.00045226045014915554,-0.0008012895118613771,1.2363120449960173e-05,5409.111590645052,5417.196762690714,5790.083934425223,5782.406808019557,0.018760365386734305,0.021344670063422538,1.9236536890199203,0
4.361999999999742,-2.0,1.0,1.5,0.0,-1.983963564596863,0.9920692989521919,1.5062497776727248,0.01704095073074057,-0.008815881882838213,-0.01685620264662074,-0.027761310997722565,0.014191395383912665,0.0212096645656714,-0.08270698781190992,-0.16179071204306317,0.00023354624151812817,0.8338793288998886,1.666487104340276,0.04271555586160242,-0.023570488252111634,-0.047031153073362864,-0.0003824995858779879,68.81881372257368,-0.0003197035561291943,-0.0005622975888601614,6.790209837469674e-06,5409.18871744327,5417.250251359125,5790.02527502505,5782.421204717241,0.018950540902760053,0.025539094401400116,1.863421022078408,0
4.381999999999739,-2.0,1.0,1.5,0.0,-1.983560405508751,0.9918618396900535,1.5059162232055863,0.022680303308426835,-0.011632962323222789,-0.016530482129487132,-0.03474681397361676,0.017683984650614784,0.021228259297035097,-0.10306168204119037,-0.20250074648381564,0.00036425102833048635,0.8068146665896271,1.6125636235670617,0.04150473605698557,-0.023600118268542268,-0.04709215719717632,-0.00038221280498212826,68.81913896866887,-0.00018886081389742884,-0.0003264288574165663,1.2460973647987571e-06,5409.258357274154,5417.296761865351,5789.960455887407,5782.428704439729,0.019274117808226927,0.030380566321401112,1.8030916391335492,0
4.401999999999737,-2.0,1.0,1.5,0.0,-1.9830465081307032,0.9915990641407791,1.5055892694068589,0.02813337761969491,-0.0143568183395161,-0.016197023970146596,-0.041564361009437105,0.021092467060626528,0.0212180696231193,-0.12292660784568125,-0.2422321727218201,0.0005197020887017746,0.7797281952382574,1.5585902576721236,0.040319295870473705,-0.023613435574226904,-0.047120561203538885,-0.00038159449639809355,68.8192999079262,-5.980189987262747e-05,-9.380983233752405e-05,-4.269817960552338e-06,5409.320640926502,5417.336454864443,5789.889692228625,5782.429500161296,0.01972907859925308,0.0354957568536821,1.742707570878103,0
4.421999999999735,-2.0,1.0,1.5,0.0,-1.9824255995224818,0.991282837522471,1.5052690634313948,0.033400057273035653,-0.016987393329632155,-0.015856517747399212,-0.048211933438007316,0.024415834351931898,0.021180179153409598,-0.14229606020381036,-0.28097350236215635,0.0006978060984385674,0.7526384406619729,1.5046040781157497,0.03916016091198314,-0.023610671191823456,-0.04711682598828727,-0.0003806552177791812,68.81930098224711,6.74059477224215e-05,0.00013543756144998982,-9.757896130757072e-06,5409.375706008499,5417.369495726161,5789.813203808321,5782.423789147561,0.0203128408463192,0.04068862879295982,1.6823102671149748,0
4.441999999999733,-2.0,1.0,1.5,0.0,-1.9817014076513724,0.9909150254755441,1.5049557387305814,0.03848035471284571,-0.019524695071552658,-0.015509644877306258,-0.05468766683861772,0.02765315535545059,0.02111568281525386,-0.16116476276447458,-0.3187141208578847,0.0008964945879703931,0.7255636530131765,1.4506416195000391,0.038028167569958415,-0.023592064415185337,-0.04708142908799003,-0.00037940590865144497,68.81914674952944,0.00019269793236799263,0.00036119599270655143,-1.5218255166783062e-05,5409.423696596461,5417.396054177515,5789.731214551226,5782.411772574357,0.02102224037577943,0.04585303153209929,1.621940575099681,0
4.461999999999731,-2.0,1.0,1.5,0.0,-1.980877658836494,0.9904974927855845,1.5046494152266485,0.04337440929681544,-0.02196879476704389,-0.015157077613947833,-0.060989850018217835,0.03080357549129646,0.02102568450358965,-0.17952786544534036,-0.3554442817462868,0.0011137286768270254,0.698521797932638,1.3967388607821105,0.03692406369439736,-0.023557862495522663,-0.04701486404279506,-0.00037785785165564726,68.81884187444919,0.00031601170112229916,0.0005833527240130919,-2.0650771192241916e-05,5409.464762874331,5417.416303941728,5789.643952161298,5782.393655143204,0.021853572634315983,0.05092842356837097,1.5616387186947904,0
4.481999999999728,-2.0,1.0,1.5,0.0,-1.97995807523234,0.9900321021257206,1.5043501995065538,0.0480824853035748,-0.024319826050556853,-0.0147994780871052,-0.06711692388902582,0.03386631621336504,0.020911294764831525,-0.19738094180123117,-0.3911551003809586,0.0013475035759437015,0.6715305480669826,1.3429312072146835,0.03584850949661854,-0.023508320327635408,-0.046917639759428593,-0.0003760226340697483,68.81839111912356,0.0004372873449154705,0.0008017996083658513,-2.6055079520942705e-05,5409.499060765151,5417.430422374638,5789.551647729404,5782.3696446944205,0.02280267467143773,0.05587847424320511,1.5014442783394892,0
4.501999999999726,-2.0,1.0,1.5,0.0,-1.9789463723528993,0.9895207128191843,1.5040581850346966,0.05260496987350332,-0.026577983964728095,-0.014437497378686576,-0.07306748024536194,0.03684067440360909,0.020773628520088003,-0.21471998616404153,-0.4258385471713301,0.0015958528526621425,0.6446072749485756,1.289253473014334,0.03480207865649101,-0.02344370013642657,-0.046790279874815856,-0.00037391210970699225,68.81779933368351,0.0005564673973144216,0.0010164330823581782,-3.1430576725115434e-05,5409.526751555688,5417.438590099621,5789.454535335731,5782.339951819018,0.023865028026310957,0.06068042038072179,1.4413961718330655,0
4.521999999999724,-2.0,1.0,1.5,0.0,-1.977846256637674,0.9889651796227171,1.5037734523836555,0.056942370885625926,-0.02874352390390734,-0.014071774639558257,-0.07884026044254949,0.03972602171738512,0.02061380283265825,-0.23154141055570968,-0.45948744034110256,0.001856852454071332,0.6177690412347497,1.2357398647571967,0.03378525962756767,-0.023364271163899192,-0.046633322120796954,-0.00037153836128055043,68.81707144678342,0.000673496831809381,0.0012271541560855842,-3.677642364939385e-05,5409.548001515461,5417.440990641994,5789.352851648163,5782.304789470378,0.025035865245970946,0.06531951170972719,1.381532635931894,0
4.541999999999722,-2.0,1.0,1.5,0.0,-1.9766614230608333,0.9883673515314438,1.5034960694821344,0.06109531477352471,-0.03081676052714437,-0.013702936248279417,-0.08443415398077561,0.042521803881275085,0.02043293472446766,-0.247842041375884,-0.49209543821710017,0.002128624485098382,0.5910325933032244,1.1824239655013216,0.03279845713032053,-0.02327030935682828,-0.04644731769037036,-0.00036891366332180624,68.81621245607523,0.0007883230576688496,0.0014338683998927331,-4.20915493337618e-05,5409.562981511292,5417.437810063897,5789.246835517808,5782.264372576796,0.026310267687013743,0.06978596333423964,1.3218912087565198,0
4.56199999999972,-2.0,1.0,1.5,0.0,-1.9753955527846918,0.9877290706058093,1.5032260918792604,0.06506454428320299,-0.032798066642072125,-0.013331595013079185,-0.089848196996838,0.04522753994480836,0.02023213904586137,-0.26361911586606623,-0.5236570310599993,0.0024093407385149344,0.5644143542004633,1.1293387196343767,0.03184199382346807,-0.023162097055294945,-0.046232830605898056,-0.00036605044573495685,68.81522741867353,0.0009008959144086153,0.0016364859280948033,-4.737465580720338e-05,5409.571866618574,5417.42923660063,5789.136727572807,5782.218917655854,0.027683247637904237,0.0740732038177872,1.2625087130082218,0
4.581999999999717,-2.0,1.0,1.5,0.0,-1.9740523108586434,0.9870521708211429,1.5029635630243512,0.06885091617583883,-0.034687872061125384,-0.012958349418254371,-0.09508157066673488,0.04784282148752799,0.020012526402894835,-0.2788702783521798,-0.5541675324483887,0.002697225974766979,0.5379304169396588,1.0765164184448575,0.030916112143212538,-0.02303992268226698,-0.045990437089679995,-0.0003629612580669328,68.81412144163741,0.0010111676649197348,0.0018349213797902463,-5.262422371213179e-05,5409.574835730357,5417.415460299347,5789.022769811608,5782.168642431636,0.029149812315358715,0.07817682486534587,1.203421239996213,0
4.601999999999715,-2.0,1.0,1.5,0.0,-1.9726353439646167,0.986338476940392,1.5027085145612618,0.07245539887836151,-0.036486662431534575,-0.012583782916006417,-0.10013359952208042,0.05036731178285566,0.019775201145979582,-0.2935935762676639,-0.5836230702276028,0.0029905609502641176,0.511596538144958,1.0239886864144805,0.030020976300064943,-0.022904080434397074,-0.04572072493729417,-0.000359658734566705,68.81289967249442,0.0011190929872954482,0.0020290938968869914,-5.783851871847248e-05,5409.5720711654085,5417.396672661002,5788.905205196799,5782.113765455669,0.03070501039523692,0.08209392763470634,1.1446641344629178,0
4.621999999999713,-2.0,1.0,1.5,0.0,-1.9711482782100673,0.9855898034105275,1.5024609666363835,0.07587907008477784,-0.0381949780405326,-0.012208463264580052,-0.10500374968335216,0.05280074492022887,0.019521259423478154,-0.307787455959426,-0.6120205770347906,0.003287685193477665,0.4854281320385079,0.9717864682289504,0.029156674422830035,-0.022754869974210352,-0.045424292894074424,-0.0003561555601042421,68.81156728983088,0.0012246289653982218,0.0022189270994571863,-6.301559868500135e-05,5409.5637582762565,5417.373066286431,5788.784277250589,5782.054505732567,0.032343963467335195,0.08582270212321444,1.0862719802170313,0
4.641999999999711,-2.0,1.0,1.5,0.0,-1.969594716969456,0.9848079532831072,1.5022209282193646,0.07912311431116366,-0.03981341259720922,-0.011832941913409634,-0.10969162701298947,0.05514292488698743,0.019251787303559944,-0.3214507582791601,-0.6393577804116769,0.003586999528892857,0.45944026476685723,0.9199400165038261,0.028323220839248663,-0.02259259612384342,-0.045101750035093494,-0.00035246443701452806,68.81012949397197,0.0013277350782031601,0.0024043490585325157,-6.815332152454298e-05,5409.550085058327,5417.344834527363,5788.660229652978,5781.9910823511755,0.03406188546999863,0.08936214833618995,1.0282785865604307,0
4.661999999999709,-2.0,1.0,1.5,0.0,-1.9679782387751137,0.983994717159444,1.5019883974356045,0.08218882040722009,-0.04134261199244171,-0.011457753435827788,-0.1141969751913734,0.05739372461150065,0.018967858967345985,-0.3345827139627937,-0.6656331925164872,0.0038869683495391326,0.43364764906322834,0.8684788802217598,0.02752055848275207,-0.022417568560491753,-0.044753715148994413,-0.0003485980529278064,68.80859149777488,0.0014283731879530073,0.0025852922664499874,-7.324935372862386e-05,5409.5312417611785,5417.3121711431695,5788.533305843698,5781.923714122109,0.03585409314306734,0.09271188640128128,0.9707169755125752,0
4.681999999999706,-2.0,1.0,1.5,0.0,-1.9663023952583192,0.9831518721608035,1.5017633619095683,0.085077579027277,-0.04278327303832374,-0.011083415009739153,-0.11851967371873225,0.05955308496902693,0.018670534976082422,-0.3471829388010423,-0.6908460994465875,0.0041861216394816275,0.40806463924215414,0.8174318938769725,0.02674856141476981,-0.02223010151372059,-0.044380816126004106,-0.0003445690496427873,68.8069585175558,0.0015265075271591404,0.0027616936048528813,-7.830117950655619e-05,5409.507420502753,5417.27526996414,5788.403748628823,5781.852619222433,0.03771601015797635,0.09587202403878013,0.9136193698241069,0
4.701999999999704,-2.0,1.0,1.5,0.0,-1.9645707091413847,0.9822811809240258,1.501545799117958,0.08779088006360228,-0.04413614218850501,-0.01071042594651708,-0.12265973584600666,0.06162101375180505,0.018360860614817863,-0.3592514286043098,-0.7149965501833365,0.0044830567482956685,0.3827052265229525,0.7668271673223619,0.026007037452047525,-0.022030513464786818,-0.04398368935044778,-0.0003403899930948206,68.80523576417237,0.001622104684479768,0.0029334943104490085,-8.330611049319461e-05,5409.47881488771,5417.234324561891,5788.271799793101,5781.778014848255,0.03964316706703124,0.09884306193952896,0.8570171817838874,0
4.721999999999702,-2.0,1.0,1.5,0.0,-1.962786672281456,0.9813843906229375,1.5013356767517727,0.09033031004485104,-0.04540201424084384,-0.010339267268238039,-0.12661730643772084,0.0635975846048761,0.018039864314770438,-0.3707885539654258,-0.7380853451707894,0.004776439920163831,0.35758303467853364,0.7166920763143103,0.02529573088847712,-0.021819126848113025,-0.043562979098065134,-0.00033607334446671984,68.80342843428119,0.0017151335895036863,0.003100639938621924,-8.826129597907685e-05,5409.4456196306,5417.189527927735,5788.137699718838,5781.700116875958,0.04163119869463719,0.10162582475713917,0.8009410028089957,0
4.7419999999997,-2.0,1.0,1.5,0.0,-1.960953743766705,0.9804632320158915,1.501132953086293,0.09269754950245976,-0.0465817310237624,-0.009970401333227701,-0.13039265976988962,0.06548293592913404,0.01770855615630091,-0.3817950548239672,-0.7601140245398672,0.005065007580829581,0.33271131600600184,0.6670532537498046,0.024614325301010462,-0.021596267755054105,-0.04311933693842888,-0.00033163143248516247,68.80154170178899,0.0018055654964684454,0.0032630803249918544,-9.316373361650393e-05,5409.408030184887,5417.141072159504,5788.001687012274,5781.619139532708,0.04367584013841923,0.1042214097567134,0.7454205938279733,0
4.761999999999698,-2.0,1.0,1.5,0.0,-1.9590753480655199,0.9795194185197467,1.500937577358025,0.09489437030775878,-0.047676180067681095,-0.009604271509758955,-0.13398619726598598,0.06727726975310275,0.017367926454112836,-0.3922720348361915,-0.7810848559896983,0.005347567386213059,0.3081029476155343,0.6179365815901561,0.023962446429325587,-0.021362265640092616,-0.0426534211427314,-0.00032707642694146296,68.79958070951545,0.001893373966938622,0.0034207695450111384,-9.801028055469794e-05,5409.366242378562,5417.0891481575045,5787.863998138238,5781.535295076886,0.045772922181459265,0.10663114785645501,0.6904848764518868,0
4.781999999999695,-2.0,1.0,1.5,0.0,-1.9571548732292487,0.9785546453105693,1.500749490147642,0.09692263298254244,-0.04868629326289265,-0.00924130189761063,-0.1373984451739812,0.06898085057493047,0.01701894442606503,-0.40222095555486587,-0.8010008223378987,0.00562299903704105,0.2837704280340212,0.5693671834652272,0.023339665119035825,-0.021117453029589367,-0.04216589609722205,-0.0003224203134706447,68.79755056108436,0.001978534851467271,0.003573665871684106,-0.00010279766495713787,5409.320452057144,5417.033945330146,5787.72486706391,5781.448793489029,0.047918366637841936,0.10885657351171675,0.6361619249532525,0
4.801999999999693,-2.0,1.0,1.5,0.0,-1.955195669148999,0.9775705884513157,1.500568623767975,0.09878428398579849,-0.049613045505220686,-0.008881897097071084,-0.14063005218745056,0.07059400417608712,0.016662556946675785,-0.41164363042354624,-0.8198656087516151,0.00589025486436444,0.25972587411994474,0.5213694179517345,0.022745500318376435,-0.02086216523322097,-0.0416574317225378,-0.0003176748696185789,68.79545631305879,0.0020610262702656754,0.0037217317314888866,-0.00010752249785438709,5409.270854734852,5416.975651309716,5787.584524912431,5781.359842173823,0.05010818195081246,0.11089940100349027,0.5824789590670393,0
4.821999999999691,-2.0,1.0,1.5,0.0,-1.9532010458669404,0.9765689040467214,1.5003949026561014,0.10048135297925988,-0.05045745333078944,-0.008526442024848035,-0.14368178701371664,0.07211711640824416,0.016299687386174735,-0.420542218590148,-0.8376835896712251,0.006148360191331374,0.23598101828600068,0.47396687251887465,0.022179422118471896,-0.02059674005822414,-0.04112870289918471,-0.00031285164222242325,68.79330296733455,0.0021408285929000125,0.0038649336585824317,-0.00011218128528565873,5409.217645254592,5416.914451678811,5787.44319962703,5781.268645673602,0.05233845922099503,0.11276150542970995,0.5294623376554071,0
4.841999999999689,-2.0,1.0,1.5,0.0,-1.9511742719425058,0.9755512274256027,1.5002282437686123,0.10201595007439913,-0.05122057354121215,-0.008175301776231792,-0.14655453589198278,0.0735506319548043,0.015931234535663297,-0.42891921854489085,-0.8544598154386712,0.006396413477051994,0.21254720602594296,0.4271823581341904,0.021640854827474756,-0.020321517526567686,-0.04058038889939333,-0.00030796192612532887,68.79109546380604,0.0022179244170360064,0.004003242247356279,-0.00011677044068281753,5409.161017457477,5416.850529707835,5787.301115646392,5781.175405393889,0.05460536874664327,0.11444490719383486,0.4771375533312464,0
4.861999999999687,-2.0,1.0,1.5,0.0,-1.9491185728738274,0.9745191723507498,1.5000685569791279,0.1033902630634432,-0.05190350182048624,-0.00782882153274709,-0.14924930006438109,0.07489505306853927,0.01555807161873025,-0.4367774615879823,-0.8701999986424942,0.00663358624883085,0.18943539374216015,0.38103790452230707,0.021129180069076405,-0.02003683959516951,-0.04001317282558589,-0.0003030167442420738,68.78883867331601,0.0022922985462507594,0.004136632103419543,-0.00012128629745098855,5409.101163862431,5416.784066103949,5787.158493591838,5781.080319341292,0.056905157096226296,0.11595175912485679,0.4255292281838157,0
4.881999999999684,-2.0,1.0,1.5,0.0,-1.9470371295747124,0.973474330256559,1.4999157454771728,0.10460655463693994,-0.05250737134486159,-0.007487326514426071,-0.1517671932028259,0.0761509382867805,0.015181045389600247,-0.444120105132651,-0.8849105001916574,0.006859122829454115,0.16665614687046867,0.3355547560688501,0.020643739896117477,-0.01974304987927131,-0.03942774105566238,-0.00029802682898815596,68.78653739090133,0.0023639379669280806,0.00426508179307046,-0.000125725121700326,5409.0382753565,5416.715238771802,5787.015549966897,5780.983581874198,0.05923414469584681,0.11728433559897042,0.3746611109601114,0
4.901999999999682,-2.0,1.0,1.5,0.0,-1.9449330769073858,0.9724182695145347,1.4997697061675204,0.10566715959036062,-0.053033351386926754,-0.007151121975729903,-0.15410943879454161,0.07731890112559567,0.014800975317667879,-0.45095062584939893,-0.8985983151304083,0.007072339866602101,0.14421963829862575,0.29075336836161897,0.0201838399102724,-0.019440493379082248,-0.038824782695319304,-0.00029300260508072825,68.78419632934437,0.002432831824255131,0.0043885737913192625,-0.000130083125084325,5408.97254089635,5416.644222586393,5786.872496869782,5780.885383466526,0.06158872389252768,0.1184450231995239,0.32455607642696116,0
4.92199999999968,-2.0,1.0,1.5,0.0,-1.9428095022711998,0.9713525347267605,1.4996303300691505,0.10657448202217433,-0.05348264591513505,-0.006820493244060304,-0.15627736748909313,0.07839960875436619,0.014418652858031566,-0.4572728126575715,-0.9112710582064504,0.00727262567181006,0.12213564707503488,0.2466534053607705,0.01974875237904279,-0.019129516209798938,-0.03820498903759676,-0.00028795417371571617,68.78182011303919,0.002498971397334976,0.0045070944285228514,-0.0001343564777007112,5408.904147221455,5416.571189178245,5786.729541719279,5780.785910484858,0.06396535744375342,0.11943631257063635,0.27523612864784985,0
4.941999999999678,-2.0,1.0,1.5,0.0,-1.9406694442474575,0.9702786460474212,1.499497502712979,0.10733099252577927,-0.053856492189968616,-0.006495705799708195,-0.15827241440970943,0.07939378065216739,0.014034840807435781,-0.4630907595705845,-0.9229369492047688,0.0074594393767238275,0.10041355740412186,0.20327373718955152,0.019337719341574428,-0.018810465335108422,-0.03756905302984861,-0.00028289129812176513,68.77941327218063,0.002562350073431789,0.00462063383568569,-0.00013854132101191616,5408.8332785793955,5416.49630673118,5786.586886994439,5780.685344979161,0.06636057737997382,0.12026079120566852,0.22672241273819738,0
4.961999999999676,-2.0,1.0,1.5,0.0,-1.9385158913004377,0.9691980985324239,1.4993711045375433,0.10793922537762583,-0.054156159357914596,-0.006177005396008407,-0.16009611643166366,0.0803021872473346,0.01365027274480158,-0.4684088584013627,-0.9336047980595894,0.007632309914690458,0.079062357924837,0.16063243853685047,0.018949955695103077,-0.018483688304273493,-0.036917668748322426,-0.00027782339048740165,68.77698023728317,0.0026229633213604884,0.004729185888480503,-0.0001426337807430635,5408.76011646366,5416.419739792856,5786.444729988475,5780.58386448729,0.06877098418737777,0.12092113697441015,0.17903524896921572,0
4.981999999999673,-2.0,1.0,1.5,0.0,-1.9363517805346828,0.9681123615171559,1.4992510112818536,0.10840177572381281,-0.0543829470444026,-0.005864618218387978,-0.16175010943041968,0.08112564854158001,0.013265652555326413,-0.4732317913347497,-0.9432839897569463,0.007790834835986429,0.05809064126871246,0.11874678766260983,0.018584652254140462,-0.0181495329929047,-0.03625153088051821,-0.00027275950025479356,68.77452533403512,0.002680808664038155,0.004832748150035048,-0.00014662997971648763,5408.6848393643,5416.341649098164,5786.303262577206,5780.481641853438,0.07119324626126873,0.12142011223910788,0.13219424099129917,0
5.001999999999671,-2.0,1.0,1.5,0.0,-1.934179996508547,0.9670228780223833,1.499137094374653,0.1087212967673862,-0.05453818394682714,-0.0055587510809334655,-0.16323612550222638,0.08186503272000736,0.012881654036939468,-0.47756452337384675,-0.9519844690404702,0.00793467896521921,0.037506603893882176,0.07763326599690774,0.018240978774827877,-0.01780834734751319,-0.035571334215510564,-0.0002677083037692096,68.77205277849332,0.002735885650207718,0.004931321812538123,-0.00015052605058305972,5408.607622531713,5416.262191405656,5786.162671002318,5780.378845060618,0.07362409958471301,0.12176055844393863,0.08621872455470618,0
5.021999999999669,-2.0,1.0,1.5,0.0,-1.9320033701039725,0.9659310641882788,1.4990292213193395,0.10890049695851571,-0.05462322642875315,-0.005259591659030819,-0.16455599015979072,0.08252125474835004,0.012498920587722255,-0.4814122946674123,-0.9597167249330233,0.008063572909639662,0.017318046191437255,0.0373075583233082,0.017918086937214313,-0.017460479133942334,-0.034877773142389344,-0.0002626780952704867,68.76956667262166,0.002788195825349981,0.005024911637703086,-0.00015431814841171637,5408.5286377538305,5416.181519347001,5786.023135669708,5780.275637077274,0.07606034759194404,0.12194539108846333,0.04113111461624056,0
5.041999999999667,-2.0,1.0,1.5,0.0,-1.9298246774524102,0.9648383087365414,1.4989272560738598,0.10894213718966944,-0.054639457116376085,-0.004967308756576139,-0.16571161950561863,0.08309527495873904,0.01211806497270048,-0.4847806127256221,-0.9664917750868901,0.008177311427274915,-0.0024676271395517877,-0.0022154464631363615,0.01761511327855226,-0.01710627568976851,-0.034171541156982586,-0.00025767677920901245,68.76707100017649,0.002837742701795274,0.005113525896133915,-0.00015800246310006488,5408.448053146921,5416.099781289529,5785.884830963091,5780.172175718022,0.07849886118088671,0.12197759501526588,0.003316230823995863,0
5.0619999999996645,-2.0,1.0,1.5,0.0,-1.9276466389167621,0.9637459724605523,1.498831059424887,0.10884902799785366,-0.05458828349828221,-0.004682052606204621,-0.16670501738557222,0.0835880976252866,0.011739669168283267,-0.4876752445316397,-0.9723211499752893,0.008275751663933174,-0.021843406452056385,-0.040921654033041356,0.01733118207105131,-0.01674608368076594,-0.033453330377014055,-0.0002527118638660548,68.7645696229403,0.002884531728050421,0.005197176305632901,-0.00016157523157031437,5408.366032960168,5416.017121211863,5785.747925073043,5780.068613518543,0.08093657884381189,0.12186021995702136,0.04638659389388437,0
5.081999999999662,-2.0,1.0,1.5,0.0,-1.9254719181291844,0.9626553877434908,1.4987404893556506,0.10862402677592832,-0.054471136529527085,-0.004403955200935632,-0.16753827252514006,0.0840007695307457,0.011364284282429974,-0.49010220855656833,-0.977216876938,0.008358811268243227,-0.040802676249917263,-0.07879776274500665,0.01706540813788308,-0.01638024886151886,-0.03272383106584656,-0.000247790456254761,68.76206627730461,0.0029285702573520343,0.005275877968489238,-0.00016503274971623914,5408.282737394143,5415.933678592547,5785.612579841561,5779.965097624546,0.08337050688939848,0.12159637629982162,0.08873525090531646,0
5.10199999999966,-2.0,1.0,1.5,0.0,-1.92330312108454,0.9615678581043113,1.4986554014067999,0.10827003499495494,-0.05428946924102427,-0.00413313065559378,-0.16821355565087753,0.0843343785254888,0.010992430548515092,-0.4920677666854781,-0.9811914640939523,0.008426466393974263,-0.0593392140292971,-0.11583126122328442,0.016816899601590708,-0.016009115840271086,-0.03198373116495295,-0.00024291925827578308,68.75956457120176,0.00296986751546241,0.005349649307783582,-0.00016837138406851606,5408.198322433282,5415.849588311643,5785.478950622234,5779.861769694745,0.08579771973333514,0.12118923102857405,0.1301461432440941,0
5.121999999999658,-2.0,1.0,1.5,0.0,-1.9211427952892743,0.9604846577714645,1.498575649029728,0.10778999543947766,-0.054044755355208356,-0.003869675596329769,-0.1687331165994188,0.08459005208002345,0.010624597390695555,-0.49357841606230884,-0.9842578841336214,0.008478749598934198,-0.07744718886663744,-0.1520104254011537,0.016584760559421454,-0.01563302784809664,-0.031233715835253386,-0.0002381045640984186,68.75706798138464,0.0030084345677200853,0.005418512002744807,-0.0001715875831473844,5408.112939692402,5415.764980565155,5785.347186156054,5779.758765817747,0.08821536023796586,0.12064200382730622,0.1706025275913727,0
5.141999999999656,-2.0,1.0,1.5,0.0,-1.9189934289654182,0.9594070312842281,1.4985010839318114,0.1071868894575836,-0.053738487908910046,-0.0036136695765362466,-0.16909928141642655,0.08476895583223855,0.01026124355847522,-0.49464088086150054,-0.9864295580041514,0.008515747649769652,-0.0951211597570702,-0.18732431504053235,0.016368093680470073,-0.015252326512471732,-0.03047446700745701,-0.00023335225873593162,68.75457985105187,0.0030442842853623995,0.005482490923191476,-0.00017467788847317942,5408.026736277234,5415.679980792148,5785.217428462802,5779.656216442653,0.09062064008447442,0.11995796331272343,0.21009141296208436,0
5.1619999999996535,-2.0,1.0,1.5,0.0,-1.9168574503094127,0.9583361931214924,1.49843155641306,0.10646373422753366,-0.05337217788435325,-0.0033651755174300443,-0.16931444944778595,0.08487229213055456,0.009902797328032922,-0.49526210399429793,-0.9877203385000709,0.008537599241986831,-0.11235607370730369,-0.2217627697385121,0.0161660027198926,-0.014867351635328334,-0.02970666294152892,-0.0002286678177809124,68.75210338781626,0.0030774313111323398,0.005541614063091046,-0.0001776389452071641,5407.939854659004,5415.594709614373,5785.08981274801,5779.55424632324,0.09301084016364312,0.1191404233837243,0.2486011872517125,0
5.181999999999651,-2.0,1.0,1.5,0.0,-1.9147372268054041,0.9572733273578278,1.4983669156936976,0.10562358004270021,-0.05294735284915766,-0.0031242401715554998,-0.16938109042530916,0.08490129857412543,0.0095496567677842,-0.49544923875769814,-0.9881444937725001,0.008544492644482057,-0.1291472635870814,-0.2553164044316553,0.015977594945824666,-0.014478440975667,-0.028930977795419196,-0.00022405630826489656,68.749641662012,0.003107892024187578,0.005595912473270087,-0.00018046751239662526,5407.852432562936,5415.509282788222,5784.964467325371,5779.452974475472,0.09538331097343986,0.11819273967304195,0.2861212534320077,0
5.201999999999649,-2.0,1.0,1.5,0.0,-1.9126350645926213,0.9562195873466451,1.498307010232238,0.10466950761649452,-0.0524655556062028,-0.002890894607449065,-0.16930174154916705,0.0848572465512163,0.00920219006554909,-0.4952096404340377,-0.9877166907697379,0.008536663277812977,-0.14549044574339468,-0.2879766044090403,0.015801983475013586,-0.014085930036802016,-0.028148081203169265,-0.00021952239060378436,68.74719760533678,0.003135684504327005,0.005645420193306447,-0.00018316047280030385,5407.764602870592,5415.423811168774,5784.84151355445,5779.352514148142,0.0977354730135749,0.11711830608994625,0.3226419319380787,0
5.221999999999647,-2.0,1.0,1.5,0.0,-1.91055320788642,0.9551760954302428,1.498251688033649,0.10360462540891172,-0.05192834285418308,-0.0026651547137002537,-0.1690790045692134,0.0847414397768593,0.00886073591460812,-0.49455085784924424,-0.986451978622061,0.008514391235358727,-0.16138171738171703,-0.3197355198451725,0.015638289513548224,-0.013690151858314735,-0.027358637862508868,-0.00021507032158932398,68.74477400982325,0.0031608284955536876,0.005690174182630866,-0.00018571484227177112,5407.676493535926,5415.338400685659,5784.721065793571,5779.252972806337,0.10006481716877504,0.11592055144516204,0.3581544234082204,0
5.241999999999645,-2.0,1.0,1.5,0.0,-1.9084938384525438,0.954143942676518,1.498200796947243,0.10243206697626929,-0.051337283859656205,-0.002447021720640595,-0.16871554286732557,0.08455521283086175,0.008525603955845527,-0.49348062489773253,-0.9843657719835817,0.008477998756409012,-0.1768175537186183,-0.350586059864021,0.015485644499445107,-0.013291436812780217,-0.026563307132062987,-0.0002107039583846274,68.74237352713362,0.003183345368991177,0.00573021425087453,-0.00018812777868042728,5407.588227514865,5415.253152330488,5784.603231367619,5779.154452127437,0.1023689050738976,0.11460293615095174,0.3926507894874271,0
5.2619999999996425,-2.0,1.0,1.5,0.0,-1.9064590751341193,0.9531241886421017,1.498154184953952,0.10115498834566125,-0.05069395914136137,-0.002236482737895413,-0.1682140785428301,0.08429992969722316,0.008197075273139957,-0.49200685204193806,-0.9814738343438942,0.008427847660090476,-0.19179480491020806,-0.380521886145553,0.015343192144221179,-0.012890112407338335,-0.025762742638274157,-0.00020642676348063964,68.73999866817124,0.0032032580851715426,0.005765582987487822,-0.00019039659035149215,5407.49992270822,5415.168162155531,5784.488110550549,5779.057048009351,0.10464536945517385,0.11316894899076241,0.42612393993713304,0
5.28199999999964,-2.0,1.0,1.5,0.0,-1.90445097343088,0.952117861161668,1.4981117004426963,0.09977656541559836,-0.049999959167556896,-0.002033511306041216,-0.16757738950303894,0.08397698230598634,0.007875402939070221,-0.4901376177944065,-0.9777922613222404,0.008364336748883799,-0.20631069276095862,-0.40953740608626493,0.01521009037095253,-0.012486503090172347,-0.02495759189214367,-0.00020224181056873147,68.73765180300117,0.003220591155717301,0.005796325690664979,-0.00019251874400846365,5407.411691917683,5415.083521283326,5784.375796562326,5778.960850590615,0.1068919144428511,0.11162210395402128,0.4585676221143796,0
5.301999999999638,-2.0,1.0,1.5,0.0,-1.902471525130073,0.9511259561631429,1.4980731924755801,0.09829999138425356,-0.04925688306710124,-0.0018380679606232438,-0.1668083065608752,0.08358778907853165,0.007560812607987669,-0.4878811601903224,-0.9733374639568082,0.008287899190308947,-0.22036280721755294,-0.4376277655253146,0.015085513146683846,-0.0120809300619577,-0.024148495915891483,-0.0001981517912836528,68.73533516107244,0.0032353706044368,0.005822490295600945,-0.0001944918722031717,5407.323642814677,5414.999315926875,5784.266375579977,5778.865944282013,0.10910631585136202,0.10996593713263339,0.4899764113069229,0
5.321999999999636,-2.0,1.0,1.5,0.0,-1.9005226579884849,0.9501494375085384,1.498038511041687,0.09672847420668063,-0.04846633735497536,-0.0016501008068061037,-0.16590971054151538,0.08313379347729169,0.007253503153456789,-0.48524586825825494,-0.9681261520017009,0.008198999885158114,-0.23394910265250585,-0.4647888410479706,0.014968652207414196,-0.011673711092338841,-0.023336088879632507,-0.00019415902276972204,68.73305083173297,0.003247623927854466,0.0058441273021173435,-0.00019631378022061215,5407.235877921734,5414.915627420062,5784.159926762443,5778.772407809322,0.11128642142384064,0.10820400367653399,0.5203457012579901,0
5.341999999999634,-2.0,1.0,1.5,0.0,-1.898606235464993,0.9491892368601075,1.4980075072992807,0.09506523408232416,-0.04762993467291925,-0.0014695461029482614,-0.16488452939993492,0.0826164625608477,0.0069536473470333555,-0.48224027349684784,-0.9621753172440326,0.00809813283044041,-0.24706789394240902,-0.49101723187818486,0.014858718674239147,-0.011265160341492312,-0.022520997748158352,-0.00019026545602258415,68.73080076502823,0.0032573800552004,0.005861289701684441,-0.0001979824524475493,5407.148494606109,5414.832532257914,5784.0565222888445,5778.680314266769,0.1134301510384303,0.10633987480631305,0.5496716945910406,0
5.3619999999996315,-2.0,1.0,1.5,0.0,-1.8967240565030212,0.9482462535715144,1.4979800338062543,0.09331350097408976,-0.04674929254583017,-0.0012963288514203763,-0.1637357353511908,0.08203728554534037,0.006661392575343013,-0.4788730413650423,-0.9555022168534342,0.007985818484966458,-0.2597178523457518,-0.5163102513721927,0.014754944559578381,-0.010855588186828524,-0.02170384193791077,-0.00018647268495791124,68.72858677277429,0.0032646693078822293,0.005874032903874315,-0.0001994960581957443,5407.061585085307,5414.750102146316,5783.956227409788,5778.589731180807,0.11553549687433302,0.1043771348814868,0.5779513929943624,0
5.381999999999629,-2.0,1.0,1.5,0.0,-1.8948778553622538,0.9473213546036992,1.4979559447386968,0.09147651216019459,-0.04582603215454535,-0.001130363395013462,-0.1624663420152353,0.08139777237310511,0.006376861592406583,-0.4751529627933103,-0.9481243567762001,0.007862601145249757,-0.2718980011853748,-0.5406659181251283,0.01465658416275945,-0.010445301054882377,-0.02088523298423052,-0.00018278195615789635,68.72641052989493,0.0032695233584645903,0.005882414662276135,-0.0002008529569725643,5406.975236444115,5414.668404060782,5783.859100511329,5778.500720583739,0.1176005235359932,0.1023193785234666,0.6051825870895003,0
5.401999999999627,-2.0,1.0,1.5,0.0,-1.8930693014989457,0.9464153744650999,1.497935096097485,0.08955750981997085,-0.044861777125607405,-0.0009715540173165934,-0.16107940157800393,0.08069945228942027,0.006100153304159449,-0.4710889457232576,-0.9400594751860964,0.007729046339134014,-0.2836077113407156,-0.5640829467027201,0.014562915354561558,-0.010034601258440417,-0.020065774218957912,-0.0001791941792460834,68.72427357601252,0.003271975189181557,0.0058864949999115875,-0.00020205170319345403,5406.889530662806,5414.587500313831,5783.765193191082,5778.413339096773,0.11962336813417963,0.10017020779268859,0.631363845952422,0
5.421999999999625,-2.0,1.0,1.5,0.0,-1.8912999994941262,0.9455291151758869,1.4979173459028416,0.08755973865474759,-0.043858152338586934,-0.000819795545481721,-0.15957800197048158,0.07994387242823286,0.005831343582119765,-0.4666900066827917,-0.9313255260037376,0.007585738244273353,-0.29484669655510765,-0.586560738010207,0.014473240750648713,-0.009623786838949022,-0.019246060458455866,-0.00017570993784073386,68.72217731728196,0.0032720590500110555,0.0058863361341783245,-0.00020309105033269832,5406.804544656099,5414.507448630575,5783.674550346108,5778.32763802202,0.12160224032305972,0.09793322941973674,0.6564945062739657,0
5.441999999999623,-2.0,1.0,1.5,0.0,-1.8895714890289925,0.9446633462558539,1.497902554376822,0.08548644354489025,-0.0428167827515127,-0.0006749739538285797,-0.1579652640674007,0.07913259640770184,0.005570486103173939,-0.4619652624039033,-0.9219406624962608,0.007433277138297206,-0.3056150085634939,-0.6080993693106834,0.014386888774137298,-0.009213151414241593,-0.018426677702126627,-0.00017232950103675647,68.72012302845627,0.0032698104163353435,0.005882002401365653,-0.000203969954510449,5406.720350322439,5414.428302232044,5783.58721027206,5778.2436634429805,0.12353542229261867,0.09561205209063495,0.6805746611600083,0
5.4619999999996205,-2.0,1.0,1.5,0.0,-1.8878852449067556,0.9438188047355944,1.4978905841137382,0.08334086724403186,-0.041739292244936756,-0.0005369669667914077,-0.1562443389071847,0.07826720293638012,0.005317613212479838,-0.45692392148994676,-0.9119232209688223,0.007272276887184548,-0.31591303204601623,-0.6286995839051306,0.014303214607848634,-0.008802984031628297,-0.017608202841478415,-0.00016905283536667353,68.71811185517267,0.00326526594622208,0.00587356018077213,-0.0002046875775159927,5406.637014603188,5414.350109925853,5783.503204773082,5778.161456333031,0.12542126871602222,0.09321028378681724,0.7036051485709363,0
5.481999999999618,-2.0,1.0,1.5,0.0,-1.886242677120182,0.9429961951905881,1.4978813002385416,0.08112624811148508,-0.040627302485138544,-0.0004056446597480236,-0.15441840493470477,0.07734928443082997,0.00507273680650404,-0.45157527613911724,-0.9012917045592808,0.007103362478054385,-0.32574147941303955,-0.6483627804864619,0.01422160103709328,-0.00839356902637313,-0.016791203379807343,-0.0001658796171904809,68.7161448164473,0.003258463437349679,0.005861077818468091,-0.0002052432892686124,5406.55459955127,5414.272916203668,5783.422559282007,5778.081052671423,0.12725820665172022,0.09073152918062807,0.7255875394063936,0
5.501999999999616,-2.0,1.0,1.5,0.0,-1.8846451309640586,0.942196189797808,1.4978745705532273,0.07884581788378035,-0.0394824318069497,-0.0002808700563255029,-0.15249066526837762,0.07638044564544669,0.004835849233266463,-0.445928693930642,-0.8900647671472127,0.006927167602252901,-0.33510138542725804,-0.6670910021799368,0.014141459184117489,-0.007985185885598893,-0.015976237162533265,-0.00016280924546573366,68.71422280736653,0.003249441783613266,0.005844625550737685,-0.00020563666971926486,5406.47316240881,5414.196761345126,5783.345292990271,5778.002483566293,0.12904473540026123,0.08817938708757977,0.7465241252509605,0
5.521999999999614,-2.0,1.0,1.5,0.0,-1.8830938871917875,0.9414194284144511,1.4978702656713438,0.07650279948623256,-0.03830629411665887,-0.00016249972082462102,-0.15046434499308542,0.07536230231524238,0.0046069242068938416,-0.4399936096800098,-0.8782611973881693,0.0067443322942823515,-0.34399410166862476,-0.6848869252823497,0.01406222913561575,-0.0075781091176361955,-0.015163852118248472,-0.00015984085484827606,68.71234660196305,0.0032382409314379666,0.00582427542724436,-0.0002058675101977537,5406.3927556932995,5414.121681527641,5783.271418987061,5777.925775384204,0.13077942631594153,0.08555744797702855,0.7664179057861036,0
5.541999999999612,-2.0,1.0,1.5,0.0,-1.8815901622153013,0.9406665186783862,1.497868259140718,0.07410040488539613,-0.03710049781543395,-5.038434445783223e-05,-0.14834268848036053,0.07429647981232065,0.004385917733653602,-0.4337795173693595,-0.8658999028838936,0.0065555006317761936,-0.35242129084793045,-0.7017538477124388,0.013983380464974153,-0.007172608126849777,-0.014354586010512212,-0.00015697332907606382,68.71051685626436,0.0032249018358357796,0.005800101233959983,-0.00020593581421164307,5406.313427291792,5414.047708941713,5783.200944407121,5777.850949885701,0.1324609225735352,0.08286929154345911,0.7852725758823148,0
5.5619999999996095,-2.0,1.0,1.5,0.0,-1.8801351083474724,0.9399380361299021,1.4978684275545397,0.07164183298322623,-0.03586664474367763,5.563067584877505e-05,-0.14612895673723225,0.0731846118167506,0.004172769046669415,-0.42729596215894244,-0.8529998944989264,0.006361318501377592,-0.36038492097494257,-0.7176956771849664,0.013904412651157822,-0.006768947093953818,-0.013548966200421765,-0.00015420531458799718,68.70873411150107,0.0032094664162373608,0.005772178415896598,-0.00020584179770462413,5406.235220562665,5413.974871911214,5783.133870586678,5777.778024366373,0.13408793889047352,0.08011848434124147,0.8030925123857822,0
5.581999999999607,-2.0,1.0,1.5,0.0,-1.8787298140861726,0.9392345243543371,1.497870650650957,0.0691302675537236,-0.03460632914671099,0.00015570466728180083,-0.143826424785096,0.07202833900252728,0.0039674015466270125,-0.42055253248535424,-0.8395802708338266,0.0061624314350282585,-0.367887259387078,-0.7327169191209455,0.013824855396391438,-0.006367384861835247,-0.01274750941999442,-0.00015153523433132638,68.70699879746302,0.0031919775121316022,0.00574058399968961,-0.00020558588878336436,5406.158174444434,5413.903195018242,5783.070193226929,5777.707011802934,0.13565926120493285,0.07730857748661091,0.8198827606066582,0
5.601999999999605,-2.0,1.0,1.5,0.0,-1.877375304439125,0.9385564951451552,1.4978748114013785,0.06656887522279989,-0.03332113666215876,0.0002500011207302404,-0.1414383790699204,0.07082930773928428,0.0037697237457992284,-0.4135588522520182,-0.8256602028649425,0.005959482520820848,-0.3749308666446808,-0.7468226643065332,0.01374426884500539,-0.005968174826895296,-0.01195072155637938,-0.00014896130171165232,68.70531123599038,0.0031724788385492845,0.005705396516072629,-0.0002051687269234203,5406.08232357114,5413.832699232014,5783.0099025645195,5777.637921003818,0.13717374631037937,0.07444310443182314,0.835649020529946,0
5.621999999999603,-2.0,1.0,1.5,0.0,-1.8760725412886787,0.9379044286870319,1.4978807960876843,0.06396080349205985,-0.032012643329389745,0.00033868714121487834,-0.13896811490506938,0.06958916881040535,0.003579630212830289,-0.40632457311719333,-0.8112589187604042,0.005753110392213306,-0.3815185902990119,-0.7600185763130586,0.013662243706028504,-0.005571564835917889,-0.011159097446909473,-0.00014648153464096004,68.70367164458756,0.0031510149414240357,0.005666695922290695,-0.00020459116166576417,5406.007698393777,5413.763402041418,5782.9529835484445,5777.570756763769,0.13863032144719317,0.07152557881810004,0.8503976327587529,0
5.641999999999601,-2.0,1.0,1.5,0.0,-1.8748224237956155,0.937278773758508,1.4978884943685715,0.061309178807159026,-0.03068241462134521,0.00042193291017022215,-0.13641893394797533,0.06830957614815583,0.003397002515785983,-0.39885936688451645,-0.7963956888817356,0.005543947299047621,-0.3876535585391356,-0.7723108786906928,0.013578401282304944,-0.005177797088467888,-0.010373120685011379,-0.00014409376963987958,68.70208014014732,0.0031276311528665992,0.005624563524499621,-0.00020385425081699595,5405.934325307296,5413.6953175907,5782.899416022823,5777.505520021975,0.14002798385205892,0.06855949241633152,0.8641355641995284,0
5.6619999999995985,-2.0,1.0,1.5,0.0,-1.8736257888410945,0.9366799479537546,1.4978977993352887,0.05861710467135583,-0.02933200449906852,0.0004999111605322031,-0.13379414171186121,0.0669921855864404,0.003221710161055014,-0.39117291800091447,-0.781089810980202,0.00533261726346145,-0.3933391737239416,-0.7837063419482513,0.013492393409094824,-0.004787108044819897,-0.00959326343696186,-0.0001417956759519919,68.70053674277264,0.0031023735463889825,0.005579081900194879,-0.00020295925816718168,5405.862226782643,5413.628456817866,5782.849174914934,5777.442208023184,0.14136580026586898,0.06554831316788011,0.8768703935110554,0
5.681999999999596,-2.0,1.0,1.5,0.0,-1.8724834115058258,0.9361083379229976,1.4979086075570163,0.05588765980483963,-0.02796295448922941,0.0005727966655215865,-0.13109704511366452,0.06563865363176843,0.0030536115257900056,-0.3832749161664485,-0.7653605955966781,0.005119734323427274,-0.39857910580557615,-0.7942122703315855,0.013403902305286071,-0.004399728339411697,-0.008819986269498713,-0.00013958476962899554,68.69904137968453,0.0030752888921119588,0.005530334820723145,-0.00020190765074044095,5405.791421503347,5413.562827595363,5782.802230427995,5777.380814481411,0.14264290640093183,0.06249548334278434,0.8886102963256571,0
5.701999999999594,-2.0,1.0,1.5,0.0,-1.8713960055855443,0.935564299631134,1.4979208191161872,0.05312389635037861,-0.02657679278491693,0.000640765741951462,-0.1283309500592852,0.0642506362529898,0.0028925547816423666,-0.3751750490604517,-0.7492273516735857,0.004905900866304637,-0.40337728565061315,-0.8038364884130279,0.01331264034049982,-0.004015882699816285,-0.008053737988265669,-0.00013745842754712506,68.69759388920299,0.00304642461199554,0.005478407173921339,-0.00020070109559442088,5405.721924506182,5413.498434872585,5782.758548238073,5777.321329745667,0.14385850636833142,0.0594044178400415,0.8993640302569053,0
5.721999999999592,-2.0,1.0,1.5,0.0,-1.8703642241418592,0.9350481586340756,1.4979343376340353,0.050328838125794126,-0.025175033369956263,0.0007039957688186987,-0.12549915906723327,0.06282978769034298,0.0027383788076782755,-0.3668829951880759,-0.73270937238708,0.004691706054444273,-0.40773789826530404,-0.8125873275042637,0.013218349721510706,-0.0036357898712168417,-0.007294955487069866,-0.0001354139013165645,68.69619402478986,0.003015828735125513,0.005423384886932931,-0.00019934145618558216,5405.653747325351,5413.4352808197755,5782.718089694617,5777.263740967318,0.14501187206631216,0.05627850266587869,0.9091409197074869,0
5.74199999999959,-2.0,1.0,1.5,0.0,-1.8693886600875347,0.9345602103723456,1.4979490702866936,0.04750547892373229,-0.023759175166985513,0.0007626647218826725,-0.1226049689317143,0.06137775928433783,0.0025909140904182533,-0.35840841685114794,-0.7158259212073733,0.00447772434454202,-0.4116653759313027,-0.820473611905053,0.013120802101531125,-0.0032596625463719394,-0.006544063607935385,-0.00013344833104731306,68.69484145914114,0.0029835498530942665,0.0053653548492538115,-0.0001978307883181772,5405.586898139749,5413.3733649729365,5782.680812023989,5777.208032268559,0.1461023425306047,0.053121093643360526,0.9179508404950121,0
5.7619999999995875,-2.0,1.0,1.5,0.0,-1.8684698468052499,0.9341007204814479,1.4979649278121638,0.044656780859166814,-0.022330701209510202,0.0008169507248662368,-0.1196516684261551,0.05989619832497539,0.002449983609079557,-0.349760953247005,-0.6985962181947827,0.004264514102105119,-0.41516439125825455,-0.8275046450000871,0.013019798116018808,-0.002887707301048858,-0.005801475011909783,-0.0001315587589364161,68.69353578831765,0.002949637075513029,0.005304404836056959,-0.0001961713356954924,5405.521381922805,5413.312684379297,5782.646668535498,5777.154184911592,0.14712932324763955,0.04993551543439727,0.9258042043030856,0
5.781999999999585,-2.0,1.0,1.5,0.0,-1.8676082587988783,0.9336699251185323,1.4979818245085006,0.04178567276503151,-0.020891077838134653,0.0008670316178504516,-0.11664253604813205,0.058386746921785436,0.002315403704181278,-0.3409502136987433,-0.6810394265387449,0.004052616312064513,-0.4182398501596606,-0.8336901952162723,0.012915166848766342,-0.0025201245348999038,-0.005067590060583649,-0.00012974214264313528,68.69227653590255,0.0029141399856898076,0.00524062343184431,-0.00019436552509256202,5405.4572005944265,5413.253233742971,5782.615608829402,5777.102177468063,0.14809228543161995,0.04672506100040587,0.9327119429755347,0
5.801999999999583,-2.0,1.0,1.5,0.0,-1.8668043123763258,0.9332680313048659,1.4979996782235547,0.0388950486363462,-0.019441753921151585,0.0009130845433739077,-0.11358083780662097,0.056851040895145866,0.0021869849277830447,-0.3319857710201181,-0.6631746393467092,0.0038425533862457666,-0.4208968847584291,-0.8390404818526425,0.01280676523211479,-0.0021571084177539144,-0.004342796708280952,-0.00012799536842030267,68.69106315717454,0.0028771085965101978,0.00517409995448122,-0.00019241596117028137,5405.394353174573,5413.195005570406,5782.587579006288,5777.051985988313,0.14899076526644553,0.04349299170369518,0.9386854926696234,0
5.821999999999581,-2.0,1.0,1.5,0.0,-1.8660583663629458,0.9328952172836241,1.4980184103366396,0.0359877661231639,-0.017984160099653028,0.0009552855506823021,-0.1104698250524585,0.05529070868932405,0.002064532873737879,-0.32287715501808,-0.6450208666895242,0.0036348280680981154,-0.4231408462285248,-0.8435661607950407,0.01269447738520433,-0.0017988468412910813,-0.003627470404858571,-0.00012631526397203276,68.68989504328617,0.002838593306557201,0.005104924379662165,-0.00019032542095125007,5405.332835938009,5413.137990315261,5782.562521877377,5777.0035841700665,0.14982436311350975,0.04024253838302,0.9437367778728083,0
5.841999999999579,-2.0,1.0,1.5,0.0,-1.865370722844557,0.9325516328925075,1.4980379457324844,0.03306664507263316,-0.01651970805730837,0.0009938092185128383,-0.10731273235285706,0.05370737030766503,0.0019478489864481123,-0.31363384613575185,-0.6265970229095583,0.0034299224347772344,-0.4249772975791117,-0.8472783101276358,0.012578213894231598,-0.0014455213760644463,-0.0029219740090504244,-0.000124698611009429,68.68877152543661,0.002798644856505779,0.005033187265856994,-0.00018809684797827523,5405.272642569793,5413.082176522341,5782.5403771751935,5776.956943526135,0.15059274268640177,0.03697690397289902,0.9478781953096796,0
5.861999999999576,-2.0,1.0,1.5,0.0,-1.8647416279390794,0.9322373999506917,1.4980582127678521,0.030134466120435147,-0.015049789814937342,0.0010288282967373518,-0.10411277541078273,0.052102636270328226,0.0018367313467047355,-0.3042652692384138,-0.6079219141974983,0.003228296996382854,-0.4264120063875643,-0.8501884156532425,0.01245791103872703,-0.0010973072338273512,-0.0022266577122938224,-0.00012314215747801288,68.68769187902888,0.002757314285826234,0.004958979679794486,-0.0001857333461765869,5405.213764321054,5413.027550970259,5782.52108176416,5776.912033550761,0.1512956301935647,0.03369926867903238,0.951122597739438,0
5.881999999999574,-2.0,1.0,1.5,0.0,-1.8641712725957924,0.9319526126596098,1.4980791432311964,0.027193969331820625,-0.01357577704998889,0.0010605133671271155,-0.10087314902996566,0.05047810659495661,0.0017309754333318223,-0.2947807875448696,-0.5890142264434103,0.0030303898918681584,-0.4274509374877067,-0.8523083563343434,0.012333529967896236,-0.0007543732351238528,-0.0015418589729532279,-0.00012164262943222608,68.68665532780156,0.002714652889831949,0.0048823931225290915,-0.00018323817344143627,5405.156190164638,5412.974098812471,5782.504569850569,5776.868821884241,0.15193281344997825,0.03041279959380361,0.9534832776679903,0
5.901999999999572,-2.0,1.0,1.5,0.0,-1.8636597934212265,0.9316973380170736,1.498100672295752,0.02424785289243881,-0.012099020441019383,0.0010890325234428138,-0.09759702512627455,0.048835369800641806,0.0016303748594285886,-0.28518969670636024,-0.5698925133673425,0.0028366161808645513,-0.42810024561958093,-0.8536503896665778,0.012205055831086832,-0.0004168817820921952,-0.0008679024608556331,-0.0001201967425341807,68.68566104792572,0.00267071217710544,0.004803519456142142,-0.00018061473497272678,5405.099906950224,5412.921803716399,5782.490773191524,5776.827274475457,0.1525041409589414,0.027120668453463205,0.954973950980147,0
5.92199999999957,-2.0,1.0,1.5,0.0,-1.8632072735306904,0.9314716162442267,1.4981227384664337,0.021298771849116317,-0.01062084903724685,0.001114551070996614,-0.09428755078614523,0.04717600193552988,0.0015347220821461732,-0.2755012190349977,-0.5505751849343642,0.0026473672304029917,-0.4283662680470357,-0.8542271369964033,0.012072496866448198,-8.498883643253682e-05,-0.0002051000120527241,-0.00011880121315592567,68.68470817205791,0.002625543827335671,0.004722450831131569,-0.00017786657637856594,5405.044899558507,5412.870648000305,5782.47962130237,5776.787355742019,0.15300952096504095,0.023826085298314467,0.9556087405116519,0
5.941999999999568,-2.0,1.0,1.5,0.0,-1.8628137434244294,0.9312754612248316,1.4981452835209481,0.018349336900711322,-0.00914256965324108,0.0011372312457751108,-0.09094784637272096,0.0455015656283925,0.0014438090850159503,-0.2657244978834973,-0.5310804960586674,0.0024630101952628335,-0.4282555171493472,-0.8540515687944585,0.011935883451843987,0.0002411560975173937,0.00044624940629813534,-0.00011745276906599184,68.68379579334045,0.0025791996496007615,0.0046392796145350666,-0.000174997376569826,5404.991151054054,5412.820612767659,5782.471041662182,5776.7490287276405,0.15344892047940767,0.020532365656848656,0.9554021595668877,0
5.961999999999565,-2.0,1.0,1.5,0.0,-1.8624791818874187,0.9311088609563853,1.4981682524454998,0.01540211323913527,-0.007665466288792613,0.0011572319531577438,-0.08758100368031713,0.04381360916446875,0.0013574280319713348,-0.25586859217779945,-0.5114265356009642,0.0022838875904403707,-0.4277746729930506,-0.8531369898960987,0.011795267122059638,0.0005614099846589338,0.0010858597210350212,-0.00011614815968305496,68.68292296934108,0.002531731541126152,0.004554098318838872,-0.00017201094046758215,5404.938642836504,5412.771678038729,5782.464959916908,5776.712255256521,0.1538223642783576,0.017243075463767223,0.9543690954016442,0
5.981999999999563,-2.0,1.0,1.5,0.0,-1.8622035169117783,0.9309717780125613,1.4981915933654881,0.012459619440601376,-0.006190799573987397,0.0011747085262121132,-0.08419008413779103,0.04211366558586308,0.001275371892307713,-0.24594247110399325,-0.49163121566313506,0.002110316954003425,-0.42693057589008443,-0.8514970247203918,0.011650719556316778,0.0008756362660198051,0.0017134577681945237,-0.00011488416588136274,68.68208872592359,0.002483191446551603,0.004466999531718231,-0.00016891119154551293,5404.887354789726,5412.723822879111,5782.461300079752,5776.676996084368,0.15412993387653623,0.013962380029617076,0.9525247926811296,0
6.001999999999561,-2.0,1.0,1.5,0.0,-1.861986626640816,0.9308641500164712,1.4982152574715848,0.009524326407127694,-0.004719806239497295,0.0011898125034941686,-0.08077811706135206,0.04040325181676687,0.0011974350359312347,-0.2359550089507812,-0.4717122611837088,0.0019425905983847054,-0.4257302189482883,-0.8491456024787657,0.011502331540066057,0.0011837048607225998,0.0023287832984255586,-0.00011365760933418043,68.68129206104265,0.0024336313177352954,0.004378075846660532,-0.00016570216422906453,5404.837265428628,5412.677025525006,5782.459984728436,5776.643211045871,0.15437176647567147,0.010696028152607798,0.9498848369242784,0
6.021999999999559,-2.0,1.0,1.5,0.0,-1.8618283403336837,0.9307858901242446,1.4982391989415806,0.006598656358288967,-0.0032536986120806598,0.0012026914262336316,-0.07734809795731507,0.038683867813749474,0.0011234137983452673,-0.22591498010854738,-0.45168719983746464,0.0017809754479662027,-0.42418074062021,-0.8460969423843296,0.011350211904978836,0.0014854921630982343,0.0029315889727539856,-0.00011246536138375334,68.68053194845515,0.0023831030741261272,0.00428741979451488,-0.0001623879961730573,5404.7883520432815,5412.631263504977,5782.460935198958,5776.610859198315,0.1545480538900597,0.007454883437035009,0.9464651379497725,0
6.041999999999557,-2.0,1.0,1.5,0.0,-1.8617284393496472,0.9307368875184221,1.4982633748583882,0.003684981873180632,-0.0017936641352709192,0.0012134886547349696,-0.07390298687525845,0.03695699574134647,0.0010531070149353114,-0.21583105422593601,-0.43157335224211424,0.0016257129606193448,-0.4222894172561061,-0.8423655388727508,0.011194486450997007,0.001780881035019941,0.003521640348826625,-0.0001113043514275183,68.67980734134207,0.0023316585637319837,0.004195123776012006,-0.0001589729204392669,5404.740590840099,5412.586513758044,5782.464071775517,5776.579898961145,0.15465904144990164,0.004274210705030521,0.9422819133344025,0
6.061999999999554,-2.0,1.0,1.5,0.0,-1.8616866581509666,0.9307170079106553,1.4982877451245815,0.0007856249825262716,-0.00034086491521538847,0.0012223432037780906,-0.07044570681200789,0.035224099173154756,0.0009863165242058694,-0.2057117915246923,-0.4113878224746855,0.0014770191306913024,-0.4200636556669254,-0.8379661468454123,0.011035296854229845,0.0020697607935313378,0.004098715857772866,-0.00011017157481248513,68.67911717583449,0.0022793495247110406,0.004101279995303173,-0.00015546125759508173,5404.693957079729,5412.542752747846,5782.46931387631,5776.550288251249,0.154705026883609,0.0014924873237038515,0.9373516718948607,0
6.081999999999552,-2.0,1.0,1.5,0.0,-1.8617026853233816,0.9307260940532172,1.4983122723738498,-0.002097143689171654,0.0011035627083892945,0.0012293895967609172,-0.06697914216683393,0.03348662231862104,0.0009228476397294644,-0.19556563827335163,-0.39114748889996115,0.0013350845707667952,-0.4175109857029678,-0.832913766945413,0.010872799564407162,0.0023520271938462984,0.004662606771830504,-0.00010906410023119154,68.678460374438,0.002226227547613006,0.004005980394559419,-0.00015185740775416011,5404.6484252114715,5412.49995657279,5782.476580234816,5776.52198461377,0.15468635918020504,0.002669693069437755,0.9316911972071042,0
6.10199999999955,-2.0,1.0,1.5,0.0,-1.8617761646132054,0.9307639662588156,1.4983369218797395,-0.004961105731569283,0.002538508566334298,0.0012347577382804357,-0.06350613724820689,0.031745989275695385,0.0008625095906462138,-0.18540092242023856,-0.3708689953129646,0.00120007466938691,-0.4146390528538229,-0.8272236308767953,0.010707164695510042,0.002627582407801643,0.005213117162892987,-0.00010797907661446261,68.67783584935052,0.002172344038295897,0.003909316589671053,-0.00014816584257947916,5404.60396900391,5412.458101071967,5782.485789076419,5776.494945348256,0.15460343743293745,0.005707996364172425,0.9253175311753264,0
6.121999999999548,-2.0,1.0,1.5,0.0,-1.8619066959800297,0.9308304229282148,1.4983616614620445,-0.007804095706669065,0.003962889038992944,0.001238572804811691,-0.060029494832416826,0.030003603309498326,0.0008051159306776781,-0.17522584938607555,-0.35056874239721236,0.0010721298217719467,-0.4114556108750738,-0.8209111867772185,0.010538574913104703,0.002896334997847105,0.005750063852129679,-0.00010691373951759473,68.67724250566862,0.0021177501815412216,0.0038113798070904727,-0.00014439109726892429,5404.560561671588,5412.4171619267245,5782.496858289971,5776.469127630039,0.15445670966522151,0.008839822505403603,0.9182479576589261,0
6.141999999999546,-2.0,1.0,1.5,0.0,-1.8620938366640487,0.9309252410851652,1.4983864613912088,-0.010624001857450872,0.0053756474105721265,0.0012409551531053328,-0.05655197477432766,0.028260846157133486,0.0007504849156657468,-0.16504849801638843,-0.33026287950015126,0.000951365730474121,-0.40796851444715765,-0.8139920846541081,0.010367224321801495,0.0031581998866568486,0.0062732763508499415,-0.00010586541699857563,68.67667924447801,0.00206249690539269,0.003712260821855753,-0.00014053776254286497,5404.518175997482,5412.377114757795,5782.509705594153,5776.444488626623,0.15424667164002823,0.011971088933005596,0.9104999861696134,0
6.161999999999543,-2.0,1.0,1.5,0.0,-1.8623371022670128,0.931048176918144,1.4984112942910848,-0.013418766767169599,0.006775754198635851,0.0012420202458889805,-0.053076292670495566,0.026519077358757387,0.0006984398497775373,-0.154876816693753,-0.30996729672689094,0.0008378737727777466,-0.4041857118716458,-0.8064821618941236,0.010193317356150797,0.003413098322452565,0.00678259679277607,-0.0001048315349881395,68.67614496582453,0.00200663484623766,0.0036120498968312586,-0.0001366104766528038,5404.476784451107,5412.337935217836,5782.524248698376,5776.420985609041,0.15397386565383103,0.015083658733981776,0.9020913356547582,0
6.181999999999541,-2.0,1.0,1.5,0.0,-1.8626359678458253,0.9311989663284184,1.4984361350403952,-0.01618638796957246,0.00816220745903083,0.0012418785944234973,-0.049605118574845,0.024779633614998492,0.0006488094005687958,-0.14471861960981042,-0.289697617353082,0.000731721431569503,-0.4001152378100986,-0.7983974288555922,0.010017067678171197,0.0036609578401282984,0.0072778798578974095,-0.00010380962215315112,68.67563857156162,0.001950214314654138,0.0035108367232062087,-0.00013261391742959644,5404.436359302057,5412.299599079306,5782.5404054580285,5776.398576058008,0.15363887931621711,0.018170389333997936,0.8930399183702097,0
6.201999999999539,-2.0,1.0,1.5,0.0,-1.86298986901781,0.9313773254839359,1.4984609606732238,-0.018924918510319185,0.009534033066358869,0.0012406357174363086,-0.046141075767053216,0.023043828170799155,0.0006014278832021914,-0.1345815831968589,-0.2694691905574692,0.0006329527863190521,-0.39576520607052623,-0.7897540545533691,0.009838697084582963,0.0039017122182709424,0.007758992688091199,-0.00010279731425619309,68.67515896807235,0.0018932852620416301,0.0034087103622781174,-0.00012855279438910377,5404.396872728898,5412.26208231765,5782.558094023893,5776.377217764831,0.15324234431626238,0.021227093633279726,0.8833638238584591,0
6.221999999999537,-2.0,1.0,1.5,0.0,-1.86339820307667,0.9315829513785577,1.4984857502788633,-0.021632467459917464,0.010890284970155251,0.0012383921159228716,-0.04268673957376008,0.021312950225735004,0.000556135514174049,-0.12447324271872205,-0.2492970844744103,0.0005415890607408384,-0.39114380244635616,-0.7805683524453506,0.009658434426692088,0.0041353014321700386,0.008225814794693538,-0.00010179235801564166,68.6747050688623,0.0018358972480538966,0.0033057591885584203,-0.00012443184091260264,5404.358296923162,5412.225361189671,5782.577232985585,5776.3568689269805,0.15278493517676878,0.024250681849555433,0.8730813030402812,0
6.241999999999535,-2.0,1.0,1.5,0.0,-1.8638603301181778,0.9318155223961496,1.4985104849013264,-0.024307200378514714,0.012230045426946832,0.001235243263282053,-0.039244636242680826,0.019588264370847274,0.0005127786349980465,-0.11440098902048267,-0.22919607956636642,0.00045762922365069647,-0.3862592776126891,-0.7708567663297019,0.00947651454573812,0.004361671602914383,0.00867823795820133,-0.00010079261447196399,68.67427579702198,0.0017780994088526752,0.0032020708342299,-0.00012025580651848212,5404.320604188452,5412.18941230709,5782.597741508865,5776.337488238279,0.15226736799744944,0.02723857241681239,0.8622107524314455,0
6.261999999999532,-2.0,1.0,1.5,0.0,-1.864375574174633,0.9320746988790503,1.4985351474388247,-0.026947339732916468,0.01355242520837771,0.0012312796102286574,-0.03581724186965953,0.01787101005200464,0.0004712099063494302,-0.10437206543657002,-0.20918066231610558,0.0003810506394859748,-0.38111994008448336,-0.7606358563616025,0.009293177226382461,0.004580774942676343,0.009116166120308794,-9.979606186689615e-05,68.67387008755675,0.0017199404261941463,0.00309773213498434,-0.00011602944924122444,5404.283767034466,5412.154212705253,5782.619539466709,5776.3190349736515,0.15169039918814287,0.03018846463781249,0.85077069849481,0
6.28199999999953,-2.0,1.0,1.5,0.0,-1.8649432243571396,0.9323601237004413,1.4985597225435008,-0.02955116526622939,0.014856563785604217,0.0012265866039009217,-0.03240698137866639,0.01616240105979222,0.00043128847324260585,-0.09439356485658922,-0.18926501923811406,0.0003118097649248751,-0.37573414924117876,-0.7499222851981217,0.009108666170873936,0.0047925696962829644,0.009539515268468553,-9.880079804376623e-05,68.67348688958307,0.001661468497365432,0.002992829077267383,-0.00011175752813283604,5404.2477582659285,5412.11973990699,5782.64254756406,5776.301469068458,0.15105482419312943,0.033098238182788495,0.8387797821327433,0
6.301999999999528,-2.0,1.0,1.5,0.0,-1.8655625360047587,0.9326714228401453,1.4985841965216964,-0.03211701432055481,0.016141629490174687,0.001221244720565026,-0.02901622755470149,0.01446362504590835,0.00039288010188587253,-0.0844724269481972,-0.16946303120845296,0.0002498428880192873,-0.37011030842213677,-0.7387328042796086,0.008923227996285183,0.004997020079173836,0.009948213313180292,-9.780504237828311e-05,68.6731251683901,0.001602731305985181,0.002887446746955962,-0.00010744479590131244,5404.212551066301,5412.085971981595,5782.666687456151,5776.284751192346,0.15036147620760937,0.03596590399437094,0.8262567433371474,0
6.321999999999526,-2.0,1.0,1.5,0.0,-1.8662327318396033,0.933008205963386,1.4986085572350152,-0.03464328211318611,0.01740681965162321,0.0012153295112993304,-0.025647300129533007,0.012775843066027637,0.000355857288907537,-0.07461543553621926,-0.1497882681120643,0.00019506690624520052,-0.36425685809712954,-0.7270842402557467,0.008737111257067972,0.00519409621185443,0.010342199958209572,-9.680713724993446e-05,68.67278390736628,0.0015437759936768494,0.002781669279492416,-0.00010309599169977132,5404.178119076286,5412.052887599,5782.6918818603635,5776.268842817684,0.14961122488739886,0.03878957839135368,0.8132204059994755,0
6.341999999999524,-2.0,1.0,1.5,0.0,-1.8669530031269481,0.9333700670020455,1.4986327940024393,-0.037128421966789886,0.018651360712019442,0.001208911660027727,-0.02230246492015938,0.011100189149075557,0.00032009934370096646,-0.06482921613714455,-0.13025398380628908,0.00014738013987563014,-0.3581822691159763,-0.714993481564205,0.00855056549502782,0.00538377405094434,0.01072142656394523,-9.580554906555512e-05,68.67246210979083,0.0014846491326283885,0.002675579811495329,-9.871583407932258e-05,5404.144436467052,5412.020466079098,5782.718054661588,5776.253706282561,0.1488049750528844,0.0415674685488017,0.7996896628927903,0
6.361999999999521,-2.0,1.0,1.5,0.0,-1.8677225108394462,0.9337565847379617,1.498656897503732,-0.03957094549407736,0.019874508317729918,0.001202057053256914,-0.0189839330198478,0.009437769892837764,0.0002854924447051148,-0.05512023364803428,-0.11087311139913099,0.00010666317709223236,-0.35189503604127925,-0.7024774651695708,0.008363840318669007,0.00556603531693023,0.01108585600410446,-9.479886884717187e-05,68.67215880049018,0.0014253966990473322,0.002569260433868696,-9.430901411791557e-05,5404.111478008195,5411.988687436335,5782.745131011043,5776.239304848414,0.14794366538826445,0.044297863936380064,0.7856834608351664,0
6.381999999999519,-2.0,1.0,1.5,0.0,-1.868540386824536,0.9341673233878133,1.4986808596843622,-0.04196942273749821,0.021075547388658872,0.0011948268608637925,-0.015693860041569134,0.007789664085809885,0.000251929670455597,-0.04549479018880133,-0.09165825884059582,7.277974727331902e-05,-0.34540367056807475,-0.6895531634700276,0.008177184513711234,0.005740867418729013,0.011435462515998246,-9.37858123975464e-05,68.67187302736042,0.0013660640475178115,0.0024627921464240228,-8.988018873644555e-05,5404.07921913041,5411.957532419558,5782.773037418565,5776.225602752324,0.14702826713710432,0.046979131046432504,0.7712207860387464,0
6.401999999999517,-2.0,1.0,1.5,0.0,-1.869405734974161,0.934601833189143,1.4987046736621579,-0.04432248226451404,0.022253792165248972,0.0011872776272701883,-0.01243434541360671,0.006156922355178975,0.00021931100630903687,-0.035959023096764096,-0.07262170482518951,4.557761892721937e-05,-0.33871669503405993,-0.6762375713789828,0.007990845186428,0.005908263375169777,0.011770231544572948,-9.27652200571816e-05,68.6716038627562,0.0013066958862690272,0.0023562548140343958,-8.543397421295858e-05,5404.047635982909,5411.926982547251,5782.801701838373,5776.212565254047,0.14605978279520082,0.04960971001715768,0.7563206496587925,0
6.421999999999515,-2.0,1.0,1.5,0.0,-1.870317632395905,0.9350596509870813,1.4987283336358908,-0.046628811219033714,0.023408586233534666,0.0011794613723367564,-0.009207431727088794,0.004540566840805338,0.00018754332777468855,-0.026518903072276206,-0.05377539500349039,2.4889518780511884e-05,-0.3318426360239346,-0.6625476935886403,0.007805066941306498,0.006068221733501729,0.012090159580442694,-9.173605606779731e-05,68.67135040474794,0.0012473362533601663,0.0022497271243327875,-8.097493990463503e-05,5404.016705485614,5411.897020138162,5782.831053748351,5776.200158677856,0.14503924480176023,0.05218811238473708,0.7410020735441705,0
6.441999999999513,-2.0,1.0,1.5,0.0,-1.8712751305846833,0.9355403008213297,1.498751834795981,-0.04888715532961639,0.024539302528552635,0.0011714257013012912,-0.006015104135152868,0.0029415908950613315,0.00015654036141566794,-0.017180232474195468,-0.0351309385004747,1.0534068580174332e-05,-0.3247900180712177,-0.6485005320222141,0.007620091094377687,0.006220746485039856,0.012395253992132788,-9.069740755749477e-05,68.6711117782485,0.001188028493786308,0.002143286546966802,-7.650760218668529e-05,5403.986405376167,5411.867628337473,5782.8610242228815,5776.188350449286,0.14396771422986313,0.054712919525314485,0.7252840762003973,0
6.46199999999951,-2.0,1.0,1.5,0.0,-1.8722772565941261,0.9360432945129799,1.498775173237491,-0.051096318875071864,0.025645343316425494,0.0011632139230883202,-0.0028592898034228292,0.0013609588083614947,0.00012622262432763522,-0.00794864376385848,-0.01669960473812196,2.316736226661356e-06,-0.31756735746079945,-0.6341130734813062,0.007436154923416589,0.006365846978056024,0.012685532852754446,-8.964848316386499e-05,68.6708871360117,0.001128815237509662,0.0020370092944203997,-7.203641861634174e-05,5403.956714251813,5411.838791138592,5782.891545999293,5776.177109126867,0.14284627947718584,0.05718278152583364,0.7091856589742997,0
6.481999999999508,-2.0,1.0,1.5,0.0,-1.8733230142068138,0.9365681322507408,1.4987983458755763,-0.053255164608110424,0.02672614015544592,0.0011548651763149955,0.0002581425885644223,-0.0002003944397925006,9.651734320989102e-05,0.0011704019038016947,0.0015076794404203842,3.07979209363856e-08,-0.3101831561353,-0.6194022774946493,0.007253490956063459,0.006503537828027056,0.01296102476133284,-8.858861131148938e-05,68.67067565950447,0.0010697383784191634,0.001930970284410701,-6.756578232944666e-05,5403.927611606229,5411.810493400632,5782.922553538,5776.16640442898,0.14167605495792632,0.05959641632364266,0.6927257924618347,0
6.501999999999506,-2.0,1.0,1.5,0.0,-1.8744113851025275,0.9371143031761612,1.4988213503635281,-0.055362613637716225,0.027781153836499563,0.0011464145623189257,0.00333538329536473,-0.0017415634044508355,6.735835409940431e-05,0.010171615943453177,0.019480332347928002,3.4583080820602015e-06,-0.30264589570820216,-0.6043850643742319,0.00707232629677074,0.00663383882535147,0.013221768659006063,-8.751723816087477e-05,68.67047655965554,0.001010839054217486,0.001825243103867098,-6.310001667624497e-05,5403.89907786139,5411.782720861773,5782.953983076434,5776.156207255932,0.140458179796874,0.06195260901394706,0.6759234031477998,0
6.521999999999504,-2.0,1.0,1.5,0.0,-1.8755413300237005,0.9376812859674358,1.4988441850135532,-0.05741764527094026,0.028809874303175328,0.0011378932845411717,0.006370681903494366,-0.003261672373749587,3.868598381411622e-05,0.019049883458373537,0.03720811973452166,1.2371073872620698e-05,-0.2949640315865479,-0.5890783034845095,0.006892881993335182,0.006756774840641564,0.013467813640329085,-8.643392524664481e-05,68.67028907748305,0.0009521576272411794,0.0017198999744958315,-5.864337010226665e-05,5403.871094394554,5411.755460148556,5782.985772676827,5776.146489707393,0.13919381652654272,0.06425021125997403,0.6587973602889274,0
6.5419999999995015,-2.0,1.0,1.5,0.0,-1.8767117899372667,0.9382685494213936,1.4988668487204029,-0.05941929681482856,0.029811820551922146,0.0011293287935979037,0.009362347679610056,-0.004759875542567044,1.0446914210284625e-05,0.027800264216823193,0.05468115677659757,2.6531631256625613e-05,-0.28714598720587414,-0.5734988017302111,0.006715372443632861,0.0068723757277078775,0.013699218759890686,-8.533834682228992e-05,68.67011248460443,0.0008937336662071905,0.0016150117199361064,-5.420001127937953e-05,5403.843643560478,5411.728698781275,5783.017862268041,5776.137225095314,0.1378841497882698,0.06648814076294172,0.6413664630394428,0
6.561999999999499,-2.0,1.0,1.5,0.0,-1.8779216871921147,0.9388755530332729,1.4988893408879589,-0.061366663339222395,0.030786540512620825,0.0011207449373861725,0.012308749869488822,-0.006235357161547231,-1.7405969652715177e-05,0.036417993487407166,0.07188990977663731,4.569421960798603e-05,-0.27920014837990625,-0.5576632922679597,0.0065400048430350214,0.006980676224340069,0.013916052834482532,-8.423028693020321e-05,68.66994608363147,0.0008356059288902383,0.0015106477345066599,-4.977402449132778e-05,5403.816708708982,5411.702425175607,5783.050193681478,5776.128387952504,0.13653038503817122,0.06866538076308454,0.6236494278260181,0
6.581999999999497,-2.0,1.0,1.5,0.0,-1.879169926671376,0.939501747573897,1.4989116613588729,-0.06325889740118525,0.031733610909949514,0.0011121621155746934,0.01520831794832296,-0.007687331661748939,-4.49137463347472e-05,0.04489848273509208,0.08882519757740598,6.960575198693875e-05,-0.27113485776739366,-0.5415884234466907,0.006366978672846136,0.007081715851002119,0.014118394241034771,-8.310963621477301e-05,68.66978920845422,0.0007778123457242382,0.001406875953542365,-4.536940527732942e-05,5403.790274197999,5411.676628640608,5783.082710681273,5776.119954036985,0.135133747258821,0.0707809795522008,0.605664875985177,0
6.601999999999495,-2.0,1.0,1.5,0.0,-1.8804553969387838,0.9401465756638689,1.4989338103473346,-0.06509520873183035,0.03265263710592977,0.0011035974378442348,0.018059541822875697,-0.009115043755192516,-7.211163870662245e-05,0.053237320179593456,0.10547819269419734,9.800677830619111e-05,-0.2629584094583292,-0.525290747981589,0.006196485229972679,0.007175538807545457,0.014306330710545032,-8.197638849750256e-05,68.66964122441726,0.0007203900043271823,0.001303762825321757,-4.0990056336549194e-05,5403.764325402201,5411.651299373254,5783.1153589889,5776.1119003323,0.13369547967751247,0.07283404998430967,0.587431321654746,0
6.621999999999493,-2.0,1.0,1.5,0.0,-1.8817769713783676,0.9408094723444129,1.4989557883750453,-0.06687486388633986,0.03354325292404952,0.0010950648852502214,0.020860971986074756,-0.010517768511593702,-9.902920740705338e-05,0.06143027121791472,0.12184042216894178,0.00013063243871782497,-0.25467904368166344,-0.5087867123660266,0.006028707197901577,0.007262193868055449,0.014479959118222871,-8.083063713247986e-05,68.66950152839209,0.0006633751349445227,0.0012013732845791436,-3.663978369552929e-05,5403.738848717415,5411.626428449623,5783.148086302334,5776.104205043931,0.13221684249192994,0.07482376897514684,0.5689671599388545,0
6.6419999999994905,-2.0,1.0,1.5,0.0,-1.8831335093267445,0.9414898656445014,1.4989775962104428,-0.06859718585798372,0.03440512045536704,0.001086575474096697,0.023611219624642618,-0.0118948114115855,-0.0001256905559374787,0.06947327871285655,0.13790376815008892,0.00016721340466547687,-0.24630494163647937,-0.4920926465257088,0.005863818258941638,0.00734173427393832,0.014639385270074572,-7.967257116098162e-05,68.66936954874963,0.0006068030968066119,0.0010997707275984129,-3.2322293139985884e-05,5403.713831560901,5411.602007812957,5783.180842309959,5776.09684759201,0.1306991116040561,0.0767493769840771,0.5502906553430015,0
6.661999999999488,-2.0,1.0,1.5,0.0,-1.884523857197307,0.9421871771439075,1.498999234811227,-0.0702615536569614,0.03523792984700815,0.0010781374217231842,0.02630895668039801,-0.013245508376743244,-0.0001521145462958966,0.07736246314936683,0.15366046820235435,0.00020747680516370793,-0.23784422044847311,-0.4752247537190178,0.005701982747560358,0.007414217625357251,0.01478472368614632,-7.850247128380331e-05,68.66924474523715,0.0005507083653936868,0.0009990169888806693,-2.804118691166192e-05,5403.689262367721,5411.578030258704,5783.213578699376,5776.089808600485,0.12914357736310741,0.07861017747399414,0.5314199304795415,0
6.681999999999486,-2.0,1.0,1.5,0.0,-1.8859468495956064,0.9429008225318398,1.4990207052702187,-0.07186740185490602,0.03604139907347643,0.0010697563136244231,0.028952915865882695,-0.014569225776742106,-0.0001783150240451609,0.08509412266065539,0.1691031153505046,0.0002511471359872037,-0.22930492825343748,-0.4581991006872486,0.005543355344531016,0.007479705771129763,0.014916097380650433,-7.732070566990227e-05,68.6691266087633,0.0004951245206022205,0.0008991723193791734,-2.379996067018716e-05,5403.6651305833075,5411.554489416728,5783.246249161287,5776.083069882916,0.12755154331828153,0.08040553634619121,0.5123729550642145,0
6.701999999999484,-2.0,1.0,1.5,0.0,-1.8874013104252585,0.9436302121608163,1.4990420087645666,-0.07341422009590311,0.03681527369120288,0.001061435271336284,0.03154189063499774,-0.01586536041398747,-0.0002043010517311099,0.09266473292603529,0.18422465786149558,0.00029794714957611496,-0.220695039409327,-0.4410316080582206,0.0053880808114930645,0.007538264697190726,0.015033637639189475,-7.61277256197087e-05,68.66901466109634,0.00044008423580617156,0.0008002953662915982,-1.960200071947405e-05,5403.641426652423,5411.531379730877,5783.278809388697,5776.0766144250965,0.12592432498207307,0.08213488134820136,0.4931675351839753,0
6.721999999999482,-2.0,1.0,1.5,0.0,-1.8888860539837065,0.9443747515954507,1.4990631465083193,-0.07490155257489073,0.03755932657676858,0.0010531751205421404,0.0340747351093533,-0.017133339486072305,-0.00023007714956445498,0.10007094694250622,0.19901839876936764,0.00034759872358998346,-0.21202244983835258,-0.423738041006484,0.0052362937654211504,0.0075899644137283825,0.015137483793300788,-7.49240611016138e-05,68.66890845447911,0.0003856192678044234,0.0007024431543994309,-1.5450581497205344e-05,5403.618142004697,5411.508696436014,5783.311217071532,5776.070426364672,0.12426324860490524,0.08379770145334539,0.4738213028624058,0
6.7419999999994795,-2.0,1.0,1.5,0.0,-1.8903998860472044,0.9451338421558266,1.4990841197083533,-0.0763289974843196,0.03827335764923968,0.0010449745588723065,0.0365503639610671,-0.018372620526426887,-0.0002556435423160144,0.10730959467213742,0.21347799514744437,0.0003998237061709403,-0.20329497250042378,-0.40633400017308513,0.005088118492395268,0.0076348788411023435,0.015227782992533802,-7.371031617943714e-05,68.66880757116625,0.00033176044764694865,0.0006056710689429181,-1.1348863325722897e-05,5403.595269036895,5411.486435532791,5783.343431886975,5776.064490967956,0.1225696499617917,0.08539354621127156,0.4543517059124795,0
6.761999999999477,-2.0,1.0,1.5,0.0,-1.8919416049443898,0.9459068814551485,1.4991049295236523,-0.07769620642996304,0.0389571935770602,0.0010368303228879077,0.03896775225276057,-0.019582691323537106,-0.00028099641138084556,0.11437768256734909,0.2275974571324385,0.0004543447361065862,-0.19452033299913468,-0.38883491284762356,0.00494366879996744,0.007673085694647766,0.015304689974275178,-7.248716434876421e-05,68.6687116228873,0.00027853767232816713,0.0005100328400191755,-7.299890421710544e-06,5403.572801092106,5411.464593760219,5783.375415485631,5776.058794604103,0.12084487315173664,0.08692202506917582,0.43477599808098877,0
6.781999999999475,-2.0,1.0,1.5,0.0,-1.8935100026178449,0.9466932639313635,1.4991255770279093,-0.07900288381677856,0.039610687469953026,0.001028737353762599,0.041325935235531866,-0.02076306981911978,-0.0003061281509881431,0.12127239297624101,0.24137114670520562,0.0005108860362140419,-0.18570616532136922,-0.3712560244150862,0.004803047907327727,0.007704666368468197,0.01536836683153774,-7.125534379972451e-05,68.66862025024086,0.00022597989734104412,0.00041558052848712676,-3.306589161820914e-06,5403.550732436051,5411.443168566301,5783.407131473807,5776.053324716865,0.11909026941054754,0.08838280666369863,0.41511122949219376,0
6.801999999999473,-2.0,1.0,1.5,0.0,-1.895103865673052,0.9474923813724633,1.4991460631754265,-0.08024878620573071,0.04023371855628485,0.0010206889611966664,0.043624008105699774,-0.021913303985653027,-0.00033102762756496117,0.1279910834301561,0.2547937762329481,0.0005691741783983696,-0.1768600077114786,-0.35361239006969336,0.00466634837238539,0.007729705818324646,0.015418982778915681,-7.001565262315541e-05,68.66853312202439,0.00017411513007911802,0.0003223645133691115,6.282333994100727e-07,5403.529058230677,5411.4221580768535,5783.438545392049,5776.048069794085,0.1173071959377273,0.0897756180837254,0.3953742373921106,0
6.821999999999471,-2.0,1.0,1.5,0.0,-1.8967219764141745,0.9483036234351748,1.4991663887702669,-0.08143372164249597,0.040826191846354734,0.0010126769851191279,0.045861125721135335,-0.023032971683669426,-0.00035568044128063024,0.1345312858157055,0.26786040677777,0.0006289388189707215,-0.1679892986808679,-0.33591886679776634,0.004533652054799643,0.0077482924437186195,0.015456713916925326,-6.876894397710757e-05,68.6684499345041,0.0001229704240767774,0.00023043348072572623,4.501890763312865e-06,5403.507774505233,5411.401561062703,5783.46962469019,5776.043019335138,0.1154970147380826,0.09110024410449771,0.3755816371928217,0
6.8419999999994685,-2.0,1.0,1.5,0.0,-1.8983631138661126,0.9491263781567676,1.499186554438615,-0.08255754895897621,0.041388037782070536,0.0010046919547578412,0.0480365022780168,-0.024121680499229657,-0.00038006918883392096,0.1408907054335276,0.28056644617657067,0.0006899134029437308,-0.15910137315371328,-0.31819010563137606,0.00440503011391804,0.007760517969273467,0.015481742994923971,-6.751612122982926e-05,68.66837041062978,7.257187407651605e-05,0.00013983441399389432,8.3118179770628e-06,5403.486878125029,5411.381376905426,5783.500338699117,5776.038163816489,0.11366109147866896,0.09235652639357875,0.3557498138184195,0
6.861999999999466,-2.0,1.0,1.5,0.0,-1.9000260547822976,0.949960032459709,1.499206560604283,-0.08362017704855626,0.04191921187348059,0.000996723244678453,0.050149410948861314,-0.025179067562003686,-0.00040417372655925316,0.1470672199460921,0.29290764689733034,0.0007518358361533938,-0.15020345874941773,-0.30044054417430793,0.004280543040510177,0.007766477325513243,0.01549425917282112,-6.625813309518783e-05,68.66829429919935,2.294461191104524e-05,5.061258576559518e-05,1.2055572384831524e-05,5403.466366758037,5411.361605561823,5783.530658599437,5776.033494655593,0.1118007943616691,0.09354436268932582,0.33589491336212923,0
6.881999999999464,-2.0,1.0,1.5,0.0,-1.9017095746377122,0.9508039726489106,1.4992264074673038,-0.0846215641160459,0.042419694322631485,0.0009887592274192768,0.05219918348270143,-0.02620479934439477,-0.0004279714329863994,0.15305887821690203,0.3048801036769132,0.000814449124187675,-0.14130267220230364,-0.28268439940164597,0.004160240721119228,0.007766268529137628,0.01549445778177283,-6.499596877581959e-05,68.66822137397732,-2.5887196812193067e-05,-3.718844900890587e-05,1.5730834145560154e-05,5403.446238839572,5411.342247527249,5783.560557387309,5776.029004173246,0.109917493013784,0.09466370595260556,0.3160328350467934,0
6.901999999999462,-2.0,1.0,1.5,0.0,-1.9034124486066395,0.9516575849013151,1.4992460949855346,-0.0855617169032532,0.042889489635225105,0.000980787422369401,0.05418520976829577,-0.027198571442148163,-0.00045143746998817236,0.15886389904347306,0.3164802509455984,0.0008775019772319577,-0.13240601591892504,-0.2649356607340383,0.0040441625337941526,0.0077599925628895625,0.015482540084067355,-6.373065312892242e-05,68.66815143277238,-7.390035523583017e-05,-0.0001235268584165947,1.933540652305841e-05,5403.426493535178,5411.323303798018,5783.590009837608,5776.024685554657,0.10801255739269137,0.09571456349255532,0.2961792234975847,0
6.92199999999946,-2.0,1.0,1.5,0.0,-1.905133452524665,0.952520255747589,1.4992656228591923,-0.08644068989113922,0.04332862622055087,0.0009727946405644691,0.056106937361271855,-0.02816010833689743,-0.0004745450417106493,0.16448066978653028,0.3277048600435898,0.0009407493800699409,-0.1235203746732914,-0.2472080833874983,0.003932337473911883,0.007747753255112011,0.015458713032384334,-6.246324186893482e-05,68.66808429647806,-0.00012107263699930006,-0.00020836253759264889,2.286721595465171e-05,5403.407130701993,5411.304775833008,5783.618992464666,5776.020532809357,0.1060873567111052,0.09669699606724615,0.2763494613279022,0
6.9419999999994575,-2.0,1.0,1.5,0.0,-1.9068713638344725,0.9533913725456871,1.4992849905182393,-0.08725858447950882,0.043737155980170576,0.0009647671250971761,0.05796387097611769,-0.029089163141103665,-0.0004972656505053566,0.16990774489786867,0.338551036234826,0.0010039531266051644,-0.11465251244017252,-0.22951518199936619,0.0038247843087499153,0.007729657159089757,0.015423189028627757,-6.119481682077307e-05,68.66801980808162,-0.00016738278722312134,-0.000291657111368673,2.632431190486348e-05,5403.388150848672,5411.286665514654,5783.647483480772,5776.016540730148,0.10414325837895189,0.09761111696014454,0.2565586620362136,0
6.961999999999455,-2.0,1.0,1.5,0.0,-1.908624962514995,0.9542703239460717,1.499304197112526,-0.08801554814519488,0.044115153885834646,0.0009566906868644307,0.05975557194394886,-0.029985517325853125,-0.0005195693491211015,0.17514384434938426,0.3490162155234681,0.0010668823183930328,-0.10580906936656417,-0.21187022453082624,0.0037215117594270085,0.007705813432267221,0.015376185682522898,-5.9926481236836325e-05,68.66795783164488,-0.00021281052274161875,-0.00037337393558600914,2.9704866510973074e-05,5403.369555094166,5411.268975109456,5783.675462752676,5776.012704851255,0.102181626964154,0.09845709103330406,0.23682166322787523,0
6.981999999999453,-2.0,1.0,1.5,0.0,-1.9103930319935025,0.9551565003483788,1.4993232415045936,-0.08871177357969376,0.04446271754710995,0.0009485508353961881,0.061481657636991496,-0.0308489804319846,-0.0005414249884510898,0.18018785196581177,0.3590981612784852,0.0011293138267954397,-0.09699655888129102,-0.19428622644618057,0.003622518708792254,0.007676333715434418,0.015317925570147916,-5.8659355190257525e-05,68.66789825126197,-0.0002573365315985628,-0.0004534780970844318,3.300717402747822e-05,5403.351345125433,5411.251707228185,5783.7029117562615,5776.009021405854,0.10020382317248935,0.09923513375824242,0.217153020152218,0
7.001999999999451,-2.0,1.0,1.5,0.0,-1.9121743600402266,0.9560492943493248,1.4993421222650392,-0.08934749780721332,0.04477996676919953,0.0009403329045364096,0.06314180086073276,-0.03167938976501951,-0.0005628004601702786,0.18503881366371874,0.3687949606718221,0.001191032718489579,-0.08822136494262431,-0.1767759451688514,0.0035277944338106032,0.007641332011973801,0.01524863599260318,-5.739457105612123e-05,68.66784096999785,-0.0003009424718223467,-0.0005319364124037635,3.6229650076939146e-05,5403.333523154357,5411.2348647859,5783.7298135296305,5776.005487283147,0.0982112028469777,0.09994551022548215,0.19756699958909096,0
7.021999999999449,-2.0,1.0,1.5,0.0,-1.9139677396451367,0.956948101181668,1.4993608376703331,-0.08992300128409267,0.04506704310143475,0.0009320221727701231,0.06473572921469678,-0.0324766100743785,-0.0005836629336308627,0.18969593559936787,0.37810502093564213,0.001251832644179285,-0.07948973942369834,-0.15935187481387855,0.003437318860966007,0.007600924567250074,0.015168548734979458,-5.613326909220289e-05,68.66778590881194,-0.0003436109694901034,-0.0006087174252109273,3.937083071463701e-05,5403.31609187395,5411.218450961961,5783.756152624767,5776.002099985113,0.09620511598722052,0.1005885341337473,0.17807757407596472,0
7.0419999999994465,-2.0,1.0,1.5,0.0,-1.9157719698765103,0.9578523191440415,1.4993793857029842,-0.09043860698055337,0.04532410937692065,0.0009236039780127685,0.066263224422818,-0.03324053321736804,-0.0006039790864349182,0.19415858222806395,0.3870270654442136,0.001311516190470707,-0.07080779963541818,-0.14202624119648544,0.0033510628431819628,0.007555229748237996,0.015077899825807848,-5.4876593129392546e-05,68.66773300547095,-0.0003853256161009995,-0.0006837914024816099,4.242937131501163e-05,5403.299054414117,5411.202469160146,5783.781915057996,5775.998857583138,0.09418690578910043,0.10116456675982091,0.15869841652772085,0
7.061999999999444,-2.0,1.0,1.5,0.0,-1.9175858567209545,0.958761350021486,1.4993977640539389,-0.0908946794457406,0.04555134924381387,0.000915063826705252,0.0677241216343897,-0.03397107780842738,-0.0006237153281374746,0.1984262742776459,0.39556012962602616,0.0013698951949842899,-0.06218152598645521,-0.12481099711606859,0.0032689884567426246,0.007504367923467903,0.014976929297165723,-5.362568638194478e-05,68.66768221345474,-0.000426070965269689,-0.0007571303294622426,4.540404528773142e-05,5403.282414297046,5411.186922969011,5783.807088259425,5775.995758674629,0.09215790770522171,0.10167401591007796,0.13944289533457035,0
7.081999999999442,-2.0,1.0,1.5,0.0,-1.9194082139045507,0.9596745994965211,1.4994159701270955,-0.09129162385700963,0.04574896668871203,0.00090638749707776,0.06911830869657024,-0.0346681888541289,-0.0006428380165692787,0.20249868663880682,0.4037035567117442,0.0014267910248814775,-0.05361675977984203,-0.10771781791478541,0.003191049316686128,0.007448461343372687,0.014865880945596025,-5.2381687386757315e-05,68.66763350085895,-0.00046583252875564155,-0.0008287079034318359,4.829374263153349e-05,5403.266175392465,5411.171816122635,5783.8316610215315,5775.9928023397715,0.09011944852645887,0.10211733485471246,0.12032407007311328,0
7.10199999999944,-2.0,1.0,1.5,0.0,-1.9212378636948215,0.9605914775506013,1.4994340010458225,-0.09162988505441078,0.04591718555263197,0.0008975611364690658,0.07044572539943807,-0.03533183737442744,-0.0006613136663173147,0.20637564617494703,0.41145699332364144,0.0014820348190872621,-0.04511920114559065,-0.09075809730971292,0.0031171909091351887,0.007387634021121705,0.014745002094018956,-5.1145726080061586e-05,68.66758684929837,-0.0005045967718452703,-0.0008984995262960128,5.1097468334128344e-05,5403.250341872875,5411.157152461853,5783.855623447126,5775.989988098588,0.08807284548495302,0.10249502124568327,0.10135468828193887,0
7.121999999999438,-2.0,1.0,1.5,0.0,-1.9230736376832338,0.9615113988558147,1.4994518536613537,-0.09190994656132222,0.046056249040052004,0.0008885713526114721,0.07170636269459398,-0.03596202001065855,-0.000679109148935232,0.21005712945429938,0.41882038491219903,0.0015354676945885763,-0.036694407108672784,-0.0739429434973638,0.003047350939028092,0.0073220116140171295,0.014614543354782834,-4.991892001954551e-05,68.66754225281433,-0.000542351108098988,-0.0009664822960328806,5.381434062645039e-05,5403.234918168942,5411.142935896116,5783.878966896828,5775.987315868381,0.08601940537887447,0.10280761601940334,0.0825471844397052,0
7.1419999999994355,-2.0,1.0,1.5,0.0,-1.924914377547971,0.9624337831566923,1.499469524562943,-0.09213232959217531,0.046166419221492005,0.0008794052988146702,0.07290026188830727,-0.03655875862078583,-0.0006961918845055264,0.213543260407078,0.4257939710455342,0.0015869409172828903,-0.028347789791618266,-0.05728317552916576,0.002981459691715963,0.007251721305535907,0.014474758394023712,-4.870237075887848e-05,68.66749971678958,-0.0005790838934817968,-0.0010326349970218385,5.644358909970154e-05,5403.219908925164,5411.129170366078,5783.901683936217,5775.9847859217525,0.08396042371925236,0.10305570228519793,0.06391368489702684,0
7.161999999999433,-2.0,1.0,1.5,0.0,-1.9267589357967274,0.9633580556419984,1.499487010089657,-0.09229759204821184,0.04624797653010162,0.0008700507529970661,0.07402751381021222,-0.03712209986240005,-0.0007125300242030732,0.21683430791042574,0.43237828055737915,0.0016363160379418084,-0.020084614750903854,-0.04078931995631979,0.0029194404068991495,0.00717689168809027,0.014325903697478905,-4.749716038120971e-05,68.66745925687394,-0.0006147844198915619,-0.0010969380892784757,5.89845526936714e-05,5403.205318955987,5411.115859806997,5783.92376828286,5775.982398845253,0.08189718389914818,0.10323990420055491,0.045466034620157116,0
7.181999999999431,-2.0,1.0,1.5,0.0,-1.9286061764892921,0.964283647306396,1.4995043063436757,-0.09240632750220709,0.04630121925272481,0.0008604961905414446,0.07508825795855607,-0.03765211476397508,-0.0007280926235556319,0.21993068330396087,0.4385741265592954,0.0016834649939402048,-0.011909999446233182,-0.02447160774229106,0.0028612096633871173,0.0070976526465817685,0.014168238337905616,-4.6304348197476565e-05,68.66742089792389,-0.0006494429080993121,-0.0011593736966232153,6.14366775647252e-05,5403.191153202477,5411.103008113097,5783.9452147533575,5775.980155498811,0.0798309563854332,0.1033608858341877,0.02721594503133386,0
7.201999999999429,-2.0,1.0,1.5,0.0,-1.9304549759397176,0.9652099953018733,1.4995214092049887,-0.09245916417308622,0.04632646301590554,0.000850730850967507,0.07608268162301181,-0.03814889828488443,-0.0007428498061466656,0.22283293783872887,0.44438260132288016,0.001728270177482872,-0.0038289118417239323,-0.00833997144100704,0.0028066777731816425,0.007014135242825963,0.014002023744253064,-4.512496761443093e-05,68.66738467295893,-0.0006830505001194473,-0.0012199255938093617,6.3799514842125e-05,5403.177416689698,5411.09061910294,5783.966019210533,5775.978056976057,0.07776299793340019,0.1034193500179273,0.009176910664401313,0
7.221999999999427,-2.0,1.0,1.5,0.0,-1.9323042233978753,0.966136543278841,1.4995383143473526,-0.09245676389135335,0.046324040267295356,0.0008407447984349447,0.07701101898605862,-0.03861256886468469,-0.0007567729175303559,0.2255417600623914,0.4498050710376611,0.0017706244711371802,0.0041538308620540495,0.007595957361333055,0.0027557491834025315,0.006926471600913925,0.013827523472730741,-4.3960023176956874e-05,68.66735062213746,-0.0007155992510252824,-0.0012785791926416155,6.607271828097238e-05,5403.164114484897,5411.07869648591,5783.98617851095,5775.976104565605,0.07569455082443145,0.1034160371884533,0.008657533075859354,0
7.2419999999994245,-2.0,1.0,1.5,0.0,-1.9341528217102306,0.9670627417168104,1.4995550172553906,-0.09239982105624604,0.04629429975292062,0.0008305289761083933,0.07787355020394113,-0.03904326796217,-0.0007698346691631171,0.2280579731434851,0.4548431704504266,0.001810431251552247,0.01203356336631697,0.023326850343086753,0.0027083228845982505,0.006834794793582914,0.013645002979904865,-4.281048778836201e-05,68.66731879175508,-0.0007470821202235754,-0.001335321527106132,6.825604182029067e-05,5403.151251656636,5411.067243829892,5784.0056904528765,5775.9742997134235,0.07362684212691196,0.1033517242198683,0.026247830122851663,0
7.261999999999422,-2.0,1.0,1.5,0.0,-1.935999687959676,0.9679880482445763,1.4995715132427148,-0.09228906158551879,0.04623760599076219,0.0008200752544343247,0.07867060046821267,-0.03944115958470406,-0.0007820092722236713,0.23038253213761045,0.4594987973917037,0.001847604362312302,0.019805773283783877,0.03884368448504838,0.0026642928240105737,0.006739238729663025,0.013454729397966565,-4.167730011184147e-05,68.66728923326725,-0.000777492962206855,-0.0013901412375452156,7.034933705467298e-05,5403.138833234955,5411.056264530219,5784.024553724813,5775.972643986348,0.071561082980567,0.10322722324811213,0.04360161028825234,0
7.28199999999942,-2.0,1.0,1.5,0.0,-1.9378437540842866,0.9689119279498346,1.4995877974709468,-0.0921252418587502,0.04615433874109637,0.0008093764733968177,0.07940253904886775,-0.039806429808331864,-0.0007932725611932868,0.23251652119839644,0.46377410719510087,0.0018820680569340456,0.02746610202114192,0.05413774385194754,0.0026235483223925617,0.006639938042666644,0.013256971312293687,-4.056136215530889e-05,68.66726200233937,-0.0008068265167983226,-0.0014430285538999947,7.23525506276252e-05,5403.12686417269,5411.045761779967,5784.042767854738,5775.9711390368475,0.06949846790437814,0.103043380488204,0.06070652225996937,0
7.301999999999418,-2.0,1.0,1.5,0.0,-1.9396839674748827,0.9698338536781761,1.499603864969517,-0.0919091476550589,0.04604489247404076,0.0007984264788370511,0.08006977832006756,-0.04013928628917609,-0.0008036021071250654,0.2344611507361209,0.4676715070152395,0.0019137569130755316,0.03501034553559718,0.06920062112027744,0.0025859744930122387,0.006537027980581347,0.013051998541439227,-3.9463537041835886e-05,68.66723715792556,-0.0008350783989035851,-0.0014939752780514634,7.426572155494814e-05,5403.115349308023,5411.035738541616,5784.060333160161,5775.969786569091,0.06744017412820844,0.10280107504529076,0.07755288300108831,0
7.321999999999416,-2.0,1.0,1.5,0.0,-1.9415192915512867,0.970753306321403,1.4996197106561266,-0.09164159308610362,0.04590967583474421,0.0007872201529344469,0.0806727727694553,-0.040439957766617136,-0.0008129773205694112,0.2362177545268397,0.47119365004994324,0.0019426157190761922,0.04243445496691599,0.08402421885531722,0.002551452661510851,0.006430644296931824,0.012840081919666924,-3.8384646966463133e-05,68.66721476137866,-0.0008622450877880983,-0.0015429747652868043,7.608897848609438e-05,5403.104293328375,5411.026197520203,5784.077250699097,5775.968588306399,0.06538736094826095,0.10250121772047138,0.0941315623575243,0
7.341999999999413,-2.0,1.0,1.5,0.0,-1.9433487063172041,0.9716697750951289,1.4996353293577571,-0.09132341952523096,0.04574911110665399,0.000775753438965333,0.08121201799206008,-0.04070869355875786,-0.0008213795441422967,0.23778778677490747,0.47434342967239257,0.0019685993339956793,0.04973453714642292,0.09860075054034118,0.002519860785323422,0.006320923143169205,0.01262149308215151,-3.732547134026932e-05,68.66719487559318,-0.0008883239158945048,-0.0015900219049176582,7.782253691152909e-05,5403.093700735695,5411.017141137938,5784.093522222083,5775.967545960119,0.06334116910645304,0.10214474981235391,0.1104338252087476,0
7.361999999999411,-2.0,1.0,1.5,0.0,-1.945171208893647,0.972582757805626,1.4996507158321102,-0.09095549453362489,0.0455636336732884,0.0007640233604648403,0.08168804966977668,-0.040945763050669264,-0.000828792134759334,0.23917281913175398,0.4771239734788818,0.001991672522361542,0.05690685498448844,0.11292274136115595,0.002491073871411151,0.006208000962445495,0.012396504252960832,-3.62867451216574e-05,68.66717756418252,-0.0009133130572156273,-0.00163511310007938,7.946669632382087e-05,5403.083575813234,5411.008571510397,5784.109150125304,5775.966661199999,0.06130272019379721,0.10173264191529297,0.1264513007743797,0
7.381999999999409,-2.0,1.0,1.5,0.0,-1.9469858140308574,0.9734917611058962,1.4996658647893746,-0.09053871078429879,0.04535369147893689,0.0007520280349377542,0.08210144253740713,-0.041151455175911324,-0.0008352005356149132,0.2403745376737865,0.4795386372578193,0.002011809764873783,0.06394782773809403,0.12698302874922376,0.0024649643910989493,0.006092014384831097,0.01216538803592732,-3.5269157334161864e-05,68.6671628906923,-0.0009372115152406226,-0.0016782462467383366,8.102183734004976e-05,5403.073922593902,5411.000490424269,5784.124137404921,5775.9659356261,0.05927311607783666,0.10126589271524163,0.1421759739457029,0
7.401999999999407,-2.0,1.0,1.5,0.0,-1.9487915545986958,0.9743963007409472,1.499680770914205,-0.09007398498475977,0.04511974448870354,0.0007397666822670322,0.0824528093362449,-0.04132607789181978,-0.0008405923379679377,0.24139473984227164,0.4815909988855893,0.0020289950463472702,0.07085403116012647,0.14077476268676828,0.0024414026908578883,0.005973100124026475,0.011928417208523475,-3.427334976998018e-05,68.66715091785075,-0.0009600191104879686,-0.00171942071193685,8.248841879301432e-05,5403.0647448301925,5410.992899316734,5784.138487612702,5775.965370742265,0.057253438354177406,0.10074552778413945,0.15760018223091718,0
7.421999999999405,-2.0,1.0,1.5,0.0,-1.9505874820554745,0.9752959017822667,1.499695428887815,-0.08956225679916202,0.04486226414830415,0.0007272396279886331,0.08274279975617033,-0.041469957649047755,-0.000844957332874937,0.2422353313480629,0.4832848521548332,0.002043221622201186,0.0776221975321076,0.15429140577737524,0.002420257397920253,0.005851394875625414,0.01168586451883726,-3.329991587723403e-05,68.66714170685758,-0.0009817364676438364,-0.0017586373113026744,8.386697479843746e-05,5403.0560459658045,5410.985799256462,5784.152204812992,5775.964967931209,0.05524474782214005,0.10017259837374579,0.17271661437795063,0
7.441999999999402,-2.0,1.0,1.5,0.0,-1.9523726668952361,0.976190098851494,1.4997098334100798,-0.08900448777075289,0.0445817328440198,0.0007144483016072329,0.08297209936722537,-0.04158343885584532,-0.0008482875530105723,0.2428983230440066,0.4846242005407158,0.0020544917648281807,0.0842492155821212,0.1675267330857167,0.0024013958196649654,0.005727035216974063,0.011438002485747459,-3.234939982918929e-05,68.66713531671208,-0.001002365002318998,-0.0017958982858483038,8.515811180516617e-05,5403.04782910898,5410.979190926272,5784.165293541122,5775.96472843124,0.05324808398453102,0.09954818020981258,0.18751830949970016,0
7.4619999999994,-2.0,1.0,1.5,0.0,-1.9541461990734919,0.9770784363332953,1.4997239792215509,-0.0884016602454024,0.04427864336320378,0.0007013952301375089,0.08314142854162211,-0.04166688333755745,-0.0008505773047433136,0.24338582776786316,0.4856132509106684,0.002062816491194683,0.09073213028975237,0.18047483175014056,0.002384684335762591,0.0056001575086809825,0.011185103202398525,-3.14222957725095e-05,68.66713180358137,-0.0010219069074427713,-0.001831207278093123,8.636250563522925e-05,5403.040097007583,5410.973074607457,5784.177758763287,5775.96465331463,0.0512644645715214,0.09887337228747793,0.20199865627293906,0
7.481999999999398,-2.0,1.0,1.5,0.0,-1.9559071884114494,0.9779604685774589,1.4997378611252936,-0.08775477629699278,0.043953498355731487,0.000688084027066045,0.0832515413671341,-0.04172066979181623,-0.000851823190674144,0.24370005715855683,0.48625640718308366,0.002068215273038091,0.09706814257990723,0.19313010037197723,0.002369988782121996,0.005470897797817882,0.010927438143064669,-3.0519047251818266e-05,68.66713122020936,-0.0010403651393068316,-0.001864569307532774,8.748089852028343e-05,5403.032852025969,5410.967450165788,5784.189605837953,5775.964743467655,0.04929488508859953,0.09814929566874558,0.21615139205792203,0
7.501999999999396,-2.0,1.0,1.5,0.0,-1.9576547649787772,0.9788357600902343,1.4997514740084537,-0.08706485665543079,0.04360680979677614,0.0006745193769348506,0.08330322455280978,-0.04174519323989884,-0.0008520241228582729,0.24384331844855664,0.4865582639403858,0.0020707157310363923,0.1032546089074302,0.20548724818551492,0.0023571748257348738,0.005339391722863097,0.010665277973487269,-2.964004680661951e-05,68.66713361536708,-0.0010577434032786957,-0.0018959907454825866,8.851409614078269e-05,5403.026096123674,5410.96231703918,5784.20084047885,5775.9649995723175,0.04734031838854894,0.09737709228290185,0.2299706018516979,0
7.521999999999394,-2.0,1.0,1.5,0.0,-1.9593880794549632,0.9797038857149439,1.4997648128634697,-0.08633293963803093,0.04323909845128544,0.0006607070157560917,0.08329729632793613,-0.04174086447471664,-0.0008511813269502792,0.24381801123516178,0.48652360000185224,0.0020703533143310495,0.10928904073448399,0.21754129401269742,0.0023461083295692976,0.005205774420422892,0.010398892364777864,-2.8785635737145395e-05,68.66713903334445,-0.001074046139195221,-0.0019254792893288564,8.946296467396665e-05,5403.019830835938,5410.957674227041,5784.211468719559,5775.965422089735,0.045401714267388954,0.09655792373070433,0.24345071704680823,0
7.541999999999391,-2.0,1.0,1.5,0.0,-1.9611063034693461,0.9805644308019071,1.4997778728088493,-0.08556008008500311,0.042850893340527545,0.0006466537074722332,0.08323460533517205,-0.04170810950589818,-0.0008492983375435169,0.24362662423345793,0.48615737196151004,0.002067170966785289,0.1151691039027042,0.22928756500668937,0.002336655706719317,0.00507018043377845,0.010128549810956214,-2.795610403441969e-05,68.66714751348418,-0.0010892785064572283,-0.001953043936206761,9.032842785650911e-05,5403.01405725607,5410.953520281291,5784.221496879739,5775.966011245228,0.0434799990841939,0.09569297009316202,0.2565865139774376,0
7.561999999999389,-2.0,1.0,1.5,0.0,-1.9628086299199075,0.9814169913677204,1.499790649109434,-0.08474734829976308,0.042442731211066544,0.0006323672166830045,0.08311602951875985,-0.04164736900242006,-0.0008463809849885268,0.24327173201366661,0.4854647076963901,0.002061218781356863,0.1208926179021853,0.24072169518854505,0.0023286842630740093,0.004932743623290676,0.009854517450205944,-2.715169047017761e-05,68.6671590897571,-0.0011034463688361818,-0.0019786949561402226,9.111146406737047e-05,5403.008776019685,5410.949853299013,5784.230931533036,5775.966767015059,0.04157607540469833,0.09478342874570919,0.2693731122517797,0
7.581999999999387,-2.0,1.0,1.5,0.0,-1.9644942732709318,0.9822611742439489,1.4998031371960798,-0.08389582899476888,0.0420151560065205,0.0006178562778620839,0.08294247500871268,-0.04155909773323761,-0.0008424373739941166,0.24275599172560683,0.48445089985036066,0.0020525536439575465,0.12645755503939626,0.2518396237812973,0.00232206252782633,0.004793597078706729,0.009577060889922799,-2.637258284133933e-05,68.6671737903797,-0.0011165562790123856,-0.002002443864667497,9.181310343619193e-05,5403.003987290781,5410.946670916749,5784.239779476639,5775.967689114824,0.03969082166857188,0.09383051317855963,0.2818059728759548,0
7.601999999999385,-2.0,1.0,1.5,0.0,-1.966162469829649,0.9830965972152843,1.499815332684685,-0.08300662024357089,0.041568718342446714,0.0006031305612937572,0.08271487500186142,-0.04144376400635821,-0.0008374778543240972,0.24208213981293597,0.4831213992986869,0.002041238868160605,0.1318620395061693,0.26263759334587833,0.0023166605711991777,0.004652873033397413,0.009296444035613492,-2.5618918363987068e-05,68.66719163747311,-0.001128615462856739,-0.002024303394980741,9.243442498221891e-05,5402.999690749689,5410.943970306408,5784.2480477025565,5775.968776989506,0.037825091880246624,0.0928354518240097,0.2938808961428621,0
7.621999999999383,-2.0,1.0,1.5,0.0,-1.9678124780019903,0.9839228891472414,1.4998272313945025,-0.08208083243974686,0.041103974984691476,0.000588200635959012,0.08243418864063365,-0.041301849106796476,-0.0008315149839358137,0.2412529887198273,0.4814818085984177,0.0020273438221032115,0.13710434635193622,0.27311214772333525,0.002312350308823071,0.00451070278056037,0.00901292892372116,-2.489078421109352e-05,68.66721264676333,-0.0011396318034730697,-0.0020442874696068214,9.297655378851888e-05,5402.995885582853,5410.941748172748,5784.255743370564,5775.970029805124,0.03597971532315524,0.0917994868914423,0.30559401933404196,0
7.64199999999938,-2.0,1.0,1.5,0.0,-1.9694435785276105,0.984739690103459,1.4998388293656797,-0.08111958726337813,0.04062148833153318,0.0005730779296053199,0.08210139989043043,-0.04113384673384243,-0.0008245634849001421,0.2402714235926933,0.4795378754296606,0.002010943548912712,0.14218290036143416,0.28326012978790127,0.0023090057922571785,0.00436721659142301,0.008726775558431522,-2.418821818812944e-05,68.66723682732234,-0.001149613825016716,-0.002062411171657286,9.34406582160372e-05,5402.992570474453,5410.940000752407,5784.262873782855,5775.971446441972,0.03415549629723069,0.09072387321076579,0.31694181418728234,0
7.661999999999378,-2.0,1.0,1.5,0.0,-1.9710550746943232,0.9855466514526914,1.4998501228759697,-0.08012401665570627,0.04012182589993945,0.0005577746862339088,0.0817175164164412,-0.040940262438068316,-0.0008166401924617286,0.23914039897953548,0.4772954860326655,0.0019921183819640214,0.14709627484012988,0.2930786790155327,0.0023065034852019924,0.004222543635468921,0.008438241752519317,-2.3511209540554567e-05,68.66726418134948,-0.0011585706763028029,-0.002078690715673577,9.38279471615635e-05,5402.989743599836,5410.93872381447,5784.269446360377,5775.973025489426,0.032353213879512906,0.08960987708500415,0.32792108418146615,0
7.681999999999376,-2.0,1.0,1.5,0.0,-1.972646292532126,0.9863434359655717,1.4998611084565667,-0.07909526180259287,0.03960555981625102,0.0005423039212378529,0.08128356846073528,-0.04072161305849254,-0.0008077639976172171,0.23786293552946872,0.4747606586456457,0.001970953556251111,0.15184319030964757,0.3025652288725895,0.0023047225250083436,0.004076811902720563,0.008147582972285941,-2.2859699886727637e-05,68.66729470399238,-0.0011665121142210382,-0.002093143418095382,9.413966736362916e-05,5402.9874026207235,5410.937912662491,5784.275468620843,5775.974765242265,0.030573621707696067,0.08845877515273617,0.33852896160538415,0
7.701999999999374,-2.0,1.0,1.5,0.0,-1.9742165809870014,0.9871297179012415,1.4998717829070207,-0.07803447212738968,0.03907326631159637,0.0005266793744270481,0.08080060772045243,-0.04047842616031279,-0.0007979557835822498,0.23644211669492152,0.4719395369481635,0.0019475388171277482,0.1564225131155228,0.3117175040294007,0.002303544969143441,0.003930148128100403,0.007855052186642435,-2.2233584269846025e-05,68.66732838320671,-0.0011734484869708609,-0.002105787667378492,9.43771007599135e-05,5402.985544682186,5410.937562137969,5784.280948158396,5775.97666369848,0.02881744778644381,0.08727185326106428,0.34876290444550545,0
7.721999999999372,-2.0,1.0,1.5,0.0,-1.9757653120746794,0.9879051830839422,1.4998821433091913,-0.07694280429380806,0.0385255252223329,0.0005109154611728107,0.08026970622789315,-0.04021123947361194,-0.0007872383565397465,0.2348810854389757,0.4688383835147963,0.0019219680276419864,0.160833253949624,0.3205335174035043,0.0023028560263292372,0.0037826777178931073,0.007560899720378033,-2.1632712322345933e-05,68.66736519965386,-0.001179390717131222,-0.0021166428937884098,9.454156189954394e-05,5402.984166411339,5410.937666625204,5784.285892624908,5775.978718558514,0.027085394316313842,0.08605040534977347,0.3586206930702989,0
7.741999999999369,-2.0,1.0,1.5,0.0,-1.977291881014574,0.9886695289696741,1.4998921870402049,-0.07582142121936124,0.03796291949580191,0.0004950272219045165,0.07969195523330529,-0.03992060033343486,-0.0007756363710574809,0.23318304095027137,0.4654635732837834,0.0018943387756559257,0.16507456628961825,0.3290115670373964,0.002302544272123115,0.003634524678335152,0.0072653731116603506,-2.1056889535640073e-05,68.66740512663563,-0.0011843502845817913,-0.0021257295388970093,9.463439541331314e-05,5402.983263917717,5410.938220057501,5784.2903097129,5775.98092722592,0.02537813754513154,0.08479573234732375,0.3681004267401672,0
7.761999999999367,-2.0,1.0,1.5,0.0,-1.9787957063441124,0.9894224647030313,1.4999019117843888,-0.07467149109993464,0.03738603470167612,0.00047903027018460134,0.0790684640911433,-0.039607065121625686,-0.0007631762505786693,0.23135123536785518,0.46182158704523196,0.001864751981906433,0.16914574475788507,0.3371502328156866,0.0023025018487637674,0.003485811546345802,0.006968716973807733,-2.0505878628733993e-05,68.66744813006468,-0.001188339209287883,-0.0021330690248102667,9.465697354467373e-05,5402.982832795276,5410.939215924668,5784.2942071400175,5775.983286809328,0.023696327641678484,0.08350914107929923,0.3772005199325623,0
7.781999999999365,-2.0,1.0,1.5,0.0,-1.9802762300136794,0.9901637111643286,1.4999113155441492,-0.07349418644602343,0.03679545854916957,0.0004629407395935424,0.07840035915056165,-0.039271198710807996,-0.0007498861033784611,0.22938897051830423,0.45791900495338433,0.0018333115101244336,0.17304622340230238,0.3449483730265842,0.0023026246491573733,0.003336659322422163,0.006671172861360186,-1.9979401008318958e-05,68.66749416846996,-0.0011913700339649764,-0.0021386837231478673,9.461069374394947e-05,5402.982868126027,5410.940647281753,5784.297592635071,5775.985794125751,0.022040588591613137,0.08219194318991908,0.38591969849741153,0
7.801999999999363,-2.0,1.0,1.5,0.0,-1.9817329174624245,0.9908930010071372,1.49992039664978,-0.07229068313115866,0.03619178041037166,0.0004467752296425114,0.07768878265088978,-0.03891357391088191,-0.0007357956343967106,0.22729959466741204,0.4537625000673751,0.0018001237802902621,0.1767755739013464,0.35240512077266956,0.0023028124849299105,0.0031871874057104507,0.006372979140491413,-1.9477138313623684e-05,68.66754319303553,-0.0011934558066361931,-0.0021425969238076104,9.449697632808308e-05,5402.9833644851715,5410.942506758959,5784.300473925578,5775.988445705094,0.020411518115612214,0.08084545407719577,0.39425699564348643,0
7.821999999999361,-2.0,1.0,1.5,0.0,-1.9831652576751706,0.9916100786863595,1.4999291537681774,-0.07106215945302626,0.035575590849957664,0.0004305507509350074,0.07693489162281937,-0.03853477091840538,-0.0007209360533404649,0.22508649928867747,0.44935883192480236,0.0017652973860604177,0.18033350369598,0.359519880235961,0.0023029692385209883,0.003037513531269925,0.006074370863778389,-1.8998734038776058e-05,68.66759514767172,-0.001194610063097259,-0.002144832803533613,9.431726220785668e-05,5402.984315947753,5410.944786572691,5784.302858726751,5775.991237795875,0.01880968760987392,0.07947099184230716,0.40221174775342633,0
7.841999999999358,-2.0,1.0,1.5,0.0,-1.9845727632206946,0.9923147004769692,1.4999375859104551,-0.06980979520776572,0.03494748116151984,0.00041428466979080497,0.07613985679602119,-0.038135376769218084,-0.0007053399794750486,0.22275311585078375,0.4447148401523708,0.0017289427173572118,0.18371985405081123,0.36629232280230045,0.002303002999342702,0.0028877537095423895,0.005775579649364221,-1.8543795225519293e-05,68.66764996911726,-0.0011948468093034518,-0.0021454163943206966,9.407301068432508e-05,5402.985716096751,5410.947478537674,5784.30475473192,5775.994166372058,0.017235642109362286,0.07806987625372924,0.4097835900577326,0
7.861999999999356,-2.0,1.0,1.5,0.0,-1.9859549702716381,0.9930066344835526,1.499945692438445,-0.06853477077791813,0.034308042910754455,0.0003979946525424224,0.07530486151388707,-0.037715984794658305,-0.000689041343484572,0.2203029126262051,0.43983743811773524,0.0016911715890671765,0.18693459804702323,0.3727223830501034,0.002302826184073407,0.0027380221680365618,0.005476833564523612,-1.811189421927844e-05,68.66770758707094,-0.0011941805036919768,-0.0021443735516732012,9.376569731591098e-05,5402.987558032514,5410.9505740800705,5784.306169604317,5775.997227140953,0.01568990027464947,0.07664342772665769,0.41697245213934836,0
7.881999999999354,-2.0,1.0,1.5,0.0,-1.9873114386063389,0.9936856606407922,1.499953473070084,-0.06723826623447568,0.03365786748573086,0.0003816986097042287,0.07443110065608785,-0.03727719408171556,-0.0006720752868168079,0.21773939152303054,0.43473360662665034,0.0016520968767475585,0.18997783850959027,0.3788102546085493,0.0023023556412011485,0.002588431295235018,0.005178357013660147,-1.7702570481492372e-05,68.66776792435127,-0.0011926260394524721,-0.0021417309227511143,9.339681185732265e-05,5402.98983438355,5410.95406425154,5784.307110970182,5776.00041555213,0.014172954404045614,0.07519296631822621,0.4237785533085309,0
7.901999999999352,-2.0,1.0,1.5,0.0,-1.988641751592854,0.9943515707050352,1.4999609278836836,-0.0659214604534668,0.0329975456544604,0.0003654146402150534,0.07351977956960247,-0.03681960893745234,-0.0006544780588979483,0.21506608494203258,0.42941038766932055,0.0016118321601916049,0.1928498058713112,0.3845563858903026,0.002301512739974721,0.0024390915867338677,0.004880370630734654,-1.7315332451143376e-05,68.66783089708306,-0.0011901987267614296,-0.002137515914418771,9.29678562713886e-05,5402.992537318538,5410.9579397441985,5784.307586413129,5776.003726807268,0.012685270474409413,0.0737198107390101,0.43020239782160846,0
7.92199999999935,-2.0,1.0,1.5,0.0,-1.9899455161554838,0.9950041682370956,1.499968057321087,-0.06458553024749458,0.032327667129973967,0.0003491609759419017,0.07257211300887881,-0.03634383835802138,-0.0006362869126074029,0.21228655266096852,0.4238748782198832,0.0015704913756548608,0.19555085597619248,0.38996147570385875,0.002300223443961527,0.002290111593617718,0.004583091176151064,-1.6949659448514336e-05,68.66789641490871,-0.001186914274991126,-0.0021317566612308702,9.248034281437413e-05,5402.9956585595555,5410.962190906356,5784.30760346972,5776.007155870889,0.011227288217446757,0.072225277381285,0.43624476998127487,0
7.941999999999347,-2.0,1.0,1.5,0.0,-1.991222362724094,0.9956432685764424,1.4999748621897224,-0.06323164951262798,0.03164882014310819,0.00033295592663037195,0.07158932408575373,-0.03585049550259472,-0.000617539998399848,0.20940437874803128,0.4181342240927572,0.001528188477494227,0.19808146782473174,0.395026468750633,0.002298418369451042,0.0021415978730745995,0.004286731438094387,-1.6605003614338823e-05,68.66796438122334,-0.0011827887749088016,-0.002124481993373401,9.193579219538913e-05,5402.999189396391,5410.966807759062,5784.307169626201,5776.010697481899,0.009799421245864269,0.07071067936449003,0.4419067290927523,0
7.961999999999345,-2.0,1.0,1.5,0.0,-1.9924719451665462,0.9962686988069295,1.4999813436635605,-0.061860988391027605,0.03096159102319135,0.00031681782547776774,0.07057264322974867,-0.035340197172513195,-0.0005982762574434744,0.20642316850632278,0.4121956138595302,0.0014850371099211072,0.20044224126365046,0.39975255101190305,0.0022960328289800646,0.001993654941252832,0.003991500138329378,-1.6280791877485832e-05,68.66803469343165,-0.001177838680877241,-0.0021157214045846914,9.133573181009606e-05,5403.003120701923,5410.971780013285,5784.306292316307,5776.014346165883,0.008402057261634517,0.06917732559832561,0.4471896043075754,0
7.981999999999343,-2.0,1.0,1.5,0.0,-1.9936939407045609,0.9968802977142296,1.499987503282991,-0.060474712449671245,0.030266563786811588,0.00030076497549738824,0.06952330715934148,-0.034813563295956834,-0.000578535314145496,0.2033465454511649,0.40606627282995916,0.0014411502895188338,0.20263389462263298,0.4041411450307172,0.0022930068602917196,0.0018463852283589132,0.0036976018424600115,-1.5976427944613737e-05,68.66810724322535,-0.001172080793070441,-0.002105505020080913,9.068169404880745e-05,5403.007442948485,5410.97709708775,5784.304978920125,5776.01809624808,0.007035558425410993,0.06762651986389691,0.4520949893446945,0
8.001999999999342,-2.0,1.0,1.5,0.0,-1.9948880498133317,0.9974779157351319,1.4999933429536396,-0.059073981875526295,0.029564319734841013,0.0002848155968358514,0.06844255786479415,-0.034271216418426044,-0.0005583573684227607,0.20017814832199946,0.39975345710054117,0.001396640099122937,0.20465726230063158,0.4081939050938936,0.002289285241073572,0.0016998890359965293,0.0034052368746493034,-1.5691294305168627e-05,68.66818191687925,-0.0011655322397166516,-0.002093863564512087,8.997521467879655e-05,5403.012146225132,5410.982748127314,5784.303236763908,5776.021941866985,0.0057002621050562105,0.0660595599132943,0.45662473710151263,0
8.021999999999348,-2.0,1.0,1.5,0.0,-1.99605399610523,0.9980614148988743,1.4999988649441371,-0.05765995068749868,0.028855437057880545,0.00026898777519698564,0.06733164160310116,-0.033713781199316915,-0.0005377830880642094,0.19692162813058128,0.393264447674015,0.0013516173936112747,0.206513292304295,0.4119127123192078,0.002284817489851839,0.0015542644967425983,0.003114601236786194,-1.5424754245428118e-05,68.66825859556438,-0.0011582104593815638,-0.0020808283299642346,8.921783130051822e-05,5403.017220255744,5410.988722021847,5784.301073120796,5776.025876988497,0.004396482710098917,0.06447773658798275,0.460780954157789,0
8.041999999999355,-2.0,1.0,1.5,0.0,-1.9971915261979325,0.9986306687606777,1.5000040718828815,-0.05623376596547123,0.02814049045028167,0.0002532994115162749,0.06619180790560326,-0.03314188391486301,-0.0005168535015377153,0.19358064524710092,0.38660654465304195,0.00130619151809925,0.20820304374107584,0.41529966965286774,0.002279557853448024,0.0014096075359543785,0.002825886532100262,-1.517615386535373e-05,68.66833715567671,-0.00115013318330277,-0.002066431144040471,8.841108187712437e-05,5403.022654417896,5410.995007425513,5784.298495212401,5776.029895420543,0.0031245175179719377,0.06288233295635315,0.464565995180492,0
8.061999999999362,-2.0,1.0,1.5,0.0,-1.998300409567325,0.9991855623276564,1.5000089667537966,-0.05479656709672647,0.02742005073289264,0.0002377681730227748,0.0650243085987985,-0.03255615196770878,-0.0004956098915422989,0.19015886652582292,0.37978706151123004,0.0012604700389839182,0.20972768426957356,0.4183570967823696,0.0022734652814317764,0.0012660118358040985,0.0025392798932031856,-1.4944824092209188e-05,68.6684174691797,-0.0011413184177888533,-0.0020507043380347703,8.755650333663711e-05,5403.028437762417,5411.001592776463,5784.295510211123,5776.033990828147,0.0018846741797050135,0.06127462347076933,0.46798245723053367,0
8.081999999999368,-2.0,1.0,1.5,0.0,-1.9993804383855243,0.9997259919772813,1.5000135528911342,-0.05334948504003202,0.026694684484667906,0.00022241144581658457,0.06383039683885855,-0.03195721340337004,-0.0004740936896397916,0.1866599624717645,0.3728133194445274,0.001214558488229407,0.21108848750965764,0.42108752496978885,0.002266503388028768,0.0011235688015308733,0.002254963914546375,-1.4730082685078647e-05,68.66849940395916,-0.0011317844266942815,-0.002033680715224048,8.665563024586353e-05,5403.034559033587,5411.00846631676,5784.29212524325,5776.038156748846,0.0006775844386525541,0.05965587314442561,0.4710331739855671,0
8.101999999999375,-2.0,1.0,1.5,0.0,-2.0004314273443815,1.000251865368574,1.5000178339733485,-0.05189364160764939,0.025964953683270963,0.00020724628908050906,0.0626113261603434,-0.03134569643382783,-0.00045234637227339533,0.18308760444988068,0.36569264180592065,0.0011685601212352847,0.21228683041491364,0.42349369181056656,0.002258640401965706,0.0009823675299009571,0.0019731165892749414,-1.4531236224710237e-05,68.66858282418855,-0.0011215497139805918,-0.002015393519300635,8.570999355496243e-05,5403.041006689863,5411.0156161126015,5784.28834739264,5776.042386608385,0.0004998837544593227,0.058027336748311176,0.4737212098775796,0
8.121999999999382,-2.0,1.0,1.5,0.0,-2.0014532134648215,1.0007631013462126,1.5000218140160666,-0.05043014876551032,0.025231415354792282,0.00019228939103558244,0.06136834953959063,-0.030722228968493026,-0.0004304093584396716,0.17944546193816052,0.35843234862626383,0.0011225756885792377,0.21332419060993826,0.42557853592280365,0.002249849104755318,0.0008424947798659674,0.0016939112504592423,-1.4347582083231721e-05,68.66866759070372,-0.001110633006377253,-0.0019958764029665162,8.472111941154683e-05,5403.047768925078,5411.023030074682,5784.284183705037,5776.046673736685,0.001641532482233299,0.05639025802855893,0.47604985414840584,0
8.141999999999388,-2.0,1.0,1.5,0.0,-2.0024456558923927,1.0012596298377323,1.5000254973642033,-0.04896010795178714,0.02449462123269551,0.00017755702674489556,0.06010271847323721,-0.03008743815277018,-0.00040832390931435394,0.17573719982598507,0.3510397512239661,0.0010767032218759107,0.2142021436950129,0.42734519157207373,0.002240106757943172,0.0007040349454075816,0.0014175165166730303,-1.4178410368409562e-05,68.66875356138465,-0.0010990532361525166,-0.0019751633967070355,8.36905280429634e-05,5403.054833690077,5411.03069597867,5784.279641192889,5776.051011383933,0.0027510998141982673,0.0547458689444383,0.4780226148385208,0
8.161999999999395,-2.0,1.0,1.5,0.0,-2.003408635679388,1.0017413917440108,1.5000288886832522,-0.047484609414067805,0.023755117426096383,0.00016306501785449422,0.058815682072309146,-0.029441949914440692,-0.0003861310300826038,0.1719664757590407,0.34352214690611593,0.0010310378339449013,0.2149223605206487,0.42879698323670623,0.002229395019854629,0.0005670700305501679,0.0011440962419017138,-1.402300583775549e-05,68.66884059154347,-0.0010868295240015259,-0.0019532888777692506,8.261973270514401e-05,5403.062188714647,5411.038601485757,5784.274726840633,5776.055392736813,0.0038278031502320606,0.053095388927234095,0.47964321270869337,0
8.181999999999402,-2.0,1.0,1.5,0.0,-2.00434205555392,1.0022083388232175,1.5000319929497932,-0.04600473156532847,0.023013444097470963,0.000148828694357397,0.057508486172304286,-0.02878638851807416,-0.00036387137422321376,0.16813693753201012,0.33588681376356844,0.0009856715334331948,0.215486604434507,0.42993742011848496,0.0022176998523951376,0.00043167962653314353,0.0008738094697390081,-1.388064977746754e-05,68.66892853431679,-0.0010739811620700615,-0.0019302875393605009,8.151023869673004e-05,5403.069821529743,5411.046734163191,5784.269447610368,5776.059810934796,0.004871471065324447,0.05144002416023553,0.4809155750961519,0
8.201999999999408,-2.0,1.0,1.5,0.0,-2.0052458396763173,1.002660433568427,1.5000348154412573,-0.044521540358880674,0.022270135149880792,0.0001348628584543564,0.05618237245966748,-0.028121376127670687,-0.0003415851504804064,0.16425222053022345,0.32814100556235654,0.0009406930539905485,0.2158967285031618,0.43077019060365285,0.002205011418469269,0.0002979408911195867,0.0006068103918507934,-1.3750621841856105e-05,68.66901724106096,-0.0010605275971152786,-0.0019061943600903839,8.036354243642538e-05,5403.077719489893,5411.055081504747,5784.263810447888,5776.064259086394,0.005882002447856367,0.04978096688004349,0.4818438297199149,0
8.221999999999415,-2.0,1.0,1.5,0.0,-2.0061199333832405,1.0030976490790782,1.5000373617249956,-0.04303608868245319,0.021525717923794877,0.00012118175057795752,0.0548385776150469,-0.02744753237772461,-0.0003193120327452191,0.16031594522137463,0.32029194673372796,0.0008961876980507512,0.21615467271116537,0.43129915667908325,0.002191323970594623,0.00016592853002885113,0.0003432483106602476,-1.3632201848954229e-05,68.66910656174873,-0.0010464884138206407,-0.0018810445736720171,7.918113060205784e-05,5403.0858697957465,5411.063630951087,5784.257822288974,5776.068730285388,0.006859330166343468,0.048119394699387405,0.48243229843374646,0
8.241999999999422,-2.0,1.0,1.5,0.0,-2.0069643029198785,1.0035199689264789,1.5000396376466885,-0.04154941577155287,0.020780712903579864,0.00010779901763654396,0.0534783324736927,-0.02676547395289515,-0.0002970910730414043,0.1563317146983718,0.31234682746493864,0.0008522371952273292,0.21626246113985334,0.43152834830843356,0.0021766357312950247,3.5714780469745734e-05,8.326760622806548e-05,-1.352467152839343e-05,68.6691963453662,-0.0010318833182708057,-0.0018548736389051531,7.796447932930979e-05,5403.094259516676,5411.072369909969,5784.2514900659025,5776.073217626922,0.007803413839227024,0.0464564699516287,0.4826854909332379,0
8.261999999999428,-2.0,1.0,1.5,0.0,-2.0077789351606397,1.0039273870135457,1.5000416493181483,-0.04006254664223174,0.020035633433721698,9.47276835270705e-05,0.05210286120335375,-0.026075814176454687,-0.00027496061781757215,0.15230311227430404,0.30431279889290147,0.0008089195752893376,0.21622219912830212,0.4314619577730485,0.002160948765863883,-9.263060324506787e-05,-0.00017299229272516587,-1.3427316217781559e-05,68.66928644030826,-0.0010167321215967878,-0.00182771720995452,7.671505346815281e-05,5403.102875613381,5411.081285776213,5784.244820714134,5776.07771422344,0.008714237525641889,0.04479333905711302,0.48260809842810765,0
8.281999999999435,-2.0,1.0,1.5,0.0,-2.0085638373187016,1.0043199074289764,1.5000434031045577,-0.03857649154337257,0.019290985444834215,8.198012195609542e-05,0.05071338049999608,-0.025379162607682245,-0.0002529582277081893,0.14823369913048004,0.29619696840259435,0.0007663090556412656,0.21603607041883247,0.4311043339823362,0.002144268848093214,-0.00021904036202438957,-0.00042539693368661146,-1.333942650407403e-05,68.6693766947714,-0.001001054723802081,-0.001799611106945593,7.543430589498081e-05,5403.111704960431,5411.09036595141,5784.237821179089,5776.08221322041,0.00959180867436358,0.043131131911521826,0.48220498727176303,0
8.301999999999442,-2.0,1.0,1.5,0.0,-2.009319036644824,1.0046975442960508,1.5000449056111846,-0.03709224542858856,0.01854726718950195,6.956803160104692e-05,0.049311098801658924,-0.024676124648357438,-0.00023112060091618885,0.1441270120184185,0.2880063950320805,0.0007244759431911204,0.21570633428942343,0.4304599767582895,0.002126605319566236,-0.0003434497422881368,-0.0006738168611597733,-1.326029980690622e-05,68.669466957143,-0.000984871097776823,-0.00177059128689263,7.412367687833963e-05,5403.120734368698,5411.099597863337,5784.230498422989,5776.08670781179,0.01043615747844248,0.041470961296363094,0.48148119257370015,0
8.321999999999449,-2.0,1.0,1.5,0.0,-2.010044580115824,1.0050603216162552,1.5000461636696356,-0.03561078744781738,0.017804968987996675,5.750241363454388e-05,0.047897215520745905,-0.023967301158499533,-0.00020948350038367482,0.13998656101660753,0.2797480849858868,0.0006834865504522575,0.21523532267537923,0.42953353109876685,0.002107970943112431,-0.00046579650424373063,-0.0009181276334589308,-1.3189241900743436e-05,68.66955707638486,-0.0009682012735097,-0.0017406938149767276,7.278459349604238e-05,5403.129950607578,5411.108968984979,5784.222859431691,5776.091191255176,0.011247336380118671,0.039813922311733176,0.4804419117765078,0
8.341999999999455,-2.0,1.0,1.5,0.0,-2.01074053411309,1.0054082731079337,1.5000471843236762,-0.0341330804586741,0.017064572983899327,4.579355162687453e-05,0.04647292029501985,-0.02325328808149388,-0.00018808168484140612,0.13581582734282896,0.2714289872583067,0.0006434031256877348,0.21462543728256003,0.4283297814240953,0.00208838175102289,-0.0005860209281766297,-0.0011582098355448038,-1.3125568373295823e-05,68.66964690241117,-0.0009510653225068174,-0.0017099548361874202,7.14184691014773e-05,5403.13934042702,5411.118466853191,5784.21491122148,5776.095656886619,0.012025419635291251,0.03816109183147826,0.4790924982204382,0
8.361999999999462,-2.0,1.0,1.5,0.0,-2.0114069840915483,1.0057414420401578,1.5000479748146838,-0.03266007055761281,0.01632655290965155,3.4450993834190586e-05,0.04503939225757116,-0.022534676078730893,-0.00016694884388411787,0.13161826122274298,0.263055989368202,0.0006042837968709234,0.21387914669445893,0.42685364581150104,0.0020678568886209007,-0.0007040658187797553,-0.0013939490879403757,-1.3068606017878689e-05,68.6697362864585,-0.0009334833424231202,-0.0016784105473508118,7.00267028369129e-05,5403.1488905792085,5411.12807908689,5784.206660845761,5776.100098135035,0.012770502901145704,0.03651352798088504,0.4774384546952235,0
8.381999999999469,-2.0,1.0,1.5,0.0,-2.0120440342394663,1.0060598810620185,1.5000485425667658,-0.031192686630930253,0.015591373862053073,2.3483537871971363e-05,0.04359779932598837,-0.02181205017387847,-0.00014611753713914997,0.12739727981539953,0.25463591320662965,0.0005661825292025458,0.21299898347537857,0.425110170221803,0.00204641845377843,-0.0008198765075503972,-0.0016252360518023538,-1.3017694157430014e-05,68.66982508144764,-0.0009154754419171178,-0.0016460971695477257,6.86106791914747e-05,5403.158587839955,5411.137793404784,5784.1981154015975,5776.10450853621,0.013482702830962178,0.034872269637037934,0.4754854269792515,0
8.401999999999475,-2.0,1.0,1.5,0.0,-2.0126518071294974,1.006363652027536,1.500048895171603,-0.029731839925631942,0.014859492087714091,1.289921776654362e-05,0.04214929751096684,-0.02108598940690042,-0.00012561913763261648,0.12315626519629276,0.24617551099866214,0.0005291490958931441,0.21198754127192623,0.4231045227227517,0.0020240913329631774,-0.0009334008532827318,-0.0018519664301784046,-1.2972185898445214e-05,68.66991314233591,-0.000897061725735493,-0.0016130509209494695,6.71717676015754e-05,5403.168419029673,5411.147597642595,5784.189282036088,5776.108881746313,0.01416215666864945,0.03323833595200064,0.473239197378488,0
8.421999999999482,-2.0,1.0,1.5,0.0,-2.0132304433613593,1.0066528258163896,1.500049040373055,-0.02827842364016407,0.014131354778464205,2.705293367804369e-06,0.04069503024455053,-0.02035706649792089,-0.00010548377939951024,0.11889856239849829,0.23768146138052215,0.0004932290618898107,0.2108474719150131,0.4208419877133271,0.0020009030343930813,-0.0010445892406856882,-0.0020740409655327246,-1.2931449313127715e-05,68.67000032645903,-0.000878262280033533,-0.0015793079900755954,6.571132209140243e-05,5403.178371033905,5411.157479769709,5784.1801679525,5776.113211554941,0.01480902183939049,0.031612725899011394,0.470705678264345,0
8.441999999999489,-2.0,1.0,1.5,0.0,-2.013780101196548,1.0069274821506644,1.500048986051585,-0.026833312535002127,0.013407399876712262,-7.091757896327373e-06,0.03923612772820364,-0.01962584752103186,-8.574030940466247e-05,0.11462747751241471,0.22916036559316316,0.00045846378019859675,0.20958148252450953,0.41832796015323187,0.0019768835188664533,-0.001153394577156223,-0.0022913654335823823,-1.2894868548535963e-05,68.67008649386175,-0.0008590971579407739,-0.0015449045094925258,6.423068095129649e-05,5403.188430823394,5411.1674279052995,5784.170780416128,5776.11749189762,0.015423475534655989,0.029996417841939,0.4678909056173447,0
8.461999999999495,-2.0,1.0,1.5,0.0,-2.0143009561854788,1.007187709407815,1.5000487402085398,-0.02539736256307148,0.012688055890744327,-1.648624695409565e-05,0.03777370630087745,-0.01889289158812492,-6.641624380503733e-05,0.11034627584453692,0.22061874379323868,0.0004248904004276509,0.20819233261867626,0.415567939801769,0.0019520650288252558,-0.0012597722877394988,-0.002503850633517068,-1.2861844861468603e-05,68.6701715076164,-0.000839586365376505,-0.0015098765299637882,6.273116645163326e-05,5403.198585473604,5411.177430333793,5784.161126759876,5776.1217168677695,0.016005714290780786,0.028390369128334616,0.46480103258313055,0
8.481999999999502,-2.0,1.0,1.5,0.0,-2.014793200787455,1.007433604430044,1.5000483109503397,-0.023971410519961676,0.011973741719939878,-2.547327674590532e-05,0.03630886782722845,-0.01815875054282575,-4.7537728575254966e-05,0.10605818013567148,0.21206303148234787,0.0003925418891523502,0.20668283123044218,0.4125675254701903,0.0019264819161973034,-0.001363680308310543,-0.002711412374660619,-1.2831797578467927e-05,68.6702552341284,-0.0008197498471224878,-0.0014742599950649537,6.121408458994831e-05,5403.208822183688,5411.187475519742,5784.151214389485,5776.125880728054,0.016555953560826907,0.026795515706554078,0.4614423230434783,0
8.501999999999509,-2.0,1.0,1.5,0.0,-2.0152570439838606,1.007665272330294,1.5000477064726188,-0.022556273713882306,0.011264866489879665,-3.404874364452732e-05,0.03484269910612596,-0.017423968664599464,-2.912950451197988e-05,0.10176636883894223,0.20349957605533264,0.00036144706168143826,0.205055834032576,0.4093324092915532,0.0019001704695504132,-0.0014650790770037306,-0.0029139714596415852,-1.2804164979978968e-05,68.67033754342857,-0.0007996074731604753,-0.0014380907162766482,5.9680724869121335e-05,5403.219128294862,5411.197552122045,5784.141050788398,5776.129977921172,0.01707442727972323,0.025212771767644578,0.45782114520351014,0
8.521999999999515,-2.0,1.0,1.5,0.0,-2.0156927108849625,1.0078828262950486,1.5000469350443622,-0.02115274965529465,0.01056182939731136,-4.220933668496146e-05,0.03337627129956581,-0.016689082383084093,-1.121487661250507e-05,0.09747397445787295,0.1949346334682809,0.0003316306247828813,0.20331424047375116,0.4058683710120406,0.0018731687410770547,-0.0015639315239345474,-0.0031114536641378542,-1.277840510884849e-05,68.67041830945084,-0.0007791790252762869,-0.001401404348564943,5.8132360104276244e-05,5403.229491308123,5411.2076490074705,5784.130643522231,5776.1340030799975,0.017561387422846703,0.023643029413033808,0.45394396520785196,0
8.541999999999522,-2.0,1.0,1.5,0.0,-2.0161004423307283,1.0080863873841452,1.5000460049920799,-0.01976161576613992,0.009865019564933152,-4.9952534657815876e-05,0.03191063938209471,-0.01595462000270645,6.184312199847091e-06,0.0931840819448135,0.18637436502681093,0.00030311322990997933,0.2014609909274627,0.4021812723076096,0.0018455163739129336,-0.0016602030592372584,-0.0033037897132671495,-1.2753996502461826e-05,68.67049741029544,-0.0007584841839407226,-0.0013642363664618017,5.657024625631569e-05,5403.239898901338,5411.217755263517,5784.120000242821,5776.137951037075,0.018017103558309988,0.022087158349610808,0.44981734078117147,0
8.561999999999529,-2.0,1.0,1.5,0.0,-2.0164804944860375,1.0082760843277847,1.5000449246840633,-0.018383629108571574,0.009174815905948182,-5.727660112028718e-05,0.030446841610833563,-0.01522110143761801,2.3047703013949326e-05,0.08889972715988066,0.17782483429511778,0.00027591153645170494,0.19949906385572283,0.3982770511297792,0.0018172544302768447,-0.0017538615594626316,-0.003490915254696198,-1.27304388490589e-05,68.67057472847677,-0.0007375425154694929,-0.0013266220406522454,5.4995622289843554e-05,5403.250338945593,5411.227860210541,5784.10912869183,5776.14181683348,0.018441862393265878,0.02054600561468325,0.4454479149044952,0
8.581999999999535,-2.0,1.0,1.5,0.0,-2.016833138430683,1.0084520533209445,1.5000437025147648,-0.017019526133087434,0.00849158699833694,-6.418057738957905e-05,0.028985899016164177,-0.014489037956991174,3.9356438584908294e-05,0.08462389539060074,0.1692920041261226,0.00025003828451687827,0.19743147298940283,0.3941617160842499,0.0017884252209015962,-0.0018448773523653678,-0.0036727708285240715,-1.2707253568254812e-05,68.67065015115553,-0.0007163734594688514,-0.0012885964150849683,5.3409710053447405e-05,5403.260799520872,5411.237953413204,5784.0980367038765,5776.145595726985,0.018835967314593173,0.019020395334789577,0.4408424095247852,0
8.601999999999542,-2.0,1.0,1.5,0.0,-2.0171586597445517,1.008614437815381,1.5000423468893376,-0.015670022445942726,0.0078156909687879,-7.066427358427309e-05,0.027528814913142765,-0.013758931940697886,5.509317675815733e-05,0.08035951993233455,0.16078173381305536,0.00022550237674910458,0.19526126452706974,0.3898413408460157,0.0017590721362081,-0.0019332232001220923,-0.003849301834038794,-1.2683984316473526e-05,68.67072357035475,-0.0006949963165701112,-0.0012501942846073271,5.181371418020204e-05,5403.271268930952,5411.248024691139,5784.086732209201,5776.149283199563,0.019199737924341567,0.017511128524898185,0.4360076193112321,0
8.621999999999549,-2.0,1.0,1.5,0.0,-2.017457358088355,1.0087633883094167,1.5000408662083748,-0.014335812595715284,0.007147475386220959,-7.67282577835841e-05,0.026076574433664804,-0.013031276645389797,7.024209972034511e-05,0.07610948072954951,0.1522997763625761,0.0002023089686585295,0.1929915143540978,0.3853220586144934,0.001729239479655635,-0.0020188742810151876,-0.004020458493391283,-1.2660197417958365e-05,68.67079488315937,-0.0006734302364583257,-0.0012114501731419255,5.020882200645258e-05,5403.281735717566,5411.258064128919,5784.075223235798,5776.152874964188,0.019533509570316722,0.016018982939052216,0.4309504054471536,0
8.641999999999555,-2.0,1.0,1.5,0.0,-2.0177295467803105,1.008899062135703,1.5000392688528874,-0.0130175698788799,0.00648727716483194,-8.237384337809504e-05,0.024630144079417708,-0.012306555980992272,8.478891915350805e-05,0.07187660307796619,0.14385177588960682,0.00018045956694779966,0.19062532528381174,0.38061005661215097,0.0016989723036820185,-0.0021018081696214373,-0.004186195812288016,-1.263548222228292e-05,68.67086399189922,-0.0006516942061996308,-0.0011723983124037156,4.85962035068779e-05,5403.292188673768,5411.268062085269,5784.063517911072,5776.156366970956,0.01983763287222363,0.014544712991838103,0.4256776894819266,0
8.661999999999562,-2.0,1.0,1.5,0.0,-2.017975552369131,1.0090216232471472,1.5000375631695533,-0.011715946164238522,0.005835422476580816,-8.760307469285282e-05,0.023190471295611984,-0.011585244297611827,9.8720877377442e-05,0.06766365638753183,0.13544326513378033,0.00015995213530214643,0.18816582432235573,0.37571157062999155,0.0016683162486270137,-0.0021820048155413315,-0.004346473537763689,-1.2609451389474343e-05,68.67093080431493,-0.0006298070388706771,-0.0011330726211727681,4.6977011244071674e-05,5403.302616856521,5411.278009201505,5784.051624462934,5776.159755412489,0.020112473243749776,0.013089049786069864,0.4201964472245562,0
8.681999999999569,-2.0,1.0,1.5,0.0,-2.0181957142037237,1.0091312420011918,1.500035757456272,-0.010431571736040934,0.005192226673040241,-9.241871096040323e-05,0.021758484065499538,-0.010867806182854114,0.0001120267445723748,0.06347335300616241,0.12707966309751306,0.00014078120710850147,0.1856161599589554,0.3706328796232075,0.0016373173850119235,-0.0022594465207114844,-0.004501256113114089,-1.2581741104072608e-05,68.670995233707,-0.0006077873624928176,-0.0010935066851243795,4.535238033064851e-05,5403.313009598454,5411.287896409268,5784.039551220395,5776.163036728648,0.020358410411021755,0.011652701314567974,0.41451370270256405,0
8.701999999999575,-2.0,1.0,1.5,0.0,-2.0183903839999386,1.0092280949426362,1.5000338599480576,-0.009165055155619458,0.004557994216515711,-9.682420872845766e-05,0.020335090525635875,-0.010154696269540008,0.00012469681218462285,0.05930834710413949,0.1187662728054111,0.00012293800456460196,0.18297949948317782,0.36538030036018776,0.001606022059526997,-0.0023341179153371972,-0.004650512630066476,-1.2552011219547888e-05,68.6710571990675,-0.0005856536092754588,-0.0010537337372288674,4.3723428402276505e-05,5403.323356518829,5411.29771493745,5784.027306613589,5776.166207610556,0.02057583792781207,0.010236352974117948,0.40863652217326596,0
8.721999999999582,-2.0,1.0,1.5,0.0,-2.0185599254047633,1.009312364585178,1.5000318788033,-0.00791698314135019,0.003933018620343093,-0.00010082370278826096,0.018921178601863015,-0.009446359053796732,0.00013672288262709168,0.055171233618989415,0.1105082791848301,0.00010641056363730802,0.18025902633075205,0.3599601821279916,0.001574476745056856,-0.002406005932484308,-0.004794216778270574,-1.2519945334700266e-05,68.6711166251949,-0.0005634240051720451,-0.001013786638719203,4.209125559995166e-05,5403.333647533671,5411.307456318428,5784.014899173282,5776.1692650039095,0.020765162687919263,0.008840668693454842,0.40257200820398803,0
8.741999999999589,-2.0,1.0,1.5,0.0,-2.018704713558314,1.0093842391918617,1.5000298220904227,-0.006687920466742786,0.003317582398263943,-0.00010442198571358014,0.017517615665948935,-0.008743228723499863,0.00014809825539056757,0.051064547260666934,0.10231074706717722,9.118386432893627e-05,0.177457937459475,0.3543789014973205,0.0015427278950522602,-0.0024750997813722747,-0.004932346792187914,-1.2485250803846822e-05,68.6711734427914,-0.0005411165597487057,-0.0009736978606378803,4.045694455988554e-05,5403.343872865068,5411.3171123935035,5784.00233752982,5776.172206111596,0.020926804435119076,0.007466293396984085,0.39632729381602494,0
8.761999999999595,-2.0,1.0,1.5,0.0,-2.018825134653982,1.0094439125546137,1.500027697774965,-0.005478409876450796,0.0027119570227739673,-0.00010762448609672938,0.016125248212820024,-0.008045728997029492,0.00015881770969190117,0.04699076157679529,0.09417861930954131,7.7239965711715e-05,0.17457944075667128,0.348642857149906,0.0015108218025346929,-0.00254139091940783,-0.005064885395454115,-1.24476586826335e-05,68.67122758854352,-0.0005187490563716288,-0.000933499465966404,3.882156040950873e-05,5403.354023049652,5411.3266753176395,5783.9896304115355,5776.175028395649,0.021061195271077967,0.006113858740417074,0.38990953669796624,0
8.781999999999602,-2.0,1.0,1.5,0.0,-2.018921585497102,1.0094915837730443,1.500025513707112,-0.004288972019983801,0.0021164028923349796,-0.00011043724557560018,0.014744901558302425,-0.00735427297230057,0.00016887748379350821,0.04295228807769783,0.08611671503612355,6.45581451932722e-05,0.171626752479622,0.34275846477115246,0.001478804463997689,-0.0026048730229989614,-0.005191819742805999,-1.2406923611523352e-05,68.67127900518544,-0.0004963390427122588,-0.0008932230923385107,3.7186150768186895e-05,5403.3640889462395,5411.336137563441,5783.97678664261,5776.177729578509,0.02116877916163595,0.004783998178939674,0.38332591349401607,0
8.801999999999609,-2.0,1.0,1.5,0.0,-2.018994473062479,1.0095274570326853,1.5000232776096962,-0.003120105402893792,0.0015311693073358323,-0.00011286689474459685,0.013377379557274404,-0.006669262986016189,0.00017827525113329622,0.03895147542089259,0.07812972799885774,5.3115041480307906e-05,0.1686030947303503,0.3367321520107865,0.0014467214484469497,-0.0026655419571916064,-0.005313141359644637,-1.2362823639184487e-05,68.67132764154582,-0.0004739038215745274,-0.0008528999353466174,3.555174575133239e-05,5403.374061742647,5411.345491924438,5783.963815140419,5776.180307643614,0.021250011441832774,0.003477395017656696,0.37658361416620556,0
8.821999999999615,-2.0,1.0,1.5,0.0,-2.0190442140511373,1.0095517413828474,1.5000209970666942,-0.0019722863551980305,0.0009564944546831366,-0.00011492062804100378,0.012023464342124885,-0.005991090483090387,0.00018701009340136085,0.03499060865471211,0.070222225056573,4.2884800713378934e-05,0.16551169296608,0.33057035351415415,0.0014146177717985742,-0.002723395744169676,-0.005428846079326068,-1.2315159987937273e-05,68.67137345257775,-0.0004514604420435166,-0.0008125607324376541,3.391935797658364e-05,5403.383932961694,5411.3547315176265,5783.950724912315,5776.18276083536,0.021305358320083376,0.0021949947288067142,0.3696898364422506,0
8.841999999999622,-2.0,1.0,1.5,0.0,-2.0190712344466224,1.009564650514259,1.5000186795122343,-0.0008459690167923378,0.00039260540089811226,-0.00011660617770201901,0.010683916081388942,-0.0053201358961775325,0.00019508247071925517,0.03107190852065661,0.062398644771907714,3.383922525269519e-05,0.16235577354665112,0.32427950602672945,0.0013825377768328056,-0.0027784345306589046,-0.0055389339782524315,-1.2263756763676402e-05,68.67141639937269,-0.00042902569095954715,-0.0007722357474073651,3.228998257095093e-05,5403.393694466361,5411.363849785344,5783.937525051929,5776.1850876583985,0.021335296381867527,0.0009398933869674992,0.3626517803315784,0
8.861999999999629,-2.0,1.0,1.5,0.0,-2.0190759690711895,1.009566402536662,1.500016332220135,0.000258414660400619,-0.00016028190640862136,-0.0001179317868862144,0.009359472758424664,-0.00465676853524004,0.00020249418907336152,0.027197530814061472,0.05466329612515142,2.5947924603228915e-05,0.15913856132011772,0.3178660435742918,0.0013505250188782024,-0.0028306605542794123,-0.00564340930885211,-1.2208460612822153e-05,68.67145644915823,-0.0004066160847147297,-0.0007319547554919882,3.066459717777804e-05,5403.403338464188,5411.372840496451,5783.92422473493,5776.187286876327,0.021340312093309326,0.00032615384803819927,0.3554766427426709,0
8.881999999999636,-2.0,1.0,1.5,0.0,-2.019058861142227,1.0095572197565261,1.5000139622939885,0.0013404548938117185,-0.0007019626288163392,-0.00011890618205401371,0.008050849969986949,-0.004001346487078583,0.00020924836515789233,0.023369565802617225,0.04702035734413798,1.917846797701467e-05,0.15586327724771312,0.31133639272114894,0.0013186221573794233,-0.0028800781088817425,-0.005742280430533167,-1.2149140328561364e-05,68.67149357528015,-0.0003842478613784341,-0.0006917470290579738,2.904416196264019e-05,5403.41285751082,5411.381697746833,5783.9108332143205,5776.189357509759,0.021320901305031194,0.0015177975934653452,0.3481716121763858,0
8.901999999999642,-2.0,1.0,1.5,0.0,-2.0190203618292237,1.009537328455049,1.5000115766578064,0.002399764035406039,-0.0012322430192641888,-0.00011953854469971022,0.006758740744530736,-0.0033542165247444277,0.00021534938878222545,0.019590037702257576,0.03947387484918374,1.3496538001240164e-05,0.15253313606931138,0.3046969679086615,0.0012868708534799426,-0.0029266935089157136,-0.005835559738688825,-1.208568640929793e-05,68.67152775716936,-0.00036193697314737576,-0.0006516413238942268,2.7429619617137585e-05,5403.422244512804,5411.390415959269,5783.897359815207,5776.191298833819,0.02127756875662926,0.002700292530046055,0.34074386351258223,0
8.921999999999649,-2.0,1.0,1.5,0.0,-2.0189609298116107,1.0095069586665992,1.5000091820472334,0.0034359765209434658,-0.0017509403962518565,-0.00011983848253075467,0.005483815380073188,-0.0027157140267456293,0.00022080288302042282,0.015860904209886464,0.0320277623120463,8.866085092589875e-06,0.1491513440104706,0.29795416687626575,0.0012553116737294141,-0.002970515052868479,-0.005923263591842599,-1.2018010571725313e-05,68.67155898029385,-0.0003396990791228397,-0.0006116658661035477,2.5821895359852732e-05,5403.431492729625,5411.398989882669,5783.8838139291565,5776.193110375059,0.021210827582139373,0.003858249367990183,0.3332005528882125,0
8.941999999999656,-2.0,1.0,1.5,0.0,-2.018881030837791,1.0094663439577622,1.5000067850013454,0.004448748803606093,-0.0022578831102149427,-0.00011981600018394773,0.004226721301430125,-0.0020861629059554933,0.00022561566224811925,0.012184056092399344,0.02468579982780097,5.2494820311727964e-06,0.1457210965320924,0.2911143661670636,0.001223984000004564,-0.003011552985815846,-0.006005412237011377,-1.1946045221402026e-05,68.67158723609623,-0.0003175495384148002,-0.000571848339597739,2.4221896933694848e-05,5403.440595774932,5411.407414590682,5783.87020500806,5776.194791907827,0.021121198816840783,0.0049903665126802685,0.3255488126754611,0
8.961999999999662,-2.0,1.0,1.5,0.0,-2.0187811372856617,1.0094157212071433,1.5000043918550365,0.005437759272286808,-0.0027529105022225174,-0.00011948146957112638,0.0029880829366230295,-0.0014658755481214225,0.0002297956882442817,0.008561316831395655,0.017451633198421218,2.607678281165948e-06,0.14224557612368374,0.28418391671997273,0.0011929259457113736,-0.003049819461128245,-0.006082029733376639,-1.186974288348154e-05,68.67161252191745,-0.0002955034035739131,-0.0005322158741922115,2.2630514599047583e-05,5403.449547617104,5411.415685479732,5783.856542557601,5776.196343450116,0.021009210905741066,0.006096065777053186,0.3177957465488684,0
8.981999999999669,-2.0,1.0,1.5,0.0,-2.018661727724944,1.0093553303860794,1.5000020087320016,0.006402708154839835,-0.0032358728551477494,-0.00011884559994407091,0.0017685016122595872,-0.0008551527598731797,0.0002333520245243385,0.004994442322987556,0.010328773326892103,9.003536200750999e-07,0.13872795014115566,0.2771691395503225,0.0011621742783162424,-0.0030853285013729983,-0.006153143874341058,-1.1789075596490917e-05,68.67163484090698,-0.0002735754143474794,-0.0004927950343005048,2.1048621122057896e-05,5403.458342579036,5411.423798266481,5783.842836130275,5776.197765258902,0.020875399214090557,0.007174933388357041,0.3099484246531731,0
9.001999999999676,-2.0,1.0,1.5,0.0,-2.018523286481601,1.0092854143404106,1.4999996415383225,0.00734331740660083,-0.0037066313374657135,-0.00011791940776663501,0.0005685554676555966,-0.0002542837261182724,0.00023629478906229598,0.0014851206320465017,0.0033205957204820247,8.607065398928603e-08,0.13517136869005394,0.2700763215207039,0.001131764348234002,-0.0031180959584541246,-0.0062187861080579485,-1.1704034271851118e-05,68.67165420192013,-0.0002517799917636691,-0.0004536118082302346,1.947707175769271e-05,5403.466975337251,5411.431748984734,5783.829095318069,5776.199057825003,0.02072030554024402,0.008226623328723493,0.30201387887884096,0
9.021999999999682,-2.0,1.0,1.5,0.0,-2.018366303204655,1.0092062185734516,1.4999972959566539,0.008259330584490049,-0.004165057939835548,-0.00011671418648091825,-0.0006112006125186861,0.0003364540232915457,0.0002386351055883397,-0.001965028199790527,-0.0035696598981105197,1.2242581253405014e-07,0.131578962555056,0.26291171120375567,0.00110173002408128,-0.003148139473030227,-0.0062789914565130975,-1.1614628021912628e-05,68.67167061940322,-0.0002301312325401669,-0.00041469159807399464,1.7916704227084348e-05,5403.475440920351,5411.439533981835,5783.81532974473,5776.200221867487,0.020544477631211214,0.009250830857139578,0.2939990982313043,0
9.041999999999689,-2.0,1.0,1.5,0.0,-2.0181912724356676,1.0091179910303143,1.4999949774410184,0.009150512707018152,-0.0046110354046271776,-0.00011524147625285627,-0.0017702350473196172,0.0009167946377395949,0.00024038505360301195,-0.005354452293036068,-0.010338889873219848,9.661984341656369e-07,0.12795384117653308,0.2556815148385126,0.0010721036342850358,-0.003175478433255081,-0.006333798433244541,-1.1520883459657613e-05,68.67168411326665,-0.00020864290381596422,-0.00037605921019751053,1.6368338688935306e-05,5403.48373470678,5411.447149914549,5783.801549057716,5776.201258327637,0.020348468701198927,0.010247283098552266,0.2859110243146353,0
9.061999999999696,-2.0,1.0,1.5,0.0,-2.0179986931811817,1.0090209818837117,1.499992691212204,0.010016650100519654,-0.005044457148555363,-0.00011351303377758447,-0.0029080395905783617,0.0014864839609981867,0.00024155761729983112,-0.008681668016936674,-0.01698412679369722,2.573497570022851e-06,0.12429909067491683,0.24839189238181672,0.0010429159150178492,-0.003200133932878988,-0.006383248959783937,-1.1422843972497156e-05,68.67169470874727,-0.00018732843820641832,-0.0003377388463184493,1.483277770463784e-05,5403.491852421991,5411.454593744486,5783.787762919825,5776.202168362532,0.02013283695346863,0.011215735034704105,0.2777565469085103,0
9.081999999999702,-2.0,1.0,1.5,0.0,-2.017789068488378,1.0089154433213856,1.4999904422537629,0.010857550231943937,-0.005465227178586552,-0.00011154080222630376,-0.004024129344183402,0.002045279537486013,0.00024216663354131762,-0.011945260024473553,-0.023502539566985954,4.899906152660592e-06,0.12061777192357186,0.2410489536562086,0.0010141959644143189,-0.003222128728753812,-0.006427388280895261,-1.1320568973283117e-05,68.6717024362599,-0.00016620092917895096,-0.00029975409517672854,1.3310806197053551e-05,5403.49979013499,5411.461862733053,5783.77398100052,5776.202953338222,0.019898145105802206,0.012155967526417148,0.26954249966796373,0
9.101999999999709,-2.0,1.0,1.5,0.0,-2.0175629050242274,1.008801629335288,1.4999882353086136,0.01167304152853912,-0.005873260001286282,-0.00010933688141156313,-0.005118042753861438,0.002592950609762737,0.0002422267390586956,-0.015143881236552277,-0.029891433391336465,7.900622194558788e-06,0.11691291867082217,0.23365875459562835,0.000985971203005892,-0.003241487197778733,-0.006466264878700013,-1.1214133130994574e-05,68.67170733123928,-0.00014527312674999824,-0.0002621279247918251,1.1803191402811837e-05,5403.507544254313,5411.468954436006,5783.760212966998,5776.2036148225725,0.01964495991988269,0.013067786198256576,0.26127565592000784,0
9.121999999999716,-2.0,1.0,1.5,0.0,-2.0173207126583867,1.0086797955126456,1.49998607487623,0.012462973184768168,-0.006268480525777496,-0.00010691349824441183,-0.006189341587733549,0.0031292781074007403,0.00024175331703758744,-0.01827625277618946,-0.036148249627783374,1.1530596700270942e-05,0.11318753571173772,0.22622729359015212,0.0009582673402955048,-0.0032582352933347774,-0.006499930385767208,-1.110362558440851e-05,68.67170943397237,-0.00012455743349752688,-0.00022488267529884268,1.0310682818144104e-05,5403.5151115234285,5411.475866697589,5783.746468475009,5776.20415457778,0.0193738517348723,0.013951020722599797,0.25296272458459335,0
9.141999999999722,-2.0,1.0,1.5,0.0,-2.0170630040500974,1.0085501988290355,1.4999839652104243,0.013227214956800758,-0.006650823960481689,-0.0001042829775594107,-0.0072376108979356375,0.0036540546273776016,0.00024076244324059405,-0.021341163853523294,-0.04227056557357462,1.5744667995390678e-05,0.1094445971102328,0.21876050793090718,0.0009311083473778626,-0.0032724005012397315,-0.006528439497241966,-1.0989149140822145e-05,68.67170878942255,-0.00010406590089031329,-0.00018804005237107787,8.83401213824891e-06,5403.522489015658,5411.482597644296,5783.732757159469,5776.204574552572,0.019085394005473346,0.014805524300278584,0.2446103461870067,0
9.161999999999729,-2.0,1.0,1.5,0.0,-2.0167902942393217,1.0084130974435912,1.4999819103177032,0.013965656944929121,-0.007020235703817221,-0.00010145771337043771,-0.008262458965596305,0.004167084406134969,0.00023927083183006151,-0.024337471602486,-0.048256094138765256,2.049769219507578e-05,0.10568704447199326,0.2112642703562091,0.0009045164354967969,-0.003284011795269313,-0.006551849882109869,-1.0870819463073491e-05,68.6717054470456,-8.381022593030612e-05,-0.00015162112120806047,7.373893190387289e-06,5403.529674128546,5411.4891456783025,5783.719088624861,5776.204876874161,0.01878016284474031,0.01563117324157721,0.23622508900935119,0
9.181999999999736,-2.0,1.0,1.5,0.0,-2.016503100242366,1.00826875049646,1.499979913956197,0.01467820936425833,-0.007376671229030655,-9.845014062913942e-05,-0.009263517229470383,0.00466818328345796,0.00023729578103191113,-0.027264100870023938,-0.05410268342771587,2.5744669554648375e-05,0.10191778526869413,0.20374438569987255,0.0008785120404171142,-0.003293099592281862,-0.006570222093657224,-1.0748764247204896e-05,68.67169946059853,-6.380174810658195e-05,-0.00011564630109724585,5.9310218608674385e-06,5403.5366645778095,5411.4955094705665,5783.705472435515,5776.205063839933,0.0184587365719176,0.016427866598934856,0.2278134453355164,0
9.201999999999742,-2.0,1.0,1.5,0.0,-2.016201940652212,1.0081174179086263,1.4999779796351451,0.015364802304025876,-0.007720095963338659,-9.527270754460311e-05,-0.010240440198543945,0.005157178658327171,0.0002348551187970475,-0.030120043958738338,-0.059808316227336365,3.144086646470114e-05,0.09813969121392555,0.19620658764256574,0.0008531138124751931,-0.003299695706986883,-0.006583619479219031,-1.0623122393507525e-05,68.67169088794196,-4.405144665629857e-05,-8.013536054095876e-05,4.506076016120877e-06,5403.543458390816,5411.501687953641,5783.6919181057165,5776.20513790894,0.01812169526555253,0.017195525825451214,0.21938182781932536,0
9.221999999999749,-2.0,1.0,1.5,0.0,-2.0158873352437863,1.0079593601842136,1.499976110614932,0.01602538547590761,-0.008050485161559434,-9.193784852591285e-05,-0.011192905348919344,0.005633909436903567,0.0002319671485947563,-0.032904360323865914,-0.06537110940387153,3.754193287310862e-05,0.09435559669120853,0.18865653556698286,0.0008283386121606375,-0.003303833306394774,-0.006592108089285085,-1.0494043173377752e-05,68.67167979083638,-2.4569938132073572e-05,-4.510741293818397e-05,3.099715418240976e-06,5403.550053899658,5411.5076803142165,5783.678435089729,5776.205101693182,0.017769620322145806,0.01793409444482522,0.21093656597256033,0
9.241999999999756,-2.0,1.0,1.5,0.0,-2.015559804584381,1.0077948382153727,1.4999743099076517,0.01665992795167014,-0.008367823774414035,-8.845795780290312e-05,-0.012120613005310386,0.00609822597280751,0.00022865059548962655,-0.03561617622552375,-0.07078931321014895,4.400401493636963e-05,0.09056829723442311,0.18109981151751642,0.0008042015110693839,-0.0033055468639893062,-0.006595756586046428,-1.0361685394566438e-05,68.67166623473344,-5.36747427101494e-06,-1.058091282283287e-05,1.712581635264145e-06,5403.556449733865,5411.513485985424,5783.66503277174,5776.204957948744,0.01740309402057014,0.0186435377244982,0.20248390276519446,0
9.261999999999762,-2.0,1.0,1.5,0.0,-2.01521986964943,1.0076241130898602,1.4999725802781967,0.01726841789053184,-0.008672106311678878,-8.48453637774926e-05,-0.013023286207473915,0.00654998999985729,0.00022492455261670133,-0.038254684337166125,-0.07606131050518587,5.078386272264345e-05,0.08678054806094276,0.17354191726502965,0.0007807157980584675,-0.0033048721136562965,-0.006594636151457708,-1.022621656707883e-05,68.67165028856257,1.3546059835670065e-05,2.3426347354314927e-05,3.452979466831606e-07,5403.562644812722,5411.519104638932,5783.651720455741,5776.204709566794,0.017022699092498785,0.019323842347184872,0.19402999134232143,0
9.281999999999769,-2.0,1.0,1.5,0.0,-2.0148680514438557,1.0074474459014096,1.4999709242458485,0.017850862256596566,-0.008963336700372011,-8.111230415695515e-05,-0.013900670561911993,0.00698907455743508,0.00022080842820636408,-0.04081914331121482,-0.08118561588809599,5.783893280869646e-05,0.08299506265771515,0.16598827147723863,0.0007578929904224693,-0.0033018460034113036,-0.0065888203948866715,-1.0087812072235574e-05,68.67163202451378,3.2161147278136903e-05,5.689723990290054e-05,-1.0015307554009705e-06,5403.56863833731,5411.5245361768375,5783.638507355404,5776.20435956446,0.01662901829907712,0.019975016077943598,0.18558089185925833,0
9.301999999999776,-2.0,1.0,1.5,0.0,-2.0145048706291684,1.007265097562991,1.4999693440863577,0.018407286526726113,-0.009241528138156294,-7.727090191105914e-05,-0.014752534079188695,0.007415363908651362,0.00021632189326900247,-0.04330887730284272,-0.08616087474829333,6.512748563269477e-05,0.07921451142049098,0.15844420699513273,0.0007357428499027879,-0.0032965066489599112,-0.00657838526043141,-9.946654336923255e-06,68.67161151781727,5.046864057060584e-05,8.981530403587782e-05,-2.3273180690428602e-06,5403.5744297822275,5411.529780723416,5783.625402583949,5776.203911075642,0.016222634014047537,0.02059708742510963,0.1771425684417213,0
9.321999999999782,-2.0,1.0,1.5,0.0,-2.014130847156513,1.007077328623055,1.4999678418344946,0.01893773438921845,-0.00950670294214347,-7.333314209844533e-05,-0.015578666997205132,0.007828753451481428,0.0002114848300567455,-0.04572327545290463,-0.09098586223398689,7.260867748425146e-05,0.07544152034636205,0.1509149682157691,0.0007142734033329062,-0.0032888932871287147,-0.006563408933973526,-9.80293201540998e-06,68.67158884652036,6.845976260436273e-05,0.00012216474748704458,-3.6314961884579374e-06,5403.580018887036,5411.534838616708,5783.61241514405,5776.203367341759,0.01580412781355104,0.02119010529413378,0.1687208862636595,0
9.34199999999979,-2.0,1.0,1.5,0.0,-2.013746499905833,1.0068843990848464,1.4999664192870552,0.01944226743366031,-0.009758892393283656,-6.93108496011774e-05,-0.016378881590790473,0.008229149623050732,0.00020631728142869556,-0.048061791331027906,-0.09565948214104089,8.024264703241901e-05,0.07167866977972089,0.14340570858169593,0.0006934909677150071,-0.0032790462292044994,-0.006543971750046201,-9.656839180708413e-06,68.67156409126278,8.612610731687958e-05,0.00015393044761072963,-4.9135160128373434e-06,5403.585405647504,5411.539710400027,5783.5995539177875,5776.202731702465,0.015374080072797268,0.02175413863382162,0.16032160873181503,0
9.361999999999796,-2.0,1.0,1.5,0.0,-2.013352346331337,1.0066865682288806,1.499965078006299,0.0199209648323229,-0.009998136576525,-6.521566779844826e-05,-0.017153011967955222,0.008616469797246062,0.0002008394012158269,-0.05032394233987611,-0.10018076572420696,8.799059631115928e-05,0.06792849321172417,0.13592148817718486,0.000673400179517276,-0.003267006814214749,-0.006520156098580069,-9.508574527356155e-06,68.67153733505043,0.0001034596400793589,0.0001850979519687263,-6.172847257331952e-06,5403.590590306615,5411.544396813338,5783.586827656711,5776.2020075863475,0.014933069569820304,0.022289276074758894,0.1519503948081912,0
9.381999999999802,-2.0,1.0,1.5,0.0,-2.012948902113431,1.0064840944386584,1.499963819323806,0.020373923013470643,-0.010224484216928688,-6.105903821516672e-05,-0.017900913853175934,0.008990642175835352,0.00019507140568638174,-0.05250930908163387,-0.10454887043286885,9.581486610051978e-05,0.06419347613329386,0.12846727143135733,0.0006540040279752934,-0.0032528173621851073,-0.006492046331607279,-9.358340587678465e-06,68.67150866302852,0.0001204526978049668,0.00021565347841395383,-7.408978565448712e-06,5403.595573345398,5411.548898784608,5783.574244971965,5776.201198501667,0.014481673096503151,0.022795625559900747,0.14361279644081917,0
9.40199999999981,-2.0,1.0,1.5,0.0,-2.012536680817256,1.0062772350297042,1.499962644344728,0.020801255326952345,-0.01043799251192456,-5.6852181172939556e-05,-0.01862246435807315,0.0093516056732762,0.00018903352622457614,-0.05461753468774379,-0.10876307857339391,0.00010367900565983704,0.060476054941651675,0.12104792492822036,0.0006353038921758813,-0.003236521127412422,-0.00645972866998298,-9.206342963337083e-06,68.67147816225493,0.00013709798878757583,0.00024558391467922137,-8.621417622398829e-06,5403.600355473632,5411.5532174210875,5783.561814324602,5776.200308027115,0.014020465077053465,0.023273313967429748,0.1353142561206513,0
9.421999999999816,-2.0,1.0,1.5,0.0,-2.0121161935580103,1.0060662460819971,1.4999615539524158,0.021203091702444988,-0.010638726959892444,-5.260607746422654e-05,-0.019317561739847677,0.009699309795399971,0.00018274596328513989,-0.056648324112968065,-0.11282279590020727,0.00011154783678708597,0.05677861590034648,0.11366821532354418,0.0006172995816979037,-0.0032181622517831647,-0.00642329111020479,-9.052789573704062e-06,68.67144592147375,0.0001533885922695437,0.00027487681747960047,-9.809691268596816e-06,5403.604937620389,5411.5573540005835,5783.549544016017,5776.1993398026425,0.01355001719412528,0.023722486726075326,0.12706010455391295,0
9.441999999999823,-2.0,1.0,1.5,0.0,-2.0116879486731754,1.0058513822758712,1.4999605488134014,0.02157957830071893,-0.01082676118525408,-4.8331451074640986e-05,-0.019986125147852814,0.010033714512156336,0.00017622884173585222,-0.05860144339483437,-0.11672755013777432,0.00011938751219578352,0.05310349415269263,0.10633280736843216,0.0005999893805811007,-0.0031977857181694266,-0.006382823331383828,-8.897889922680137e-06,68.67141203089014,0.00016931795774474573,0.00030352041113526385,-1.0973345612576208e-05,5403.609320924506,5411.561309962741,5783.5374421785655,5776.19829752037,0.013070898022755953,0.024143307423146205,0.11885555845953034,0
9.46199999999983,-2.0,1.0,1.5,0.0,-2.0112524514017927,1.0056328967314485,1.4999596293827144,0.021930877158293543,-0.011002176760260626,-4.403875296894905e-05,-0.020628094358670173,0.01035479012460555,0.00016950216764466177,-0.06047671887954175,-0.12047698943562102,0.00012716556821756712,0.0494529727885033,0.09904626203937095,0.0005833700943914483,-0.0031754373039439635,-0.006338416602443581,-8.741854385717885e-06,68.67137658194689,0.00018487990400385218,0.0003315035857243759,-1.2111946142718425e-05,5403.61350672499,5411.565086900327,5783.525516766419,5776.1971849156125,0.012583672672300752,0.024535957405569964,0.11070571848497016,0
9.481999999999836,-2.0,1.0,1.5,0.0,-2.0108102035709154,1.0054110408516739,1.4999587959095109,0.022257165825851036,-0.011165063023659558,-3.973814595416441e-05,-0.02124342950007142,0.010662517126348187,0.00016258578659474878,-0.062274036415415346,-0.12407088075860444,0.00013485097185487153,0.04582928196395957,0.09181303477445428,0.000567437100149704,-0.003151163534635007,-0.006290163689606853,-8.584893518014187e-06,68.67133966710304,0.0002000686179228451,0.0003588158947761388,-1.3225077836993862e-05,5403.61749655134,5411.56868655058,5783.513775546597,5776.1960057580045,0.012088902436540283,0.02490063537426234,0.10261556725115627,0
9.501999999999843,-2.0,1.0,1.5,0.0,-2.0103617032893584,1.005186064169006,1.4999580484429926,0.02255863700077501,-0.01131551689642492,-3.5439490632050454e-05,-0.02183211076424301,0.010956886059582017,0.00015549934358656152,-0.06399334051500095,-0.1275091082146171,0.00014241416222373447,0.04223459807442903,0.08463747381541716,0.0005521843988889291,-0.0031250116377618386,-0.006238158764234988,-8.427217385489994e-06,68.67130137961546,0.0002148786530019544,0.00038544755251194264,-1.431234526998487e-05,5403.621292113905,5411.57211078661,5783.502226090287,5776.1947638428155,0.011587144452145383,0.025237556972169662,0.09458996749759965,0
9.52199999999985,-2.0,1.0,1.5,0.0,-2.009907444648859,1.0049582141958258,1.4999573868385963,0.02283549815417894,-0.011453642694733713,-3.1152332446742446e-05,-0.02239413811065334,0.01123789736597726,0.00014826224458787887,-0.06563463348689887,-0.13079167132192257,0.0001498270864418205,0.03867104298000333,0.07752381865503835,0.0005376046706061075,-0.003097029496878463,-0.006182497311080914,-8.269034919684105e-06,68.67126181332328,0.00022930492765865388,0.0004113894306419238,-1.537337271644695e-05,5403.624895294179,5411.57536160887,5783.49087576441,5776.1934629823745,0.011078951365694374,0.025546954366341863,0.08663366038531395,0
9.541999999999856,-2.0,1.0,1.5,0.0,-2.0094479174327518,1.0047277362786147,1.4999568107644272,0.023087971152788298,-0.011579551940370497,-2.6885889832562754e-05,-0.022929530958951276,0.011505561232561641,0.00014089361978868701,-0.0671979745384389,-0.13391868321837266,0.00015706323003122498,0.03514068328349522,0.07047619858939304,0.0005236893313736255,-0.0030672656058548867,-0.006123276037020793,-8.110553297430068e-06,68.67122106243653,0.0002433427232809923,0.0004366330547329703,-1.6407804250728322e-05,5403.628308135196,5411.578441136752,5783.479731723483,5776.192106997715,0.010564871009448865,0.025829075824403684,0.07875126390164795,0
9.561999999999863,-2.0,1.0,1.5,0.0,-2.0089836068322606,1.0044948734559493,1.4999563197079206,0.023316291876037638,-0.011693363168741382,-2.2649043462886735e-05,-0.023438327872272628,0.011759897432808841,0.0001334122885999461,-0.06868347885031185,-0.13689036881468813,0.00016409764191933608,0.03164552966059817,0.06349863137438022,0.0005104285923771386,-0.003035769023429242,-0.006060592780317522,-7.951977346632447e-06,68.67117922132844,0.0002569876820449303,0.0004611706001490981,-1.7415303841207225e-05,5403.6315328319015,5411.581351600276,5783.468800901778,5776.190699710401,0.010045446086140422,0.026084185285797715,0.07094727143150312,0
9.58199999999987,-2.0,1.0,1.5,0.0,-2.008514993170501,1.0042598663203628,1.4999559129827058,0.023520709828742208,-0.011795201734677376,-1.8450326597039585e-05,-0.023920586231346498,0.012000935163121404,0.00012583672643730323,-0.07009131662425905,-0.1397070628940725,0.00017090695413419734,0.02818753624188082,0.05659502198587333,0.0004978115206481863,-0.0030025893280554326,-0.005994546420477654,-7.793508978677139e-06,68.67113638433257,0.0002702358045012728,0.00048499488757972883,-1.8395555439081054e-05,5403.634571721648,5411.584095331914,5783.4580900058,5776.189244934563,0.00952121386306029,0.026312561928177537,0.0632260504443385,0
9.601999999999876,-2.0,1.0,1.5,0.0,-2.008042551634267,1.0040229528841103,1.4999555897356487,0.02370148774970122,-0.011885199616206023,-1.4297916522150546e-05,-0.024376381899783087,0.012228712874904507,0.00011818503333707199,-0.0714217121049532,-0.14236920816036863,0.00017746939630323326,0.02476860004625463,0.049769161482776964,0.00048582610126210555,-0.002967776573079104,-0.005925236788761571,-7.635346648451784e-06,68.67109264554489,0.0002830834469383881,0.0005080993781651038,-1.9348263060779308e-05,5403.637427274756,5411.586674758569,5783.447605507118,5776.187746469166,0.00899270587583062,0.026514499729331453,0.05559184138424387,0
9.621999999999883,-2.0,1.0,1.5,0.0,-2.0075667520136964,1.003784368448883,1.4999553489540551,0.02385890121658709,-0.011963495216468745,-1.0199627080120826e-05,-0.024805808880932683,0.012443278102421098,0.00011047490441622628,-0.07267494257717091,-0.1448773532370168,0.00018376480507589874,0.021390560465522828,0.04302472597221306,0.0004744593007747054,-0.00293138124226663,-0.005852764579398173,-7.4776848426134605e-06,68.67104809863122,0.0002955273185239052,0.0005304781682270172,-2.0273150863207317e-05,5403.640102085186,5411.589092393708,5783.43735363553,5776.186208090526,0.008460447642387677,0.02669030702501798,0.0480487568586134,0
9.64199999999989,-2.0,1.0,1.5,0.0,-2.007088058449868,1.0035443454794992,1.499955189473014,0.023993238247472026,-0.012030233163960102,-6.162902269441885e-06,-0.02520897896669992,0.012644687286624646,0.00010272360220084855,-0.07385133733939132,-0.14723215061904,0.0001897746286018625,0.018055198799584022,0.03636527567599089,0.000463697131674527,-0.0028934542057162268,-0.0057772312615567405,-7.320713596535324e-06,68.67100283664028,0.0003075644782343651,0.0005521259836157979,-2.1169963211277696e-05,5403.6425988613455,5411.591350829664,5783.4273403726065,5776.184633545056,0.007924958387911008,0.02684030606309407,0.040600781207018634,0
9.661999999999896,-2.0,1.0,1.5,0.0,-2.0066069291904065,1.0033031134816088,1.4999551099828532,0.024104798899340807,-0.012085564111263351,-2.1948109095435815e-06,-0.025586021378703062,0.01283300559516241,9.49479308565148e-05,-0.07495127665493713,-0.14943435458031576,0.00019548192620662052,0.014764237841839816,0.029794254097459297,0.0004535247176316811,-0.0028540466761754536,-0.005698738992135837,-7.164618040562571e-06,68.67095695182292,0.0003191923315731051,0.0005730381736848242,-2.2038464736801053e-05,5403.644920417043,5411.593452730141,5783.4175714456,5776.183026542301,0.007386750781843872,0.02696483255431625,0.033251771025420485,0
9.681999999999903,-2.0,1.0,1.5,0.0,-2.0061238163531456,1.0030608988834382,1.4999551090366914,0.024193894863934702,-0.01212964453245543,1.6979576488657928e-06,-0.02593708240215912,0.013008306738741501,8.716421230940315e-05,-0.07597519068177139,-0.15148481903834196,0.00020087136341592215,0.011519341514320488,0.023314987287775434,0.00044392635932850595,-0.002813210165793846,-0.005617390529415599,-7.009577975876611e-06,68.67091053545755,0.00033040862708756495,0.0005932107049020464,-2.2878440388299206e-05,5403.647069662609,5411.595400822881,5783.408052321758,5776.181390748224,0.006846330688790438,0.02706423522019257,0.02600545815138807,0
9.70199999999991,-2.0,1.0,1.5,0.0,-2.0056391656979016,1.0028179249216003,1.4999551850580652,0.024260849061268082,-0.012162636519352342,5.509096785382367e-06,-0.026262325012885866,0.013170672784052352,7.938826428250753e-05,-0.07692355838207832,-0.1533844953787665,0.0002059292024893359,0.008322114552017996,0.016930683210570036,0.0004348856006625113,-0.0027709964433321704,-0.005533289147618426,-6.855767480169524e-06,68.67086367768236,0.0003412114526874941,0.0006126401541076086,-2.368969547096756e-05,5403.649049596167,5411.597197892591,5783.398788203029,5776.179729778803,0.006304196936262874,0.02713887533826085,0.018865461094954867,0
9.721999999999916,-2.0,1.0,1.5,0.0,-2.0051534164063956,1.0025744115309903,1.4999553363486127,0.02430599523115615,-0.01218470757676434,9.232684864314268e-06,-0.026561928497802118,0.013320193963441519,7.163538022891797e-05,-0.07779690641274149,-0.15513443024189208,0.0002106432886312629,0.005174102235885532,0.01064443120393227,0.00042638529511731106,-0.0027274574918551594,-0.005446538552439118,-6.7033545433917705e-06,68.67081646733435,0.00035159923177190263,0.0006313237014305331,-2.4472055676165723e-05,5403.650863295161,5411.598846774031,5783.38978402118,5776.1780471939,0.005760841104418489,0.027189126285166162,0.0118353390116774,0
9.741999999999923,-2.0,1.0,1.5,0.0,-2.0046670008703695,1.0023305752387854,1.4999555610957855,0.02432967752308757,-0.012196030416928239,1.2863186504608661e-05,-0.0268360880693084,0.013456968481525838,6.392031117512978e-05,-0.07859580799783532,-0.15673576327337582,0.00021500303205507535,0.0020767901739393133,0.004459201538577682,0.00041840767210335694,-0.0026826454669292856,-0.005357242797580373,-6.5525007336173815e-06,68.67076899179531,0.00036157071916839776,0.0006492591228752607,-2.5225367099847817e-05,5403.652513908009,5411.600350345368,5783.381044433325,5776.17634649143,0.005216747347138592,0.02721537307790651,0.004919099088409574,0
9.76199999999993,-2.0,1.0,1.5,0.0,-2.0041803444879136,1.0020866290625645,1.49995585738058,0.024332250084772165,-0.012196782753282278,1.6395452888959145e-05,-0.02708501447393271,0.013581102318938646,5.625724945489309e-05,-0.07932088178423685,-0.1581897248413559,0.00021899938608267548,-0.0009683958701338562,-0.0016221549289822997,0.0004109344030761795,-0.0026366126553514706,-0.005265506202343495,-6.403360893065498e-06,68.67072133684539,0.00037112499689402,0.0006664447825847119,-2.5949496249399204e-05,5403.654004646044,5411.601711521736,5783.372573817894,5776.174631101846,0.004672392262344607,0.02721801191361218,0.001889226689950607,0
9.781999999999936,-2.0,1.0,1.5,0.0,-2.0036938654680423,1.0018427824125569,1.499956223185264,0.024314076649689428,-0.012187147093746542,1.982472114032245e-05,-0.027308933595616112,0.013692709033399622,4.8659814315164185e-05,-0.07997279068147457,-0.1594976337221841,0.00022262482146760655,-0.003960090101477841,-0.007596907009507424,0.00040394666724692614,-0.002589411434425262,-0.005171433270316681,-6.256082864022507e-06,68.67067358652392,0.00038026146973957635,0.0006828796247951523,-2.6644330038273536e-05,5403.655338775651,5411.602933249055,5783.364376271014,5776.172904382927,0.004128244848059842,0.02719744970821999,0.008567106268612543,0
9.801999999999943,-2.0,1.0,1.5,0.0,-2.0032079746435167,1.0015992409980294,1.4999566564010791,0.02427553012395935,-0.012167310533670112,2.314661279284417e-05,-0.02750808605402307,0.013791909558295457,4.114103938441136e-05,-0.08055224068690171,-0.16066089475699938,0.00022587329713501944,-0.006896986772321337,-0.013462443341618285,0.00039742521670656103,-0.0025410942318112918,-0.005075128609206527,-6.110807244724935e-06,68.67062582299795,0.00038897986068545375,0.0006985631654917439,-2.730977576791476e-05,5403.65651961065,5411.604018498085,5783.356455603334,5776.171169614889,0.0035847666243134964,0.027154103634399372,0.015126328263287431,0
9.82199999999995,-2.0,1.0,1.5,0.0,-2.0027230752919425,1.001356206737818,1.499957154835904,0.024216992172852236,-0.012137464548603602,2.6357131387740533e-05,-0.027682726798244836,0.013878831998961618,3.371336197409297e-05,-0.08105997969730551,-0.1616809964812855,0.00022874022753616958,-0.009777840214652158,-0.01921627246124482,0.0003913504407924679,-0.0024917134859718756,-0.004976696851850956,-5.9676671748429394e-06,68.67057812643868,0.00039728020615573833,0.0007134954837757798,-2.7945761096575284e-05,5403.657550504951,5411.604970258724,5783.348815337296,5776.169429995805,0.003042412113665294,0.027088400659082305,0.021560873900160853,0
9.841999999999956,-2.0,1.0,1.5,0.0,-2.002239562965137,1.0011138776750041,1.4999577162218611,0.024138852807249412,-0.012097804787053218,2.9452659226078465e-05,-0.027833124696271593,0.013953611426849952,2.638861417919543e-05,-0.081496796308028,-0.16255950872959699,0.0002312224468188247,-0.012601464827999807,-0.02485602278130927,0.00038570242953384716,-0.002441321607224862,-0.004876242578450642,-5.826788150145202e-06,68.6705305749055,0.0004051628511143249,0.0007276772129523429,-2.855223399445966e-05,5403.658434845433,5411.605791534574,5783.341458704826,5776.167688637359,0.002501630202004249,0.027000777080944095,0.027867880693157022,0
9.861999999999963,-2.0,1.0,1.5,0.0,-2.0017578253267634,1.000872447895732,1.4999583382228479,0.024041509970362203,-0.012048530863370266,3.2429953310452785e-05,-0.02795956212060324,0.014016389671769505,1.9178015757826574e-05,-0.0818635186006936,-0.16329808021760625,0.00023331817001800306,-0.015366735023036543,-0.030379442483071464,0.00038046103601996106,-0.002389970939429688,-0.004773870240062909,-5.688287865993372e-06,68.67048324423813,0.00041262844400889986,0.0007411095313538363,-2.9129162684822887e-05,5403.659176045107,5411.606485337747,5783.334388645489,5776.165948560905,0.0019628680327147684,0.026891678068177202,0.034044780048446466,0
9.88199999999997,-2.0,1.0,1.5,0.0,-2.001278241998222,1.0006321074521694,1.4999590184419789,0.02392536912501107,-0.011989846150927498,3.528614051062539e-05,-0.028062334530368563,0.01406731511238276,1.2092168744550944e-05,-0.08216101292060707,-0.16389843610362434,0.00023502695147373492,-0.018072585121729278,-0.035784399320602206,0.00037560593754332747,-0.0023377137223246484,-0.0046696840833918936,-5.552276089295734e-06,68.67043620795683,0.0004196779315711547,0.0007537941529063075,-2.9676535570688382e-05,5403.65977753658,5411.60705468395,5783.3276078050685,5776.164212693868,0.0014265840056598435,0.026761557196894502,0.040089169671020886,0
9.901999999999976,-2.0,1.0,1.5,0.0,-2.0008011844127958,1.000393042289597,1.4999597544289227,0.02379084284176171,-0.011921957575730838,3.801871198759432e-05,-0.02814175005030901,0.014106542465140896,5.141053759592302e-06,-0.08239018264489614,-0.16436237553167102,0.00023634964068413648,-0.020718009214797703,-0.0410688803398947,0.00037111669537796924,-0.002284602054530075,-0.004563788076907368,-5.418854558206145e-06,68.67038953717048,0.0004263125534776458,0.0007657333174515091,-3.0194361146808452e-05,5403.660242765743,5411.6075025878035,5783.321118534609,5776.162483866457,0.0008933075678118272,0.0266108759904929,0.04599879090591642,0
9.921999999999983,-2.0,1.0,1.5,0.0,-2.0003270156780095,1.000155434177622,1.4999605436871215,0.02363835038820967,-0.011845075410612582,4.062551691275336e-05,-0.02819812904699792,0.014134232571837236,-1.6659720279885138e-06,-0.08255196694244638,-0.16469176915825318,0.00023728833580316164,-0.02330206097724559,-0.04623099151415707,0.0003669728130615299,-0.0022306878572364644,-0.004456285838328042,-5.2881169091102825e-06,68.67034330049285,0.0004325338368768601,0.0007769297808336031,-3.068266789655401e-05,5403.660575185777,5411.607832058454,5783.314922889871,5776.160764808703,0.0003642194913277102,0.02644010346030241,0.05177152213856043,0
9.94199999999999,-2.0,1.0,1.5,0.0,-1.9998560904462002,0.9999194606454974,1.499961383680873,0.02346831731969963,-0.011759413070149232,4.310475551927183e-05,-0.02823180370264032,0.014150552185959394,-8.320175329454394e-06,-0.08264733952668586,-0.1648885566648659,0.00023784633499260877,-0.02582385344276119,-0.05126895729687507,0.00036315379305799315,-0.002176022838590714,-0.004347280563504066,-5.160148630054946e-06,68.67029756396677,0.000438343590789403,0.0007873868047649234,-3.114150417348566e-05,5403.660778251449,5411.608046095407,5783.309022631239,5776.159058147818,0.0001693746362401504,0.026249715647840045,0.05740537615175111,0
9.961999999999996,-2.0,1.0,1.5,0.0,-1.9993887547932419,0.999685294921536,1.4999622718422716,0.023281175071759395,-0.011665186906444639,4.545497152343936e-05,-0.028243117586818044,0.014155673758014839,-1.4813445610952836e-05,-0.0826773074022431,-0.1649547442583418,0.00023802808583779173,-0.028282558737789947,-0.05618112009426125,0.00035963919168685435,-0.002120658458800642,-0.004236874956720199,-5.0350270401191165e-06,68.67025239099642,0.0004437439003872721,0.0007971081464765652,-3.157093806741505e-05,5403.660855413672,5411.608147684661,5783.3034192240675,5776.157366405865,0.0006885371472051549,0.026040195168981255,0.06289849861290935,0
9.982000000000003,-2.0,1.0,1.5,0.0,-1.998925346105412,0.9994531058765963,1.4999632055779888,0.023077360554523866,-0.011562616005915776,4.7675043953652594e-05,-0.028232425226517727,0.014149775220006612,-2.1138292461492524e-05,-0.08264290960651453,-0.16489240216101891,0.0002378391330352763,-0.030677407776110024,-0.06096593965874531,0.0003564086722126215,-0.0020646458959659307,-0.004125171162459865,-4.912821293766533e-06,68.6702078422875,0.0004487371211573794,0.0008060980481698829,-3.1971057254670944e-05,5403.660810114375,5411.60813979507,5783.298113839438,5776.155691997752,0.001206369762907668,0.025812030760356104,0.06824916696144277,0
10.00200000000001,-2.0,1.0,1.5,0.0,-1.9984661929743368,0.9992230579716219,1.499964182275883,0.022857315749417427,-0.011451921987216035,4.976417842808265e-05,-0.028200091674794522,0.014133039769229982,-2.72878415076636e-05,-0.08254521594714335,-0.16470366209278717,0.00023728606455970764,-0.03300768991474741,-0.06562199240519465,0.0003534420559977508,-0.0020080360126548185,-0.0040122706986487405,-4.793592409459867e-06,68.67016397579529,0.0004533258729561893,0.0008143612262765405,-3.234196883253643e-05,5403.660645781656,5411.608025374969,5783.293107355353,5776.154037229532,0.0017197342285350204,0.025565716828270288,0.07345578945482248,0
10.022000000000016,-2.0,1.0,1.5,0.0,-1.9980116150999796,0.998995311209207,1.4999651993114316,0.022621487308358,-0.011333328800427648,5.172189791713563e-05,-0.02814649207840773,0.014105655651561902,-3.325582894328839e-05,-0.08238532573641846,-0.16439071474697645,0.00023637645651467573,-0.03527275257208975,-0.07014797065157645,0.00035071937163034145,-0.0019508793232359165,-0.0038982743914096588,-4.6773933215788785e-06,68.67012084668053,0.0004575130339615636,0.0008219028605387145,-3.2683799137735076e-05,5403.660365825237,5411.607807349067,5783.288400358332,5776.152404296997,0.002228067585352608,0.025301753000445033,0.07851690416082939,0
10.042000000000023,-2.0,1.0,1.5,0.0,-1.9975619232016144,0.9987700210891646,1.4999662540539733,0.022370326155739497,-0.011207062527651966,5.3548033032116914e-05,-0.028072011244763048,0.014067815944410375,-3.903659471604819e-05,-0.08216436652357556,-0.16395580726204187,0.00023511881686998927,-0.03747200080907007,-0.07454268178581282,0.0003482209019468041,-0.0018932259619799633,-0.0037832823113459783,-4.564268954908044e-06,68.67007850727286,0.00046130173452697853,0.000828728582920446,-3.299669354880844e-05,5403.65997363219,5411.60748861556,5783.283993145433,5776.150795284585,0.002730971509334961,0.025020643680862913,0.08343117798831892,0
10.06200000000003,-2.0,1.0,1.5,0.0,-1.997117418936725,0.9985473385680649,1.4999673438727468,0.022104287093443666,-0.011073351185123119,5.524271187932715e-05,-0.027977043208495877,0.014019718339489737,-4.462507444103893e-05,-0.08188349282597465,-0.16340124069100134,0.00023352252828470708,-0.03960489687430381,-0.07880504736059347,0.0003459272288782715,-0.0018351256519394225,-0.0036673937113857642,-4.454256320490554e-06,68.67003700704197,0.00046469535094428524,0.0008348444663601788,-3.3280816272478524e-05,5403.659472562954,5411.607072043528,5783.279885726652,5776.149212164574,0.003228090030471764,0.02472289760800023,0.0881974056128225,0
10.082000000000036,-2.0,1.0,1.5,0.0,-1.9966783948277707,0.9983274100227139,1.499968466142728,0.021823828409125865,-0.010932424526967716,5.6806349518679256e-05,-0.027861990798017277,0.01396156492558537,-5.001679010851357e-05,-0.08154388486011636,-0.1627293674705055,0.00023159779021164658,-0.04167095971407704,-0.08293410211795112,0.0003438192760580705,-0.0017766276746218551,-0.003550706966199075,-4.347384632203249e-06,68.66999639257601,0.00046769749912250477,0.0008402570133763247,-3.3536350113919477e-05,5403.658865947669,5411.6065604705245,5783.276077827735,5776.147656796558,0.0037190875946195817,0.024409027416719416,0.09281450837396298,0
10.102000000000043,-2.0,1.0,1.5,0.0,-1.9962451341967475,0.9981103772175383,1.4999696182502493,0.021529411488013062,-0.010784513850729685,5.8239637067183934e-05,-0.02772726520234458,0.01389356197146749,-5.520783964106047e-05,-0.08114674727343506,-0.1619425888914245,0.0002293555604750926,-0.04366976444809532,-0.08692899294541365,0.0003418783491361118,-0.0017177808404598676,-0.0034333195132150575,-4.243675442579558e-06,68.6699567075673,0.0004703120281850666,0.0008449731445351287,-3.376349623108519e-05,5403.658157082754,5411.605956700446,5783.272568893355,5776.146130927209,0.004203643004722346,0.024079549204088,0.09728153307734777,0
10.12200000000005,-2.0,1.0,1.5,0.0,-1.9958179111074708,0.9978963772758387,1.4999707975983958,0.021221500428446123,-0.010629851804776764,5.954353048500602e-05,-0.027573285538534425,0.013815919709112655,-6.0194885362599654e-05,-0.08069330787780235,-0.16104335257280977,0.00022680749650899837,-0.0456009418119127,-0.09078897776558188,0.00034008617375435105,-0.0016586334600967394,-0.0033153277952530508,-4.143142797523444e-06,68.66991799280517,0.0004725430139963984,0.0008490001867931698,-3.396247387310505e-05,5403.657349227769,5411.60526350161,5783.269358090663,5776.144636190302,0.0046814473030125855,0.023734982099383968,0.10159765074596668,0
10.142000000000056,-2.0,1.0,1.5,0.0,-1.995396990315506,0.9976855426548727,1.4999720016121791,0.020900561661391755,-0.010468672197701145,6.071923908399884e-05,-0.02740047842002311,0.013728852117388595,-6.497514146018678e-05,-0.08018481638565707,-0.16003414994101806,0.00022396589643804387,-0.04746417756697283,-0.09451342436098975,0.00033842493114569645,-0.0015992333164845714,-0.0031968272047856535,-4.0457934081046e-06,68.66988028617551,0.000474394752618693,0.0008523458617213015,-3.413352010289917e-05,5403.656445602583,5411.604483605052,5783.2664443132035,5776.1431741070055,0.00515220291406304,0.023375847838539562,0.10576215529749364,0
10.162000000000063,-2.0,1.0,1.5,0.0,-1.994982627225662,0.9974780011247288,1.4999732277434747,0.020567063574143438,-0.010301209809824354,6.176821379697971e-05,-0.02720927752618333,0.013632576706353296,-6.954636049096461e-05,-0.0796225431496493,-0.1589175137158048,0.00022084364017870792,-0.04925921187920042,-0.09810180913613507,0.000336877291326998,-0.001539627637813367,-0.0030779120298529803,-3.951626839011317e-06,68.66984362266727,0.0004758717537085229,0.0008550182736269059,-3.4276889504247055e-05,5403.655449384769,5411.603619703044,5783.263826185176,5776.141746086431,0.0056156232634726804,0.02300267034326917,0.10977446214660433,0
10.18200000000007,-2.0,1.0,1.5,0.0,-1.9945750678569647,0.9972738757509432,1.4999744734757228,0.020221476138423313,-0.010127700206912418,6.269213524517258e-05,-0.027000123173392527,0.013527314302319904,-7.390681900086481e-05,-0.07900777790669158,-0.15769601540511916,0.00021745413073190196,-0.05098583866709267,-0.10155371581857105,0.00033542644386445295,-0.0014798630712701411,-0.0029586754016322605,-3.860635712145962e-06,68.66980803438506,0.00047697873385640324,0.0008570258975762475,-3.4392853873411524e-05,5403.654363707288,5411.602674447837,5783.261502066019,5776.140353426405,0.006071432597112059,0.0226159753051187,0.11363410675902541,0
10.202000000000076,-2.0,1.0,1.5,0.0,-1.994174548815013,0.9970732848808185,1.4999757363283888,0.0198642705430916,-0.009948379556204643,6.349290164156758e-05,-0.026773461887909134,0.013413288833833078,-7.805530233294503e-05,-0.07834182852727464,-0.15637226281033487,0.00021381123583278638,-0.052643904920266674,-0.10486883410098036,0.00033405612619773965,-0.001419985657639833,-0.0028392092436896822,-3.77280592449842e-06,68.66977355056841,0.00047772060987747177,0.0008583775673354698,-3.448170189567994e-05,5403.653191656431,5411.6016504505715,5783.25947005534,5776.138997314513,0.0065193658911945574,0.022216289774667733,0.11734074312002986,0
10.222000000000083,-2.0,1.0,1.5,0.0,-1.9937812972716347,0.9968763421333962,1.4999770138611828,0.019495918831662122,-0.009763484444855567,6.417261656651656e-05,-0.026529745980839053,0.013290727118699715,-8.199108868547843e-05,-0.07762601977088944,-0.15494889754357383,0.00020992923011710165,-0.05423330998942483,-0.1080469582261494,0.00033275064951659994,-0.0013600408067495234,-0.002719604222911546,-3.6881168791085534e-06,68.6697401976167,0.0004781024920559841,0.0008590824632332945,-3.4543738806989495e-05,5403.651936269994,5411.600550280421,5783.257727998132,5776.13767882932,0.006959168804818019,0.021804141756107058,0.12089414215799947,0
10.24200000000009,-2.0,1.0,1.5,0.0,-1.9933955309517317,0.9966831563930322,1.4999783036780294,0.019116893544816937,-0.009573251700886612,6.473357665163372e-05,-0.026269433125477252,0.013159858652216033,-8.571393248701334e-05,-0.07686169204839212,-0.1534285925587913,0.0002058227379569441,-0.055754004848709966,-0.11108798551679075,0.00033149492219089504,-0.001300073273764817,-0.002599949702134018,-3.606541728125798e-06,68.66970799912005,0.000478129677353417,0.0008591500999618428,-3.4579286041046584e-05,5403.650600535698,5411.599376463901,5783.256273490293,5776.136398941851,0.007390597651949678,0.021380059807407883,0.1242941900801622,0
10.262000000000096,-2.0,1.0,1.5,0.0,-1.9930174581272229,0.996493831806524,1.4999796034307953,0.01872766736810574,-0.009377918216740359,6.517825920652752e-05,-0.025992985937296913,0.013020915396728134,-8.922404715983368e-05,-0.07605020019211907,-0.15181404969822154,0.0002015066771120934,-0.05720599133142332,-0.11399191485215464,0.0003302744707623356,-0.001240127136339178,-0.002480333694477996,-3.5280476266713504e-06,68.66967697589567,0.00047780764258174835,0.0008585903143201462,-3.458868086222975e-05,5403.649187389872,5411.598131484353,5783.255103884439,5776.1351585172415,0.007813419381171374,0.020944572646290887,0.12754088669233302,0
10.282000000000103,-2.0,1.0,1.5,0.0,-1.9926472776179707,0.9963084677837386,1.4999809108227633,0.018328712785009076,-0.009177720775527082,6.550930982280794e-05,-0.025700871556855055,0.012874131572660144,-9.252208733049084e-05,-0.07519291223454287,-0.15010799725576174,0.00019699620333605596,-0.05858932134008439,-0.1167588450933957,0.00032907545851305095,-0.001180245772621074,-0.0023608428193928883,-3.4525959965681703e-06,68.66964714602953,0.0004771420375494771,0.0008574132529140529,-3.457227598467876e-05,5403.647699716327,5411.596817781619,5783.254216295955,5776.133958316601,0.00822741155695875,0.020498208762196025,0.13063434361202386,0
10.30200000000011,-2.0,1.0,1.5,0.0,-1.9922851787995868,0.9961271590016846,1.4999822236118638,0.017920501735537577,-0.0089728958800498,6.572952998712277e-05,-0.025393561235877018,0.012719743451141,-9.560913056071469e-05,-0.07429120819624072,-0.14831318755883363,0.00019230665606884066,-0.05990409603181615,-0.11938897345964983,0.0003278847016324013,-0.0011204718401220057,-0.0022415622604153025,-3.380142798818843e-06,68.66961852492291,0.0004761386781857392,0.0008556293598183408,-3.453043917793557e-05,5403.646140345462,5411.59543775185,5783.253607609336,5776.132798999049,0.008632362339044469,0.020041496034446438,0.13357478246821314,0
10.322000000000116,-2.0,1.0,1.5,0.0,-1.9919313416180051,0.9959499954119722,1.4999835396136565,0.017503505280533075,-0.008763679584690667,6.584186473806969e-05,-0.025071529926774416,0.012557989148358551,-9.848665866379593e-05,-0.0733464788839336,-0.1464323945702174,0.00018745350534116225,-0.06115046498004257,-0.12188259385679956,0.0003266896830102428,-0.0010608472554472905,-0.002122575724652342,-3.3106388136361194e-06,68.66959112534374,0.000474803539647919,0.0008532493642141234,-3.4463552859700266e-05,5403.644512053595,5411.593993747488,5783.253274484722,5776.1316811239185,0.009028070457894173,0.019574961356792646,0.13636253302030327,0
10.342000000000123,-2.0,1.0,1.5,0.0,-1.9915859366107025,0.9957770622516027,1.4999848567040663,0.01707819327182988,-0.00855030733023809,6.584939039455582e-05,-0.024735255875846057,0.012389108421765606,-0.00010115653866508344,-0.07236012469932984,-0.14446841151132223,0.00018245230000731822,-0.06232862531348437,-0.1242400951608992,0.00032547856369050034,-0.0010014131748913879,-0.0020039654039879064,-3.244029927165447e-06,68.66956495748246,0.00047314274941754,0.0008502842680109486,-3.437201367599045e-05,5403.642817562461,5411.592488077387,5783.253213364692,5776.130605153132,0.00941434518516118,0.019099130268515212,0.13899803124581953,0
10.36200000000013,-2.0,1.0,1.5,0.0,-1.9912491249344506,0.9956084400570305,1.4999861728218749,0.016645034028428263,-0.008333013781730559,6.575530238707337e-05,-0.02438522022040483,0.01221334246825745,-0.0001036210034724844,-0.0713335544594777,-0.14242404850832105,0.00017731861741639558,-0.06343882083344544,-0.12646195945823768,0.0003242401920248693,-0.0009422099758979885,-0.00188581193801165,-3.180257423624969e-06,68.66954002901203,0.0004711625803906964,0.0008467453334586667,-3.425623206937144e-05,5403.641059538933,5411.590923007069,5783.253420481243,5776.129571453718,0.009791006298455893,0.018614526592256875,0.1414818173596108,0
10.382000000000136,-2.0,1.0,1.5,0.0,-1.9909210583994774,0.9954442046814327,1.499987485970969,0.016204494018825313,-0.008112032669389787,6.556290321968109e-05,-0.024021906590065322,0.012030933724441764,-0.00010588263231873515,-0.07026818422933843,-0.14030213026252758,0.00017206801462387133,-0.0644813411103789,-0.1285487602440144,0.0003229641105718868,-0.0008832772393854375,-0.0017681943786779111,-3.119258282001094e-06,68.66951634515166,0.0004688694439676956,0.0008426440707637004,-3.411663183562363e-05,5403.6392405949155,5411.589300759097,5783.253891862963,5776.128580300456,0.010157884040059819,0.0181216720787479,0.14381453380985593,0
10.402000000000143,-2.0,1.0,1.5,0.0,-1.990601879509914,0.9952844273151242,1.4999887942223535,0.01575703754964123,-0.007887596632712258,6.527559059062735e-05,-0.023645800712420402,0.011842125669113626,-0.00010794433103879407,-0.0691654361672438,-0.13810549374635642,0.00016671598123789398,-0.06545652056072322,-0.13050116058161154,0.0003216405607918364,-0.0008246537329369996,-0.0016511901566874172,-3.0609654761170694e-06,68.66949390873451,0.00046626988314656034,0.000837992225714987,-3.3953649669535804e-05,5403.6373632874,5411.587623513575,5783.254623342388,5776.127631878668,0.010514819069388311,0.017621086058580624,0.14599692321413982,0
10.42200000000015,-2.0,1.0,1.5,0.0,-1.9902917215103952,0.9951291745090594,1.4999900957159233,0.015303126460672486,-0.007659937067784963,6.489684569675017e-05,-0.02325739002333166,0.011647162628046567,-0.0001098093122328957,-0.06802673738389044,-0.13583698592618731,0.0001612778939868393,-0.06636473750499865,-0.13231991122443187,0.00032026048559268813,-0.0007663773948545989,-0.0015348750495910702,-3.0053082772358293e-06,68.66947272027842,0.0004633705656263832,0.000832801767329731,-3.376773470026059e-05,5403.63543011869,5411.585893408767,5783.255610563497,5776.126726287107,0.010861662409123325,0.01711328510118212,0.14802982625438088,0
10.442000000000156,-2.0,1.0,1.5,0.0,-1.9899907084386919,0.9949785082013471,1.499991388662009,0.014843219826496752,-0.007429283977887615,6.443022174665688e-05,-0.022857163282044946,0.011446289581208888,-0.00011148107538519404,-0.0668535188155146,-0.13349946151337405,0.00015576897308695347,-0.06720641320815128,-0.13400584870228038,0.00031881552978695423,-0.0007084853190742825,-0.001419323151617762,-2.952212558093033e-06,68.6694527780598,0.0004601782769249939,0.0008270848755291672,-3.355934801688954e-05,5403.633443536789,5411.5841125417755,5783.256848989381,5776.12586354096,0.01119827538500256,0.016598782681126897,0.14991417953915107,0
10.462000000000163,-2.0,1.0,1.5,0.0,-1.9896989551842326,0.9948324857467208,1.499992671342693,0.014377773664746959,-0.007195865827440314,6.387933270570426e-05,-0.022445610191343366,0.011239751972507874,-0.00011296338698230657,-0.06564721411185047,-0.13109578074464645,0.0001502042404811661,-0.06798201090313188,-0.1355598933742538,0.0003172980385234698,-0.000651013740942571,-0.0013046068452107534,-2.901601097561298e-06,68.66943407819028,0.0004566999135163016,0.0008208539288492849,-3.332896218485277e-05,5403.6314059359,5411.582282969358,5783.258333910003,5776.125043574928,0.01152452955931438,0.016078088851923956,0.151651013431196,0
10.48200000000017,-2.0,1.0,1.5,0.0,-1.98941656755239,0.9946911599488883,1.4999939421129005,0.01390724065116605,-0.006959909399352097,6.32478422946197e-05,-0.02202322102293575,0.011027795522164228,-0.0001142602606857872,-0.06440925853947323,-0.12862880719306777,0.0001445984800124351,-0.06869203479869172,-0.136983047450101,0.00031570105376204033,-0.0005939980238475397,-0.0011907967742781427,-2.8533938848294417e-06,68.6694166146959,0.00045294247599099175,0.0008141214921982489,-3.307706075369459e-05,5403.629319657096,5411.580406708792,5783.260060450112,5776.124266246408,0.011840306658165847,0.015551709927406378,0.15324144982158452,0
10.502000000000177,-2.0,1.0,1.5,0.0,-1.9891436423343882,0.994554579095702,1.4999951994012788,0.013432069841546454,-0.006721639655822678,6.253945326300474e-05,-0.021590486248276804,0.010810666041811927,-0.00011537593762118539,-0.06314108790108817,-0.12610140561070157,0.00013896619958732412,-0.06933702907237588,-0.13827639298200894,0.00031401830886254107,-0.0005374726467059623,-0.0010779618191432466,-2.807508422490909e-06,68.66940037959846,0.00044891306224765625,0.0008069003046682728,-3.2804137756973105e-05,5403.627186989093,5411.578485738828,5783.2620235772165,5776.123531338731,0.012145498492626855,0.015020148170844528,0.15468669989006295,0
10.522000000000183,-2.0,1.0,1.5,0.0,-1.9888802673826962,0.9944227869970687,1.4999964417108613,0.01295270640065209,-0.006481279602645956,6.175789695493238e-05,-0.021147896175004198,0.01058860925241975,-0.00011631486682129853,-0.06184413747132901,-0.12351643980407531,0.00013332159537796033,-0.06991757684968869,-0.1394410898287589,0.000312244221363244,-0.0004814711922958082,-0.0009661690731902859,-2.7638600272832265e-06,68.6693853629988,0.00044461886071541005,0.0007992032674076998,-3.251069720482591e-05,5403.625010169126,5411.576522000697,5783.264218109653,5776.122838564462,0.0124400068738654,0.014483901491897976,0.15598806183005112,0
10.54200000000019,-2.0,1.0,1.5,0.0,-1.9886265216917618,0.9942958230255378,1.4999976676195281,0.0124695913382138,-0.0062390501570609574,6.0906923186432196e-05,-0.020695940589177744,0.010361870605122779,-0.00011708168587644391,-0.060519840949586234,-0.12087677054352942,0.00012767851810303345,-0.07043429917040185,-0.1404783735941912,0.00031037388402622323,-0.0004260263364366877,-0.0008554838211958275,-2.7223621281269184e-06,68.66937155316172,0.0004400671436161924,0.0007910434315655525,-3.21972525699064e-05,5403.622791383947,5411.574517399179,5783.266638724732,5776.122187568745,0.01272374352240522,0.013943463151515517,0.15714691853998075,0
10.562000000000197,-2.0,1.0,1.5,0.0,-1.988382475483952,0.9941737221594941,1.4999988757802671,0.011983161252082463,-0.005995170019192184,5.99902904497083e-05,-0.020235108403485448,0.0101306951050502,-0.0001176812018407888,-0.05916962943037067,-0.11818525350741908,0.00012205044142105624,-0.07088785394297019,-0.14138955354189955,0.00030840305423009373,-0.00037116983800812673,-0.0007459695193320581,-2.682926560350621e-06,68.66935893660246,0.00043526526026901,0.0007824339863111966,-3.1864326267383606e-05,5403.620532770903,5411.572473803722,5783.269279966915,5776.121577932714,0.012996629971635526,0.013399321474887435,0.1581647352833268,0
10.582000000000203,-2.0,1.0,1.5,0.0,-1.9881481903005467,0.9940565150288787,1.5000000649212428,0.011493848078617669,-0.005749855547118206,5.901175645907312e-05,-0.01976588731159145,0.009895327138234464,-0.00011811837242672071,-0.05779493039171194,-0.11544473726219782,0.00011645043246201884,-0.07127893488801543,-0.14217601048806858,0.0003063281417928633,-0.0003169325298011559,-0.000637687776836197,-2.6454638554245395e-06,68.66934749817403,0.00043022063044129215,0.0007733882469408101,-3.151244912964379e-05,5403.618236419105,5411.570393049586,5783.272136256038,5776.121009176878,0.013258597465728238,0.012851959572550385,0.15904305734345447,0
10.60200000000021,-2.0,1.0,1.5,0.0,-1.9879237190976478,0.9939442279633707,1.50000123384568,0.01100207885038303,-0.005503320635604045,5.797506905250955e-05,-0.019288763448776943,0.009656010301679315,-0.00011839828754260857,-0.05639716670204634,-0.11265806127926971,0.00011089112451632219,-0.07160827047182611,-0.1428391946743539,0.0003041461953096944,-0.00026334431019719437,-0.0005306983393295832,-2.6098835254995072e-06,68.66933722115569,0.00042494073775040694,0.0007639196430764044,-3.1142159876409e-05,5403.615904370667,5411.568276939039,5783.275201895557,5776.120480764584,0.013509586852103005,0.012301855069742226,0.1597835076334747,0
10.622000000000217,-2.0,1.0,1.5,0.0,-1.987709106346849,0.9938368830429528,1.5000023814315695,0.010508275461212847,-0.005255776598529649,5.688395746013976e-05,-0.01880422105903268,0.009412987236663235,-0.00011852615119917445,-0.05497775564604251,-0.10982805398954226,0.00010538469189308233,-0.0718766228308221,-0.14338062362268322,0.00030185488709182117,-0.00021043413566827947,-0.00042505907377326894,-2.57609434218058e-06,68.66932808734182,0.00041943312312181426,0.0007540417069632638,-3.075400458093961e-05,5403.613538621996,5411.566127242556,5783.278471080803,5776.119992105447,0.013749548468605256,0.01174947984410358,0.16038778430856182,0
10.642000000000223,-2.0,1.0,1.5,0.0,-1.987504388140528,0.9937344981507873,1.5000035066312039,0.010012854438708469,-0.005007432055043463,5.574212395024673e-05,-0.018312742168741677,0.009166499465351637,-0.00011850726383110529,-0.05353810796979412,-0.10695753087649289,9.994282695308397e-05,-0.07208478668791903,-0.14380187997385213,0.00029945249679444355,-0.0001582300140904425,-0.0003208259550499519,-2.54400460873758e-06,68.66932007713142,0.000413705378305929,0.0007437680618773634,-3.0348536133062223e-05,5403.611141125164,5411.563945700046,5783.281937907216,5776.119542558805,0.013978442025545088,0.011195299771824922,0.16085765833537322,0
10.66200000000023,-2.0,1.0,1.5,0.0,-1.9873095923016015,0.993637087028328,1.5000046084705494,0.009516226724215987,-0.004758492819466877,5.455323586273074e-05,-0.017814806267094318,0.008916787230784488,-0.0001183470050619758,-0.05207962694577056,-0.10404929260858602,9.457671931514877e-05,-0.0722335882617196,-0.14410460931176003,0.0002969378938225577,-0.000106758998860571,-0.00021805305414905913,-2.51352242517326e-06,68.66931316961744,0.0004077651394573798,0.0007331124106434104,-2.9926313699638814e-05,5403.608713789301,5411.5617340220915,5783.285596378575,5776.119131437149,0.01419623648276697,0.01063977448234423,0.1611949710623576,0
10.682000000000237,-2.0,1.0,1.5,0.0,-1.9871247384976014,0.9935446593325927,1.5000056860484636,0.00901879746033108,-0.004509161794972445,5.33209180368146e-05,-0.017310889993363186,0.008664089340306356,-0.00011805081694449339,-0.05060370745791667,-0.10110612321178593,8.929703722834502e-05,-0.07232388416945176,-0.14429051797511935,0.0002943105186042385,-5.604718381425491e-05,-0.00011679252794675712,-2.4845559458231895e-06,68.6693073426763,0.00040162008078302344,0.0007220885242762422,-2.9487902183239296e-05,5403.606258482038,5411.559493891166,5783.28944041519,5776.118758009539,0.014402909921907328,0.010083357121713668,0.16140163177940586,0
10.702000000000243,-2.0,1.0,1.5,0.0,-1.9869498383589164,0.9934572206955202,1.5000067385357667,0.008520965785970088,-0.004259638871055112,5.2048745640032445e-05,-0.016801466831162667,0.00840864301250005,-0.00011762418771025385,-0.04911173510725923,-0.09813078828290096,8.411391109635598e-05,-0.07235656032456302,-0.14436137085844955,0.00029157036282165055,-6.119698928233438e-06,-1.7094610557287155e-05,-2.4570136285171986e-06,68.66930257305691,0.00039527790825932916,0.00071071023074668,-2.9033871679757642e-05,5403.603777030971,5411.5572269628865,5783.293463862039,5776.118421505011,0.014598449414009826,0.009526494124776397,0.16147961524452678,0
10.72200000000025,-2.0,1.0,1.5,0.0,-1.986784895601048,0.9933747727853363,1.5000077651741721,0.008023124639040457,-0.004010120824813159,5.074023740315727e-05,-0.016287006809809323,0.008150683727681431,-0.00011707263604552718,-0.047605085338356626,-0.09512603324443879,7.903691913442778e-05,-0.0723325308298695,-0.14431898920414904,0.00028871794869009715,4.299929319531837e-05,8.099239375904109e-05,-2.430804475328316e-06,68.66929883646927,0.0003887463534245015,0.0006989914038825425,-2.8564796935495124e-05,5403.601271225154,5411.554934867223,5783.297660496861,5776.1181211159155,0.014782850882662959,0.008969624996334571,0.16143095922550968,0
10.742000000000257,-2.0,1.0,1.5,0.0,-1.986629906150732,0.9932973133698508,1.5000087652750862,0.0075256605667376455,-0.003760801226052095,4.9398849266503155e-05,-0.0157679762128907,0.007890445082010658,-0.00011640169592702319,-0.04608512258691373,-0.09209458164160492,7.40750751336845e-05,-0.07225273686714831,-0.14416524838741485,0.0002857543073755063,9.128660007503318e-05,0.00017742211615086697,-2.4058382641623667e-06,68.6692961076722,0.00038203316724882134,0.0006869459524084669,-2.8081256804570384e-05,5403.598742816588,5411.552619209697,5783.302024038163,5776.117856001249,0.014956118962827964,0.008413182101555497,0.16125776201680259,0
10.762000000000263,-2.0,1.0,1.5,0.0,-1.9864848582757646,0.9932248363816132,1.5000097382182889,0.00702895354348935,-0.003511870346221852,4.802796843711697e-05,-0.015244837294148564,0.007628158645270451,-0.00011561690203647859,-0.044553199448857134,-0.08903913348206542,6.923681830222005e-05,-0.07211814558404926,-0.1439020756957557,0.0002826809566402996,0.00013872000133808738,0.00027215012721315947,-2.3820257707788213e-06,68.66929436056024,0.00037514611408596765,0.0006745878091316078,-2.758383370730106e-05,5403.596193521732,5411.550281572573,5783.306548153156,5776.117625289913,0.01511826685552866,0.0078575904659734,0.1609621799558331,0
10.78200000000027,-2.0,1.0,1.5,0.0,-1.9863497327183932,0.9931573319848437,1.5000106834504956,0.00653337679656193,-0.0032635150711947413,4.6630907860568114e-05,-0.01471804800076609,0.007364053822359271,-0.00011472377577148166,-0.04301065587114922,-0.08596236361899912,6.453000514720708e-05,-0.07192974897919345,-0.14353144810482996,0.00027949987780724535,0.00018527824995653606,0.0003651339395313416,-2.3592789811199686e-06,68.66929356824942,0.00036809296570883217,0.0006619309202773192,-2.7073113090141628e-05,5403.593625023007,5411.547923515999,5783.311226465588,5776.117428083934,0.015269316178567478,0.00730326758563158,0.1605464249389818,0
10.802000000000277,-2.0,1.0,1.5,0.0,-1.9862245028321026,0.9930947866440695,1.5000116004838153,0.006039296639338355,-0.0030159188178884473,4.521090110709678e-05,-0.014188061704153451,0.007098357718543232,-0.0001137278118675577,-0.04145881836459659,-0.08286692017799255,5.9961903357446136e-05,-0.07168856278631036,-0.14305539005230225,0.00027621349212980634,0.00023094107274710375,0.0004563330087475724,-2.3375112933923345e-06,68.66929370316166,0.00036088149543307924,0.0006489892349830513,-2.654968288795077e-05,5403.59103897028,5411.545546579146,5783.316052563486,5776.117263461606,0.015409296813446584,0.006750623248233908,0.1600127619225793,0
10.822000000000283,-2.0,1.0,1.5,0.0,-1.986109134721656,0.993037183194385,1.500012488894111,0.00554707231227076,-0.002769261454735709,4.3771097670784355e-05,-0.013655326938309013,0.006831295008507267,-0.00011263446565588688,-0.03989899923888738,-0.07975542302822985,5.553918764113457e-05,-0.07139562535825414,-0.14247597121139646,0.00027282463665669125,0.0002756891701418165,0.0005457087331776529,-2.316637709787874e-06,68.6692947371077,0.00035351947233163,0.0006357766949519129,-2.6014132989189728e-05,5403.5884369823325,5411.543152281269,5783.321020006763,5776.117130480576,0.015538246748656498,0.0062000593667510245,0.15936350644535568,0
10.84200000000029,-2.0,1.0,1.5,0.0,-1.986003587386232,0.9929845009132603,1.5000133483192715,0.005057055831505344,-0.0025237192259992556,4.231455867975747e-05,-0.013120287145831369,0.006563087809243452,-0.0001114491409610162,-0.038332495860078225,-0.0766304622984178,5.126793746934681e-05,-0.0710519965517274,-0.14179530426579484,0.00026933653967695624,0.00031950421524379183,0.0006332244519968438,-2.2965750174515546e-06,68.6692966413684,0.000346014655542526,0.0006223072242755271,-2.5467054704748285e-05,5403.585820648322,5411.5407421227565,5783.326122334724,5776.117028180851,0.01565621191950707,0.005651969827990658,0.15860102212618715,0
10.862000000000297,-2.0,1.0,1.5,0.0,-1.985907812865503,0.9929367155938201,1.5000141784573977,0.00456959184517166,-0.002279464679927841,4.08442530133566e-05,-0.012583380431652535,0.006293955556809492,-0.00011017717864481479,-0.03676058993072139,-0.07349459693785805,4.715363667167007e-05,-0.0706587566135257,-0.14101554268750705,0.0002657527958305344,0.0003623688521794204,0.0007188454420183001,-2.277241958665272e-06,68.66929938677436,0.0003383747886729456,0.0006085947194281292,-2.490904024093136e-05,5403.5831915291965,5411.5383175861425,5783.331353073414,5776.116955587728,0.01576324604467369,0.005106740360690182,0.1577277181878759,0
10.882000000000303,-2.0,1.0,1.5,0.0,-1.985821756388506,0.99289379961952,1.500014979064922,0.004085017497322425,-0.0020366666007465384,3.9363053823764756e-05,-0.012045039324548135,0.00602411488698815,-0.00010882384581909892,-0.03518454679281057,-0.07035035332299232,4.320117482666411e-05,-0.07021700506910357,-0.14013887851930334,0.00026207734096736707,0.0004042666937573606,0.000802538913095059,-2.2585593900062017e-06,68.66930294378332,0.0003306075943033128,0.0005946530394362146,-2.434068217733518e-05,5403.580551159085,5411.535880137021,5783.336705742856,5776.116911714631,0.01585941045962264,0.004564748431845195,0.15674604697295957,0
10.90200000000031,-2.0,1.0,1.5,0.0,-1.9857453565251493,0.9928557220401387,1.5000157499546567,0.0036036622995053273,-0.0017954899444715545,3.7873735455287946e-05,-0.011505690546485243,0.005753779519873901,-0.0001073943257163797,-0.03360561475369662,-0.06720022390977509,3.9414850386379206e-05,-0.06972785961424874,-0.1391675401632767,0.0002583144268364459,0.000445182318449255,0.0008842740021604537,-2.2404504303461565e-06,68.66930728255586,0.0003227207685923933,0.0005804959962313683,-2.376257295019081e-05,5403.577901046631,5411.533431224967,5783.342173864097,5776.11689556588,0.015944773947094253,0.004026363188959961,0.15565850147167443,0
10.922000000000317,-2.0,1.0,1.5,0.0,-1.9856785453402017,0.9928224486490121,1.5000164909937894,0.0031258480099421284,-0.0015560957785372706,3.6378970755873665e-05,-0.010965754789851019,0.005483160148412585,-0.00010589370823587432,-0.03202502443512197,-0.06404666593212587,3.5798375470960454e-05,-0.0691924550106339,-0.13810379017707564,0.00025446859568412496,0.0004851012667047595,0.000964021765942263,-2.2228405975903454e-06,68.6693123730286,0.00031472197598637024,0.0005661373451858326,-2.3175304341690186e-05,5403.575242676315,5411.5309722843585,5783.347750966138,5776.116906139343,0.016019412564810286,0.003491945486795854,0.1544676128520145,0
10.942000000000323,-2.0,1.0,1.5,0.0,-1.9856212485496214,0.9927939420614343,1.5000172021018259,0.0026518885202859084,-0.0013186412252206461,3.4881328773290704e-05,-0.010425646502603752,0.005212464330911772,-0.00010432698115312846,-0.030443988145475276,-0.060892100146703335,3.23548822664558e-05,-0.0686119419860047,-0.136949923079313,0.00025054465483868193,0.0005240100366119591,0.0010417551723671179,-2.2056579341943153e-06,68.66931818498536,0.00030661884403535385,0.0005515907758418054,-2.2579466975997278e-05,5403.572577509685,5411.528504735164,5783.353430592668,5776.116942429005,0.0160834094705705,0.002961848090630676,0.15317594801179527,0
10.96200000000033,-2.0,1.0,1.5,0.0,-1.98557338567906,0.9927701617941471,1.5000178832484923,0.0021820897499214083,-0.00108327940884537,3.338327282895913e-05,-0.009885773681382805,0.004941896387541261,-0.0001026990220088272,-0.02886369927537711,-0.057738909624213665,2.9086930956375014e-05,-0.06798748613974293,-0.13570826316563092,0.00024654765135587186,0.0005618960789199931,0.0011174490906923355,-2.1888331213426078e-06,68.66932468812568,0.00029841895831686553,0.000536869902829437,-2.1975649822342534e-05,5403.5699069865595,5411.5260299836555,5783.359206308642,5776.117003427438,0.01613685474491656,0.002436416302121873,0.1517861071352601,0
10.982000000000337,-2.0,1.0,1.5,0.0,-1.9855348702243991,0.9927510643458451,1.5000185344516046,0.001716749547769071,-0.0008501594067459114,3.1887158959864783e-05,-0.00934653767260568,0.004671657300836333,-0.0001010145906604671,-0.027285331716668904,-0.054589438587417174,2.5996519115189735e-05,-0.06732026685453221,-0.1343811623368646,0.000242482846797571,0.0005987477914331284,0.0011910802803849927,-2.1722995819178144e-06,68.66933185213102,0.00029012985747244323,0.000521988256985592,-2.136443970591119e-05,5403.5672325261785,5411.523549423068,5783.365071706671,5776.117088128162,0.01617984521152625,0.0019159897749075807,0.1503007212572249,0
11.002000000000344,-2.0,1.0,1.5,0.0,-1.985505609814173,0.9927366032786196,1.5000191557749074,0.0012561576015481912,-0.0006194262039688725,3.039523471919254e-05,-0.00880833298157061,0.004401944620215762,-9.927832249767148e-05,-0.025710039304872357,-0.051445991295939325,2.3085092489929842e-05,-0.06661147621483554,-0.13297099794072514,0.00023835569221304536,0.0006345545127936376,0.001262627378775918,-2.1559935722254473e-06,68.66933964672837,0.00028175902835585507,0.0005069592766718151,-2.0746420826920438e-05,5403.564555528263,5411.5210644341905,5783.3710204132485,5776.117195527909,0.01621248425550107,0.0014009084953644283,0.1487224498549146,0
11.02200000000035,-2.0,1.0,1.5,0.0,-1.9854855063737198,0.9927267293002677,1.500019747325894,0.000800595354449475,-0.0003912206516866996,2.890963832635307e-05,-0.008271547089585473,0.004132952370520922,-9.749472231781195e-05,-0.024138955285154834,-0.04831083097800645,2.0353557094282736e-05,-0.0658623179328776,-0.13148017062838263,0.0002341718033896318,0.0006693065156694335,0.0013320708875251724,-2.1398542624643726e-06,68.66934804175118,0.00027331390129546374,0.0004917962992961763,-2.0122174288400686e-05,5403.561877374049,5411.518576385891,5783.3770460947535,5776.117324628772,0.016234881639722316,0.0008915392795947956,0.14705397844967633,0
11.042000000000357,-2.0,1.0,1.5,0.0,-1.9854744562909201,0.9927213903473936,1.500020309253615,0.00035033592916340427,-0.000165679429296794,2.7432398154863088e-05,-0.007736560279128008,0.0038648709645816397,-9.5668158851689e-05,-0.02257319180183087,-0.045186178809133545,1.7802292538101463e-05,-0.06507400628280721,-0.12991110222729682,0.00022993693643667406,0.000702994999353553,0.001399393157914461,-2.123823806400328e-06,68.6693570071975,0.0002648018454734153,0.00047651255304288466,-1.9492277633182736e-05,5403.55919942722,5411.516086635579,5783.383142463299,5776.117474440243,0.016247153319433764,0.00038850672197971575,0.1452980162243607,0
11.062000000000364,-2.0,1.0,1.5,0.0,-1.9854723505833733,0.9927205316692257,1.5000208417464782,-9.435594079475817e-05,5.7064989823821276e-05,2.5965432546472703e-05,-0.007203745467044862,0.0035978871198101086,-9.380285992925384e-05,-0.021013839411405638,-0.04207421293780634,1.5431166514033612e-05,-0.06424776504370375,-0.1282662336316177,0.00022565696376353474,0.0007356120817990204,0.001464578375009115,-2.1078473999076166e-06,68.66936651328565,0.00025623016442344917,0.00046112114881107305,-1.885730439057974e-05,5403.556523034792,5411.513596529597,5783.3893032823535,5776.117643981164,0.016249421255218756,0.00011328574629750274,0.1434572936703487,0
11.08200000000037,-2.0,1.0,1.5,0.0,-1.9854790750668707,0.992724095912081,1.500021345030049,-0.0005332239725260741,0.00027688436893974787,2.45105499405285e-05,-0.006673468045782196,0.0033321837788210028,-9.190290827887182e-05,-0.019461966619147408,-0.03897706755811368,1.3239550362015315e-05,-0.06338482645206787,-0.12654802271143786,0.0002213378505095942,0.0007671507910959113,0.0015276125407084173,-2.091873329018511e-06,68.66937653050667,0.0002476060916479969,0.000445635072367431,-1.821782363311768e-05,5403.553849527926,5411.51110740354,5783.395522372179,5776.117832281525,0.016241813224528844,0.0006013264718088146,0.14153456024376765,0
11.102000000000377,-2.0,1.0,1.5,0.0,-1.985494510525016,0.9927320232044,1.5000218193648562,-0.0009660203880229099,0.0004936547349885318,2.306944930586411e-05,-0.0061460857326438925,0.00306794003407456,-8.997223793737462e-05,-0.01791861943916758,-0.035896832029304514,1.1226335631721745e-05,-0.06248643016442496,-0.12475894224214527,0.00021698563148082214,0.0007976050564117984,0.001588483455721613,-2.075853007330161e-06,68.66938702967441,0.00023893678635587734,0.00043006717671239614,-1.7574399543777144e-05,5403.551180222657,5411.508620582525,5783.40179361506,5776.1180383841975,0.01622446263193135,0.0010850910500708254,0.13953258204761806,0
11.122000000000384,-2.0,1.0,1.5,0.0,-1.9855185328798521,0.9927442512422852,1.50002226504421,-0.0013925059613493212,0.0007072564020579971,2.1643720861888644e-05,-0.005621948427061062,0.0028053310565334492,-8.80146312733082e-05,-0.016384820977953126,-0.03283555004217291,9.38995156260977e-06,-0.06155382223064784,-0.12290147785509228,0.00021260638864449796,0.0008269696984076425,0.0016471807004945194,-2.059741003103659e-06,68.66939798197232,0.000230229329322196,0.00041443017466472347,-1.6927590994142803e-05,5403.548516420556,5411.506137381362,5783.40811096032,5776.118261346509,0.01619750831823209,0.0015619708452138815,0.13745413954797522,0
11.14200000000039,-2.0,1.0,1.5,0.0,-1.9855510133633594,0.9927607153754688,1.5000226823920384,-0.0018124500588028551,0.0009175739913477207,2.0234847076941752e-05,-0.0051013980758517225,0.002544528028325238,-8.603371659283225e-05,-0.014861571041301131,-0.02979521883214498,7.728383401030717e-06,-0.06058825407859182,-0.12097812601076291,0.00020820622923024406,0.0008552404191447477,0.0017036956151218361,-2.0434950563857903e-06,68.66940935899774,0.00022149071887242195,0.0003987366316657254,-1.6277951133785793e-05,5403.545859409321,5411.503659104699,5783.414468429142,5776.118500241751,0.01616109436862805,0.0020315823129493146,0.1353020252987534,0
11.162000000000397,-2.0,1.0,1.5,0.0,-1.985591818689673,0.9927813486936421,1.500023071760745,-0.0022256306721374314,0.001124496447654759,1.8844203928507467e-05,-0.004584768546448603,0.0022856980793968524,-8.40329663262416e-05,-0.013349845764574379,-0.02677778843893709,6.239191473951298e-06,-0.05959098151061447,-0.11899139199558263,0.00020379126448240143,0.0008824137914982064,0.0017580212782710319,-2.0270760862807464e-06,68.66942113280298,0.00021272786698987688,0.0003829989588046778,-1.5626026991269597e-05,5403.543210463286,5411.501187047055,5783.42086011917,5776.118754160536,0.016115369920054003,0.0024936477805754336,0.1330790417040441,0
11.182000000000404,-2.0,1.0,1.5,0.0,-1.9856408112278965,0.9928060821130769,1.5000234335290947,-0.0026318344449311987,0.0013279170524256975,1.747306241384645e-05,-0.004072385508060495,0.002029004228144199,-8.201569575986368e-05,-0.011850597266177626,-0.02378516101258078,4.919530939106507e-06,-0.058563263712537776,-0.11694378794347958,0.00019936758910526654,0.0009084872480928431,0.0018101524851539665,-2.010448188766092e-06,68.66943327593381,0.00020394759554997986,0.00036722940606626937,-1.4972359087087683e-05,5403.540570843855,5411.498722492826,5783.427280208895,5776.119022212068,0.016060488967867142,0.0029479181724666953,0.13078799880932657,0
11.20200000000041,-2.0,1.0,1.5,0.0,-1.9856978491753632,0.9928348444634703,1.5000237681001352,-0.0030308566921866823,0.0015277334334189666,1.6122590294543652e-05,-0.0035645663207325945,0.001774605326000811,-7.998506231827364e-05,-0.010364753324158654,-0.020819190165610593,3.7661721319523275e-06,-0.05750636227558863,-0.11483783088327411,0.00019494126143955467,0.0009334590697776435,0.0018600857245732695,-1.9935786252704218e-06,68.66944576146491,0.0001951566326793819,0.0003514400558047764,-1.4317481058772717e-05,5403.537941799869,5411.496266716204,5783.4337229618495,5776.11930352529,0.015996610172030398,0.003394159935842256,0.12843171211201676,0
11.222000000000417,-2.0,1.0,1.5,0.0,-1.9857627867312195,0.9928675625749455,1.5000240758991503,-0.0034225014132543614,0.0017238475710231183,1.4793854062833112e-05,-0.003061619932264196,0.0015226560059627948,-7.794406535269613e-05,-0.008893217075799648,-0.017881680371169103,2.7755214305104724e-06,-0.056421540231837694,-0.11267604081293268,0.0001905182844050391,0.0009573283736530732,0.0019078191550760857,-1.9764378024393246e-06,68.6694585630325,0.00018636160924297696,0.00033564281644278397,-1.3661919298525225e-05,5403.535324567883,5411.493820981044,5783.440182730562,5776.119597249934,0.015923896662939543,0.003832151514484838,0.12601300040666938,0
11.242000000000424,-2.0,1.0,1.5,0.0,-1.9858354742701902,0.9929041613651439,1.5000243573716616,-0.003806581298174386,0.0019161658012786052,1.3487821113878984e-05,-0.0025638467829372244,0.0012733066350267951,-7.589554643950011e-05,-0.0074368667400614595,-0.014974386406755013,1.9436425601543524e-06,-0.055310061103640264,-0.11046093880169203,0.00018610458724089483,0.0009800951006681603,0.00195335258024937,-1.9589992433012986e-06,68.6694716548642,0.0001775690554585731,0.0003198494163970033,-1.3006192603600856e-05,5403.532720372394,5411.4913865406625,5783.446653960317,5776.119902557443,0.015842515847046292,0.004261682118473769,0.12353468367387105,0
11.26200000000043,-2.0,1.0,1.5,0.0,-1.9859157585164027,0.9929445639263399,1.5000246129814694,-0.004182917727534273,0.0021045988156522736,1.2205362110916538e-05,-0.0020715387180023862,0.0010267032705162014,-7.384219014608456e-05,-0.005996555362734445,-0.012099012843301515,1.2662782615327624e-06,-0.0541731879675589,-0.10819504512101379,0.00018170600807215846,0.0010017600028037592,0.001996687423184919,-1.941239550276659e-06,68.66948501180593,0.00016878539763889852,0.0003040713982323488,-1.2350811839612e-05,5403.530130425954,5411.488964637585,5783.453131192704,5776.120218641816,0.015752639212419133,0.004682551212857122,0.12099958096945412,0
11.282000000000437,-2.0,1.0,1.5,0.0,-1.9860034827171367,0.9929886916125176,1.5000248432087464,-0.004551340765943915,0.002289061657615341,1.0947253527683272e-05,-0.0015849789078671217,0.0007829876202645044,-7.178652525992809e-05,-0.004573110584113125,-0.009257213579256218,7.388722461614852e-07,-0.05301218253323599,-0.10588087740530575,0.00017732827732714764,0.0010223246298564498,0.0020378267001477904,-1.923138360408147e-06,68.66949860934635,0.00016001695506280138,0.00028832011304533606,-1.1696279617012967e-05,5403.527555929256,5411.486556503227,5783.459609068942,5776.120544720322,0.015654442134387738,0.0050945682724316725,0.11841050839270009,0
11.302000000000444,-2.0,1.0,1.5,0.0,-1.9860984868163738,0.9930364641263438,1.5000250485481852,-0.0049116891492322285,0.002469473716077285,9.714180353742381e-06,-0.0011044417759245202,0.0005422970066276968,-6.973092644941333e-05,-0.003167334429029137,-0.006450591419305281,3.5659136573839776e-07,-0.051828304237661146,-0.1035209488432969,0.0001729770020275538,0.0010417913158403326,0.0020767749934791618,-1.904678293088538e-06,68.66951242363815,0.0001512699369753128,0.00027260671507534014,-1.1043089980933507e-05,5403.524998071126,5411.484163357518,5783.466082333016,5776.120880034126,0.015548103681413874,0.005497552646258343,0.11577027704369376,0
11.32200000000045,-2.0,1.0,1.5,0.0,-1.986200607628023,0.9930877996059758,1.5000252295071974,-0.005263810265472931,0.0026457587157295293,8.506738949058501e-06,-0.000630192933956321,0.00030476433429025814,-6.767761633319814e-05,-0.0017800031190343517,-0.0036806976973488004,1.143479229147938e-07,-0.05062280935526226,-0.10111776640092869,0.0001686576509697459,0.001060163165022215,0.0021135384237681784,-1.8858448907960295e-06,68.66952643151721,0.00014255043971639721,0.0002569421565477169,-1.0391728114497866e-05,5403.522458028441,5411.481786408501,5783.472545834583,5776.121223848818,0.015433806421325856,0.005891333470222554,0.11308169104083196,0
11.342000000000457,-2.0,1.0,1.5,0.0,-1.9863096790087,0.9931426147116419,1.5000253866041753,-0.00560756012994957,0.002817844704354225,7.325440032961177e-06,-0.00016248912503830006,7.051806183036666e-05,-6.562866794414135e-05,-0.0004118669065324874,-0.0009490319433066142,6.822053107590958e-09,-0.0493969501242294,-0.0986738290765751,0.00016437554081241752,0.0010774440376054603,0.002148124621320837,-1.8666265531925072e-06,68.66954061051858,0.00013386444397937315,0.00024133718274437028,-9.742670055765626e-06,5403.519936965994,5411.479426851837,5783.478994531683,5776.121575454833,0.015311736228053636,0.0062757496007193325,0.11034754557403358,0
11.362000000000464,-2.0,1.0,1.5,0.0,-1.9864255320299413,0.9932008247119362,1.5000255203668127,-0.0059428033541728915,0.0029856640371549717,6.170711792770539e-06,0.0002984218261253037,-0.00016031782299411913,-6.358600755172006e-05,0.0009363500693662989,0.0017429584066760897,2.848410893012931e-08,-0.04815197388946331,-0.09619162618938186,0.00016013582308275608,0.0010936385350821828,0.0021805426969600705,-1.847014464858204e-06,68.66955493889041,0.00012521781219738588,0.0002258023273076791,-9.096382428379589e-06,5403.51743603629,5411.477085870296,5783.48542349326,5776.1219341677925,0.015182082088998506,0.006650649556758582,0.10757062498811493,0
11.38200000000047,-2.0,1.0,1.5,0.0,-1.9865479951497325,0.9932623435697665,1.5000256313304878,-0.006269413109066299,0.003149153358167294,5.042903098529528e-06,0.0007523010555196136,-0.00038762382427821786,-6.155141782609415e-05,0.0022639499054981412,0.004393878257100083,1.736169809521062e-07,-0.04688912226252124,-0.09367363570146606,0.00015594347211022474,0.0011087519852640856,0.0022108032121915078,-1.8270025173277702e-06,68.66956939560505,0.00011661628606020722,0.0002103479077706965,-8.453322186072116e-06,5403.514956379271,5411.4747646331925,5783.491827901449,5776.12229932874,0.015045035913170524,0.0070158914641163285,0.10475370090336135,0
11.402000000000477,-2.0,1.0,1.5,0.0,-1.986676894383238,0.9933270840279008,1.5000257200367164,-0.006587271082437379,0.003308253578808315,3.942286810910534e-06,0.0011989186948710342,-0.0006112849553637518,-5.952654132757868e-05,0.00357026103605633,0.007002385057540312,4.363382907603654e-07,-0.04560963029891348,-0.09112232257468578,0.00015180327389391164,0.0011227904270124502,0.0022389181487626783,-1.8065872256481476e-06,68.66958396036792,0.00010806548415929695,0.00019498402131889228,-7.813936370995798e-06,5403.512499122,5411.472464295773,5783.4982030536985,5776.122670304301,0.01490079234022069,0.0073713429981814745,0.10189953038873069,0
11.422000000000484,-2.0,1.0,1.5,0.0,-1.9868120534726184,0.9933949576940521,1.5000257870316664,-0.00689626743085613,0.0034629098536260775,2.8690631665246956e-06,0.001638053899522554,-0.0008311907526384532,-5.7512884280887305e-05,0.004854638313016728,0.009567188965154415,8.106223946707715e-07,-0.044314725693087434,-0.08854013716265535,0.00014771981590662594,0.001135760594683154,0.002264900877649822,-1.7857676398450248e-06,68.66959861362393,9.957089976066629e-05,0.0001797205407808631,-7.178661886002157e-06,5403.510065378253,5411.470185998581,5783.504544364682,5776.123046486758,0.014749548550496108,0.007716881323679343,0.09901085414746455,0
11.44200000000049,-2.0,1.0,1.5,0.0,-1.9869532940558254,0.9934658751254483,1.5000258328647431,-0.007196300726062564,0.003613071553309944,1.8233632291594898e-06,0.0020694948692239652,-0.0010472352857855026,-5.5511820620692605e-05,0.0061164630658424235,0.012087052965807843,1.2903221389254786e-06,-0.04300562799141715,-0.08592951363864068,0.00014369747783595999,0.0011476699022981204,0.0022887661275022516,-1.7645452519824656e-06,68.66961333656187,9.113789870786032e-05,0.0001645671108486789,-6.547925280850684e-06,5403.507656248107,5411.467930866771,5783.510847368018,5776.123427294025,0.014591504076238902,0.008052393030268678,0.09609039476715558,0
11.462000000000497,-2.0,1.0,1.5,0.0,-1.9871004358342668,0.9935397459128337,1.5000258580872456,-0.007487277896028865,0.003758692235024994,8.052523925541621e-07,0.002493038861932202,-0.0012593171645327748,-5.352459628735041e-05,0.00735514314075576,0.014560792954373361,1.8691903097918849e-06,-0.04168354782349621,-0.0832928684599343,0.00013974042325984383,0.001158526427466742,0.002310529952582935,-1.7429238988382259e-06,68.66962811111622,8.277171745042291e-05,0.00014953314452300444,-5.922142552315396e-06,5403.50527281743,5411.465700009393,5783.517107717808,5776.123812169576,0.014426860614052324,0.008377774063462863,0.09314085500861795,0
11.482000000000504,-2.0,1.0,1.5,0.0,-1.987253296739232,0.9936164787638476,1.5000258632510914,-0.007769114160802549,0.003899729610133789,-1.852660776273878e-07,0.002908492200719719,-0.0014673395419506586,-5.1552333739141056e-05,0.008570112919863362,0.01698727777477836,2.5409007246433763e-06,-0.04034968615201556,-0.0806325988692732,0.00013585259225149145,0.0011683388950655528,0.0023302097002252348,-1.7209096609772984e-06,68.66964291996729,7.447746120065038e-05,0.00013462781978745516,-5.301718958231708e-06,5403.502916157341,5411.463494518653,5783.52332118999,5776.124200582275,0.014255821838752007,0.008692929650587336,0.09016491611673862,0
11.50200000000051,-2.0,1.0,1.5,0.0,-1.9874116930969807,0.9936959815857291,1.500025848907613,-0.008041732963259874,0.0040361455093702635,-1.1482474745477687e-06,0.0033156702738955986,-0.0016712101143502465,-4.959603666596396e-05,0.009760833320436736,0.019365429220412882,3.299068912845492e-06,-0.03900523354149003,-0.07795108143382762,0.00013203769490588142,0.0011771166606964645,0.0023478239778501405,-1.6985107584499411e-06,68.66965774653909,6.626010221735935e-05,0.00011986007650794566,-4.687048845397741e-06,5403.500587323637,5411.4613154691515,5783.529483683507,5776.124592026146,0.014078593218716611,0.008997774221642952,0.08716523619776131,0
11.522000000000517,-2.0,1.0,1.5,0.0,-1.9875754397923913,0.9937781615672979,1.5000258156064274,-0.008305065894899571,0.0041679058455311785,-2.083802066981071e-06,0.003714397528444992,-0.0018708411178351226,-4.765659487663692e-05,0.010926791774659439,0.02169422199551657,4.137272338075917e-06,-0.037651369446075805,-0.0752506706222512,0.00012829920577774523,0.001184869693939435,0.0023633926195630217,-1.675737443488325e-06,68.66967257499545,5.8124478213584876e-05,0.00010523861355683946,-4.0785154912303154e-06,5403.498287356162,5411.459163917082,5783.535591221313,5776.124986020077,0.013895381832849297,0.009292231325040722,0.08414444862795704,0
11.542000000000524,-2.0,1.0,1.5,0.0,-1.9877443504310723,0.9938629252601635,1.5000257638943737,-0.008559052616809459,0.004294980573751292,-2.992091512156554e-06,0.004104507456895298,-0.0020661493215621187,-4.573478933737003e-05,0.012067502190164017,0.02397268363817875,5.049070116566719e-06,-0.036289261516708485,-0.0725336974202474,0.00012464035921840716,0.001191608561410977,0.0023769366523725796,-1.6526018908108902e-06,68.6696873902342,5.007529089128325e-05,9.077188615920472e-05,-3.4764909592148834e-06,5403.496017278134,5411.457040899432,5783.5416399511905,5776.125382107454,0.013706396189259569,0.00957623353823545,0.08110516049636986,0
11.56200000000053,-2.0,1.0,1.5,0.0,-1.9879182374998408,0.9939501786591118,1.5000256943145265,-0.008803640775939283,0.004417343649429399,-3.873325277487531e-06,0.004485842577722627,-0.002257056017766406,-4.3831297341674375e-05,0.013182504891682111,0.026199894405616264,6.0280221886601006e-06,-0.03492006492776903,-0.06980246798507317,0.00012106414559672347,0.001197344409649204,0.0023884782620551023,-1.629118085734014e-06,68.66970217787966,4.211710459890115e-05,7.646810346149381e-05,-2.8813359679003265e-06,5403.493778095454,5411.454947433148,5783.547626146421,5776.125779855745,0.013511846045774758,0.009849722373325239,0.07804995110683188,0
11.582000000000537,-2.0,1.0,1.5,0.0,-1.9880969125254748,0.9940398272816268,1.5000256074052791,-0.009038785916814878,0.004534972983872924,-4.727757080863039e-06,0.004858254409413532,-0.0024434870086099724,-4.194669778551892e-05,0.014271366544152186,0.028374987122401222,7.067707904010291e-06,-0.033544921723468665,-0.06705926233936235,0.00011757330838722696,0.0012020889478388426,0.0023980407586958086,-1.6053017105156696e-06,68.6697169242736,3.425434511176643e-05,6.233522632020396e-05,-2.29339977340447e-06,5403.491570795982,5411.452884514308,5783.5535462062835,5776.126178856027,0.013311942232380813,0.010112648177710688,0.07498137052218062,0
11.602000000000544,-2.0,1.0,1.5,0.0,-1.9882801862316537,0.9941317762465001,1.5000255036994958,-0.009264451388830055,0.004647850397729266,-5.555681361025748e-06,0.005221603438300772,-0.002625372589912832,-4.0081476527000285e-05,0.015333680057631386,0.030497146992333652,8.1617439837272e-06,-0.032164960184126366,-0.06430633310462082,0.00011417034210654127,0.0012058544303887796,0.002405648541942395,-1.581170029526758e-06,68.6697316164646,2.6491298535351202e-05,4.83809653081832e-05,-1.7130200653031133e-06,5403.489396348764,5411.4508531172705,5783.559396656394,5776.1265787224565,0.01310689647569356,0.010364970029925924,0.07190193812571383,0
11.62200000000055,-2.0,1.0,1.5,0.0,-1.9884678686939938,0.9942259303514852,1.5000253837237378,-0.009480608249253545,0.004755961572272993,-6.357429786515774e-06,0.005575759080293414,-0.002802647531826758,-3.823603181242291e-05,0.01636906447436025,0.03256561137466217,9.303801825730809e-06,-0.03078129421249637,-0.06154590427470378,0.00011085749107716552,0.0012086536393824357,0.0024113270659974857,-1.5567417732790746e-06,68.66974624219588,1.8832110328777037e-05,3.461277893636232e-05,-1.1405228757056975e-06,5403.487255703269,5411.448854193819,5783.565174148909,5776.1269790917,0.01289692122555992,0.010606655630766243,0.06881414129590016,0
11.642000000000557,-2.0,1.0,1.5,0.0,-1.988659769493102,0.9943221941499547,1.5000252479975549,-0.00968723516208936,0.004859295998618098,-7.133367814111848e-06,0.005920599636627425,-0.00297525105651476,-3.6410679740261865e-05,0.01737716483834926,0.03457966952539042,1.0487624122580946e-05,-0.029395022740283258,-0.05878017002955734,0.00010763674899609248,0.0012104998669104305,0.002415102804378259,-1.532037022092693e-06,68.66976078989207,1.1280784448736875e-05,2.1037872090352094e-05,-5.762225013773022e-07,5403.485149788562,5411.446888672316,5783.570875462564,5776.127379622325,0.012682229483878902,0.010837681189846042,0.06572043401865085,0
11.662000000000564,-2.0,1.0,1.5,0.0,-1.9888556978655594,0.99442047202652,1.5000250970328473,-0.009884318292930001,0.004957846924925372,-7.883891304535922e-06,0.0062560122437594155,-0.0031431268128993186,-3.460565975356116e-05,0.018357652047854563,0.03653866230438615,1.1707040764016006e-05,-0.028007229154967256,-0.05601129358947184,0.00010450985928394734,0.001211406897306536,0.0024170032144760424,-1.5070770893051014e-06,68.66977524864443,3.841182610541384e-06,7.66319467942513e-06,-2.0421438710477418e-08,5403.483079512516,5411.444957456842,5783.57649750259,5776.127779994137,0.012463034635737873,0.011058031307727643,0.06262323566035839,0
11.68200000000057,-2.0,1.0,1.5,0.0,-1.98905546285276,0.9945206682715727,1.5000249313332958,-0.01007185119994262,0.0050516113016749195,-8.609423204163327e-06,0.006581892817535693,-0.003306222848543397,-3.28211401350529e-05,0.019310222691116517,0.03844198184906528,1.2955983999414464e-05,-0.026618980747043143,-0.05324140611005508,0.00010147831618892971,0.001211388989294971,0.002417056701944431,-1.4818844048259682e-06,68.66978960819516,-3.48297633258999e-06,-5.504559506080379e-06,5.265896686325875e-07,5403.481045760961,5411.4430614263465,5783.582037300478,5776.128179907491,0.012239550282949456,0.011267698853766162,0.059524929705923,0
11.702000000000577,-2.0,1.0,1.5,0.0,-1.989258873447528,0.9946226871547124,1.5000247513938543,-0.010249834721128954,0.005140589725074575,-9.31041030151976e-06,0.006898145991764167,-0.0034644915787304057,-3.10572234838573e-05,0.020234598865746908,0.040289071215396426,1.4228502838335596e-05,-0.025231328177764047,-0.05047260561810816,9.854336661821897e-05,0.0012104608580690004,0.002415292584946238,-1.4564823990596228e-06,68.66980385892063,-1.0688116894876472e-05,-1.845895373038445e-05,1.0645320696299523e-06,5403.47904939685,5411.441201433813,5783.587492013627,5776.128579082579,0.012011990080074619,0.011466684839819353,0.05642786257652629,0
11.722000000000584,-2.0,1.0,1.5,0.0,-1.9894657387384422,0.9947264329970209,1.5000245577003086,-0.010418276858000234,0.005224786378674975,-9.987320064382629e-06,0.007204685051325436,-0.0036178897528098336,-2.9313952161871496e-05,0.021130527982153823,0.04207942398702217,1.5518776670228886e-05,-0.02384530496745773,-0.04770695598854551,9.570601266850783e-05,0.0012086376573128194,0.0024117410582833354,-1.430895387606499e-06,68.66981799181364,-1.7770807349696446e-05,-3.119380904249047e-05,1.5931389335942389e-06,5403.477091259418,5411.439378305422,5783.592858924855,5776.128977258672,0.011780567573012388,0.011654998289973828,0.05333434247880243,0
11.74200000000059,-2.0,1.0,1.5,0.0,-1.9896758680517919,0.9948318102421516,1.500024350728896,-0.010577192655808934,0.005304208973262304,-1.064063756589548e-05,0.007501431859954763,-0.0037663784178755726,-2.759131368736119e-05,0.021997782551395267,0.04381258385326688,1.6821128087273522e-05,-0.022461927004474334,-0.04494648596247426,9.296701482586992e-05,0.0012059349611792953,0.00240643315744278,-1.4051484572302386e-06,68.6698319984648,-2.4727760007681767e-05,-4.370320480524101e-05,2.1121553658588135e-06,5403.475172163319,5411.437592839731,5783.598135441806,5776.129374193355,0.011545496040237451,0.0118326561064413,0.050246638309689534,0
11.762000000000597,-2.0,1.0,1.5,0.0,-1.9898890710911057,0.9949387235261967,1.5000241309459865,-0.010726604080479483,0.005378868685100095,-1.1270862505163132e-05,0.007788316782834438,-0.003909922879846105,-2.5889246063681e-05,0.022836159957864702,0.045488144156845746,1.8130034897169492e-05,-0.021082192074803056,-0.04219318820651385,9.032689580436842e-05,0.001202368746242166,0.002399400722584684,-1.3792673530308054e-06,68.66984587104334,-3.155583138441947e-05,-5.598147902473935e-05,2.6213384117191664e-06,5403.473292897808,5411.435845806881,5783.603319096228,5776.129769661738,0.011306988336756321,0.011999682931779955,0.047166978632777135,0
11.782000000000604,-2.0,1.0,1.5,0.0,-1.9901051580741793,0.9950470777463034,1.5000238988078227,-0.010866539892380142,0.005448780092591258,-1.187850632833627e-05,0.008065278604131402,-0.004048492662015967,-2.4207643025955644e-05,0.023645482217213347,0.04710574741206271,1.944014131548073e-05,-0.019707079412380535,-0.039449018413405444,8.77859449917935e-05,0.0011979553734317821,0.002390676362499031,-1.3532783675002443e-06,68.66985960227703,-3.8252022258997304e-05,-6.802322848395965e-05,3.120457048919874e-06,5403.471454225873,5411.434137947806,5783.608407543151,5776.130163455636,0.011065256740860426,0.012156111007596978,0.04409755062855051,0
11.80200000000061,-2.0,1.0,1.5,0.0,-1.9903239398675494,0.9951567781280048,1.5000236547603143,-0.010997035517078597,0.005513961111431759,-1.2464089455884884e-05,0.008332264439624329,-0.004182061461147409,-2.254635918578516e-05,0.02442559571991121,0.04866508479433978,2.074626832987873e-05,-0.01833754927010088,-0.036715894443925444,8.534422347005267e-05,0.0011927115699697675,0.0023802934185608855,-1.3272082314844212e-06,68.6698731854318,-4.481347762353603e-05,-7.982330868335256e-05,3.6092921688577444e-06,5403.4696568834215,5411.432469973475,5783.61339855996,5776.13055538276,0.010820512803737978,0.01230198002988933,0.04104049916607663,0
11.822000000000617,-2.0,1.0,1.5,0.0,-1.9905452281183478,0.9952677302912402,1.5000233992388905,-0.011118132913223593,0.005574432928327418,-1.3028138620599931e-05,0.008589229644558624,-0.004310607101175856,-2.090521507215882e-05,0.025176370960876035,0.05016589560188625,2.2043423231312686e-05,-0.01697454251151778,-0.033995695510093946,8.300156957722984e-05,0.0011866544113177035,0.0023682859287079633,-1.3010840073945368e-06,68.66988661429058,-5.123748652834399e-05,-9.137683359144885e-05,4.087636546907983e-06,5403.467901578444,5411.430842564157,5783.618290045366,5776.130945265875,0.010572967202016099,0.012437337001180061,0.03799792590451401,0
11.842000000000624,-2.0,1.0,1.5,0.0,-1.9907688353834845,0.9953798403150323,1.5000231326683986,-0.011229880437694932,0.005630219933344976,-1.3571184319997905e-05,0.008836137716872139,-0.004434111484597466,-1.928400203728222e-05,0.025897702255568384,0.05160796669034138,2.3326808309716147e-05,-0.015618980223216124,-0.031290261399632556,8.07576049776531e-05,0.0011798013031490162,0.0023546885914682817,-1.2749329849097103e-06,68.66989988313212,-5.7521481821637784e-05,-0.00010267917520738267,4.5552948020243546e-06,5403.4661889902245,5411.429256368712,5783.623080018293,5776.131332941974,0.010322829593292516,0.012562236079607892,0.03497188838427739,0
11.86200000000063,-2.0,1.0,1.5,0.0,-1.9909945752561051,0.9954930148007987,1.500022855463058,-0.011332332708163967,0.005681349650968836,-1.4093758388061227e-05,0.009072960195937467,-0.004552560541612993,-1.7682487034684878e-05,0.026589507442985688,0.052991131881242576,2.4591828714421964e-05,-0.014271763347816548,-0.02860139174159881,7.861174120588558e-05,0.0011721699633617608,0.002339536730063287,-1.2487825793771707e-06,68.66991298670933,-6.366303978807281e-05,-0.00011372596294160308,5.01208334603034e-06,5403.464519768547,5411.427712003916,5783.627766616673,5776.13171826143,0.010070308474717425,0.012676738425127817,0.0319643992892224,0
11.882000000000637,-2.0,1.0,1.5,0.0,-1.991222262489271,0.9956071609342698,1.500022568026458,-0.011425550463206273,0.0057278526699343505,-1.4596391688034565e-05,0.009299676556962937,-0.004665944177100427,-1.610041724555191e-05,0.02725172757597808,0.054315271345149095,2.5834099481887572e-05,-0.012933772337559976,-0.025930845313095474,7.656318665024846e-05,0.0011637784041397166,0.002322866256610257,-1.2226602332116416e-06,68.66992592022733,-6.96598796851977e-05,-0.0001245130828138048,5.457830322772001e-06,5403.462894532927,5411.426210053807,5783.632348096159,5776.132101087159,0.009815611044681925,0.012780912042980245,0.028977425595940475,0
11.902000000000644,-2.0,1.0,1.5,0.0,-1.9914517131168172,0.9957221865459919,1.500022270751603,-0.01150960042010811,0.005769762571908677,-1.5079611931147372e-05,0.009516274101200919,-0.004774256215488894,-1.4537524547272226e-05,0.02788432659930838,0.05558031096028824,2.7049451735711597e-05,-0.011605866828404497,-0.023280339386923768,7.461095394130875e-05,0.0011546449140799283,0.002304713636453836,-1.1965933203135045e-06,68.66993867932146,-7.550986318375329e-05,-0.00013503667647586003,5.892375537569789e-06,5403.461313871866,5411.424751069071,5783.636822828752,5776.132481293773,0.009558943067665191,0.012874831624586278,0.026012887947222237,0
11.92200000000065,-2.0,1.0,1.5,0.0,-1.9916827445713428,0.995838000170391,1.500021964020996,-0.011584555130507278,0.005807115859089633,-1.5543941621414362e-05,0.00972274784210834,-0.00487749434360781,-1.2993529808408837e-05,0.028487291015888233,0.05678622164757066,2.8233938066197808e-05,-0.01028888533455605,-0.020651549120017938,7.275386771053199e-05,0.0011447880403936664,0.0022851158526444875,-1.170609053895872e-06,68.66995126003545,-8.121099370908262e-05,-0.00014529314006103642,6.315570377142727e-06,5403.459778342154,5411.4233355664755,5783.641189301379,5776.132858766772,0.009300508742289949,0.01295857838602576,0.023072659970526727,0
11.942000000000657,-2.0,1.0,1.5,0.0,-1.9919151757992897,0.9959545111033771,1.5000216482067659,-0.011650492834008718,0.005839951880792937,-1.5989896129839187e-05,0.009919100387607164,-0.004975660051584623,-1.1468147014835363e-05,0.02906062954161795,0.05793301868283719,2.9383837098909527e-05,-0.00898364496333633,-0.0180461069824795,7.099057268445498e-05,0.0011342265711960337,0.0022641103705909552,-1.144734397795795e-06,68.66996365879915,-8.67614156897076e-05,-0.00015527912286213767,6.727277720450923e-06,5403.458288468154,5411.421964028319,5783.6454461143685,5776.1332334016915,0.009040510572636202,0.013032239904254514,0.020158567691498604,0
11.962000000000664,-2.0,1.0,1.5,0.0,-1.992148827373075,0.9960716294584699,1.5000213236708293,-0.01170749730991459,0.005868312759097775,-1.6417981898268892e-05,0.01010534181859307,-0.005068758571866316,-9.961087200298897e-06,0.029604372749268526,0.059020760987202284,3.0495657263758066e-05,-0.007690941150280541,-0.015465602226993225,6.931954207974544e-05,0.0011229795178962845,0.0022417351029138887,-1.1189959812838095e-06,68.66997587240687,-9.215941371356624e-05,-0.00016499152584454712,7.12737184068947e-06,5403.456844741182,5411.42063690194,5783.64959197991,5776.133605103312,0.00877914924285239,0.013095909951216704,0.017272389141809716,0
11.98200000000067,-2.0,1.0,1.5,0.0,-1.9923835216002368,0.9961892662214291,1.5000209907650877,-0.01175565772720728,0.005892243313620072,-1.682869477343628e-05,0.010281489563840748,-0.0051567988164380844,-8.472062197386885e-06,0.030118572701834278,0.06004955039636077,3.156613977815018e-05,-0.006411547414343614,-0.012911580398383821,6.773908626471748e-05,0.001111066097696054,0.002218028374514828,-1.093420017847828e-06,68.66998789799548,-9.740341159247804e-05,-0.00017442749999734296,7.515738298743184e-06,5403.455447618863,5411.419354599249,5783.653625720408,5776.133973784855,0.008516623495107645,0.013149688326006683,0.014415854057926437,0
12.002000000000677,-2.0,1.0,1.5,0.0,-1.9926190826295642,0.9963073333033688,1.5000206498316564,-0.011795068492923432,0.005911790985482742,-1.7222518473494466e-05,0.01044756827145435,-0.005239793312313868,-7.000788178859033e-06,0.030603302575791896,0.061019530909725186,3.2592260859615954e-05,-0.005146215133081867,-0.010385542883050837,6.624736165313315e-05,0.0010985057162115957,0.0021930288878898546,-1.0680322277444519e-06,68.66999973302302,-0.00010249197133955678,-0.000183584444523097,7.892273828496558e-06,5403.4540975245545,5411.41811749632,5783.657546266819,5776.134339367193,0.008253130010920517,0.013193680685234603,0.011590644103839413,0
12.022000000000684,-2.0,1.0,1.5,0.0,-1.9928553365541744,0.9964257435923454,1.5000203012031244,-0.011825829099055897,0.005927005760551415,-1.759992318564244e-05,0.010603609677011513,-0.005317758135374265,-5.546989003354484e-06,0.03105865627470611,0.06193088792025949,3.357123318512837e-05,-0.003895673337661462,-0.007888946497986117,6.484237979661924e-05,0.0010853179502291243,0.002166775688708032,-1.0428577645927512e-06,68.67001137524748,-0.00010742379206074623,-0.0001924600048754908,8.25688621430086e-06,5403.452794846811,5411.416925933027,5783.661352656914,5776.134701778102,0.007988863295902973,0.013227998371748578,0.00879839459723329,0
12.04200000000069,-2.0,1.0,1.5,0.0,-1.9930921115115159,0.9965444110034009,1.500019945202836,-0.011848043968119362,0.005937940092003719,-1.7961364292910853e-05,0.010749652468550933,-0.005390712842625348,-4.110399347822544e-06,0.03148474803361164,0.06278384742588537,3.45005066159999e-05,-0.002660628527535444,-0.005423203119061077,6.352201664240645e-05,0.001071522530603149,0.0021393081316738788,-1.0179211460174718e-06,68.67002282270589,-0.00011219770876185798,-0.00020105207064407274,8.60949416085726e-06,5403.451539938868,5411.415780212701,5783.6650440335125,5776.135060951499,0.007724015567945511,0.013252758241865049,0.006040701659950653,0
12.062000000000697,-2.0,1.0,1.5,0.0,-1.993329237780269,0.9966632505270523,1.5000195821452025,-0.011861822297514504,0.005944648822299566,-1.8307281232722778e-05,0.010885742148551843,-0.0054586804029535495,-2.690767632977931e-06,0.03188171201460976,0.06357867522332628,3.5377768208818346e-05,-0.0014417645046182002,-0.0029896793482385477,6.228402192364305e-05,0.0010571393253081187,0.002110665846698473,-9.932461885487866e-07,68.67003407369394,-0.00011681269107443778,-0.00020935877329315708,8.950027155952892e-06,5403.450333118195,5411.414680601862,5783.668619642682,5776.135416826732,0.007458776648876063,0.013268082491257958,0.0033191666901933904,0
12.082000000000704,-2.0,1.0,1.5,0.0,-1.9935665478741211,0.9967821782762142,1.5000192123360312,-0.011867277902824004,0.0059471891046194445,-1.863809648376481e-05,0.011011930893055072,-0.005521687126451938,-1.2878587302540972e-06,0.03224970189411881,0.06431567608526387,3.620094153435532e-05,-0.0002397422267744228,-0.0005896962193508456,6.112602865024254e-05,0.001042188322656076,0.002080888705394864,-9.688559466532183e-07,68.67004512674607,-0.000121267841902014,-0.00021737848375670354,9.278425326293347e-06,5403.449174666062,5411.413627329986,5783.672078831871,5776.13576934788,0.007193333859616072,0.01327409847965577,0.0006365671265456123,0
12.10200000000071,-2.0,1.0,1.5,0.0,-1.993803876632399,0.9969011115315436,1.5000188360728754,-0.011864529060172746,0.005945620323836749,-1.89542146790194e-05,0.011128277408073853,-0.005579762592390893,9.854354318472949e-08,0.03258889044220567,0.06499519292167116,3.696818532771668e-05,0.0009448003195715964,0.001775471057946422,6.0045562668852536e-05,0.001026689614685972,0.002050016787921315,-9.447726561371738e-07,68.67005598061587,-0.00012556239598962698,-0.00022510980989418248,9.594639286800207e-06,5403.448064827183,5411.41262058932,5783.675421048044,5776.136118463077,0.006927871918858148,0.013270938554494112,0.002011204951613429,0
12.122000000000718,-2.0,1.0,1.5,0.0,-1.9940410613075366,0.9970199687852014,1.500018453645398,-0.011853698347782871,0.00594000401708987,-1.9256021845000696e-05,0.011234846783442254,-0.005632939575909184,1.468634152624076e-06,0.03289946909444068,0.06561760592618533,3.7677891494267505e-05,0.002111248227912124,0.004104593316452039,5.9040052261395085e-05,0.0010106633807385156,0.0020180903501875935,-9.210176817811009e-07,68.67006663425734,-0.000129695718418161,-0.00023255159381220858,9.898629983695702e-06,5403.4470038093905,5411.411660534744,5783.678645835776,5776.136464123867,0.0066625728452858616,0.013258739873670176,0.004615739986578844,0
12.142000000000724,-2.0,1.0,1.5,0.0,-1.9942779416493677,0.9971386697830209,1.5000180653357533,-0.011834912486853165,0.005930403794018651,-1.9543884762722026e-05,0.01133171034424971,-0.005681253973498576,2.822584784869096e-06,0.033181647516703806,0.06618333170838771,3.832868249698494e-05,0.0032590097614327547,0.006396487612357263,5.810683775237004e-05,0.0009941298712215258,0.0019851497914468073,-8.976114693846929e-07,68.6700770868065,-0.00013366730302624217,-0.00023970290905282732,1.0190368531653312e-05,5403.445991783349,5411.410747283695,5783.681752835305,5776.136806284591,0.006397615863350558,0.013237644227543486,0.0071788716741723645,0
12.162000000000731,-2.0,1.0,1.5,0.0,-1.9945143599862307,0.9972571355650771,1.5000176714189761,-0.01180830218189052,0.005916885256729421,-1.9818150449287833e-05,0.011418945500010158,-0.005724744727355678,4.160542008381157e-06,0.03343565316337231,0.06669282241285737,3.891940815192149e-05,0.004387516424316349,0.008650017369297453,5.724318109608863e-05,0.0009771093915790531,0.00195123562228776,-8.745735020923051e-07,68.67008733756374,-0.00013747677076194644,-0.00024656305765826086,1.0469836045449763e-05,5403.445028882345,5411.409880916116,5783.684741780597,5776.137144901797,0.006133177312623537,0.013207797860325908,0.009699128857611029,0
12.182000000000738,-2.0,1.0,1.5,0.0,-1.9947501613028742,0.9973752885046544,1.5000172721633815,-0.011774001960619774,0.005899515919551664,-2.0079145756581547e-05,0.011496635591709617,-0.005763453748675677,5.482625652257906e-06,0.03366173082932521,0.06714656482583795,3.9449141859368315e-05,0.005496223014811287,0.010864092485987915,5.6446275415963264e-05,0.0009596222864690491,0.001916388433047885,-8.519222610942679e-07,68.67009738597686,-0.00014112386796674123,-0.00025313156711069014,1.073702346627714e-05,5403.444115202096,5411.409061474486,5783.687612497358,5776.1374799336745,0.005869430560733028,0.013169351291002003,0.012175260680847627,0
12.202000000000744,-2.0,1.0,1.5,0.0,-1.9949851933151563,0.9974930523456068,1.5000168678309733,-0.011732150013596338,0.005878365128648835,-2.0327177084597163e-05,0.011564869736881707,-0.005797425839959942,6.788927393584212e-06,0.03386014219618556,0.06754507947039043,3.991717629911849e-05,0.006584607660309295,0.013037669407934077,5.571325446895059e-05,0.0009416889241608071,0.0018806488626589258,-8.296751906077603e-07,68.67010723162473,-0.00014460846459358903,-0.00025940818715400527,1.0991931383187496e-05,5403.4432508006375,5411.408288963869,5783.69036490106,5776.137811339538,0.00560654591989952,0.013122459133918895,0.014606090539634058,0
12.222000000000751,-2.0,1.0,1.5,0.0,-1.9952193065415371,0.997610352238109,1.5000164586778533,-0.011682888033644583,0.005853503981544803,-2.056253020476157e-05,0.011623742672853798,-0.005826708616410692,8.079509563067199e-06,0.034031165373227486,0.06788891969086493,4.0323018618914854e-05,0.007652171834689626,0.015169751163724609,5.5041202009390075e-05,0.0009233296811597199,0.0018440575679463025,-8.078486671253763e-07,68.67011687420174,-0.00014793055236285847,-0.0002653928865014306,1.1234569849882328e-05,5403.442435698232,5411.4075633520415,5783.692998994934,5776.138139079327,0.005344690567074681,0.01306727991918307,0.016990499787432393,0
12.242000000000758,-2.0,1.0,1.5,0.0,-1.9954523543713558,0.9977271147727992,1.5000160449546356,-0.011626361055242975,0.005825005246626477,-2.0785470190516098e-05,0.011673354598308825,-0.005851352426485409,9.354404159558541e-06,0.03417509443337294,0.06817867072753865,4.066638514576654e-05,0.008698440358193435,0.0172593873664371,5.4427161027440655e-05,0.0009045649270648978,0.0018066551933962566,-7.864579729631959e-07,68.67012631350306,-0.00015109024285595777,-0.0002710858494329205,1.1464958197203644e-05,5403.441669877373,5411.406884569639,5783.695514867967,5776.138463113148,0.005084028467694048,0.013003975912999361,0.019327423897926785,0
12.262000000000764,-2.0,1.0,1.5,0.0,-1.9956841931298988,0.9978432680133096,1.5000156269068603,-0.011562717293975084,0.005792943282682366,-2.099624145010905e-05,0.011713811013306407,-0.00587141027168184,1.0613612066425525e-05,0.034292238944691404,0.0684149487822576,4.0947195650289216e-05,0.009722961380101565,0.019305674180699662,5.386814283859455e-05,0.0008854150096697558,0.0017684823414039043,-7.655172739709488e-07,68.6701355494105,-0.00015408776555154044,-0.0002764874722864294,1.1683124841593602e-05,5403.440953282792,5411.406252510387,5783.697912692887,5776.138783400837,0.00482472030304812,0.012932712938085353,0.021615851353143995,0
12.282000000000771,-2.0,1.0,1.5,0.0,-1.9959146821402562,0.9979587415271913,1.500015204775406,-0.011492107986163803,0.005757393958535818,-2.1195067858932675e-05,0.011745222557904845,-0.0058869377256256005,1.1857102470136697e-05,0.034382923497823716,0.06859840007590935,4.1165567194613234e-05,0.010725306344498241,0.021307754255972217,5.3361136001845676e-05,0.0008659002403126623,0.0017295795430199356,-7.450396013329371e-07,68.67014458187933,-0.0001569234658056206,-0.0002815983598490673,1.1889107089896405e-05,5403.440285821548,5411.405667031349,5783.700192724145,5776.139099901581,0.004566923401278986,0.01285366019429237,0.023854823038187624,0
12.302000000000778,-2.0,1.0,1.5,0.0,-1.9961436837819753,0.9980734664152324,1.500014778796897,-0.011414687228803897,0.0057184345728305596,-2.138215298655763e-05,0.011767704849524269,-0.005897992852531052,1.308481248326754e-05,0.0344474872297425,0.06872969989854583,4.13218075946746e-05,0.011705069939409956,0.023264816626623542,5.290311504530672e-05,0.0008460408794822604,0.0016899872292048103,-7.250368374595033e-07,68.67015341092572,-0.00015959780277715078,-0.0002864193216483072,1.2082950940692442e-05,5403.439667363164,5411.405127953236,5783.702355295903,5776.139412573534,0.004310791672010575,0.012766990079561783,0.026043431942878736,0
12.322000000000784,-2.0,1.0,1.5,0.0,-1.9963710635465186,0.9981873753391735,1.5000143492041065,-0.011330611819906428,0.005676143774025411,-2.1557680413592423e-05,0.011781378319193939,-0.005904636125104539,1.4296646949663363e-05,0.03448628334425304,0.06880955165299037,4.141640852789037e-05,0.012661870029618102,0.02517609657939935,5.2491048979381324e-05,0.0008258571226877034,0.0016497457026108844,-7.05519705742556e-07,68.6701620366153,-0.00016211134730407308,-0.0002909513681525621,1.226471088255021e-05,5403.439097739819,5411.404635060771,5783.7044008200055,5776.139721373509,0.004056475544620124,0.012672878011343577,0.028180822930966406,0
12.342000000000791,-2.0,1.0,1.5,0.0,-1.9965966900895307,0.9983004025478264,1.500013916226353,-0.011240041099365898,0.005630601480653655,-2.172181413431927e-05,0.011786368046816225,-0.005906930341960046,1.5492478442063833e-05,0.03449967862964373,0.06883868589270371,4.1450038317281807e-05,0.013595347573449303,0.027040875488887648,5.212190957869134e-05,0.0008053690865953011,0.0016088951098973318,-6.864977643540857e-07,68.67017045905214,-0.000164464779728287,-0.0002951957068809552,1.2434449689427934e-05,5403.4385767465765,5411.404188103096,5783.7063297839795,5776.140026256673,0.0038041219101771404,0.012571502248601119,0.030266192516244312,0
12.362000000000798,-2.0,1.0,1.5,0.0,-1.9968204352799332,0.9984124839016014,1.5000134800898854,-0.011143136790459404,0.005581888801901826,-2.1874699039815027e-05,0.011782803595589907,-0.005904940544615577,1.6672147437828425e-05,0.034488052973885464,0.06881785935474102,4.142353442312982e-05,0.014505166523855547,0.028858480621606085,5.1792679415278914e-05,0.000784596795442346,0.0015674754145953563,-6.679794036792622e-07,68.67017867836891,-0.00016665888767552808,-0.0002991537384305703,1.2592238213545014e-05,5403.43810414167,5411.40378679421,5783.708142749011,5776.140327176289,0.0035538740670697836,0.012463043714524355,0.032298788547472486,0
12.382000000000804,-2.0,1.0,1.5,0.0,-1.9970421742458533,0.9985235568954508,1.5000130410182608,-0.011040062842084567,0.005530087958561393,-2.2016461477429777e-05,0.011770818845723766,-0.005898733934138052,1.783546266666819e-05,0.03445179887777575,0.06874785398856541,4.133789567311113e-05,0.015391013714103714,0.030628284909344827,5.150035962704269e-05,0.000763560167731791,0.001525526370532155,-6.499718473487774e-07,68.67018669471754,-0.0001686945637909849,-0.0003028270524209708,1.2738155175904868e-05,5403.437679646867,5411.403430813466,5783.709840347959,5776.140624083488,0.0033058716703801027,0.012347685820070823,0.03427791004429594,0
12.402000000000811,-2.0,1.0,1.5,0.0,-1.9972617854174113,0.9986335606802345,1.500012599232706,-0.010930985271840925,0.005475282204405652,-2.2147209880587844e-05,0.011750551827577836,-0.0058883797875036665,1.8982201629732227e-05,0.034391320966418885,0.06862947598151888,4.119427426170115e-05,0.016252598728398925,0.03234970669241428,5.124197740639948e-05,0.0007422790032118828,0.001483087495826598,-6.32481156997944e-07,68.6701945082611,-0.0001705728034325144,-0.0003062174233647392,1.2872286954881907e-05,5403.437302947836,5411.403119806129,5783.711423283353,5776.140916927082,0.003060250685085717,0.012225614288451519,0.03620290679318615,0
12.422000000000818,-2.0,1.0,1.5,0.0,-1.9974791505663758,0.9987424360825192,1.5000121549524708,-0.010816072010057257,0.005417555748043191,-2.2267035465282467e-05,0.011722144554360674,-0.00587394937373964,2.0112111272212886e-05,0.03430703549942771,0.06846355478170194,4.099396754932824e-05,0.017089653757772962,0.03402220943346032,5.101459319558864e-05,0.000720772970148219,0.0014401980474667802,-6.155122402888309e-07,68.670202119166,-0.00017229470232495018,-0.00030932680646597734,1.2994727373004164e-05,5403.43697369459,5411.402853383929,5783.71289232541,5776.141205653387,0.0028171433432508416,0.012097016980676197,0.03807317909165379,0
12.442000000000824,-2.0,1.0,1.5,0.0,-1.997694154842712,0.9988501256228217,1.5000117083951623,-0.010695492744864666,0.0053569936752979955,-2.2376012987290494e-05,0.0116857428545156,-0.005855515869913693,2.1224908812217754e-05,0.034199369880234275,0.06825094211903683,4.073840969143923e-05,0.017901933441574102,0.03564530140251503,5.081530757630394e-05,0.0006990615928918183,0.0013968969964740982,-5.990688622730021e-07,68.67020952759547,-0.00017386145417720714,-0.0003121573333491029,1.3105577482240564e-05,5403.436691501989,5411.402631125707,5783.71424831007,5776.1414902061115,0.0025766781054677042,0.011962083722269822,0.03988817734594687,0
12.462000000000831,-2.0,1.0,1.5,0.0,-1.9979066868080453,0.9989565735323029,1.5000112597770672,-0.010569418768413554,0.005293681872165119,-2.247420155660498e-05,0.011641496203924219,-0.0058331542770333495,2.2320282714077012e-05,0.03406876216487236,0.06799251102526392,4.042916312716996e-05,0.018689214694901653,0.03721853533396794,5.064126784265918e-05,0.0006771642397477091,0.0013532230036722972,-5.831536598809493e-07,68.67021673370355,-0.00017527434826412043,-0.0003147113077272581,1.3204945348010194e-05,5403.436455950257,5411.402452578062,5783.7154921370375,5776.141770526248,0.0023389796270344063,0.011821006131269787,0.041647401706454694,0
12.482000000000838,-2.0,1.0,1.5,0.0,-1.99811663846606,0.999061725767931,1.5000108093134532,-0.010438022824329554,0.005227706948389707,-2.256164550062491e-05,0.011589557558051513,-0.005806941335921343,2.339789379520389e-05,0.033915660570619434,0.06768915485359783,4.006790995683712e-05,0.019451296522330946,0.03874150805615051,5.048967424766905e-05,0.0006551001111489865,0.0013092143960604754,-5.677681594562507e-07,68.67022373762994,-0.00017653476697698087,-0.0003169912010092442,1.3292945832235315e-05,5403.436266585575,5411.402317256073,5783.716624767832,5776.142046552002,0.0021041687297711723,0.011673977447610324,0.04335040167462927,0
12.502000000000844,-2.0,1.0,1.5,0.0,-1.9983239052898651,0.999165530026121,1.5000103572188557,-0.01030147895650154,0.005159156161715833,-2.2638375274790666e-05,0.011530083184160605,-0.005776955443127005,2.445737646442808e-05,0.033740522984847796,0.06734178629879038,3.9656443236872e-05,0.020187999818281857,0.04021386009423505,5.035778591478333e-05,0.0006328882281392143,0.0012649091438046598,-5.529127971028016e-07,68.67023053949566,-0.00017764418334302747,-0.00031899964785265904,1.336970037553633e-05,5403.436122920706,5411.4022246440145,5783.717647223875,5776.1423182187655,0.001872362381225962,0.011521192363998164,0.04499677558515483,0
12.522000000000851,-2.0,1.0,1.5,0.0,-1.998528386246348,0.999267935754869,1.5000099037073442,-0.010159962359292174,0.005088117342850556,-2.270440841316109e-05,0.011463232493717153,-0.00574327656693704,2.549834007647986e-05,0.03354381647445573,0.06695133641830187,3.919665822018542e-05,0.020899167154386285,0.041635275247158515,5.0242926407255946e-05,0.0006105474211681317,0.0012203448378506378,-5.385869417755726e-07,68.67023713939949,-0.00017860415851755795,-0.00032073944166519086,1.3435336778902913e-05,5403.436024435653,5411.402174196149,5783.7185605845625,5776.142585459099,0.0016436736848765765,0.011362846858380684,0.04658617021894117,0
12.542000000000858,-2.0,1.0,1.5,0.0,-1.998729983817552,0.9993688941643926,1.5000094489927713,-0.010013649229259165,0.005014678821187191,-2.2759750515089333e-05,0.011389167875105239,-0.005705986163544196,2.6520370399695172e-05,0.0333260167962202,0.06651875365529153,3.869054356923439e-05,0.021584662554215366,0.043005480139290196,5.014248894931075e-05,0.0005880963192028774,0.0011755586681699267,-5.247889209076499e-07,68.67024353741499,-0.00017941633925042658,-0.00032221353006049594,1.3489988985020217e-05,5403.435970578396,5411.402165337525,5783.719365985382,5776.142848202756,0.0014182118892752838,0.011199138028105089,0.048118280231411084,0
12.562000000000864,-2.0,1.0,1.5,0.0,-1.9989286040191014,0.9994683582362948,1.5000089932889993,-0.009862716618472678,0.004938929351330678,-2.2804396262764657e-05,0.011308054526771789,-0.005665167093435249,2.752303118508247e-05,0.03308760790843064,0.06604500286411147,3.814017256831685e-05,0.022244371255729294,0.044324243747571365,5.0053941294294094e-05,0.0005655533391583618,0.0011305874026399803,-5.115160484850588e-07,68.67024973358838,-0.0001800824553296313,-0.0003234250102704,1.3533796859453989e-05,5403.435960765614,5411.402197464825,5783.720064616032,5776.143106376723,0.0011960824353062906,0.011030263925864228,0.04959284764303181,0
12.582000000000871,-2.0,1.0,1.5,0.0,-1.9991241564157154,0.9995662827312687,1.5000085368101064,-0.009707342289511948,0.004860958040466576,-2.2838330463590663e-05,0.011220060290918672,-0.0056209035380547084,2.8505865831530122e-05,0.03282908148413296,0.06553106433899915,3.754769436079099e-05,0.022878199461819276,0.04559137690485671,4.99748302362893e-05,0.000542936675650202,0.0010854673665654554,-4.987646552801902e-07,68.67025572793709,-0.0001806043170036502,-0.00032437712451858846,1.3566905971908461e-05,5403.435994383493,5411.402269947233,5783.720657718569,5776.143359905299,0.0009773870934563506,0.010856423397521952,0.05100966131936631,0
12.602000000000878,-2.0,1.0,1.5,0.0,-1.9993165541338402,0.9996626241953577,1.500008079770574,-0.009547704572221672,0.0047808542766139194,-2.2861529114521566e-05,0.011125355487854044,-0.005573280916802201,2.9468399131581582e-05,0.032550936426323035,0.06497793284662101,3.6915325236048964e-05,0.023486074079308052,0.046806731780195725,4.990278576258608e-05,0.0005202642910696731,0.0010402344228468622,-4.865301213419309e-07,68.670261520449,-0.00018098381238406514,-0.00032507325535868363,1.3589467377736885e-05,5403.436070788557,5411.402382127334,5783.721146585566,5776.1436087101865,0.0007622243555682596,0.01067781592190808,0.05236855633455969,0
12.622000000000885,-2.0,1.0,1.5,0.0,-1.9995057138714354,0.9997573409647916,1.5000076223854508,-0.009383982222306327,0.004698707657801149,-2.2873960482350934e-05,0.011024112751115098,-0.005522385804419692,3.0410139096026786e-05,0.03225367838541755,0.06438661666312151,3.62453399901667e-05,0.02406794244678629,0.047970201336802985,4.9835524845899014e-05,0.0004975539059893109,0.0009949239528057928,-4.748069101573091e-07,68.67026711108221,-0.00018122290483421017,-0.00032551692098552296,1.3601637399926359e-05,5403.436189308524,5411.402533322045,5783.7215325582965,5776.143852710608,0.0005506907344595621,0.01049464145267043,0.05366941339571848,0
12.642000000000891,-2.0,1.0,1.5,0.0,-1.9996915559049526,0.9998503931694173,1.5000071648704945,-0.009216354281837204,0.004614607922202545,-2.287558619545555e-05,0.010916506863472604,-0.0054683058488227574,3.133057884963716e-05,0.03193781927931915,0.06375813661632249,3.554006338319321e-05,0.024623772051657996,0.04908171876846321,4.9770854875976784e-05,0.00047482298989341926,0.0009495708376562436,-4.6358860483727127e-07,68.6702724997655,-0.00018132363034073718,-0.000325711770514152,1.3603577411710442e-05,5403.436349243199,5411.402722823568,5783.721817024933,5776.14409182346,0.0003428867143763523,0.01030710026226762,0.05491215820973762,0
12.662000000000898,-2.0,1.0,1.5,0.0,-1.9998740040935477,0.9999417427347413,1.5000067074422927,-0.009044999941745657,0.00452864487927177,-2.286636234140417e-05,0.010802714593923764,-0.005411129689430141,3.222919857627464e-05,0.031603876816393116,0.06309352513369554,3.480186171505393e-05,0.025153550236771766,0.0501412569151232,4.970667673148609e-05,0.00045208875224036436,0.0009042094406425534,-4.5286794572659107e-07,68.67027768639946,-0.00018128809487422495,-0.0003256615792407774,1.3595453619959157e-05,5403.4365498654215,5411.40294990035,5783.722001418777,5776.144325963463,0.00013897434000662058,0.010115392788184753,0.0560967608049712,0
12.682000000000905,-2.0,1.0,1.5,0.0,-2.0000529858805645,1.000031353382609,1.5000062503183622,-0.00887009840637227,0.004440908341907634,-2.284624056927201e-05,0.010682914535777868,-0.005350946876043451,3.31054675228983e-05,0.03125237402165813,0.06239382529671693,3.403313454100875e-05,0.025657283897019517,0.05114882765843113,4.9640987494140094e-05,0.0004293681338576502,0.000858873589836065,-4.426368695228947e-07,68.67028267085804,-0.00018111847174027564,-0.0003253702438827999,1.3577436849595335e-05,5403.436790422004,5411.403213798104,5783.722087216491,5776.144555043356,6.188379933270727e-05,0.00991971948145011,0.05722323490442553,0
12.702000000000911,-2.0,1.0,1.5,0.0,-2.0002284322923334,1.0001191906305358,1.5000057937172255,-0.008691828760139615,0.004351488059685713,-2.2815169188242667e-05,0.010557286945938743,-0.0052878477883286845,3.3958846038745825e-05,0.030883838766493907,0.061660089902213194,3.3236306546564207e-05,0.026134999166281696,0.05210448129797969,4.9571882807866885e-05,0.0004066777986669735,0.0008135965615944339,-4.328865497034241e-07,68.67028745299066,-0.0001808169989209163,-0.0003248417778023052,1.3549702329068377e-05,5403.437070134732,5411.403513740808,5783.722075936366,5776.144778974086,0.00025772327358523434,0.009720280657528495,0.05829163717415427,0
12.722000000000918,-2.0,1.0,1.5,0.0,-2.0004002779343244,1.0002052217897173,1.5000053378584648,-0.00851036983641372,0.004260473653188533,-2.2773094260662725e-05,0.010426013585478672,-0.005221923555948949,3.478878765150082e-05,0.0304988033021534,0.06089338053124972,3.241381960062768e-05,0.02658674109510066,0.053008305909017,4.949755888685739e-05,0.0003840341257461947,0.000768411064690219,-4.2360743802564635e-07,68.67029203262483,-0.00018038597641209075,-0.0003240803062222942,1.3512429477202917e-05,5403.43738820137,5411.403848931737,5783.721969136611,5776.14499766503,0.00044985208726286684,0.009517276349664138,0.059302066539020655,0
12.742000000000925,-2.0,1.0,1.5,0.0,-2.0005684609847085,1.000289415961738,1.5000048829627564,-0.00832590008861634,0.004167954549465317,-2.271996068598007e-05,0.010289277561610764,-0.0051532659793983885,3.55947411638975e-05,0.03009780379737269,0.06009476662618805,3.1568125004649156e-05,0.02701257331946719,0.05386042668238857,4.941631417738072e-05,0.000361453201724022,0.000723349225104214,-4.1478930697648583e-07,68.67029640956932,-0.00017982776355605565,-0.0003230900614310451,1.3465801691379007e-05,5403.437743796705,5411.404218554528,5783.721768413648,5776.145211024233,0.0006379132647701882,0.00931090616474271,0.060254663426839765,0
12.762000000000931,-2.0,1.0,1.5,0.0,-2.0007329231853586,1.000371744034,1.500004429251881,-0.008138597463647734,0.00407401991865119,-2.265571326962134e-05,0.010147263171142269,-0.00508196745158209,3.637615276889177e-05,0.029681379880339316,0.0592653245763928,3.0701675954279566e-05,0.027412577721101096,0.05466100524747591,4.932655067881766e-05,0.0003389508135096574,0.0006784425714853008,-4.064212930968633e-07,68.67030058361765,-0.0001791447763724874,-0.00032187537798448844,1.3410006137349535e-05,5403.438136073598,5411.404621774227,5783.721475400445,5776.145418958654,0.0008218209298399619,0.009101369141739266,0.06114960902760687,0
12.782000000000938,-2.0,1.0,1.5,0.0,-2.0008936098303503,1.0004521786739,1.5000039769487148,-0.007948639277677208,0.003978758611774371,-2.2580297775022295e-05,0.01000015574551076,-0.005008120880190838,3.7132468173993615e-05,0.029250074185305612,0.05840613681318447,2.9816920229045228e-05,0.027786854079611192,0.05541023897889532,4.922677493050333e-05,0.0003165424413572823,0.0006337220212826715,-3.9849194092344634e-07,68.67030455455189,-0.00017833948488955477,-0.0003204406879085347,1.3345233540720798e-05,5403.438564164069,5411.405057738365,5783.721091764859,5776.145621374415,0.0010015088108197856,0.008888863612816274,0.06198712448951417,0
12.802000000000945,-2.0,1.0,1.5,0.0,-2.0010504697520055,1.0005306943217738,1.500003526277198,-0.00775620209435551,0.003882259099778544,-2.2493661954201146e-05,0.009848141497488846,-0.004931819610915008,3.786313472151705e-05,0.028804431904104786,0.05751829091453763,2.8916293124327147e-05,0.028135519716916645,0.0561083602877258,4.911559867150833e-05,0.00029424325226532714,0.0005892178675417712,-3.9098924744210853e-07,68.67030832214715,-0.00017741441047668103,-0.0003187905159035507,1.3271677980223522e-05,5403.4390271803895,5411.4055255780495,5783.720619208004,5776.145818177093,0.0011769178381145912,0.008673587067132388,0.0627674701666237,0
12.822000000000951,-2.0,1.0,1.5,0.0,-2.0012034553045224,1.0006072671826367,1.5000030774622848,-0.007561461605501146,0.0037846094137863042,-2.239575655413716e-05,0.009691407369643024,-0.004853157351539399,3.856760350644394e-05,0.02834500034281472,0.05660287872002535,2.8002210638786653e-05,0.02845870913431502,0.05675563589802775,4.899173918144996e-05,0.0002720680937107365,0.0005449597663711878,-3.839007068829524e-07,68.67031188617601,-0.0001763721231828711,-0.000316929474556425,1.3189536682996121e-05,5403.439524216199,5411.406024409048,5783.720059462632,5776.146009271982,0.001347993906464221,0.008455736017420336,0.06349094476193623,0
12.842000000000958,-2.0,1.0,1.5,0.0,-2.0013525223452513,1.0006818752167388,1.500002630729872,-0.007364592514309427,0.003685897086628199,-2.2286536295724907e-05,0.009530140884633817,-0.004772228096961386,3.9245331477310465e-05,0.027872328483817013,0.0556609954565183,2.7077062929248572e-05,0.028756573642578828,0.05735236610941955,4.885401931094375e-05,0.00025003148771602767,0.00050097672507098,-3.772133557472997e-07,68.67031524641352,-0.00017521523907930892,-0.0003148622595620356,1.3099009821825913e-05,5403.440054347616,5411.406553332894,5783.719414291546,5776.146194564393,0.0015146872371371905,0.008235505869388761,0.06415788454700125,0
12.862000000000965,-2.0,1.0,1.5,0.0,-2.0014976302136627,1.0007544981289702,1.5000021863067101,-0.0071657684211310375,0.0035862090956606286,-2.216596082165969e-05,0.009364529997437107,-0.004689126055176643,3.989578351120744e-05,0.02738696655350937,0.05469373887510556,2.6143208043903364e-05,0.029029280985461217,0.05789888404646913,4.870136721095633e-05,0.00022814762524971222,0.0004572970909289183,-3.709138179082786e-07,68.67031840264234,-0.000173946417610645,-0.0003125936449580165,1.3000300314601294e-05,5403.4406166344,5411.407111437972,5783.718685486022,5776.14637395995,0.001676952135104602,0.008013090794000588,0.06476866249601326,0
12.882000000000971,-2.0,1.0,1.5,0.0,-2.001638741708057,1.000825117357136,1.5000017444202929,-0.006965161711863911,0.003485631806894573,-2.203399561119714e-05,0.00919476294956554,-0.004603945574268037,4.051843447041339e-05,0.02688946559587971,0.05370220839969781,2.52029659435039e-05,0.02927701495699576,0.05839555489566665,4.853281577117338e-05,0.0002064303609596619,0.0004139485406786181,-3.64988349601124e-07,68.67032135465818,-0.00017256835895647493,-0.00031012847837748884,1.289361362599298e-05,5403.441210121081,5411.407697800646,5783.717874864264,5776.146547364894,0.0018347468713081304,0.007788683602677203,0.06532368743015618,0
12.902000000000978,-2.0,1.0,1.5,0.0,-2.00177582306007,1.0008937160591238,1.5000013052987327,-0.00676294344899954,0.0033842509204556285,-2.1890612859042587e-05,0.009021028125364858,-0.004516781070435019,4.1112771210514675e-05,0.02638037705215989,0.05268750428775002,2.4258612819105263e-05,0.029499975012963916,0.05884277513073095,4.8347501777535995e-05,0.0001848932082346139,0.0003709580706150667,-3.594228843355774e-07,68.67032410227532,-0.00017108380140256382,-0.0003074716763205328,1.277915757147749e-05,5403.44183383811,5411.408311486338,5783.716984269852,5776.146714686378,0.0019880336110885016,0.007562475625474895,0.06582340317105305,0
12.922000000000985,-2.0,1.0,1.5,0.0,-2.0019088439070374,1.0009602790990022,1.5000008691706173,-0.0065592832653626094,0.0032821514173948002,-2.173579231563257e-05,0.008843513910464592,-0.004427726957106931,4.167829455349104e-05,0.0258602523468126,0.051650726803567824,2.3312375713824388e-05,0.02969837587691322,0.05924097172700606,4.814466480019938e-05,0.0001635493345958899,0.0003283519873688992,-3.542030773923396e-07,68.67032664533238,-0.00016949551872645396,-0.0003046282194498067,1.2657142123754972e-05,5403.442486803028,5411.408951550642,5783.716015570249,5776.146875832799,0.0021367783611951395,0.007334656592277532,0.06626828764158647,0
12.942000000000991,-2.0,1.0,1.5,0.0,-2.0020377772622533,1.001024793032064,1.5000004362648462,-0.006354349260579877,0.003179417507868073,-2.1569522087026087e-05,0.008662408552444897,-0.004336877575165571,4.221452121871389e-05,0.02532964247999955,0.05059297540455812,2.2366427454845156e-05,0.029872447141098823,0.05959060136569607,4.792364582316037e-05,0.00014241155741792747,0.00028615589933275124,-3.4931434984201867e-07,68.6703289836983,-0.00016780631759879888,-0.00030160314791168356,1.2527779221744269e-05,5403.443168021632,5411.409617040427,5783.714970655278,5776.147030714091,0.002280950924384461,0.007105414517046357,0.06665885198087484,0
12.962000000000998,-2.0,1.0,1.5,0.0,-2.002162599483195,1.001087246088853,1.50000000681046,-0.00614830790031179,0.00307613258070133,-2.1391799392100104e-05,0.008477900023793018,-0.0042443271243203205,4.272098568614164e-05,0.02478909762678366,0.04951534794085342,2.142288190093794e-05,0.030022432862723887,0.05989214962868667,4.76838856274599e-05,0.00012149233997110688,0.0002443947087360224,-3.4474193213055565e-07,68.67033111727818,-0.00016601903499902212,-0.0002984015566871159,1.2391282582085622e-05,5403.443876489124,5411.410306994925,5783.713851435664,5776.147179242043,0.0024205248568207292,0.006874935585165131,0.0669956396653155,0
12.982000000001005,-2.0,1.0,1.5,0.0,-2.00228329023776,1.0011476281581952,1.4999995810364477,-0.005941323918277979,0.0029723791543562017,-2.1202631275234165e-05,0.008290175887215328,-0.004150169595663052,4.31972420117979e-05,0.024239166743224322,0.048418939868694784,2.0483789509585228e-05,0.030148591155849024,0.0601461301846924,4.742492294005255e-05,0.00010080378778915813,0.00020309260436778367,-3.4047090695629266e-07,68.67033304601945,-0.00016413653565096494,-0.0002950285909758266,1.2247867513356103e-05,5403.444611191284,5411.411020446817,5783.712659841567,5776.147321330621,0.0025554774260131024,0.006643404043916513,0.06727922555214794,0
13.002000000001011,-2.0,1.0,1.5,0.0,-2.002399832468577,1.001205930769266,1.4999991591715425,-0.005733560221104603,0.002868238829311007,-2.100203527323564e-05,0.008099423163362707,-0.004054498705435571,4.3642865577257934e-05,0.02368039717955704,0.04730484347791106,1.9551133226766987e-05,0.030251193779340612,0.060353083967466054,4.714639236094998e-05,8.035764535808615e-05,0.0001622730549333161,-3.364862512661773e-07,68.67033476991786,-0.00016216170947730687,-0.0002914894416127229,1.2097750732946841e-05,5403.445371105636,5411.4117564233175,5783.71139782113,5776.147456896255,0.0026857895681699105,0.00641100209612242,0.06751021501259252,0
13.022000000001018,-2.0,1.0,1.5,0.0,-2.002512212355445,1.0012621470727185,1.4999987414440057,-0.00552517779601999,0.002763792241869624,-2.079004003461095e-05,0.00790582820103608,-0.00395740783003908,4.4057454765916577e-05,0.023113334300629357,0.046174147133884284,1.8626824701441297e-05,0.0303305257212247,0.060513578346802405,4.684802208140937e-05,6.016529312259596e-05,0.00012195880305398685,-3.327728774566057e-07,68.67033628902361,-0.00016009746907754438,-0.0002877893405266101,1.194115018678047e-05,5403.446155202583,5411.412513947237,5783.710067339064,5776.147585858171,0.0028114458443985863,0.0061779097969795315,0.0676892429609455,0
13.042000000001025,-2.0,1.0,1.5,0.0,-2.0026204192759556,1.001316271820907,1.4999983280813978,-0.005316335621421371,0.002659119019409911,-2.0566685890185955e-05,0.00770957654991931,-0.003858989942314739,4.444063257291787e-05,0.022538521113763022,0.045027934534277204,1.7712700825707118e-05,0.03038688477980603,0.060628206293057464,4.6529631405985745e-05,4.0237744806551674e-05,8.217185988946314e-05,-3.293156736391497e-07,68.6703376034474,-0.00015794674722516416,-0.00028393355623616145,1.1778284871787751e-05,5403.446962446586,5411.413292038049,5783.708670375229,5776.14770813867,0.002932434395451186,0.005944304954117831,0.06781697295088775,0
13.062000000001031,-2.0,1.0,1.5,0.0,-2.0027244457643585,1.001368301347229,1.49999791931034,-0.005107190580333964,0.0025542977370821723,-2.0332025373840647e-05,0.007510852835903503,-0.003759337549122467,4.4792048128450404e-05,0.02195649790420071,0.04386728398089677,1.6810520600697778e-05,0.030420581141915554,0.06069758553590273,4.61911280917971e-05,2.0585645046793486e-05,4.2933500387228286e-05,-3.2609954282013147e-07,68.6703387133664,-0.0001557124943917796,-0.00027992738939126496,1.1609374661307218e-05,5403.447791797282,5411.414089712925,5783.70720892325,5776.147823663442,0.0030487468948781245,0.0057103630309088835,0.06789409621664783,0
13.082000000001038,-2.0,1.0,1.5,0.0,-2.0028242874687314,1.0014182335446178,1.499997515356264,-0.004897897376780674,0.0024494058759668654,-2.0086123693174203e-05,0.007309840639047292,-0.0036585426302420715,4.5111378150446404e-05,0.021367801878277932,0.04269326766695394,1.5921962327252535e-05,0.030431936958639542,0.06072235771802471,4.583250551813079e-05,1.2192673380909534e-06,4.2642591479047e-06,-3.2310944083028993e-07,68.67033961903027,-0.0001533976762974339,-0.00027577616835970854,1.1434640133437381e-05,5403.448642210627,5411.414905987772,5783.705684989134,5776.147932361847,0.003160378500522837,0.00547625705304828,0.06792133072097646,0
13.102000000001045,-2.0,1.0,1.5,0.0,-2.002919943106506,1.001466067843215,1.4999971164431527,-0.004688608455078481,0.002344519782699331,-1.982905914876453e-05,0.007106722374224677,-0.003556696578623613,4.5398328305731296e-05,0.020772966814477125,0.041506950980020996,1.5048621119536204e-05,0.03042128591888644,0.06070318754447347,4.54538396999903e-05,-1.7851487719019453e-05,-3.381607309708713e-05,-3.2033041317783015e-07,68.67034032076684,-0.0001510052714863973,-0.00027148524486322526,1.1254302402305788e-05,5403.4495126400125,5411.415739878246,5783.704100589909,5776.1480341672,0.003267327804344371,0.005242157518435388,0.06789942023883408,0
13.122000000001051,-2.0,1.0,1.5,0.0,-2.0030114144184132,1.0015118051872514,1.4999967227932773,-0.00447947392207496,0.0022397146305684337,-1.9560923501388177e-05,0.0069016791745059695,-0.003453890142007239,4.565263448555758e-05,0.020172522722481927,0.040309391820952244,1.4192006738857318e-05,0.030388972821134775,0.060640761928353645,4.505528615871053e-05,-3.661709386688176e-05,-7.128845240687624e-05,-3.177476305650524e-07,68.67034081898792,-0.00014853826893222738,-0.0002670599896636383,1.1068582952371269e-05,5403.45040203737,5411.416590400752,5783.7024577522825,5776.148129017045,0.0033695967805823833,0.005008232310372608,0.0678291333558054,0
13.142000000001058,-2.0,1.0,1.5,0.0,-2.003098706120909,1.0015554480111648,1.499996334626922,-0.0042706414723363804,0.0021350643820946505,-1.928182228813468e-05,0.006694890777316679,-0.0033502133659364035,4.58740639930858e-05,0.019566995510371308,0.03910163993903004,1.3353541744111499e-05,0.030335353143709765,0.06053578913354842,4.463707666329394e-05,-5.50684003402771e-05,-0.00010813458395185159,-3.1534642299773495e-07,68.6703411141948,-0.00014599966567285593,-0.0002625057883044386,1.0877703475765914e-05,5403.451309354285,5411.417456573417,5783.7007585113115,5776.1482168534185,0.0034671907323010997,0.0047746466141065785,0.06771126253401902,0
13.162000000001065,-2.0,1.0,1.5,0.0,-2.0031818258571286,1.0015970002149888,1.4999959521621058,-0.004062256316295877,0.002030641753091965,-1.8991875084635625e-05,0.006486535413408324,-0.003245755538183356,4.606241663407572e-05,0.01895690666006356,0.03788473628353434,1.2534559954428881e-05,0.03026079261392913,0.06038899791515222,4.4199515855833156e-05,-7.319663272116657e-05,-0.00014433692375123046,-3.13112312523453e-07,68.6703412069835,-0.00014339246447666687,-0.00025782803690505024,1.0681885712695252e-05,5403.452233543031,5411.418337417061,5783.699004909081,5776.148297623108,0.003560118236345204,0.004541562836734221,0.06754662315712018,0
13.182000000001072,-2.0,1.0,1.5,0.0,-2.003260784146447,1.0016364671390354,1.4999955756143002,-0.0038544611113686426,0.0019265181782167874,-1.8691215717935266e-05,0.006276789698689392,-0.003140605134605611,4.6217525718247345e-05,0.01834277291111934,0.03665971237201754,1.1736305218869045e-05,0.030165666776450755,0.060201136658282466,4.374297777422741e-05,-9.099339350212494e-05,-0.00017987867982389926,-3.1103104447207934e-07,68.67034109804995,-0.00014071967154154257,-0.00025303213801644375,1.0481351294997283e-05,5403.453173557664,5411.4192319561225,5783.697198993407,5776.14837127789,0.0036483910867738975,0.004309140530500013,0.06733605254105247,0
13.202000000001078,-2.0,1.0,1.5,0.0,-2.003335594332682,1.0016738555379077,1.4999952051961416,-0.0036473958960379885,0.001822763778005932,-1.837999242574516e-05,0.006065828528940202,-0.003034849766451546,4.633925896142979e-05,0.01772510595300955,0.035427589675423005,1.0959930487228158e-05,0.030050360561156217,0.0599729725159322,4.326790228554867e-05,-0.00010845066236455393,-0.00021474381277175887,-3.0908861721365404e-07,68.67034078819512,-0.00013798429422599872,-0.00024812349653497703,1.0276321592736876e-05,5403.454128355057,5411.420139219598,5783.695342816569,5776.14843777477,0.003732024236811543,0.0040775363195153505,0.06708040900562434,0
13.222000000001085,-2.0,1.0,1.5,0.0,-2.0034062725310253,1.0017091735538688,1.499994841117142,-0.0034411980269145738,0.0017194473274046976,-1.8058367965001634e-05,0.0058538249774540635,-0.0029285761291318016,4.642751929245569e-05,0.01710441212594538,0.03418937902029522,1.0206497175368102e-05,0.029915267850894177,0.05970529054651297,4.2774791443042065e-05,-0.0001255607961717849,-0.0002489170357955561,-3.0727131026638663e-07,68.67034027832935,-0.0001351893388168123,-0.00024310751567866064,1.0067017564000308e-05,5403.455096895899,5411.421058241919,5783.6934384339975,5776.148497076189,0.003811035739393489,0.003846903829940836,0.06678057087034274,0
13.242000000001092,-2.0,1.0,1.5,0.0,-2.0034728375737343,1.0017424306895977,1.4999944835833985,-0.0032360021187684196,0.001616636225784694,-1.772651966828934e-05,0.005640950195626969,-0.0028218699524692886,4.648224555453258e-05,0.01648119213034493,0.03294608000821065,9.476974817777342e-06,0.029760791049405263,0.05939889285172893,4.2264205779713955e-05,-0.0001423165286875065,-0.0002823838141555575,-3.055657109577697e-07,68.67033956947708,-0.00013233780833096673,-0.00023798959302895754,9.853659607844726e-06,5403.456078145717,5411.421988063835,5783.691487903064,5776.148549150249,0.0038854466863469644,0.0036173936236871753,0.06643743551920468,0
13.262000000001098,-2.0,1.0,1.5,0.0,-2.0035353109546676,1.0017736377803619,1.4999941327973008,-0.003031939987531156,0.0015143964684503591,-1.738463945257619e-05,0.0054273733165268925,-0.00271481595244364,4.6503413120557246e-05,0.01585594074502899,0.03169868045261141,8.772240999498046e-06,0.029587340649743252,0.059054597715413194,4.173676055104656e-05,-0.00015871097001775628,-0.00031513036409028364,-3.03958739340652e-07,68.67033866278076,-0.000129432700354721,-0.000232775116636705,9.636467420411542e-06,5403.457071075825,5411.422927733257,5783.689493281806,5776.1485939708855,0.0039552811462887855,0.0033891531357160953,0.06605191842566235,0
13.282000000001105,-2.0,1.0,1.5,0.0,-2.0035937167727087,1.0018028069656362,1.4999937889572401,-0.0028291405962643,0.0014127926196316719,-1.703293377637177e-05,0.005213261361467331,-0.00260749778444054,4.649103439786622e-05,0.015229146554206504,0.030448155833184935,8.093081558958174e-06,0.029395334803505164,0.05867323874394583,4.119312193943719e-05,-0.00017473760578546365,-0.00034714365119195074,-3.0243767148691114e-07,68.67033755950496,-0.00012647700492123465,-0.00022746946119805238,9.415659854242366e-06,5403.458074664305,5411.423876306085,5783.687456627714,5776.148631518063,0.004020566101290501,0.00316232661506516,0.0656249521972698,0
13.302000000001112,-2.0,1.0,1.5,0.0,-2.003648081674138,1.001829951660199,1.4999934522573193,-0.00262773000408645,0.001311887786959697,-1.667162354916741e-05,0.004998779149601878,-0.0024999979980185336,4.644515923581455e-05,0.014601291683323293,0.029195468767888002,7.440191052721786e-06,0.02918519889117382,0.05825566400886313,4.063400323252394e-05,-0.00019039029604085478,-0.00037841138826015514,-3.009901611066758e-07,68.67033626103962,-0.0001234737024265431,-0.00022207798429893586,9.19145478077617e-06,5403.459087896904,5411.424832847002,5783.685379996513,5776.148661777928,0.004081331382377836,0.002937055069790478,0.06515748560210782,0
13.322000000001118,-2.0,1.0,1.5,0.0,-2.0036984347940234,1.0018550865247318,1.4999931228870655,-0.00242783131805093,0.001211743597420571,-1.630094399467042e-05,0.004784089210566894,-0.0023923979932000666,4.636587523885348e-05,0.013972851543813237,0.027941568502772768,6.8141734726899535e-06,0.028957365093873103,0.05780273519225636,4.00601609871744e-05,-0.00020566327391157265,-0.00040892203263501496,-2.9960425946552036e-07,68.67033476890357,-0.00012042576158581885,-0.00021660602273240842,8.964068956091668e-06,5403.4601097679415,5411.425796430251,5783.683265440958,5776.148684742966,0.004137609603933994,0.0027134762161430087,0.06465048263350169,0
13.342000000001125,-2.0,1.0,1.5,0.0,-2.0037448076966777,1.0018782274359566,1.4999928010311456,-0.002229564647962904,0.001112420174782243,-1.5921144466147892e-05,0.004569351700184746,-0.002284777978298985,4.6253307976434556e-05,0.013344294586823183,0.02668739041968767,6.215543205841153e-06,0.028712271966828375,0.05731532673554474,3.9472391190682946e-05,-0.00022055114400341882,-0.00043866478302503784,-2.982684337999976e-07,68.67033308474727,-0.00011733613742768694,-0.00021105888888625583,8.733717889808149e-06,5403.461139281202,5411.426766140368,5783.681115009662,5776.148700412129,0.004189436097069545,0.002491724432506455,0.06410492153727772,0
13.362000000001132,-2.0,1.0,1.5,0.0,-2.003787234315241,1.0018993914563372,1.499992486869086,-0.002033047064123273,0.0010139761184879527,-1.5532488218025106e-05,0.004354724319239141,-0.0021772169292881925,4.610762109435354e-05,0.012716082065932971,0.025433855561920436,5.644726226179891e-06,0.02845036401482104,0.05679432499219936,3.887152543049692e-05,-0.00023504888054445177,-0.00046762957583652083,-2.9697158367012955e-07,68.67033121035541,-0.0001142077693344271,-0.00020544186720860026,8.500615717250604e-06,5403.462175450744,5411.427741072914,5783.678930745899,5776.148708790961,0.004236848842014748,0.0022719307190128837,0.0635217938879605,0
13.382000000001138,-2.0,1.0,1.5,0.0,-2.0038257508904564,1.001918596803374,1.4999921805749974,-0.0018383925579845254,0.0009164684840084489,-1.5135252134912661e-05,0.0041403622353400095,-0.0020697925507153986,4.59290163323692e-05,0.012088667808916865,0.024181870177884885,5.102061508232204e-06,0.02817209126991896,0.05624062738498025,3.8258427083154126e-05,-0.00024915182529320815,-0.000495807081017047,-2.957030560055903e-07,68.6703291476492,-0.00011104357912027978,-0.00019976021074775494,8.264975074821581e-06,5403.463217301747,5411.428720335145,5783.676714686475,5776.148709891693,0.004279888399614211,0.0020542226644866958,0.06290210362179394,0
13.402000000001145,-2.0,1.0,1.5,0.0,-2.0038603959086845,1.0019358628185213,1.499991882317306,-0.0016457120057018439,0.0008199527646449871,-1.4729726417659998e-05,0.003926418007883093,-0.001962581238169536,4.5717733447565014e-05,0.011462497998561097,0.02293232528288159,4.587802651083739e-06,0.027877908871758547,0.05565514156823741,3.763398753301976e-05,-0.00026285568520384293,-0.0005231886974240985,-2.944526582014462e-07,68.67032689868812,-0.00010784646915526443,-0.00019401913776862713,8.027006978571315e-06,5403.464263871285,5411.429703046692,5783.674468860556,5776.148703733339,0.004318597841972956,0.001838724423833132,0.06224686612147697,0
13.422000000001152,-2.0,1.0,1.5,0.0,-2.003891210039223,1.001951209935758,1.4999915922584908,-0.0014551131345610629,0.0007244828747735229,-1.431621422980037e-05,0.003713041516112623,-0.001855658042303619,4.547405003755929e-05,0.010838010962571264,0.021686096238981233,4.102119701701837e-06,0.02756827665064838,0.05503878459581356,3.6999122430759516e-05,-0.0002761565298604794,-0.0005497665477260615,-2.932106696668788e-07,68.67032446567157,-0.00010461932053195015,-0.0001882238284501176,7.78692070602257e-06,5403.465314209085,5411.430688340177,5783.672195288562,5776.148690341751,0.004353022682328827,0.0016255567120842334,0.06155710725477742,0
13.442000000001158,-2.0,1.0,1.5,0.0,-2.0039182360709904,1.0019646596498375,1.4999913105548286,-0.0012667004922628357,0.0006301111345199179,-1.389503130551922e-05,0.003500379890292294,-0.0017490966344142819,4.519828127683343e-05,0.010215636972570729,0.02044404235306099,3.645101166036735e-06,0.027243658713755836,0.054392482095074905,3.635476800115787e-05,-0.0002890507886841817,-0.0005755334728535533,-2.91967851725054e-07,68.67032185093994,-0.00010136499127586136,-0.00018237942166028022,7.544923681176934e-06,5403.4663673782525,5411.431675361825,5783.669895981033,5776.148669749691,0.004383210804212737,0.0014148368283444807,0.060833862489167084,0
13.462000000001165,-2.0,1.0,1.5,0.0,-2.0039415188486203,1.001976234484248,1.4999910373561471,-0.0010805754190411489,0.0005368882558549977,-1.3466505521382975e-05,0.00328857744598475,-0.0016429692735796058,4.489077956485997e-05,0.009595798052199272,0.019207006492994953,3.216756196208776e-06,0.026904523034636394,0.053717167447583467,3.570187740950665e-05,-0.0003015352479183724,-0.000600483026004038,-2.9071545581335537e-07,68.67031905697537,-9.808631460195355e-05,-0.00017649101181316194,7.301221362743985e-06,5403.467422455979,5411.432663272033,5783.667572937534,5776.148641996857,0.0044092123899563485,0.0012066787402958308,0.060078175956159975,0
13.482000000001172,-2.0,1.0,1.5,0.0,-2.003961105208031,1.0019859579589097,1.4999907728055872,-0.0008968360225920861,0.0004448633300974426,-1.3030976432686604e-05,0.003077775621440043,-0.001537346775356204,4.455193407892754e-05,0.008978907794317632,0.017975814722001358,2.8170169419400484e-06,0.026551341046352733,0.05301378097691043,3.504141719519121e-05,-0.0003136070473982701,-0.000624609466216176,-2.894452301647642e-07,68.67031608640228,-9.478609721554804e-05,-0.000170563645809239,7.056017135587047e-06,5403.468478534192,5411.43365124591,5783.66522814558,5776.1486071299105,0.004431079848610731,0.0010011933081233455,0.0592910995304824,0
13.502000000001178,-2.0,1.0,1.5,0.0,-2.003977043911527,1.001993854557637,1.4999905170393752,-0.0007155771557872029,0.0003540838168116784,-1.2588794778112682e-05,0.002868112918090861,-0.0014322984820316247,4.418217025102904e-05,0.008365371187294622,0.016751275951133484,2.4457410542678206e-06,0.026184587238431718,0.05228326914407786,3.437436378088707e-05,-0.00032526367710891056,-0.0006479077515263523,-2.881494247728884e-07,68.6703129419873,-9.146711766153774e-05,-0.00016460232005616418,6.809512205371732e-06,5403.469534720199,5411.434638473806,5783.662863579544,5776.148565202474,0.004448867743344104,0.0007984888809284663,0.05847369195296146,0
13.522000000001185,-2.0,1.0,1.5,0.0,-2.003989385582484,1.001999949695393,1.4999902701866035,-0.0005368903971444009,0.0002645955340869359,-1.2140321951921873e-05,0.002659724844151206,-0.0013278922344316041,4.378194915760567e-05,0.007755584450374154,0.015534181609894794,2.1027143295135764e-06,0.025804738757892177,0.05152658375110261,3.370170006494859e-05,-0.0003365029735411305,-0.0006703735317148379,-2.86820794943497e-07,68.67030962663904,-8.813212471708031e-05,-0.0001586119775750565,6.561905496375823e-06,5403.470590137286,5411.435624161776,5783.660481199621,5776.148516275134,0.004462632718374042,0.0005986731016353747,0.05762701793567263,0
13.542000000001192,-2.0,1.0,1.5,0.0,-2.0039981826396667,1.0020042696853695,1.499990032369026,-0.00036086403402733555,0.00017644265018307656,-1.168592944929202e-05,0.0024527438613063733,-0.0012241943452796272,4.335176682608332e-05,0.007149934878107077,0.01432530533490731,1.787653481435618e-06,0.02541227501457623,0.05074468115310163,3.3024412104439055e-05,-0.00034732311584862005,-0.0006920031406561395,-2.854526033276074e-07,68.67030614340734,-8.478383583327216e-05,-0.00015259750519187537,6.313393552504126e-06,5403.471643925291,5411.436607532056,5783.658082950777,5776.1484604154,0.004472433425495596,0.00040185995173095236,0.056752147252488144,0
13.562000000001198,-2.0,1.0,1.5,0.0,-2.0040034892312546,1.0020068417059065,1.4999898037008605,-0.00018758304854295423,8.966767652794134e-05,-1.1225998283292389e-05,0.0022472993344924874,-0.001121269574100067,4.289215347377653e-05,0.006548800693796886,0.013125402676622844,1.5002090294960291e-06,0.025007677291006475,0.04993852147940747,3.234348589546822e-05,-0.00035772262181077734,-0.0007127935882848072,-2.8403862038136215e-07,68.67030249548229,-8.142493562441553e-05,-0.00014656373081311494,6.0641704414958016e-06,5403.4726952411365,5411.437587823477,5783.655670761718,5776.1483976976715,0.004478330450274221,0.0002082155502167029,0.0558501539171298,0
13.582000000001205,-2.0,1.0,1.5,0.0,-2.0040053611685993,1.0020076937672948,1.4999895842886046,-1.7129106105258133e-05,4.311462050053635e-06,-1.0760918377990692e-05,0.002043517484747573,-0.0010191811036642223,4.240367266704848e-05,0.005952550911955064,0.011935210823971802,1.2399682912105494e-06,0.024591428356987743,0.04910906786412685,3.1659904257305213e-05,-0.00036770034361083964,-0.0007327425521875978,-2.825731234780797e-07,68.67029868619281,-7.805807440396577e-05,-0.00014051542078921168,5.8144276622555e-06,5403.473743259343,5411.438564291867,5783.6532465439095,5776.148328203179,0.00448038623794884,2.0683141572595347e-05,0.05492211528004613,0
13.602000000001212,-2.0,1.0,1.5,0.0,-2.004003855859794,1.002006854678474,1.499989374230866,0.0001504194533682862,-7.958681117003875e-05,-1.0291087939361488e-05,0.0018415213451248576,-0.0009179905179684062,4.1886920411192214e-05,0.005361545209702819,0.01075544834689521,1.0064584666132702e-06,0.02416401208916099,0.04825728568655955,3.0974643825953507e-05,-0.000377255463433639,-0.0007518483688388098,-2.810508946553334e-07,68.67029471900481,-7.468586676929586e-05,-0.00013445727736233329,5.56435405536235e-06,5403.474787172495,5411.439536210413,5783.650812190547,5776.148252019906,0.0044786650191201175,0.00017048747448069346,0.05396911120490459,0
13.622000000001218,-2.0,1.0,1.5,0.0,-2.00399903224309,1.00200435401366,1.4999891736182034,0.00031498762166217353,-0.0001619896309472136,-9.816912804827844e-06,0.0016414307196516806,-0.0008177577817386007,4.134252417432329e-05,0.004776133807086983,0.009586814956662642,7.991498029755451e-07,0.0237259130957144,0.047384141821884565,3.028867216258772e-05,-0.0003863874888874752,-0.0007701100244816836,-2.794672169378082e-07,68.67029059751931,-7.131089023503641e-05,-0.00012839393620380445,5.314135716723135e-06,5403.4758261916895,5411.440502870013,5783.648369575617,5776.148169242515,0.004473232735269891,0.0003543363008665985,0.05299222320648609,0
13.642000000001225,-2.0,1.0,1.5,0.0,-2.003990950720217,1.0020002220789272,1.4999889825329813,0.0004765037259065771,-0.0002428611567562915,-9.338805776832359e-06,0.0014433621453154087,-0.0007185412214525869,4.077114184863088e-05,0.004196657356256985,0.00842999128386752,6.174588280481068e-07,0.02327761634644589,0.046490603902507324,2.9602944981616235e-05,-0.00039509624825915976,-0.0007875271456751421,-2.778178694735379e-07,68.67028632546975,-6.793568391496762e-05,-0.00012232996403910577,5.063955914357653e-06,5403.476859546949,5411.441463579575,5783.645920552911,5776.148079972225,0.004464156964176931,0.0005349061184518193,0.05199253364693546,0
13.662000000001232,-2.0,1.0,1.5,0.0,-2.003979673089661,1.001994489878765,1.4999888010492364,0.0006348994296969915,-0.00032216722023241037,-8.857185937507638e-06,0.0012474288570591,-0.0006203975078680733,4.017346065441953e-05,0.003623446839435792,0.007285638673998796,4.6075164025992345e-07,0.02281960680836721,0.04557763959044352,2.891840350270312e-05,-0.0004033818856070832,-0.000804099989521236,-2.7609912141287677e-07,68.67028190671934,-6.456274725198992e-05,-0.00011626985635880888,4.813995008275788e-06,5403.477886487585,5411.442417666301,5783.643466955108,5776.147984316715,0.0044515068452790785,0.0007120164698689034,0.050971124917468726,0
13.682000000001239,-2.0,1.0,1.5,0.0,-2.0039652624799467,1.0019871890826437,1.4999886292325628,0.0007901097317281746,-0.000399875324426659,-8.372477951282546e-06,0.001053740755763912,-0.0005233816400496863,3.955019598191353e-05,0.0030568234756431167,0.0061543990004547236,3.283472445023948e-07,0.02235236908703039,0.04464621586110068,2.8235971930573956e-05,-0.0004112448556966263,-0.0008198294335742943,-2.7430772454911905e-07,68.67027734525803,-6.119453879842285e-05,-0.00011021803521962121,4.5644303734874165e-06,5403.478906282564,5411.443364475948,5783.6410105928435,5776.147882389987,0.004435353005049686,0.0008855753845065582,0.04992907863898149,0
13.702000000001245,-2.0,1.0,1.5,0.0,-2.00394778328297,1.0019783519916037,1.4999884671400063,0.0009420729619827323,-0.0004759546418371873,-7.885111355788578e-06,0.0008624043791954023,-0.0004275469308781929,3.890209018554202e-05,0.0024970986360737584,0.0050368944948651845,2.1952092234064892e-07,0.02187638707375277,0.04369729829881197,2.7556555066002213e-05,-0.0004186859187878117,-0.0008347169654531788,-2.724409049093025e-07,68.67027264519899,-5.783347504503716e-05,-0.00010417884713500005,4.315436326081401e-06,5403.4799182208135,5411.444303373054,5783.6385532538025,5776.14777431222,0.004415767482424853,0.0010555076796340125,0.04886747483960805,0
13.722000000001252,-2.0,1.0,1.5,0.0,-2.0039273010874434,1.0019680115049003,1.4999883148199744,0.0010907307755154904,-0.000550376011236343,-7.395519843152648e-06,0.0006735228758899768,-0.0003329449940342368,3.822991133437532e-05,0.0019445737680859462,0.0039337275945838185,1.3350762574762505e-07,0.02139214359890736,0.042731850404456324,2.6881036050735584e-05,-0.00042570613527791114,-0.000848764672167344,-2.7049635326111426e-07,68.670267810775,-5.4481929298890467e-05,-9.815656105266463e-05,4.067184052401859e-06,5403.480921611504,5411.445233741128,5783.636096701855,5776.147660209621,0.004392823654357947,0.0012217455021872603,0.04778739124398048,0
13.742000000001259,-2.0,1.0,1.5,0.0,-2.0039038826124767,1.0019562010867238,1.4999881723121629,0.0012360281438759104,-0.0006231119333151559,-6.904140532778297e-06,0.0004871959819518648,-0.0002396257324394196,3.7534451907887776e-05,0.0013995403276994374,0.0028454808071770132,6.950538371826661e-08,0.020900120091439156,0.04175083291548247,2.621027424876971e-05,-0.0004323068602076661,-0.0008619752291676102,-2.684722146275905e-07,68.67026284633435,-5.11422306108887e-05,-9.21553664213461e-05,3.819841541270721e-06,5403.481915784312,5411.446154982838,5783.633642676165,5776.147540214254,0.004366596161530902,0.0013842260368341493,0.04668990246037763,0
13.762000000001265,-2.0,1.0,1.5,0.0,-2.003877595641368,1.001942954733021,1.499988039647492,0.001377913344211961,-0.0006941365651668972,-6.411413240496578e-06,0.0003035200007349397,-0.00014763732814362734,3.6816527463325616e-05,0.0008622797205385294,0.001772716591759708,2.6678711419906294e-08,0.020400796244760423,0.0407552031386468,2.554510326586482e-05,-0.00043848973763595603,-0.0008743518891343795,-2.6636707684417946e-07,68.67025775633677,-4.78166627524411e-05,-8.61793713474847e-05,3.5735735192433083e-06,5403.4829000896425,5411.447066520155,5783.63119289038,5776.147414463867,0.004337160834296575,0.001542890748393686,0.04557607925218515,0
13.782000000001272,-2.0,1.0,1.5,0.0,-2.003848508955634,1.0019283069384364,1.4999879168480654,0.0015163379460997946,-0.0007634257136320004,-5.917779743150145e-06,0.00012258778537899422,-5.702623363940443e-05,3.6076975255985166e-05,0.0003330632511078969,0.0007159772570005285,4.162011843785827e-09,0.019894649689173607,0.03974591429576093,2.4886329108782776e-05,-0.0004442566948890004,-0.0008858984705131578,-2.6417995824518044e-07,68.6702525453486,-4.450746324237503e-05,-8.023260084113105e-05,3.3285413889559933e-06,5403.483873898814,5411.447967794469,5783.628749031774,5776.147283101693,0.004304594618890243,0.0016976850730137673,0.04444698781454706,0
13.802000000001279,-2.0,1.0,1.5,0.0,-2.003816692269325,1.0019122926634032,1.499987803927136,0.0016512567961449805,-0.0008309568275271965,-5.423683042413424e-06,-5.551127583390981e-05,3.2162835408093256e-05,3.531665283111231e-05,-0.00018784791966572933,-0.00032421512440453267,1.0629602592202153e-09,0.01938215567095753,0.03872391488272051,2.4234728485148285e-05,-0.0004496099366922903,-0.0008966193458194031,-2.6191029454971713e-07,68.6702472180383,-4.121682242099294e-05,-7.431899514826069e-05,3.0849031703832936e-06,5403.48483660424,5411.44885826669,5783.626312760471,5776.147146276256,0.004268975503961621,0.0018485582685884676,0.04330368904643268,0
13.822000000001285,-2.0,1.0,1.5,0.0,-2.003782216163673,1.0018949473013992,1.4999877008890892,0.0017826280004011766,-0.0008967089887819613,-4.9295666304690145e-06,-0.00023069127133531174,0.00011988690603539584,3.453643659679066e-05,-0.0007002028087417998,-0.001347358784978486,1.64658621211267e-08,0.018863786738253133,0.037690148042084586,2.3591047244607466e-05,-0.0004545519391872316,-0.0009065194297121418,-2.595579249054959e-07,68.67024177917125,-3.794688257677201e-05,-6.844240817380585e-05,2.8428134452207873e-06,5403.485787619556,5411.449737417325,5783.623885708664,5776.147004141163,0.004230382447481294,0.0019954633294059373,0.042147237850495345,0
13.842000000001292,-2.0,1.0,1.5,0.0,-2.003745152022118,1.0018763066463894,1.4999876077294423,0.0019104129046536751,-0.0009606629025061745,-4.435873756015467e-06,-0.0004028697753699962,0.00020610475247704674,3.373722035722049e-05,-0.0012037606372279138,-0.002352972315614028,4.943497545045274e-08,0.018340012433870265,0.03664555094945581,2.295599896129174e-05,-0.0004590854438445842,-0.0009156041668546622,-2.5712307736838215e-07,68.67023623360458,-3.469973711796498e-05,-6.260660599381291e-05,2.6024233041186055e-06,5403.486726379731,5411.4506047465275,5783.621469479837,5776.146856854884,0.004188895304066249,0.0021383569289281103,0.0409786824392167,0
13.862000000001299,-2.0,1.0,1.5,0.0,-2.0037055719657495,1.0018564068604852,1.4999875244348575,0.0020345760726160535,-0.0010228008860129138,-3.943046696469221e-06,-0.0005719678543826441,0.00029077689929965446,3.291991383341122e-05,-0.001698290848687129,-0.003340594702880998,9.90177890891123e-08,0.01781129899513585,0.035591054213895953,2.2330263657320404e-05,-0.00046321345127576743,-0.0009238795195788375,-2.5460635370042227e-07,68.67023058628162,-3.147742979664532e-05,-5.681526545301263e-05,2.3638802970170126e-06,5403.487652341151,5411.451459774114,5783.61906564805,5776.146704580517,0.004144594752775065,0.0022771993753968526,0.03979906369525939,0
13.882000000001305,-2.0,1.0,1.5,0.0,-2.003663548789208,1.0018352844418277,1.499987450983169,0.0021550852620884375,-0.0010831068568209312,-3.4515260373959034e-06,-0.0007379100707204495,0.0003738656231947505,3.208544116796287e-05,-0.0021835731196136812,-0.0043097853506597105,1.642482486260323e-07,0.017278109060893027,0.03452758129259987,2.1714486666658428e-05,-0.00046693921494939843,-0.0009313519553563025,-2.5200871351819896e-07,68.67022484222639,-2.8281953979385134e-05,-5.107197285293133e-05,2.12732838631871e-06,5403.488564981675,5411.452302039579,5783.616675757223,5776.146547485561,0.004097562225414557,0.0024119545732030887,0.038609414476920234,0
13.902000000001312,-2.0,1.0,1.5,0.0,-2.003619155897081,1.001812976192727,1.499987387343423,0.00227191139912733,-0.0011415663196617978,-2.961749957636903e-06,-0.0009006244837020268,0.00045533495345018464,3.123473941909354e-05,-0.002659397362192301,-0.005260124086394009,2.441499222008401e-07,0.016740901385756776,0.03345604792003687,2.1109277638262584e-05,-0.0004702662348226371,-0.0009380284340983,-2.4933145809660635e-07,68.67021900653769,-2.5115251967107676e-05,-4.5380222725300276e-05,1.892907903045638e-06,5403.489463800664,5411.453131102077,5783.61430132044,5776.146385741676,0.004047879835404889,0.00254258998653611,0.037410759015533146,0
13.922000000001319,-2.0,1.0,1.5,0.0,-2.0035724672408435,1.0017895191880686,1.4999873334759382,0.0023850285502768826,-0.0011981663525167175,-2.474153526980537e-06,-0.0010600426480831698,0.0005351506711193071,3.0368757033046918e-05,-0.0031255637194534673,-0.00619121115214249,3.377390988062392e-07,0.016200130561720892,0.032377361551750555,2.051520967700242e-05,-0.00047319825088725767,-0.0009439163952858436,-2.4657621357464886e-07,68.67021308438314,-2.1979214363443656e-05,-3.9743416694113576e-05,1.6607555059013401e-06,5403.490348318985,5411.453946540377,5783.6119438192945,5776.146219524425,0.003995630307247814,0.002669076603504429,0.03620411223910747,0
13.942000000001325,-2.0,1.0,1.5,0.0,-2.0035235572563694,1.0017649507440105,1.4999872893323698,0.002494413892912924,-0.0012528955917087247,-1.9891680140797547e-06,-0.0012160996099645533,0.0006132803069098128,2.9488452333087263e-05,-0.0035818825529523126,-0.007102667180691187,4.4402781213787133e-07,0.015656246747208558,0.03129242082300374,1.9932818620592576e-05,-0.00047573923664185713,-0.000949023744952593,-2.4374491387835116e-07,68.67020708099294,-1.8875679490585676e-05,-3.4164862422880425e-05,1.431004143236068e-06,5403.491218078987,5411.454747952808,5783.60960470324,5776.146049013019,0.003940896906640487,0.0027913888997539472,0.034990479259979466,0
13.962000000001332,-2.0,1.0,1.5,0.0,-2.0034725008020593,1.0017393083869905,1.4999872548557969,0.0026000476837510092,-0.0013057442160760572,-1.5072202072464267e-06,-0.0013687339001897249,0.0006896931378136857,2.859479198730721e-05,-0.004028174423096285,-0.007994133157009992,5.620267834757033e-07,0.015109695403647667,0.030202115022426885,1.936260245032826e-05,-0.00047789339249483987,-0.0009533588425258971,-2.408397833422201e-07,68.6702010016538,-1.580643285214946e-05,-2.864777264778555e-05,1.2037830178583448e-06,5403.492072644472,5411.455534957186,5783.607285388984,5776.145874390075,0.003883763371275196,0.0029095048010456723,0.033770854685979165,0
13.982000000001339,-2.0,1.0,1.5,0.0,-2.003419373097616,1.0017126298230579,1.4999872299808188,0.0027019132255705967,-0.0013567039302526608,-1.0287317507018464e-06,-0.0015178875252685998,0.0007643601824996896,2.7688749486355207e-05,-0.004464270062246741,-0.008865270365258394,6.907482775146123e-07,0.014560917039649056,0.02910732358083048,1.880502083323041e-05,-0.00047966513910022656,-0.0009569304875391496,-2.3786331890732942e-07,68.67019485170238,-1.2773206645233673e-05,-2.3195264296669213e-05,9.792175547283736e-07,5403.492911600603,5411.456307190703,5783.604987259894,5776.145695841319,0.0038243138423666233,0.003023405644495184,0.03254622209777895,0
14.002000000001345,-2.0,1.0,1.5,0.0,-2.003364249663507,1.0016849529075484,1.4999872146336635,0.002799996832207962,-0.0014057679470823989,-5.541184973026781e-07,-0.0016635059558784992,0.0008372541954928831,2.67713036321407e-05,-0.004890010340737372,-0.009715760321644432,8.292088655113795e-07,0.014010346962856421,0.028008915575316432,1.826049479277572e-05,-0.0004810591106382713,-0.0009597479062283354,-2.34818272299498e-07,68.67018863651892,-9.77767931844308e-06,-1.7810357692274628e-05,7.574293715216057e-07,5403.493734553841,5411.45706430983,5783.602711665436,5776.145513555346,0.003762632796946323,0.003133076138312983,0.031317553514363175,0
14.022000000001352,-2.0,1.0,1.5,0.0,-2.0033072062611414,1.001656315615123,1.499987208732312,0.002894287791870876,-0.0014529309691934647,-8.378987733882767e-08,-0.0018055381129885775,0.0009083496601630947,2.5843437025786788e-05,-0.005305246225937457,-0.010545304693404487,9.76432090557424e-07,0.013458415039529666,0.026907749248815168,1.772940650507867e-05,-0.0004820801480444249,-0.0009618207380250069,-2.3170763201400896e-07,68.67018236152062,-6.821475174431563e-06,-1.2495975838286084e-05,5.385362519069185e-07,5403.4945411318195,5411.457805990166,5783.600459920641,5776.14532772334,0.0036988049809583957,0.0032385043199654674,0.03008580880566233,0
14.042000000001359,-2.0,1.0,1.5,0.0,-2.003248318833804,1.001626756010181,1.4999872121866333,0.00298477832882834,-0.0014981891697596823,3.8185171290466693e-07,-0.0019439363516507522,0.0009776227805466944,2.4906134572868438e-05,-0.005709838734501981,-0.011353625204155591,1.1314510302325054e-06,0.012905545461918732,0.02580467154516321,1.7212099217261726e-05,-0.000482733292189964,-0.0009631590219538707,-2.2853460520687864e-07,68.67017603215503,-3.9061640215533105e-06,-7.254943790784356e-06,3.226521217375567e-07,5403.495330983213,5411.45853192631,5783.598233305584,5776.145138538786,0.00363291534320251,0.003339681512725313,0.02885193522556921,0
14.062000000001365,-2.0,1.0,1.5,0.0,-2.0031876634483687,1.001596312217669,1.4999872248985318,0.003071463563529339,-0.001541540172475747,8.424115028292624e-07,-0.002078656442510338,0.0010450514720251889,2.396038200436461e-05,-0.006103658877945993,-0.012140463525931,1.2933107523447149e-06,0.012352156523477204,0.024700517659816595,1.670887728437394e-05,-0.0004830237770223579,-0.0009637731829509521,-2.253025994683436e-07,68.67016965389335,-1.0332608698222555e-06,-2.0899881087168926e-06,1.0988702794603172e-07,5403.4961037775965,5411.4592418316715,5783.596033064911,5776.144946197215,0.0035650489701493393,0.0034366022806111914,0.027616866839422338,0
14.082000000001372,-2.0,1.0,1.5,0.0,-2.003125316237829,1.0015650223942978,1.4999872467621045,0.003154341471204626,-0.0015829830307735493,1.2975029175102962e-06,-0.0022096575510849093,0.0011106153508873254,2.3007164418459274e-05,-0.006486587601698853,-0.012905581158182147,1.4610706599087546e-06,0.011798660401959371,0.023596110606289897,1.6220006321133318e-05,-0.0004829570226717278,-0.0009636740181116723,-2.220152047245328e-07,68.6701632322238,1.7957743282295047e-06,2.9962636128674144e-06,-9.965287979851789e-08,5403.496859205268,5411.459935438316,5783.593860407388,5776.14475089591,0.0034952910216702283,0.0035292643817362557,0.02638152413047276,0
14.102000000001379,-2.0,1.0,1.5,0.0,-2.00306135334467,1.0015329247001827,1.499987277663813,0.003233412839005786,-0.0016225182063067834,1.7467481268656162e-06,-0.0023369022148590313,0.0011742957227976155,2.2047464838088462e-05,-0.006858515717772212,-0.013648759294025306,1.6338067219515639e-06,0.01124546295043453,0.022492260798392873,1.5745713464225514e-05,-0.0004825386285277756,-0.0009628726828766281,-2.1867617521952997e-07,68.67015677264472,4.579536892415526e-06,8.001283127385293e-06,-3.058653646648862e-07,5403.49759697706,5411.460612496746,5783.59171650546,5776.144552833635,0.0034237266677104384,0.0036176687200977177,0.025146813443254822,0
14.122000000001385,-2.0,1.0,1.5,0.0,-2.0029958508651164,1.0015000572709236,1.499987317482664,0.0033086812217365427,-0.0016601475467312083,2.1897785706168756e-06,-0.00246035631824952,0.0012360755701985651,2.10822627965803e-05,-0.007219343831200863,-0.014369798674051923,1.8106135871818312e-06,0.010692963496252627,0.021389765648325107,1.528618774121267e-05,-0.00048177436629245115,-0.0009613806771760974,-2.1528941151672308e-07,68.67015028065798,7.316677584183157e-06,1.292264184637748e-05,-5.086521155779136e-07,5403.498316824137,5411.46127277572,5783.589602494859,5776.144352210356,0.003350441025942068,0.0037018192958489828,0.023913626604311747,0
14.142000000001392,-2.0,1.0,1.5,0.0,-2.0029288847942763,1.0014664581901336,1.4999873660903982,0.0033801528962305993,-0.001695874262808048,2.6262354595390636e-06,-0.0025799890654903262,0.001295939538672537,2.0112532952517198e-05,-0.007568982260407875,-0.015068519427989356,1.990606577988958e-06,0.010141554647979804,0.02028940918067464,1.4841580541320155e-05,-0.0004806701730148877,-0.000959209831530856,-2.1185894273945023e-07,68.67014376176223,1.0005902734186597e-05,1.775801106702281e-05,-7.079187574155882e-07,5403.499018497779,5411.461916062007,5783.587519474237,5776.144149226959,0.0032755191004213043,0.0037817231541009896,0.022682840454391374,0
14.162000000001399,-2.0,1.0,1.5,0.0,-2.002860530972218,1.0014321654624372,1.4999874233516937,0.003447836814431311,-0.0017297029048580442,3.055770252212742e-06,-0.0026957729514913206,0.001353873922287524,1.913924373069139e-05,-0.007907350951635698,-0.015744760904528882,2.172923562664845e-06,0.009591622110326672,0.01919196166236148,1.441200618382256e-05,-0.0004792321441135564,-0.0009563722931306517,-2.0838890903068026e-07,68.67013722144613,1.2645974325630945e-05,2.2505162123460546e-05,-9.035748585614314e-07,5403.499701769135,5411.4625421601695,5783.585468504815,5776.143944084979,0.0031990457212890916,0.0038573903323042176,0.02145531644831813,0
14.182000000001405,-2.0,1.0,1.5,0.0,-2.0027908650309945,1.0013972169869423,1.4999874891243739,0.0035117445552280543,-0.0017616393385937279,3.478045105862032e-06,-0.0028076837307227445,0.0014098666479577496,1.816335599597703e-05,-0.00823437938762364,-0.016398381489623158,2.3567267041702686e-06,0.00904354450707562,0.018098179248542515,1.3997542579042171e-05,-0.000477466526390808,-0.0009528805118965842,-2.0488354424848083e-07,68.67013066518176,1.5235710036448193e-05,2.716196646276377e-05,-1.0955339358145582e-06,5403.500366428981,5411.463150892318,5783.583450610082,5776.143736986322,0.0031211054855350084,0.003928833806265237,0.020231900231102343,0
14.202000000001412,-2.0,1.0,1.5,0.0,-2.0027199623426433,1.0013616505312035,1.4999875632596273,0.0035718902751043662,-0.0017916907203575077,3.892733300799722e-06,-0.0029157003841823537,0.0014639072588415705,1.718582176607242e-05,-0.00855000649066298,-0.017029258413586115,2.5412040841714284e-06,0.008497693212016403,0.017008803644495227,1.3598231977322758e-05,-0.0004753797110448908,-0.000948747226537938,-2.0134715893184442e-07,68.67012409841801,1.7773983237810903e-05,3.172639564379343e-05,-1.2837134566814467e-06,5403.501012287444,5411.463742097847,5783.581466775498,5776.143528132995,0.003041782698852002,0.003996069434853817,0.01901342130142903,0
14.222000000001419,-2.0,1.0,1.5,0.0,-2.002647897968191,1.0013255037056898,1.499987645602235,0.0036282906576530823,-0.0018198654717932355,4.299519639634438e-06,-0.003019805084495358,0.0015159868968056905,1.6207582952077922e-05,-0.008854180520198988,-0.017637287547287793,2.7255712014790135e-06,0.007954432187886504,0.015924561783471018,1.32140818009155e-05,-0.0004729782266862541,-0.0009439854506177353,-1.9778412367810283e-07,68.67011752657399,2.025972295461842e-05,3.61965212665709e-05,-1.4680348391338812e-06,5403.501639173734,5411.464315633183,5783.579517948255,5776.143317726831,0.0029611613186200413,0.004059115903458164,0.017800692627921513,0
14.242000000001426,-2.0,1.0,1.5,0.0,-2.0025747466076758,1.0012888139387588,1.4999877359908032,0.0036809648620132088,-0.0018461732539787712,4.6981008178040205e-06,-0.0031199831592047212,0.0015660982839862348,1.522957014679026e-05,-0.009146858965158194,-0.018222383187780255,2.9090723444247606e-06,0.00741411783330978,0.01484616552051371,1.2845065553718332e-05,-0.0004702687323611022,-0.0009386084586285958,-1.9419885287397222e-07,68.67011095503263,2.269191378302991e-05,4.057051482316913e-05,-1.6484234487426883e-06,5403.5022469358455,5411.464871371507,5783.577605037034,5776.143105969227,0.00287932489802703,0.004117994666246397,0.016594510312462944,0
14.262000000001432,-2.0,1.0,1.5,0.0,-2.0025005825512117,1.0012516184521592,1.4999878342580064,0.0037299344702839137,-0.0018706249410471013,5.088185766854103e-06,-0.0032162230523083944,0.0016142357034688434,1.4252701450816728e-05,-0.009428008431130222,-0.018784477833684646,3.0909818370776477e-06,0.00687709883772249,0.013774311342214457,1.2491123803843224e-05,-0.0004672580105874634,-0.0009326297720993966,-1.905957887755982e-07,68.67010438913435,2.506959576918238e-05,4.48466474817436e-05,-1.8248085933242404e-06,5403.502835440261,5411.465409202465,5783.575728911832,5776.142893060888,0.002796356531361434,0.00417272988729369,0.015395653288897375,0
14.282000000001439,-2.0,1.0,1.5,0.0,-2.00242547963112,1.0012139542370648,1.4999879402308354,0.0037752234339702216,-0.001893232593323605,5.46949597070402e-06,-0.003308516284095105,0.0016603949791201638,1.3277881338167537e-05,-0.009697604522593299,-0.019323521950641246,3.270605159585363e-06,0.006343716044266891,0.01270968009236741,1.2152165233792406e-05,-0.00046395296041083783,-0.0009260631457344594,-1.8697938611539328e-07,68.67009783417076,2.7391864249736083e-05,4.9023289798855386e-05,-1.9971235150951796e-06,5403.503404571639,5411.465929031889,5783.573890403779,5776.142679201554,0.0027123388004998837,0.004223348380634364,0.014204882986046491,0
14.302000000001446,-2.0,1.0,1.5,0.0,-2.002349511175133,1.00117585803065,1.4999880537308514,0.003816858019515332,-0.0019140094300067688,5.841765753023774e-06,-0.0033968574093425274,0.0017045734545974717,1.2305999568174483e-05,-0.009955631720339322,-0.01983948372719465,3.4472799432869076e-06,0.005814302320630225,0.011652936713480062,1.1828067753095287e-05,-0.0004603605904810891,-0.0009189225536000655,-1.8335409712148988e-07,68.67009129537853,2.965786965238109e-05,5.309891136241937e-05,-2.1653053803214146e-06,5403.503954232482,5411.466430781489,5783.572090305014,5776.142464589753,0.002627353722601081,0.004269879549298838,0.013022943027958447,0
14.322000000001452,-2.0,1.0,1.5,0.0,-2.002272749960712,1.0011373662932157,1.4999881745744463,0.0038548667529739182,-0.0019329698014197998,6.2047425372078955e-06,-0.003481243973922247,0.0017467699715652627,1.133793014198571e-05,-0.010202083254266999,-0.020332348821373754,3.6203768415728067e-06,0.005289182437797973,0.010604730004081294,1.1518679668114306e-05,-0.00045648801215814115,-0.0009112221753621671,-1.797243570756813e-07,68.6700847779334,3.1866817260381e-05,5.707208036782769e-05,-2.3292952665638015e-06,5403.504484342817,5411.466914388563,5783.570329368576,5776.142249422569,0.002541482699045632,0.004312355323395155,0.011850559010750022,0
14.342000000001459,-2.0,1.0,1.5,0.0,-2.0021952681704613,1.0010985151858778,1.4999883025731058,0.003889280363881119,-0.0019501291608603494,6.558187076692567e-06,-0.003561676469883773,0.0017869848471457396,1.037453030989585e-05,-0.010436960971700117,-0.020802120098388152,3.78930027782437e-06,0.004768672956687425,0.009565692391755816,1.1223820903823686e-05,-0.0004523424326511547,-0.0009029763825952551,-1.7609457046658587e-07,68.67007828694443,3.4017966940885315e-05,6.094146312924016e-05,-2.4890381475294975e-06,5403.504994839847,5411.467379805679,5783.568608308326,5776.142033895375,0.0024548064656181585,0.004350810097295315,0.010688438258430527,0
14.362000000001466,-2.0,1.0,1.5,0.0,-2.002117137348691,1.0010593405488204,1.4999884375336794,0.003920131728370674,-0.001965504036075247,6.901873658484328e-06,-0.0036381582890614274,0.0018252198506337387,9.41663961836878e-06,-0.010660275201409438,-0.02124881735969723,3.953489072060678e-06,0.004253082122622708,0.008536439721829402,1.0943284272379027e-05,-0.0004479311481900809,-0.000894199725154072,-1.7246909746542683e-07,68.67007182744811,3.611063283440882e-05,6.470582352273622e-05,-2.6444828754807353e-06,5403.505485677615,5411.4678270003515,5783.566927798912,5776.141818201611,0.0023674050439719822,0.004385280665985534,0.00953726955454134,0
14.382000000001472,-2.0,1.0,1.5,0.0,-2.002038428359109,1.0010198778801216,1.4999885792586538,0.0039474558115967315,-0.0019791120003875783,7.23559027773857e-06,-0.0037106956752695408,0.0018614781795059988,8.465079012214678e-06,-0.010872044613512558,-0.021672477063833406,4.112416948245578e-06,0.0037427097676046225,0.007517571061612488,1.0676836783263324e-05,-0.00044326153724518017,-0.0008849069176380118,-1.6885224132516452e-07,68.67006540440296,3.814418301259052e-05,6.83640223703388e-05,-2.7955821613947e-06,5403.505956826625,5411.468255954745,5783.565288475745,5776.141602532559,0.002279357694376497,0.0044158061606408405,0.00839772297370143,0
14.402000000001479,-2.0,1.0,1.5,0.0,-2.0019592113436895,1.000980162315166,1.4999887275464263,0.003971289609512097,-0.001990971643502433,7.559138784799483e-06,-0.003779297675137327,0.0018957644347474979,7.520649986130458e-06,-0.011072296075384588,-0.02207315203928004,4.265592924465186e-06,0.0032378472203263187,0.006509668520104702,1.0424220989861199e-05,-0.0004383410537856366,-0.0008751128259376997,-1.6524823600477314e-07,68.67005902268416,4.0118039099148884e-05,7.191501675917543e-05,-2.942292552757993e-06,5403.506408273518,5411.468666665324,5783.563690935019,5776.141387077106,0.002190742869787005,0.004442427983482534,0.0072704496908380925,0
14.422000000001486,-2.0,1.0,1.5,0.0,-2.0018795556826965,1.0009402286066387,1.4999888821915865,0.00399167209005651,-0.0020011025420182977,7.872335003811233e-06,-0.0038439760876493893,0.001928084595531984,6.584133779728516e-06,-0.0112610645037964,-0.022450911189788758,4.412561588505639e-06,0.0027387772238784925,0.005513297083049154,1.0185156367359548e-05,-0.00043317722059292975,-0.0008648324538863667,-1.6166123469138512e-07,68.67005268707832,4.203167585866859e-05,7.535785930185242e-05,-3.0845744091189204e-06,5403.506840020679,5411.4690591425515,5783.5621357337495,5776.141172021546,0.0021016381712279293,0.004465189741978118,0.006156081995506408,0
14.442000000001492,-2.0,1.0,1.5,0.0,-2.0017995299558966,1.0009001111051152,1.4999890429851934,0.0040086441338073415,-0.0020095252296702336,8.175008823804098e-06,-0.0039047454124395255,0.0019584459932788676,5.656290635897444e-06,-0.011438392713409773,-0.02280583919241468,4.552903261565758e-06,0.002245773861086531,0.004529004463219267,9.959340716995793e-06,-0.00042777762262522195,-0.0008540809300160817,-1.5809529878327372e-07,68.67004640227852,4.388462075137244e-05,7.869169733698653e-05,-3.222391875366362e-06,5403.5072520858785,5411.469433410537,5783.560623389858,5776.140957549357,0.002012120304528155,0.0044841371824419565,0.005055233125948958,0
14.462000000001499,-2.0,1.0,1.5,0.0,-2.0017192019049665,1.0008598437402483,1.4999892097150604,0.004022248474145107,-0.002016261167331204,8.467004263067454e-06,-0.0039616227969028715,0.0019868572851195567,4.737859097671425e-06,-0.011604331261822686,-0.023138036188649264,4.686234053123173e-06,0.0017591024874127812,0.003557320965808043,9.746451591663254e-06,-0.0004221499004420361,-0.0008428734944301487,-1.545543875602623e-07,68.67004017287942,4.567645345724639e-05,8.191577207387657e-05,-3.3557128528889174e-06,5403.50764450189,5411.4697895067175,5783.559154382262,5776.140743841013,0.0019222650384205188,0.004499318123095056,0.0039684976919145696,0
14.482000000001506,-2.0,1.0,1.5,0.0,-2.0016386383970963,1.0008194600025568,1.4999893821660362,0.004032529636985548,-0.00202133271279736,8.74817950631997e-06,-0.004014627982181137,0.0020133284267998125,3.829555366536406e-06,-0.011758938291319904,-0.02344761746897045,4.812205810171654e-06,0.0012790196713551001,0.0025987593687855116,9.546147737980772e-06,-0.0004163017436897391,-0.0008312254857990926,-1.51042348522447e-07,68.67003400337288,4.7406805368647646e-05,8.502941767894058e-05,-3.4845089685088396e-06,5403.508017316123,5411.470127481515,5783.5577291510235,5776.140531073789,0.0018321471640201155,0.0045107823866416125,0.002896453236804953,0
14.502000000001512,-2.0,1.0,1.5,0.0,-2.001557905389809,1.0007789929258215,1.4999895601202897,0.0040395338801296615,-0.002024763090383042,9.01840691540147e-06,-0.004063783248076822,0.0020378706450475763,2.9320727043022734e-06,-0.011902279367500844,-0.023734713151136594,4.9305059642634184e-06,0.0008057731422701896,0.0016538148180727814,9.35807055022083e-06,-0.000410240884652627,-0.0008191523284887606,-1.4756290828786843e-07,68.6700278981433,4.9075359052087656e-05,8.803206031120662e-05,-3.6087555413315326e-06,5403.508370590238,5411.4704473980055,5783.556348097495,5776.140319421571,0.0017418404557145999,0.0045185817324196065,0.00183966667175599,0
14.522000000001519,-2.0,1.0,1.5,0.0,-2.0014770678969884,1.0007384750700914,1.4999897433575926,0.004043309132282286,-0.002026576360351019,9.277573014425832e-06,-0.004109113356959766,0.002060496409435502,2.0460808959771834e-06,-0.012034427314955408,-0.023999467852593926,5.040857279990848e-06,0.00033960174554099355,0.0007229647373827786,9.181845531259775e-06,-0.00040397509187594576,-0.0008066695198242859,-1.4411966435011762e-07,68.6700218614637,5.068184768207038e-05,9.092321710154572e-05,-3.728431547508207e-06,5403.508704399759,5411.470749331579,5783.55501158452,5776.140109054689,0.0016514176334815414,0.004522769788182011,0.0007987535003964864,0
14.542000000001526,-2.0,1.0,1.5,0.0,-2.0013961899561385,1.0006979385053016,1.4999899316556027,0.004043904931789728,-0.0020267973882029163,9.52557844949196e-06,-0.004150645496714637,0.002081219403766206,1.172225755138733e-06,-0.012155462050151373,-0.024242040357281596,5.1430175086973285e-06,-0.00011926459499197099,-0.0001933312474380126,9.017083756186208e-06,-0.00039751216385849474,-0.0007937926175031497,-1.4071607720384278e-07,68.67001589749157,5.222605444455795e-05,9.370249508353152e-05,-3.843519582975145e-06,5403.509018833696,5411.4710333696,5783.553719936646,5776.139900139752,0.0015609503266804357,0.004523401981564788,0.00022715834783090444,0
14.562000000001532,-2.0,1.0,1.5,0.0,-2.0013153345968635,1.0006574147955078,1.4999901247901448,0.004041372365145827,-0.0020254518138549445,9.76233792395769e-06,-0.004188409222795367,0.0021000544970096206,3.1112868891570886e-07,-0.01226547041170498,-0.02446260327721954,5.236778951390214e-06,-0.0005706049074217738,-0.0010946313697386336,8.863383334150544e-06,-0.0003908599228252527,-0.0007805372271578921,-1.373554634122625e-07,68.67001001026532,5.3707811915246074e-05,9.636959007305288e-05,-3.9540058241954254e-06,5403.509313994164,5411.471299611079,5783.552473440375,5776.13969283948,0.001470509039356232,0.004520535471297001,0.001234426198763444,0
14.582000000001539,-2.0,1.0,1.5,0.0,-2.0012345638105864,1.0006169349837373,1.4999903225354927,0.004035764005315764,-0.002022566020723314,9.987780109088084e-06,-0.004222436399434765,0.0021170177138197534,-5.366136939559229e-07,-0.012364545988194057,-0.024661342709161017,5.3219679349451464e-06,-0.0010142071950794956,-0.001980511769241214,8.720330864172719e-06,-0.00038402620857804783,-0.0007669189900818327,-1.340409891586239e-07,68.67000420370066,5.51270014084787e-05,9.892428550130382e-05,-4.059879986936969e-06,5403.509589995975,5411.471548166317,5783.551272344433,5776.13948731257,0.0013801631171306544,0.004514229078207971,0.002225093994324847,0
14.602000000001546,-2.0,1.0,1.5,0.0,-2.001153938521495,1.0005765295774607,1.499990524664645,0.004027133849925749,-0.002018167104743697,1.0201847531959359e-05,-0.004252761140074026,0.0021321262046606454,-1.3704299156118032e-06,-0.012452788943687803,-0.024838457886687617,5.398444205843801e-06,-0.0014498684528450976,-0.002850566525256862,8.587502880883005e-06,-0.00037701887243093795,-0.0007529535711175985,-1.3077566452807603e-07,68.66999848158738,5.6483552302687825e-05,0.00010136645120058337,-4.1611352831972156e-06,5403.50984696628,5411.471779156582,5783.550116860071,5776.1392837135445,0.0012899807157696142,0.004504543216085334,0.0031981006942549367,0
14.622000000001552,-2.0,1.0,1.5,0.0,-2.001073518558736,1.0005362285346817,1.4999907309496034,0.0040155372593665495,-0.002012282843348576,1.0404496440598342e-05,-0.004279419747061519,0.0021453982155683607,-2.189773918473102e-06,-0.012530305841149836,-0.02499416082803518,5.466100245771093e-06,-0.0018773946765624821,-0.003704407676130882,8.464467286221389e-06,-0.00036984577123146215,-0.0007386566467195845,-1.2756233845283715e-07,68.66999284758637,5.777744133969923e-05,0.00010369604214501811,-4.257768376208772e-06,5403.51008504417,5411.471992713769,5783.5490071614,5776.139082192629,0.0012000287715935852,0.004491539822437538,0.0041529804773128955,0
14.642000000001559,-2.0,1.0,1.5,0.0,-2.000993362629834,1.0004960612506502,1.4999909411616426,0.004001030894857857,-0.0020049416644260954,1.059569664693348e-05,-0.004302450650682024,0.0021568530575774426,-2.9941253000980345e-06,-0.012597209463880654,-0.025128675980007942,5.524860513510946e-06,-0.0022966008656607213,-0.004541665225120384,8.350784763308248e-06,-0.0003625147614718205,-0.0007240438931956499,-1.2440369429377234e-07,68.66998730522671,5.900869190039618e-05,0.00010591309714962702,-4.349779333675247e-06,5403.510304380289,5411.472188980065,5783.547943385729,5776.138882895625,0.0011103729739594837,0.0044752822892132945,0.0050893121944412265,0
14.662000000001566,-2.0,1.0,1.5,0.0,-2.000913528295358,1.000456056545192,1.4999911550715823,0.003983672656519857,-0.001996172615283604,1.0775431349173701e-05,-0.004321894347570163,0.0021665110758413964,-3.782989503339755e-06,-0.012653618635172033,-0.025242239858294553,5.574680617651759e-06,-0.002707311019084734,-0.005361987132914839,8.246010168942667e-06,-0.0003550336934923072,-0.0007091309751330183,-1.2130224602785553e-07,68.66998185790325,6.017737325718118e-05,0.00010801773752697708,-4.437171579241507e-06,5403.5105051364535,5411.4723681076075,5783.546925633967,5776.138685963809,0.0010210777402287626,0.004455835393529806,0.006006699477172407,0
14.682000000001572,-2.0,1.0,1.5,0.0,-2.000834071944828,1.000416242650665,1.4999913724500513,0.0039635216214975,-0.0019860053316387203,1.0943696934606227e-05,-0.004337793338557571,0.0021743936184706056,-4.555897955304927e-06,-0.0126996580363103,-0.025335100684475684,5.615546424654829e-06,-0.003109358124643523,-0.006165039297010452,8.149693901305818e-06,-0.00034741040577945847,-0.0006939335340117573,-1.1826033506834386e-07,68.6699765088742,6.12835998041252e-05,0.00011001016570405387,-4.519951842239396e-06,5403.510687485274,5411.472530258164,5783.545953970997,5776.138491533814,0.0009322061939292933,0.004433265228460643,0.006904767726185068,0
14.70200000000158,-2.0,1.0,1.5,0.0,-2.000755048773852,1.0003766472005275,1.4999915930677483,0.003940637982182627,-0.00197447000666055,1.1100502761727545e-05,-0.004350192066020945,0.0021805230051208232,-5.312408159972786e-06,-0.012735458023121737,-0.025407518020114934,5.647473106933931e-06,-0.0035025841418875785,-0.00695050551816195,8.06138323955752e-06,-0.00033965271936576815,-0.0006784671770179573,-1.1528012787754464e-07,68.66997126125912,6.232753026664011e-05,0.00011189066380114837,-4.598130105769367e-06,5403.51085160977,5411.472675602799,5783.5450284261415,5776.138299737554,0.0008438201473479945,0.004407639133933726,0.007783162776769943,0
14.722000000001586,-2.0,1.0,1.5,0.0,-2.000676512762497,1.0003372972185334,1.4999918166957007,0.0039150829845777555,-0.0019615973600828154,1.1245870924996126e-05,-0.004359136850772346,0.002184922495353157,-6.0521037472337745e-06,-0.012761154441182615,-0.025459762398175018,5.670504135563249e-06,-0.003886839978630325,-0.007718087454138845,7.980623652272909e-06,-0.0003317684323249958,-0.000662747466054882,-1.123636139080909e-07,68.66996611803702,6.330936688986736e-05,0.00011365959217460548,-4.671719553185112e-06,5403.510997702995,5411.472804321537,5783.544148993582,5776.138110702124,0.000755980090955221,0.0043790256277883325,0.008641550725306242,0
14.742000000001592,-2.0,1.0,1.5,0.0,-2.0005985166548936,1.0002982191085366,1.499992043105515,0.003886918866844912,-0.0019474186074108979,1.137983600194761e-05,-0.004364675828554398,0.002187616256797978,-6.774594474097596e-06,-0.012776888439883059,-0.025492114952124844,5.6847102223059246e-06,-0.0042619854612278895,-0.008467504561019154,7.90696007195534e-06,-0.00032376531437430816,-0.0006467899069584723,-1.0951260433069017e-07,68.66996108204484,6.42293546082633e-05,0.00011531738792311114,-4.740736513011574e-06,5403.511125967669,5411.472916603052,5783.543315632855,5776.137924549739,0.0006687451944135742,0.004347494337039735,0.009479617782074783,0
14.7620000000016,-2.0,1.0,1.5,0.0,-2.000521111940072,1.0002594386449142,1.4999922720696246,0.0038562087980821853,-0.0019319654292438645,1.1502444783568464e-05,-0.004366858886185973,0.0021886293331458647,-7.479516184794521e-06,-0.012782806285479882,-0.025504867043004,5.690188215614055e-06,-0.004627889298738446,-0.00919849402225896,7.839938132854614e-06,-0.00031565110157986764,-0.0006306099389279047,-1.0672873126976592e-07,68.66995615597597,6.508778019533912e-05,0.00011686456336375126,-4.805200402322702e-06,5403.511236615788,5411.4730126443355,5783.542528269343,5776.1377413976625,0.0005821733294030762,0.004313115929399055,0.010297070045472555,0
14.782000000001606,-2.0,1.0,1.5,0.0,-2.0004443488340073,1.0002209809636013,1.49999250336153,0.003823016817369345,-0.001915269940732512,1.161375598916712e-05,-0.004365737597419391,0.002187987611992942,-8.166530724885615e-06,-0.012779059173298092,-0.025498319884800856,5.687059955272557e-06,-0.004984429041085534,-0.00991081066578278,7.77910536949732e-06,-0.00030743349117345246,-0.000614222924167096,-1.0401344770731707e-07,68.66995134237926,6.588497139923402e-05,0.00011830170447372936,-4.865133668733133e-06,5403.511329868281,5411.473092650377,5783.541786794798,5776.137561358145,0.000496321138121497,0.0042759620450947096,0.011093633349923969,0
14.802000000001613,-2.0,1.0,1.5,0.0,-2.0003682762628916,1.0001828705537346,1.4999927367560346,0.0037874077731234793,-0.001897364661193576,1.1713839966750896e-05,-0.004361365158553541,0.002185717792567008,-8.83532581734435e-06,-0.012765803039235359,-0.025472784168403883,5.675471090312778e-06,-0.005331491031346642,-0.010604226869342738,7.724012373832459e-06,-0.00029912013647432636,-0.0005976441377457976,-1.0136802774012857e-07,68.66994664365801,6.662129605692316e-05,0.00011962946930328259,-4.920561730916706e-06,5403.511405954621,5411.473156833854,5783.5410910678875,5776.137384538386,0.00041124420961940203,0.004236105229041074,0.011869053193465673,0
14.82200000000162,-2.0,1.0,1.5,0.0,-2.00029294184761,1.000145131249901,1.4999929720294738,0.00374944726280462,-0.0018782824839003944,1.1802778379496371e-05,-0.004353796323858213,0.0021818473533590024,-9.485614899202253e-06,-0.012743198370712801,-0.025428579684448862,5.6555898647958605e-06,-0.005668970352296203,-0.011278532454399606,7.674213908760728e-06,-0.00029071864192667423,-0.0005808887576854101,-9.879356755786346e-08,68.66994206206942,6.729716119617581e-05,0.00012084858635995029,-4.971512917809359e-06,5403.511465112487,5411.473205414818,5783.540440914752,5776.137211040492,0.0003269975506769986,0.004193618863399196,0.012623094663645201,0
14.842000000001626,-2.0,1.0,1.5,0.0,-2.0002183918894194,1.0001077862249883,1.4999932089599373,0.00370920157301032,-0.0018580566460693797,1.1880663879908193e-05,-0.004343087340859794,0.0021764045196880155,-1.011713691628464e-05,-0.012711410017236777,-0.02536603494535525,5.6276058760211935e-06,-0.005996770767332257,-0.011933534568786517,7.629269976139061e-06,-0.00028223655824913377,-0.0005639718552710669,-9.629098676520675e-08,68.66993759972408,6.791301212099806e-05,0.00012195985296742782,-5.018018406535217e-06,5403.511507587388,5411.473238620381,5783.539836129589,5776.137040961446,0.0002436370371814259,0.004148577100573044,0.013355542154766212,0
14.862000000001633,-2.0,1.0,1.5,0.0,-2.000144671356821,1.0000708579836366,1.4999934473274859,0.0036667376199973176,-0.001836720699061526,1.1947599771692263e-05,-0.004329295885536388,0.0021694182312198443,-1.0729656085010286e-05,-0.012670607000688741,-0.025285486806832166,5.591728809632181e-06,-0.006314804655918722,-0.012569057558413864,7.588746837574469e-06,-0.0002736813777020134,-0.0005469083855932971,-9.386103038304688e-08,68.66993325858569,6.84693314843583e-05,0.00012296413359689904,-5.060112159085984e-06,5403.511533632328,5411.473256684415,5783.539276475256,5776.136874393082,0.00016122528600233754,0.004101054796684014,0.01406619937392225,0
14.88200000000164,-2.0,1.0,1.5,0.0,-2.0000718238736157,1.00003436835628,1.4999936869143602,0.0036221228906676475,-0.0018143084788174058,1.2003699661645354e-05,-0.004312480997475565,0.002160918109468685,-1.1322961617173711e-05,-0.012620962325515796,-0.02518728008916488,5.5481871560526805e-06,-0.006622992943676289,-0.013184942828286066,7.552217986405937e-06,-0.0002650605294685714,-0.0005297131783264,-9.150427113113195e-08,68.66992904047125,6.89666383460645e-05,0.0001238623581780985,-5.097830857784626e-06,5403.511543507442,5411.47325984725,5783.538761683893,5776.136711422082,7.987307296486318e-05,0.004051127445565352,0.014754889098006296,0
14.902000000001646,-2.0,1.0,1.5,0.0,-1.9999998917081376,0.9999983384937762,1.4999939275051837,0.003575425384055302,-0.0017908540765440683,1.2049087101257136e-05,-0.004292703015038191,0.0021509344253047304,-1.1896867412586843e-05,-0.01256265278895508,-0.025071767198535592,5.497226912576235e-06,-0.0069212650272574205,-0.01378104869309764,7.519265069648803e-06,-0.0002563813751586394,-0.0005124009287407502,-8.92211122554775e-08,68.66992494705109,6.94054872205502e-05,0.00012465552038581188,-5.131213839711041e-06,5403.511537479669,5411.473248355365,5783.538291457563,5776.1365521299595,6.2966279351360295e-06,0.003998871113317043,0.015421452978527104,0
14.922000000001653,-2.0,1.0,1.5,0.0,-1.9999289157636495,0.9999627888626236,1.499994168887156,0.003526713553348982,-0.0017663918096713148,1.2083895220146915e-05,-0.004270023510579093,0.0021394980664891654,-1.2451211714540146e-05,-0.012495858791417529,-0.024939307748675067,5.439110275345495e-06,-0.0072095586941439615,-0.014357250217682539,7.489478758599013e-06,-0.000247651204429856,-0.000494986188957016,-8.701179075064403e-08,68.66992097984942,6.978646711186961e-05,0.00012534467590777078,-5.160303029988364e-06,5403.5115158224,5411.473222461116,5783.537865468898,5776.136396593074,8.044649948492772e-05,0.00394436237346076,0.01606575144924379,0
14.94200000000166,-2.0,1.0,1.5,0.0,-1.9998589355698912,0.9999277392407528,1.4999944108502419,0.0034760562484852995,-0.0017409561930947363,1.2108266350936398e-05,-0.004244505225771968,0.002126640505263175,-1.2985856741811049e-05,-0.012420764147186538,-0.024790268183121925,5.3741143253676116e-06,-0.007487820037502659,-0.014913439047593771,7.462459567342766e-06,-0.0002388772307320925,-0.00047748335944332326,-8.487638096559666e-08,68.66991714024495,7.01102005381364e-05,0.0001259309406937356,-5.185142874093034e-06,5403.511478815154,5411.473182422426,5783.537483361784,5776.136244882632,0.00015859391338856823,0.0038876782427333975,0.016687663470379033,0
14.962000000001666,-2.0,1.0,1.5,0.0,-1.9997899892757713,0.9998932087138904,1.4999946531873498,0.0034235226593457907,-0.00171458191072221,1.2122351648458226e-05,-0.004216212007083267,0.002112393766013371,-1.3500688287392206e-05,-0.012337555895562308,-0.024625021398350926,5.302529712587697e-06,-0.007756003366243277,-0.015449523230093205,7.437818618159044e-06,-0.00023006658717499088,-0.00045990668075518193,-8.281479866189202e-08,68.66991342947163,7.037734254857549e-05,0.00012641548918650828,-5.205780269238758e-06,5403.5114267432455,5411.47312850251,5783.537144752034,5776.136097064716,0.00023566389516745998,0.0038288961175565192,0.01728708636271413,0
14.982000000001673,-2.0,1.0,1.5,0.0,-1.9997221136431875,0.9998592156724891,1.4999948956945048,0.003369182259590468,-0.0016873037873401011,1.212631070142906e-05,-0.004185208741439393,0.0020967903930346385,-1.3995615288539357e-05,-0.01224642411257473,-0.024443946368029365,5.224659341921061e-06,-0.00801407111041896,-0.01596542702583335,7.415178353290143e-06,-0.00022122632251959394,-0.0004422702255271174,-8.082680537616324e-08,68.66990984861985,7.058857973000174e-05,0.00012679955253953773,-5.2222644948505745e-06,5403.511359897463,5411.473060969592,5783.536849228101,5776.135953200298,0.0003115559469979371,0.003768093711218261,0.017863935566090644,0
15.00200000000168,-2.0,1.0,1.5,0.0,-1.999655344041962,0.9998257778092164,1.4999951381710128,0.0033131047511591087,-0.001659156760814846,1.2120311140738395e-05,-0.004151561292134846,0.002079863418414803,-1.4470569375543504e-05,-0.012147561723407196,-0.024247427768679664,5.140817065032352e-06,-0.008261993722109836,-0.016461090711518644,7.394173192792208e-06,-0.0002123633972923652,-0.0004245878907095648,-7.891201299820639e-08,68.66990639863748,7.074462920537163e-05,0.0001270844168190353,-5.234647142208638e-06,5403.511278573754,5411.472980096621,5783.53659635179,5776.135813345282,0.0003862185114072354,0.003705348991802637,0.018418144476086088,0
15.022000000001686,-2.0,1.0,1.5,0.0,-1.9995897144458803,0.9997929121169956,1.4999953804196176,0.0032553600094710404,-0.001630175854645459,1.2104528243557647e-05,-0.004115336435021738,0.002061646330061396,-1.4925504394964642e-05,-0.012041164315649997,-0.024035855606984482,5.05132638149795e-06,-0.00849974957193657,-0.01693647037382787,7.374450138016099e-06,-0.00020348468003009433,-0.00040687339005946854,-7.706988889421263e-08,68.66990308033134,7.084623762736435e-05,0.0001272714211936583,-5.242982043369835e-06,5403.511183072905,5411.472886161007,5783.536385658977,5776.135677550546,0.000459609581851229,0.003640740120900741,0.018949664090269158,0
15.042000000001693,-2.0,1.0,1.5,0.0,-1.9995252574298168,0.9997606348875915,1.4999956222466488,0.0031960180293528206,-0.001600396150881382,1.2079144533612694e-05,-0.004076601795025176,0.0020421730398927944,-1.53603959113657e-05,-0.011927429953513256,-0.023809624848994113,4.956519152859351e-06,-0.008727324841347292,-0.01739153769489187,7.355669320723825e-06,-0.00019459694364655123,-0.0003891402468826006,-7.529976108821346e-08,68.6698998943688,7.089418016334253e-05,0.00012736195611422007,-5.2473251992960475e-06,5403.511073700239,5411.472779444348,5783.536216660364,5776.135545861972,0.0005316910096163964,0.0035743453931366084,0.019458462946578402,0
15.0620000000017,-2.0,1.0,1.5,0.0,-1.9994620041679358,0.9997289617107337,1.499995863462162,0.0031351488717224108,-0.0015698527634202795,1.2044349379944375e-05,-0.004035425783025222,0.002021477852214348,-1.5775240682917743e-05,-0.011806558993119958,-0.023569135051474083,4.85673433292189e-06,-0.008944713410824,-0.017826279729614907,7.337504497915156e-06,-0.00018570686193081074,-0.00037140178703108407,-7.36008238290206e-08,68.66989684127951,7.088925947807605e-05,0.00012735746148404695,-5.247734707461161e-06,5403.510950765323,5411.472660232163,5783.536088842221,5776.135418320521,0.0006024270748498171,0.0035062431765398956,0.01994452667574142,0
15.082000000001706,-2.0,1.0,1.5,0.0,-1.999399984432948,0.9996979074737699,1.499996103880072,0.0030728226110573356,-0.0015385808116992823,1.200033859410523e-05,-0.003991877533147362,0.0019995954322993836,-1.6170056127301818e-05,-0.01167875389899528,-0.02331478999563799,4.75231671750308e-06,-0.009151916744155046,-0.018240698675132578,7.3196434925542535e-06,-0.00017682100617048997,-0.00035367113215633813,-7.197214331737093e-08,68.66989392145724,7.083230470917661e-05,0.00012725942482121579,-5.244270688763401e-06,5403.510814581652,5411.472528813638,5783.536001667146,5776.135294962279,0.0006717840090828073,0.003436511853796058,0.02040785792508225,0
15.102000000001713,-2.0,1.0,1.5,0.0,-1.9993392265964092,0.9996674863618411,1.4999963433182768,0.003009109283673295,-0.0015066153947931355,1.194731402700452e-05,-0.00394602684050002,0.0019765607751960467,-1.6544879763168497e-05,-0.011544219061874582,-0.023046997323490536,4.643615716678818e-06,-0.009348943768920093,-0.018634811632698506,7.3017885806352465e-06,-0.0001679458419056614,-0.0003359611932176546,-7.041266371522049e-08,68.66989113516202,7.072417044131983e-05,0.00012706937941405042,-5.236995213968884e-06,5403.510665466378,5411.472385481363,5783.535954574841,5776.1351758185165,0.0007397298032227031,0.0033652297644037542,0.020848475994569925,0
15.12200000000172,-2.0,1.0,1.5,0.0,-1.9992797576300452,0.9996377118585686,1.4999965815987741,0.002944078836838797,-0.001473991565931874,1.1885483165928925e-05,-0.003897944099399542,0.0019524091747792278,-1.6899768639462814e-05,-0.011403160617942635,-0.02276616817701705,4.530984152415452e-06,-0.009535810753335936,-0.019008650362296205,7.283656825028303e-06,-0.0001590877258102129,-0.00031828466424859125,-6.892121325017464e-08,68.66988848252224,7.056573567608811e-05,0.00012678890247273719,-5.2259722296689786e-06,5403.510503740005,5411.472230531082,5783.53594698289,5776.135060915774,0.0008062341188307971,0.0032924751477680847,0.021266416531396735,0
15.142000000001726,-2.0,1.0,1.5,0.0,-1.9992216031080847,0.9996085967472486,1.4999968185477701,0.0028778010787502573,-0.0014407443074503559,1.1815058732830575e-05,-0.003847700242119072,0.0019271761930654506,-1.723479875058048e-05,-0.011255786269608452,-0.022472716840432224,4.41477708430572e-06,-0.009712541179610417,-0.019362261030269313,7.264980356874247e-06,-0.000150252902703373,-0.00030065401638125125,-6.749651053660384e-08,68.66988596353708,7.035790280095832e-05,0.0001264196132766226,-5.211267483861288e-06,5403.510329726132,5411.472064261447,5783.535978287544,5776.134950275928,0.0008712682418440757,0.0032183260872571022,0.021661731351212403,0
15.162000000001733,-2.0,1.0,1.5,0.0,-1.9991647872105824,0.9995801531125408,1.4999970539957783,0.002810345629391009,-0.001406908506181355,1.1736258284955205e-05,-0.003795366678199729,0.0019008976298108791,-1.755006443652529e-05,-0.011102305107933513,-0.02216706038571245,4.295350665969647e-06,-0.009879165613953026,-0.019695703950266676,7.245506605266263e-06,-0.00014144750269060418,-0.00028308149212811405,-6.613717101121488e-08,68.66988357807901,7.010159655666898e-05,0.00012596317132019806,-5.192948451177704e-06,5403.510143751161,5411.471886973774,5783.536047864521,5776.134843916267,0.0009348050553226224,0.003142860455247915,0.022034488049226524,0
15.18200000000174,-2.0,1.0,1.5,0.0,-1.999109332727715,0.9995523923426447,1.4999972877777141,0.002741781872296734,-0.0013725189293034069,1.1649303817398326e-05,-0.003741015234359346,0.0018736094924097875,-1.7845677778509596e-05,-0.01094292743681475,-0.021849618321617893,4.173061034504069e-06,-0.010035721573390787,-0.020009053317798627,7.224998476119787e-06,-0.000132677538433209,-0.00026557909992368,-6.48417135073757e-08,68.66988132589621,6.979776300453227e-05,0.0001254212744577712,-5.171084257803785e-06,5403.509946144034,5411.471698971805,5783.536155069795,5776.134741849588,0.0009968190211831324,0.0030661558591876218,0.02238476977729858,0
15.202000000001746,-2.0,1.0,1.5,0.0,-1.999055261065033,0.9995253251319545,1.499997519732977,0.0026721789072485878,-0.0013376102006541612,1.1554421369651217e-05,-0.003684718095033022,0.0018453479661101634,-1.8121767976375122e-05,-0.010777864599019632,-0.021520812246404095,4.0482632351930985e-06,-0.01018225338953669,-0.0203023969386999,7.203234481353434e-06,-0.00012394890254772923,-0.0002481586089216596,-6.360856684606868e-08,68.66987920661552,6.944736849328615e-05,0.0001247956570494513,-5.145745606216619e-06,5403.509737235966,5411.471500561469,5783.536299240417,5776.134644084277,0.0010572861662394072,0.0029882895886930885,0.022712674903753484,0
15.222000000001753,-2.0,1.0,1.5,0.0,-1.9990025922496468,0.9994989614841818,1.499997749705527,0.0026016055039146187,-0.0013022167775194574,1.145184063614961e-05,-0.0036265477435815743,0.0018161493845650328,-1.8378480725236242e-05,-0.010607328804181984,-0.021181065504434337,3.921310183528492e-06,-0.010318812069460004,-0.0205758359517943,7.180008819486455e-06,-0.00011526736513557766,-0.00023083154405325275,-6.243607659060354e-08,68.66987721974506,6.90513986288709e-05,0.00012408808810892116,-5.1170046997540995e-06,5403.509517360197,5411.4712920506545,5783.53647969531,5776.134550624402,0.0011161840702245641,0.002909338563712713,0.023018316686964815,0
15.24200000000176,-2.0,1.0,1.5,0.0,-1.9989513449373302,0.9994733107159374,1.4999979775439574,0.0025301300564587403,-0.0012663729279077508,1.1341794581134659e-05,-0.003566576904198779,0.0017860502007348393,-1.8615977586637275e-05,-0.01043153295884815,-0.020830802846872862,3.7925516664048925e-06,-0.010445455153807062,-0.020829484546059544,7.15513140888358e-06,-0.00010663857144101666,-0.0002136091813423468,-6.132251181509391e-08,68.66987536467727,6.861085724446462e-05,0.00012330036945524666,-5.0849351670545536e-06,5403.509286851721,5411.47107374898,5783.536695736092,5776.134461469819,0.0011734918545681953,0.002829379283771951,0.023301822999363928,0
15.262000000001766,-2.0,1.0,1.5,0.0,-1.99890153642052,0.9994483814607624,1.4999982031015509,0.002457820539135547,-0.0012301127083190653,1.122451905941228e-05,-0.0035048784845502987,0.0017550869581568296,-1.8834435349415476e-05,-0.010250690498666637,-0.02047045009665139,3.662333384188224e-06,-0.010562246572318353,-0.021063469672584465,7.128427875109567e-06,-9.806803963699528e-05,-0.00019650254347577077,-6.02660718008747e-08,68.6698736406919,6.812676537370367e-05,0.00012243433386849143,-5.0496119864805124e-06,5403.509046047061,5411.4708459675685,5783.536946647889,5776.134376616258,0.001229190171258522,0.002748487778323333,0.023563335980720572,0
15.282000000001773,-2.0,1.0,1.5,0.0,-1.9988531826371927,0.9994241816735976,1.4999984262363366,0.002384744462888502,-0.0011934699420172673,1.1100252443144878e-05,-0.0034415255191753416,0.0017232962625982368,-1.903404539195136e-05,-0.010065015222819395,-0.020100433817890208,3.5309960351848606e-06,-0.010669256496891115,-0.02127793075161182,7.099739493768434e-06,-8.956115874202547e-05,-0.0001795223956322745,-5.926489291020655e-08,68.66987204695914,6.760016022777518e-05,0.00012149184325153013,-5.01111141056006e-06,5403.508795284006,5411.470609018837,5783.537231700151,5776.134296055446,0.0012832611914139875,0.002666739558220932,0.023803011694116215,0
15.30200000000178,-2.0,1.0,1.5,0.0,-1.9988062981806003,0.9994007186356838,1.4999986468111357,0.0023109688329677565,-0.0011564781978136295,1.096923525449464e-05,-0.0033765911136795393,0.0016907147541057274,-1.921501304147537e-05,-0.009874721130767546,-0.01972118098994029,3.398874443857903e-06,-0.010766561192333652,-0.02147301937496496,7.068923090406939e-06,-8.112318666224606e-05,-0.00016267924156728564,-5.8317055261635335e-08,68.66987058254271,6.70320941756236e-05,0.0001204747868010365,-4.96951089048377e-06,5403.508534901381,5411.470363216275,5783.537550147473,5776.134219775192,0.0013356885933386389,0.0025842095683378083,0.02402101986587419,0
15.322000000001786,-2.0,1.0,1.5,0.0,-1.9987608963098398,0.9993779989598774,1.4999988646935987,0.0022365601075827876,-0.0011191707693695213,1.0831709805997028e-05,-0.0033101483897493922,0.0016573790794687088,-1.937755692900323e-05,-0.009680022261414366,-0.019333118686223758,3.266296733981737e-06,-0.010854242864957845,-0.021648899004145405,7.0358508990746496e-06,-7.275924836306884e-05,-0.00014598331994884623,-5.742058950877998e-08,68.66986924640325,6.642363372970315e-05,0.00011938507918374857,-4.924889000741543e-06,5403.508265238822,5411.470108874231,5783.537901230419,5776.13414775951,0.0013864575499462125,0.002500972141344085,0.024217543454249823,0
15.342000000001793,-2.0,1.0,1.5,0.0,-1.9987169889612393,0.9993560285963783,1.4999990797562404,0.0021615841576045048,-0.001081580655025256,1.068791984842311e-05,-0.003242270431015534,0.0016233258651070007,-1.9521908353264786e-05,-0.009481132534746884,-0.018936673758031833,3.133583547741763e-06,-0.010932389509155307,-0.021805744664393736,7.000410381257004e-06,-6.447433416628802e-05,-0.00012944460095220484,-5.657348348988017e-08,68.66986803740151,6.577585853688931e-05,0.00011822465872597531,-4.877325363959366e-06,5403.507986636532,5411.469846307709,5783.538284176329,5776.1340799887275,0.0014355547154716712,0.0024171009526625744,0.024392778331218258,0
15.3620000000018,-2.0,1.0,1.5,0.0,-1.9986745867605376,0.9993348128388514,1.499999291876462,0.0020861062273296216,-0.0010437405381618337,1.0538110226351196e-05,-0.003173030229791276,0.0015885916903990785,-1.9648310639359835e-05,-0.009278265596050812,-0.018532272523435003,3.0010473116332396e-06,-0.011001094752102827,-0.021943742635003042,6.962504006897597e-06,-5.627329817439241e-05,-0.00011307278309725077,-5.577368883101293e-08,68.6698669543018,6.508986037597709e-05,0.00011699548561059248,-4.826900575986664e-06,5403.507699435077,5411.469575832163,5783.53869820015,5776.134016439602,0.0014829682114388782,0.0023326689766173265,0.024546933016494712,0
15.382000000001806,-2.0,1.0,1.5,0.0,-1.998633699035838,0.9993143563309378,1.4999995009365703,0.002010190896320293,-0.0010056827681016408,1.0382526541578745e-05,-0.0031025006347118107,0.0015532130614617514,-1.9757018500284303e-05,-0.009071634662762234,-0.018120340461453555,2.868991549839951e-06,-0.011060457696739273,-0.02206309013617216,6.922048999390046e-06,-4.816085681863191e-05,-9.68772903454412e-05,-5.501912742710156e-08,68.66986599577541,6.436674216041247e-05,0.00011569954008888439,-4.773696131245209e-06,5403.507403975149,5411.469297763301,5783.53914250524,5776.1339570854325,0.0015286876118617058,0.002247748443790574,0.024680228216203873,0
15.402000000001813,-2.0,1.0,1.5,0.0,-1.9985943338313121,0.9992946630731411,1.4999997068237905,0.00193390204232981,-0.00096743934155386,1.0221414827106812e-05,-0.0030307542992991754,0.00151722638539434,-1.9848297410032552e-05,-0.008861452374032417,-0.017701301911635218,2.73771024561944e-06,-0.011110582763158915,-0.02216399501268386,6.8789770463059895e-06,-4.0141587532334715e-05,-8.086726943967542e-05,-5.4307697843409994e-08,68.66986516040403,6.36076169501662e-05,0.00011433882070469949,-4.717794348473308e-06,5403.507100597372,5411.469012416882,5783.539616284193,5776.133901896169,0.0015727039276789236,0.0021624107996018344,0.024792896531469127,0
15.42200000000182,-2.0,1.0,1.5,0.0,-1.9985564979216324,0.9992757364300778,1.4999999094302692,0.0018573028053249,-0.0009290418846097687,1.0055021228811638e-05,-0.002957863631476654,0.0014806679449995259,-1.9922422975131577e-05,-0.008647930643076809,-0.017275579779178124,2.60748725106329e-06,-0.011151579528562059,-0.022246675414691563,6.833233977811488e-06,-3.221992754891264e-05,-6.505158748975773e-05,-5.3637281646158924e-08,68.66986444668328,6.281360697107693e-05,0.00011291534253205667,-4.6592782968773555e-06,5403.506789642077,5411.46872010852,5783.540118719637,5776.133850838549,0.001615009590426927,0.0020767266641228753,0.024885182071662418,0
15.442000000001826,-2.0,1.0,1.5,0.0,-1.9985201968271165,0.9992575791380831,1.5000001086530754,0.0017804555526141966,-0.0008905216352924255,9.883591697306598e-06,-0.002883900744052487,0.001443573873990762,-1.9979680317420518e-05,-0.008431280512366074,-0.016843595245715378,2.478595745442403e-06,-0.011183562565903471,-0.022311359475894386,6.784779414724034e-06,-2.4400172818330288e-05,-4.943882980654099e-05,-5.300574942449367e-08,68.66986385302624,6.198584264157099e-05,0.00011143113542977134,-4.598231722717629e-06,5403.5064714491045,5411.46842115351,5783.540648985045,5776.133803876197,0.0016555984351560352,0.00199076579314179,0.024957340140571344,0
15.462000000001833,-2.0,1.0,1.5,0.0,-1.9984854348295509,0.9992401933131589,1.5000003043941914,0.001703421845090936,-0.0008519094266652794,9.707371689449512e-06,-0.0028089374061989023,0.001405980132698194,-2.0020363458132404e-05,-0.008211712011728886,-0.016405767485912985,2.3512977422094724e-06,-0.011206651281378793,-0.022358284989381395,6.733586388142412e-06,-1.6686477050124368e-05,-3.403729797200037e-05,-5.24109669018621e-08,68.669863377767,6.112546161079815e-05,0.00010988824231096986,-4.534738976459117e-06,5403.506146357612,5411.468115866631,5783.541206245531,5776.133760969761,0.001694465682615552,0.0019045970404889562,0.025009636823594167,0
15.48200000000184,-2.0,1.0,1.5,0.0,-1.9984522149886808,0.9992235804592536,1.5000004965605007,0.0016262624045977855,-0.0008132356705030454,9.526605879902298e-06,-0.002733044995942493,0.0013679224842827067,-2.0044774716854602e-05,-0.007989434019422693,-0.015962513389974953,2.2258436445749578e-06,-0.01122096975088724,-0.02238769908141747,6.6796409326372095e-06,-9.082850871271961e-06,-1.8855008155050692e-05,-5.1850800634244865e-08,68.66986301916414,6.023360780436427e-05,0.00010828871743115031,-4.468884940446274e-06,5403.505814705866,5411.467804561957,5783.541789658651,5776.133722077022,0.001731607920716941,0.0018182883216383203,0.025042348656803708,0
15.502000000001846,-2.0,1.0,1.5,0.0,-1.998420539159339,0.9992077414768625,1.5000006850637686,0.001549037082419974,-0.0007745303415284183,9.341537882831612e-06,-0.0026562944536873386,0.0013294364714672114,-2.0053224114138298e-05,-0.007764654126225712,-0.015514247292180393,2.102471849439141e-06,-0.011226646555605724,-0.022399857883447206,6.622941655046239e-06,-1.5931611066688634e-06,-3.899689660312723e-06,-5.132312376386291e-08,68.6698627754045,5.9311430481631836e-05,0.00010663462469426326,-4.400754957197416e-06,5403.50547683106,5411.467487552694,5783.5423983751925,5776.133687153018,0.001767023085298481,0.0017319065785977978,0.025055762206722138,0
15.522000000001853,-2.0,1.0,1.5,0.0,-1.9983904080091954,0.9991926766719358,1.5000008698206189,0.0014718048289124957,-0.0007358229622172017,9.15240998476789e-06,-0.0025787562367869427,0.0012905573937956921,-2.0046028791080045e-05,-0.007537578502611589,-0.015061380705546785,1.981408399327588e-06,-0.011223814616812438,-0.02239502620258488,6.563499280813976e-06,5.7788698248666685e-06,1.0821216287428802e-05,-5.082582138766037e-08,68.66986264460644,5.836008330353252e-05,0.00010492803597856629,-4.33043475841488e-06,5403.505133069129,5411.467165150991,5783.543031539941,5776.133656150165,0.0018007104402115316,0.0016455177461044796,0.025050173784015632,0
15.54200000000186,-2.0,1.0,1.5,0.0,-1.9983618210370953,0.9991783857650864,1.5000010507525043,0.0013946236642660313,-0.000697142588174225,8.959462887527469e-06,-0.0025005002751867355,0.0012513202854265318,-2.0023512433256375e-05,-0.007308411769044782,-0.0146043220627461,1.8628666818474653e-06,-0.011212611030090086,-0.02237347719085732,6.501336180009187e-06,1.3029664398901564e-05,2.530055752692478e-05,-5.035679585211175e-08,68.66986262482372,5.738072341111278e-05,0.00010317102948179117,-4.258010394628158e-06,5403.504783754552,5411.466837667776,5783.5436882924705,5776.133629018376,0.001832670556755111,0.001559186719143125,0.025025889019088584,0
15.562000000001866,-2.0,1.0,1.5,0.0,-1.9983347765919763,0.9991648679010827,1.5000012277856718,0.0013175506504153076,-0.0006585177940819924,8.762935461942938e-06,-0.0024215959281458487,0.0012117598934697012,-1.9986004707859605e-05,-0.007077356869452702,-0.01414347646332506,1.7470471760545112e-06,-0.011193176899044737,-0.022335492013463795,6.4364858748515615e-06,2.0155790357165415e-05,3.953147171597954e-05,-4.99139718076135e-08,68.66986271404889,5.637451051718118e-05,0.00010136568808846956,-4.183568165672751e-06,5403.504429220199,5411.466505412583,5783.544367767902,5776.133605705185,0.0018629052924745214,0.0014729773218112774,0.024983222493572835,0
15.582000000001873,-2.0,1.0,1.5,0.0,-1.998309271892332,0.9991521216586162,1.5000014008511233,0.0012406418640928325,-0.0006199766602233624,8.563064512790286e-06,-0.0023421119420602566,0.0011719106568746512,-1.9933840716048143e-05,-0.0068446149479145435,-0.013679245427358228,1.63413724500975e-06,-0.011165657168667357,-0.02228135951631423,6.368992530955589e-06,2.7153960967283692e-05,5.350738685959572e-05,-4.9495301071216665e-08,68.66986291021679,5.534260600978575e-05,9.951409775994601e-05,-4.1071945519525695e-06,5403.504069797133,5411.466168693379,5783.545069097666,5776.133586155864,0.0018914177693544786,0.0013869522775623185,0.024922497374148048,0
15.60200000000188,-2.0,1.0,1.5,0.0,-1.9982853030461996,0.9991401450603318,1.5000015698845717,0.0011639523710298399,-0.0005815467595792037,8.360084554759304e-06,-0.002262116409397126,0.0011318066858763405,-1.986736045147148e-05,-0.0066103852286101775,-0.013212026655591723,1.5243109736852503e-06,-0.011130200458468895,-0.0222113758931008,6.298910434105036e-06,3.4021035172638495e-05,6.722202161730699e-05,-4.9098767168099264e-08,68.66986321120818,5.428617206720755e-05,9.76183459461366e-05,-4.028976146518913e-06,5403.5037058144535,5411.465827816416,5783.545791410235,5776.133570313532,0.0019182123514308667,0.0013011731808705638,0.0248440450684285,0
15.622000000001886,-2.0,1.0,1.5,0.0,-1.9982628650716545,0.999128935583111,1.5000017348263932,0.0010875362013056304,-0.0005432551455017117,8.154227599198933e-06,-0.0021816767287536716,0.0010914817420046316,-1.9786908280579505e-05,-0.006374864899059766,-0.012742213796155073,1.4177290512729088e-06,-0.011086958895513808,-0.0221258443521573,6.2263034546620215e-06,4.075401762938292e-05,8.0669385390277e-05,-4.8722389763976066e-08,68.66986361485323,5.320637078841654e-05,9.568052002130447e-05,-3.948999588116626e-06,5403.50333759913,5411.465483086063,5783.546533831887,5776.133558119298,0.0019432946218395867,0.0012157004703840933,0.02474820477620131,0
15.642000000001893,-2.0,1.0,1.5,0.0,-1.9982419519177836,0.9991184901685948,1.5000018956215753,0.0010114463258454902,-0.0005051283399632992,7.945722952193496e-06,-0.0021008595660543957,0.0010509692186643658,-1.969283243225585e-05,-0.006138248996696691,-0.012270196217922361,1.314538696854239e-06,-0.011036087947478507,-0.022025074783355063,6.151244501479679e-06,4.73500586372941e-05,9.384377819255819e-05,-4.8364228804531516e-08,68.66986411893484,5.2104363335754097e-05,9.3702705745535e-05,-3.86735149510906e-06,5403.502965475823,5411.465134804646,5783.547295487405,5776.133549512351,0.00196667135933532,0.0011305934036662574,0.024635323219502802,0
15.6620000000019,-2.0,1.0,1.5,0.0,-1.9982225564861156,0.9991088052339349,1.5000020522196589,0.0009357346340665103,-0.0004671923223808108,7.734797023363035e-06,-0.002019730816894754,0.0010103021222911128,-1.958548449772728e-05,-0.0059007302988030585,-0.011796358790569587,1.2148736272888149e-06,-0.010977746255856888,-0.021909383425278966,6.073814967226685e-06,5.380645396381561e-05,0.00010673979031131479,-4.802238842378882e-08,68.66986472119217,5.098130909230989e-05,9.168698574897053e-05,-3.7841184003891512e-06,5403.502589766749,5411.464783272301,5783.548075500817,5776.1335444300885,0.001988350514300041,0.001045910033687484,0.024505754205667477,0
15.682000000001906,-2.0,1.0,1.5,0.0,-1.9982046706524863,0.9990998766827619,1.5000022045746808,0.0008604519126699989,-0.0004294725190142708,7.52167314596266e-06,-0.001938355570043791,0.0009695130540869038,-1.946521895436016e-05,-0.005662499215832897,-0.011321081671401561,1.1188540660945497e-06,-0.010912095469432424,-0.021779092532927077,5.994104167082682e-06,6.012064456400522e-05,0.00011935230175521648,-4.769502057022432e-08,68.6698654193241,4.9838364832783334e-05,8.963543804503664e-05,-3.6993866873161777e-06,5403.502210791512,5411.464428786823,5783.548872996085,5776.133542808231,0.0020083411842685495,0.000961707187335541,0.024359858233088873,0
15.702000000001913,-2.0,1.0,1.5,0.0,-1.998188285289317,0.9990916999163603,1.5000023526451085,0.0007856478255780221,-0.0003919937929390968,7.306571407733175e-06,-0.001856798072111363,0.000928634192341032,-1.9332392696044957e-05,-0.00542374368815276,-0.010844740098981167,1.0265867920090486e-06,-0.0108393000781382,-0.021634530046171614,5.912208772556302e-06,6.629021619554255e-05,0.00013167648149945503,-4.738032847748187e-08,68.66986621099235,4.867668391144369e-05,8.755013456855316e-05,-3.613242526733445e-06,5403.501828866949,5411.464071643512,5783.549687097813,5776.133544580932,0.0020266535889945426,0.0008780404464055115,0.024198002207095438,0
15.72200000000192,-2.0,1.0,1.5,0.0,-1.998173390288278,0.9990842698450373,1.5000024963937737,0.0007113708950111014,-0.00035478043459002197,7.089708492766208e-06,-0.001775121693391629,0.0008876972753391074,-1.918736458234329e-05,-0.005184649086218342,-0.010367704193629153,9.381652258485005e-07,-0.010759527247419845,-0.021476029259212246,5.828232242252624e-06,7.231289893569939e-05,0.00014370778652750315,-4.707656978726109e-08,68.66986709382499,4.7497415463111894e-05,8.543313974317082e-05,-3.5257718150361337e-06,5403.501444306987,5411.463712135039,5783.550516931914,5776.1335496808815,0.002043299045085525,0.0007949641318973408,0.02402055898942327,0
15.742000000001926,-2.0,1.0,1.5,0.0,-1.9981599745833216,0.9990775808996738,1.5000026357878034,0.0006376684837028988,-0.0003178561528749251,6.87129753447985e-06,-0.0016933888948860456,0.0008467335848648872,-1.903049500369046e-05,-0.004945398114213493,-0.00989033876481342,8.536695542091565e-07,-0.010672946653215628,-0.021303928491249655,5.742284251366836e-06,7.8186566597575e-05,0.00015544196068117272,-4.678205949426782e-08,68.66986806541951,4.630170362088862e-05,8.328650907233744e-05,-3.4370601133728e-06,5403.501057422502,5411.463350551297,5783.551361626288,5776.133558039431,0.0020582899402286333,0.0007125312931782079,0.023827907039774075,0
15.762000000001933,-2.0,1.0,1.5,0.0,-1.9981480261740563,0.9990716270434475,1.500002770798547,0.000564586778247759,-0.0002812440668561111,6.651547978481217e-06,-0.0016116611965145953,0.000805773930296599,-1.886214546226346e-05,-0.004706170717161693,-0.009413003125478768,7.731668884950356e-07,-0.01057973031766614,-0.021118570758604384,5.654480121603674e-06,8.390923605028685e-05,0.0001668750333080309,-4.6495172535401706e-08,68.66986912334607,4.5090686749441125e-05,8.111228776479159e-05,-3.3471925880446997e-06,5403.500668521168,5411.462987179267,5783.552220311472,5776.133569586681,0.0020716397070347733,0.0006307937051084602,0.023620430130208907,0
15.78200000000194,-2.0,1.0,1.5,0.0,-1.9981375321494423,0.9990664017837165,1.5000029014015008,0.0004921707735751334,-0.0002449666979963715,6.430665456461793e-06,-0.0015299991465171573,0.0007648486333005152,-1.8682678164544742e-05,-0.004467143991526049,-0.00893605091332825,6.967114576978838e-07,-0.010480052445663884,-0.02092030344850214,5.5649402531359455e-06,8.947906644311104e-05,0.00017800331772516596,-4.621434628541459e-08,68.66987026515062,4.386549669516559e-05,7.891250938524863e-05,-3.256253952046933e-06,5403.500277907335,5411.4626223028745,5783.553092121291,5776.133584251604,0.0020833627965237385,0.0005498018797230541,0.023398516848819103,0
15.802000000001946,-2.0,1.0,1.5,0.0,-1.998128478711785,0.9990618981840506,1.5000030275762306,0.0004204642585449077,-0.00020904596296662985,6.208851670495481e-06,-0.001448462292052267,0.0007239875131243848,-1.8492455635382995e-05,-0.004228492099313058,-0.008459829919098468,6.243448333090381e-07,-0.010374089262349565,-0.02070947799473665,5.473789560210146e-06,9.489435833790483e-05,0.0001888234094975462,-4.593808265676724e-08,68.669871488358,4.2627258052157385e-05,7.668919453554982e-05,-3.1643284078740217e-06,5403.499885881877,5411.462256202878,5783.553976193479,5776.133601962132,0.002093474651278918,0.00046960510770798777,0.023162560358550924,0
15.822000000001953,-2.0,1.0,1.5,0.0,-1.9981208512010047,0.9990581088764016,1.5000031493062924,0.0003495098026568725,-0.0001735031670117452,5.9863042872675495e-06,-0.0013671091509928227,0.000683219872491335,-1.8291840345304503e-05,-0.003990386185683711,-0.007984681921826213,5.560961846944158e-07,-0.010262018851661002,-0.020486449555421567,5.381156911907613e-06,0.00010015355275029373,0.00019933218453133727,-4.5664950022459115e-08,68.66987279047478,4.137708744566195e-05,7.444434956675114e-05,-3.071499591549322e-06,5403.499492742074,5411.461889156714,5783.5548716702915,5776.133622645267,0.002101991678292084,0.0003902515688057785,0.022912957944081963,0
15.84200000000196,-2.0,1.0,1.5,0.0,-1.9981146341191596,0.999055026073399,1.50000326657915,0.0002793487438664286,-0.00013835899787062195,5.763216842276658e-06,-0.0012859971849239473,0.0006425744840956329,-1.8081194354087395e-05,-0.0037529943000800155,-0.007510942531136877,4.919825632309965e-07,-0.010144020996036075,-0.020251576693038714,5.2871745795904135e-06,0.00010525523010218482,0.00020952679699399974,-4.539358486304964e-08,68.66987416899232,4.011609283174176e-05,7.217996532188285e-05,-2.9778505179379995e-06,5403.499098781477,5411.461521438387,5783.555777699113,5776.133646227169,0.0021089312215272025,0.00031178862657237094,0.022650110725920273,0
15.862000000001967,-2.0,1.0,1.5,0.0,-1.998109811155201,0.9990526415807627,1.5000033793860919,0.00021002117749845215,-0.00010363352024644072,5.5397786538599615e-06,-0.0012051827733416793,0.0006020795777007522,-1.786087896713309e-05,-0.0035164813208695698,-0.007038941036546872,4.3200921346890925e-07,-0.01002027701737131,-0.020005221056978672,5.1919776923639146e-06,0.00011019810908770595,0.00021940467705866686,-4.5122693186032124e-08,68.66987562138955,3.884537281577252e-05,6.989801590889214e-05,-2.8834635274001192e-06,5403.498704289788,5411.461153318344,5783.5566934330345,5776.133672633261,0.0021143115342241005,0.00023426372033253366,0.022374423270924003,0
15.882000000001973,-2.0,1.0,1.5,0.0,-1.9981063652099351,0.9990509468098187,1.500003487722145,0.00014156594625010018,-6.934617082247368e-05,5.316174746664587e-06,-0.001124721189054534,0.0005617628278399269,-1.7631254413988128e-05,-0.0032810088835092035,-0.006569000263791981,3.7616990956018646e-07,-0.009890969619332916,-0.019747747068772623,5.095703701927728e-06,0.00011498104545493643,0.00022896352848323943,-4.485105167686229e-08,68.66987714513586,3.756601598701554e-05,6.760045750547284e-05,-2.7884202337259545e-06,5403.498309552746,5411.460785063355,5783.557618031434,5776.13370178832,0.0021181517509714022,0.000157727836032081,0.02208630323229861,0
15.90200000000198,-2.0,1.0,1.5,0.0,-1.9981042784211795,0.9990499327901095,1.50000359158599,7.40206312732076e-05,-3.551575381862961e-05,5.092585784484381e-06,-0.001044666574785535,0.0005216513421186372,-1.7392679537370024e-05,-0.003046735312224488,-0.006101436438167619,3.2444731517442475e-07,-0.009756282731116136,-0.019479521610204154,4.998491858065325e-06,0.00011960303070553916,0.0002382013260198185,-4.4577508664522704e-08,68.66987873769358,3.627910027230905e-05,6.528922719800556e-05,-2.692801473462848e-06,5403.497914851988,5411.460416936393,5783.558550660519,5776.133733616557,0.002120471859564433,8.225786924885665e-05,0.021786160998176953,0
15.922000000001987,-2.0,1.0,1.5,0.0,-1.9981035321890785,0.9990495901820874,1.5000036909798715,7.421544325448365e-06,-2.1604370835450056e-06,4.869188012035116e-06,-0.0009650719209746106,0.0004817716501187461,-1.714551150065053e-05,-0.0028138155552033936,-0.0056365590548803565,2.76813365109935e-07,-0.009616401352745298,-0.019200913714486314,4.900482695956909e-06,0.00012406319071453425,0.00024711631267314743,-4.430098479413812e-08,68.66988039652084,3.498569230678096e-05,6.296624184868047e-05,-2.5966872565925605e-06,5403.497520464962,5411.4600491965175,5783.559490493876,5776.133768041719,0.0021212926726829344,9.135414630059096e-06,0.021474409394192363,0
15.942000000001993,-2.0,1.0,1.5,0.0,-1.9981041072015693,0.9990499092898801,1.5000037859095106,-5.8196279020045515e-05,3.0702251283299105e-05,4.646153205422693e-06,-0.0008859890447784221,0.00044214969290201915,-1.689010550819274e-05,-0.0025824011232909033,-0.005174670756393578,2.3322966679949307e-07,-0.00947151140200367,-0.01891229426068323,4.8018175365040435e-06,0.00012836078427315575,0.0002557069967952401,-4.402047348101101e-08,68.669882119074,3.368684682291567e-05,6.0633396998758805e-05,-2.5001567186098533e-06,5403.497126664802,5411.459682098779,5783.560436712994,5776.133804987164,0.002120635799402708,6.596227607693727e-05,0.02115146328473173,0
15.962000000002,-2.0,1.0,1.5,0.0,-1.9981059834599713,0.9990508800741171,1.500003876384014,-0.00012279908511874456,6.305542578516109e-05,4.423648631169408e-06,-0.0008074685702630147,0.00040281081311286163,-1.6626814542872943e-05,-0.002352640032183577,-0.004716067216740363,1.9364791990910472e-07,-0.009321799563082267,-0.018614035671552554,4.7026380006374044e-06,0.000132495201554985,0.0002639721490369747,-4.3735041175880036e-08,68.66988390281013,3.2383606058661486e-05,5.8292565803428825e-05,-2.4032880740464044e-06,5403.496733720216,5411.459315894095,5783.561388507761,5776.133844375945,0.0021185236165696558,0.00013811289112230138,0.020817739266455207,0
15.982000000002007,-2.0,1.0,1.5,0.0,-1.9981091403046751,0.9990524921648093,1.5000039624157837,-0.00018635440696414035,9.488284586352932e-05,4.201837013279031e-06,-0.0007295599097897354,0.00036377974567672344,-1.635598911681886e-05,-0.002124676748103322,-0.004261037032806112,1.5801035223105172e-07,-0.009167453137031609,-0.018306511614975252,4.60308553859759e-06,0.0001364659625106069,0.00027191079914856144,-4.344382741691711e-08,68.6698857451894,3.1076999183487494e-05,5.5945597998988415e-05,-2.3061585713590346e-06,5403.496341895391,5411.458950829154,5783.562345076974,5776.133886130897,0.0021149792400614025,0.0002091611217898892,0.020473655316557027,0
16.00000000000201,-2.0,1.0,1.5,0.0,-1.9981130587787852,0.9990544825364327,1.5000040360586733,-0.00024263280335432792,0.0001230651022426175,4.00292984594328e-06,-0.0006600050654665855,0.0003289349113548129,-1.6106091792463907e-05,-0.0019211634182636082,-0.003854797828200391,1.292537885419317e-07,-0.009024733966359031,-0.018022127596386803,4.5132858825455535e-06,0.00013989942770591539,0.0002787758291739855,-4.31761394749672e-08,68.66988745137583,2.9899014610156278e-05,5.3829589321624055e-05,-2.2185820181567375e-06,5403.495990425074,5411.458623445584,5783.56320941677,5776.1339256695255,0.00211058445365258,0.0002720877066332057,0.020155468324705852,0
