time,target_x,target_y,target_z,target_yaw_deg,x,y,z,vx,vy,vz,desired_ax,desired_ay,desired_az,desired_roll_deg,desired_pitch_deg,desired_yaw_deg,roll_deg,pitch_deg,yaw_deg,wx,wy,wz,Fz,Tx,Ty,Tz,rpm1,rpm2,rpm3,rpm4,position_error_norm,speed_norm,tilt_deg,allocator_saturated
0.002,0.0,2.0,1.0,0.0,-1.2815632954311103e-21,-8.783820901258874e-08,1.0000002035448057,-6.407816477155551e-19,-4.391910450629437e-05,0.00010177240286078848,0.0,1.0,0.0,-5.820443639707244,0.0,-0.0,-0.00013969064735297454,2.038735453886236e-18,-7.951635231807172e-20,-0.0012190308652758539,1.7791323969618134e-17,-6.938893903907229e-19,69.02585674948193,-0.09827217215035948,0.0005289723223621601,0.007256127946936412,5416.4780362760675,5426.651679944365,5832.555491279496,5756.647863499936,2.00000008783822,0.00011084452952082676,0.00013969051894435403,0
0.022000000000000006,0.0,2.0,1.0,0.0,-1.0364381450753567e-19,-5.577598915350611e-06,1.0000132608139494,-9.143958023494653e-18,-0.0004537976480611161,0.0010978918879388966,8.49047661371555e-18,1.0005013854236398,-0.0020221978417695463,-5.824534270705032,4.908845775257811e-17,-5.007461372818049e-18,-0.008977933980741154,1.6649908811474987e-16,2.123678994641246e-18,-0.012884092844275448,2.5867502584375754e-16,5.4262150328554536e-18,69.01213044025882,-0.09063041698835936,0.00048948519439801,0.006691763218160476,5416.01662172597,5426.019982732711,5829.344599504717,5758.754083309143,2.0000055776428773,0.0011879810196244026,0.008977933989379523,0
0.04200000000000002,0.0,2.0,1.0,0.0,-4.414230602359049e-19,-1.8413951547172475e-05,1.0000458136465016,-1.9680923029495883e-17,-0.0007799408117819593,0.0020553283054989364,2.3823334804023207e-17,1.0009111662768362,-0.004006014174734255,-5.828074152487174,1.3776289090968858e-16,-1.4061645969741063e-17,-0.030597637169636236,7.276069395295383e-16,5.141349560842229e-18,-0.02362670702905593,5.882169751281196e-16,-1.6237011735142904e-18,68.99860664845434,-0.08335964947371026,0.00045477879735360494,0.006154588185686234,5415.559400341062,5425.4017130661605,5826.267569216217,5760.737739673428,2.0000184144762647,0.002198336214792503,0.030597637174590964,0
0.06200000000000004,0.0,2.0,1.0,0.0,-9.220848589835213e-19,-3.6468385272353954e-05,1.000097096313463,-2.5907009072784254e-17,-0.0009816185237754786,0.0029747710281358467,3.191423190541765e-17,1.0011790220544345,-0.005951335882165026,-5.830771820657105,1.8458486108996504e-16,-1.884960969119519e-17,-0.06397023376010587,1.598009136325796e-15,2.3412553961078047e-18,-0.03349175584456797,8.652106808781921e-16,2.8449465006019796e-19,68.98525025313047,-0.07644332370879055,0.0004240816567296124,0.0056434308970558155,5415.105152662494,5424.795041547979,5823.317661629088,5762.603296656713,2.000036470742153,0.003132544907268777,0.06397023375893031,0
0.08200000000000006,0.0,2.0,1.0,0.0,-1.4010902211306406e-18,-5.6835600352325315e-05,1.000166354567538,-2.361889031940224e-17,-0.0010215123294495354,0.0038567008435014677,2.75505449948839e-17,1.0012583551450671,-0.00785765516018895,-5.832356905182874,1.5937634981246243e-16,-1.6279798461226972e-17,-0.108117320510688,2.6416457154141305e-15,8.303747720983299e-19,-0.042522124262381236,9.98000293517265e-16,3.4694469519537713e-20,68.97203150024093,-0.06986569373104996,0.0003967248455751273,0.005157171302833424,5414.652862758001,5424.198394901646,5820.488582928491,5764.35514925588,2.000056842518616,0.003989690318243052,0.10811732051074507,0
0.10200000000000008,0.0,2.0,1.0,0.0,-1.8137028863617454e-18,-7.589987339087976e-05,1.000252841565517,-1.8456387477911703e-17,-0.0008655468560592886,0.004701399203130632,2.5876635420528288e-17,1.0011061209762173,-0.009724078883613404,-5.832579174451537,1.4972138857472102e-16,-1.529416107767481e-17,-0.16210842972564327,3.870376855213132e-15,-3.74645365118776e-18,-0.050758796219797744,1.1578446534876716e-15,-7.424616477180714e-19,68.9589258774962,-0.06361177266183066,0.0003721306661144269,0.004694739049354776,5414.201713662857,5423.610446625731,5817.774471199519,5765.997633599085,2.0000759158549983,0.004780410633745962,0.1621084297257083,0
0.1220000000000001,0.0,2.0,1.0,0.0,-2.0826279339144586e-18,-8.939813806762732e-05,1.0003558140226874,-8.180899172862615e-18,-0.0004827290417555007,0.005508961597500431,1.2616652762629496e-17,1.0006826658838965,-0.011549346875461133,-5.831207626798028,7.30135066281579e-17,-7.456622791165263e-18,-0.2250589089513195,5.2956149962857754e-15,-7.761426955711331e-20,-0.05824094612078681,1.302014052129152e-15,1.1837753000065734e-17,68.94591393966972,-0.057667294023694075,0.00034980246455670986,0.0042551113498345,5413.751080862832,5423.030106124279,5815.169881407515,5767.535034212067,2.0000894297875575,0.005530070995067665,0.22505890895131536,0
0.1420000000000001,0.0,2.0,1.0,0.0,-2.0694792700426824e-18,-9.247993154728693e-05,1.0004745286712071,7.152077611343933e-18,0.0001550053293808626,0.006279314113297255,-6.628570292883164e-18,0.9999515722282578,-0.013331857313193793,-5.8280296266238985,-3.8367442801188406e-17,3.916187033452382e-18,-0.2961279025653927,6.852542150296144e-15,2.6281013922281592e-18,-0.0650060256791484,1.4475018406123748e-15,5.8841820305133326e-18,68.93298109317541,-0.05201867510147512,0.00032931546952438633,0.0038373109325563525,5413.300524165654,5422.456506619418,5812.66976880799,5768.971588780083,2.0000925362233084,0.006281226980900352,0.2961279025651253,0
0.16200000000000012,0.0,2.0,1.0,0.0,-1.754901592445274e-18,-7.976434795070989e-05,1.000608239076866,2.5144356892475246e-17,0.0010729382117764298,0.007012232353759446,-2.6720010547377126e-17,0.9988795103117972,-0.015069697721808549,-5.822850082367567,-1.546908661717333e-16,1.57752563706747e-17,-0.3745164300776229,8.682443301609531e-15,-3.5586202542616626e-18,-0.07108984634932904,1.6785947631881011e-15,6.120104423246179e-18,68.92011734775129,-0.04665298222956499,0.00031030855506827967,0.003440404064643864,5412.849778268436,5421.88899211759,5810.269471122804,5770.311490785886,2.000079856832954,0.007093842329048535,0.3745164300775202,0
0.18200000000000013,0.0,2.0,1.0,0.0,-9.892871704829722e-19,-4.539413211810766e-05,1.0007561928535493,5.0015230500135046e-17,0.0022937093957746363,0.007707362014248216,-5.718450278800253e-17,0.9974360966911883,-0.016760680198432965,-5.815490663728364,-3.3112559221062395e-16,3.3724961417139654e-17,-0.4594655562330414,1.0746110153295275e-14,-1.043306163259319e-17,-0.07652665757622312,1.9029222642075184e-15,7.813194535799543e-18,68.90731704218798,-0.0415578978948205,0.0002924768387452232,0.003063498649727954,5412.398742293302,5421.327103668926,5807.964689780927,5771.558890361887,2.0000455370857764,0.008041425993624587,0.459465556233213,0
0.20200000000000015,0.0,2.0,1.0,0.0,4.107320134555374e-19,1.691296063731261e-05,1.0009176293016495,8.430165286242465e-17,0.003837450481064466,0.008364240504307287,-9.765642083895468e-17,0.9955937585067476,-0.01840237968708316,-5.805789055682582,-5.655916355486534e-16,5.750843979206195e-17,-0.5502546482651216,1.2976353876833224e-14,-1.6919641184660878e-17,-0.08134922108201284,2.0701704239733948e-15,1.3447576385772213e-17,68.89457855023619,-0.03672168955104964,0.000275565033826293,0.002705742397687608,5411.9474685318355,5420.7705651307515,5805.751470487443,5772.717893656594,1.9999832975520155,0.009202529294086301,0.5502546482649058,0
0.22200000000000017,0.0,2.0,1.0,0.0,2.529606670653287e-18,0.00011381542002960225,1.0010917774854984,1.2656153698793557e-16,0.00572191306050843,0.008982319095677717,-1.4633130368151937e-16,0.9933276034846463,-0.019992174278006973,-5.793598246961626,-8.476736966782232e-16,8.600786604542409e-17,-0.6461997158884284,1.5484229399735173e-14,-2.910251681290782e-17,-0.08558888139562605,2.2403676136484314e-15,1.1962653090336068e-17,68.88190397209979,-0.032133180047234144,0.000259361482469321,0.0023663210645351093,5411.496150610408,5420.219268620376,5803.626183352955,5773.792560981415,1.9998864825914269,0.010649992742185015,0.6461997158885722,0
0.2420000000000002,0.0,2.0,1.0,0.0,5.6620301177188945e-18,0.00025230173918890753,1.0012778547553491,1.830553234854425e-16,0.007962591422032428,0.009560985154175545,-2.1662618770480057e-16,0.9906152952960673,-0.021527286645390314,-5.7787858507905465,-1.2551432105774905e-15,1.2702329552277629e-16,-0.7466518298483479,1.8072470367424228e-14,-4.5476448694611044e-17,-0.089275632818659,2.2596646775951974e-15,1.4738210651898957e-17,68.86929881627046,-0.027781719577555465,0.00024369280370504915,0.0020444567604439,5411.045111262906,5419.673259819281,5801.585502787416,5774.786903973193,1.999748106540468,0.012442479627171972,0.746651829848425,0
0.2620000000000002,0.0,2.0,1.0,0.0,9.981574063409787e-18,0.0004396465694519381,1.0014750657113862,2.4283982105199887e-16,0.010572840051557782,0.010099584083026294,-2.897373664490694e-16,0.9874369339844076,-0.023004825861858764,-5.7612334558101255,-1.6791105126948314e-15,1.694100903265622e-16,-0.850995615060625,2.0747947658577387e-14,-6.430829244641236e-17,-0.09243818301059326,2.4362734052374438e-15,1.885991363081985e-17,68.85677167586925,-0.023657159066894255,0.00022841909642840096,0.0017394063238709572,5410.594789874204,5419.132723269879,5799.6263873366715,5775.704881980418,1.9995608975047876,0.01462144129030864,0.8509956150607236,0
0.2820000000000002,0.0,2.0,1.0,0.0,1.5618848187320695e-17,0.0006833691704744323,1.0016826016004738,3.1612365507354006e-16,0.013563986197327125,0.010597440667088814,-3.7750293195270244e-16,0.9837749411962982,-0.024421828939591377,-5.740836005227181,-2.188210650092764e-15,2.1998769679102627e-16,-0.9586478145763664,2.359572653471998e-14,-8.209197189111286e-17,-0.09510401336579133,2.500950835315763e-15,2.2440382885235976e-17,68.84433390313345,-0.019749824910794876,0.00021342964332384787,0.001450459759702274,5410.145729937084,5418.597967787487,5797.746059617067,5776.550397856264,1.9993173388583592,0.017213002941199672,0.9586478145761854,0
0.3020000000000002,0.0,2.0,1.0,0.0,2.2872101992926832e-17,0.0009911940595630601,1.0018996401307665,4.032973580171079e-16,0.01694543773536971,0.01105387956219047,-4.815960880510668e-16,0.9796139499746721,-0.0257753015473963,-5.7175012023562095,-2.7922050772560213e-15,2.7956053025874357e-16,-1.0690559207996313,2.6449973829158096e-14,-1.0396084635419415e-16,-0.09729943634505442,2.452128777807872e-15,2.152444888992022e-17,68.83199928520857,-0.016050494993928344,0.00019863906683361578,0.0011769387393465794,5409.698566546524,5418.069412093187,5795.941986482681,5777.32729331941,1.9990097085457184,0.020232056579070352,1.0690559207998007,0
0.32200000000000023,0.0,2.0,1.0,0.0,3.204366708367385e-17,0.001371013768710799,1.0021253456847279,5.074897341405359e-16,0.020724786557200593,0.011468244722261078,-6.094728574871424e-16,0.974940698892412,-0.027062257441884962,-5.6911489408305505,-3.5344005377374395e-15,3.522286475807026e-16,-1.1816968705655009,2.913927225239893e-14,-1.3441096862695907e-16,-0.09904964991543136,2.1973117769746864e-15,2.219058270469532e-17,68.81978372397809,-0.012550375915867931,0.00018398389297107906,0.0009181951607152903,5409.2540140386845,5417.54757075831,5794.211859541085,5778.039344023605,1.9986301162791953,0.023686228379613154,1.1816968705655682,0
0.34200000000000025,0.0,2.0,1.0,0.0,4.326349121972081e-17,0.0018308536220540228,1.0023588699074375,6.05586194505964e-16,0.02490790768405712,0.01183991759973593,-7.357366401053112e-16,0.9697439303233376,-0.02827975623002011,-5.661710757873074,-4.2675851042791386e-15,4.23081487599156e-16,-1.2960758008571927,3.175067652694901e-14,-1.6306332015442364e-16,-0.10037878924344841,2.359928225059704e-15,2.682576383250535e-17,68.80770492227698,-0.00924108135750765,0.00016941948301863775,0.000673609766052916,5408.812853866689,5417.033040537672,5792.553576116672,5778.690254458965,1.9981705387188577,0.02757875113137011,1.2960758008570967,0
0.36200000000000027,0.0,2.0,1.0,0.0,5.659441630780076e-17,0.002378838450387357,1.0025993526441943,7.175556958913479e-16,0.029499054296932652,0.012168333992374871,-8.756352458541163e-16,0.9640142926635813,-0.02942493915075461,-5.629129309124767,-5.080222258238833e-15,5.007279057091198e-16,-1.4117248621020695,3.4470686609149436e-14,-1.9881918658565318e-16,-0.10130997577895277,2.3922600012049593e-15,2.2495894036467234e-17,68.79578207848887,-0.006114611525726549,0.0001549172969886435,0.0004425908156196552,5408.375922791924,5416.526487156598,5790.965220745612,5779.28365279186,1.9976228527189492,0.03191022652008861,1.4117248621020195,0
0.3820000000000003,0.0,2.0,1.0,0.0,7.217378977459978e-17,0.0030231611630073475,1.0028459231992688,8.330666967767416e-16,0.03450094885824652,0.012452999442731174,-1.0193178609964242e-15,0.9577442463308536,-0.030495062626072572,-5.593357863634457,-5.915206520237815e-15,5.792987525335611e-16,-1.5282020861388481,3.737826462539152e-14,-2.451171024890291e-16,-0.10186536385929884,2.5909309420146793e-15,2.876865412559937e-17,68.78403559121509,-0.003163333617928263,0.00014046245619006085,0.00022457281527373584,5407.944101457358,5416.028632605896,5789.44504727286,5779.823085735699,1.9969788667209887,0.03667959469841515,1.5282020861388879,0
0.4020000000000003,0.0,2.0,1.0,0.0,9.016763326503171e-17,0.0037720531005391873,1.0030977018860927,9.55183390179542e-16,0.03991487048905951,0.01269350312546938,-1.175230698652687e-15,0.9509279733818914,-0.03148752938722286,-5.55435981771401,-6.8215831424357675e-15,6.633763828994755e-16,-1.6450903060925393,4.0525283044246333e-14,-2.986996105838061e-16,-0.1020661849566298,2.8912046368123607e-15,3.1877278594549803e-17,68.77248677542495,-0.0003799632518733974,0.00012605157538877684,1.90152960537053e-05,5407.518303398593,5415.540242989227,5787.991461609562,5780.312013531939,1.9962303503702703,0.04188462615035134,1.6450903060924804,0
0.4220000000000003,0.0,2.0,1.0,0.0,1.1078117473546766e-16,0.00463375609556053,1.0033538018381751,1.094649485960828e-15,0.045740738755173295,0.01288953018298737,-1.3503004313547946e-15,0.943561290599629,-0.032399917031053285,-5.512108226460832,-7.839620323004506e-15,7.565417082940338e-16,-1.761996125530146,4.3927922463920443e-14,-3.679718995779764e-16,-0.10193278968447812,3.021402572578324e-15,2.4716340085717552e-17,68.76115759124498,0.002242453190209273,0.00011169083788352378,-0.00017459835608151956,5407.099464538555,5415.062116958568,5786.603005198329,5780.753805108822,1.9953690624293243,0.047522154519835845,1.7619961255300831,0
0.44200000000000034,0.0,2.0,1.0,0.0,1.343713401140553e-16,0.005616496170798467,1.00361333104948,1.2504858702568603e-15,0.051977194006106196,0.013040872491726163,-1.5467523262066151e-15,0.9356415659114967,-0.033230003904642876,-5.4665853518427445,-8.982321475126441e-15,8.59612462384228e-16,-1.8785489343994544,4.7386705905045577e-14,-4.528255842810028e-16,-0.10148468767381205,3.0236368964153823e-15,2.04419814409107e-17,68.75007038632161,0.004710555350910152,9.739428939155672e-05,-0.00035676202213650633,5406.688533203031,5414.595074765786,5785.278339224136,5781.1517334749915,1.9943867770588823,0.05358818015284585,1.8785489343994388,0
0.46200000000000035,0.0,2.0,1.0,0.0,1.6118914663853285e-16,0.0067284588074631385,1.0038753946128647,1.4168042921833353e-15,0.05862167440268901,0.013147437860486541,-1.7589608592786452e-15,0.9271676380088737,-0.033975792254535744,-5.417782226329904,-1.021709913565073e-14,9.689996128895056e-16,-1.9943999693758283,5.087899957681305e-14,-5.450708749902285e-16,-0.10074058542295793,3.0646873927508974e-15,2.6437185773886544e-17,68.73924765249049,0.007030684864868415,8.318232896098105e-05,-0.0005279479253054806,5406.286460686538,5414.139947951307,5784.016229599909,5781.508971395515,1.9932753085340411,0.06007791467810979,1.99439996937589,0
0.4820000000000004,0.0,2.0,1.0,0.0,1.914463397677268e-16,0.00797776571891479,1.0041390971253918,1.5917252957187495e-15,0.06567048976174844,0.013209257678328453,-1.983846136824474e-15,0.9181397390452398,-0.03463552861024555,-5.365698231143549,-1.1526122997106198e-14,1.0825776974085451e-15,-2.1092214163581677,5.4448110291430737e-14,-6.389328921730537e-16,-0.09971842222050259,3.20017623511859e-15,3.171074514085604e-17,68.72871179730664,0.009208900545568707,6.908037722947573e-05,-0.0006886076611959437,5405.894192390938,5413.6975696847485,5782.815532748154,5781.8285873895575,1.992026534460628,0.06698580233124318,2.10922141635823,0
0.5020000000000003,0.0,2.0,1.0,0.0,2.2539208731671336e-16,0.009372453067358502,1.0044035452298252,1.7854798501464063e-15,0.0731188923399259,0.013226493043472353,-2.229281235025374e-15,0.9085594202971158,-0.03520772140081031,-5.310340688272465,-1.2955195116870775e-14,1.20417541669816e-15,-2.222705552965639,5.808575665515153e-14,-7.437005396289941e-16,-0.09843540423530421,3.156700595363659e-15,2.5104918144336364e-17,68.71848493082975,0.011250992830600498,5.5117704250640356e-05,-0.0008391731846408776,5405.512659553134,5413.268765766841,5781.6751821930775,5782.1135420812425,1.9906324175541945,0.07430553502429477,2.2227055529655897,0
0.5220000000000004,0.0,2.0,1.0,0.0,2.633171656856077e-16,0.01092045106363821,1.0046678502623907,1.989205084741969e-15,0.08096114467300503,0.013199439416317285,-2.493367703867583e-15,0.8984294806775808,-0.03569115582844934,-5.251724465484852,-1.449335881013224e-14,1.3321924891728344e-15,-2.3345639289916176,6.172549333832501e-14,-8.501654625426788e-16,-0.09690803686309139,3.1818402079775145e-15,3.393119119010636e-17,68.7085886679172,0.013162497521743132,4.132640082929618e-05,-0.0009800577546281411,5405.142771572527,5412.854346297112,5780.594175971515,5782.366684928574,1.98908502604161,0.08203006855823224,2.3345639289916207,0
0.5420000000000004,0.0,2.0,1.0,0.0,3.05408532010203e-16,0.012629564892472776,1.00493113097785,2.2024504991134036e-15,0.08919058458209232,0.013128529849450178,-2.7654781953702286e-15,0.8877538979971196,-0.03608490604516927,-5.189871593635632,-1.6078892313351133e-14,1.4604280055064038e-15,-2.4445265828711364,6.546603382610904e-14,-9.647486339948636e-16,-0.09515215541478271,3.2902743030138728e-15,3.420874694626265e-17,68.69904394615045,0.014948708853886748,2.77404788638666e-05,-0.0011116568388141888,5404.785408944107,5412.455098007416,5779.571564865562,5782.590751349113,1.9873765527428873,0.09015164265892923,2.444526582871101,0
0.5620000000000004,0.0,2.0,1.0,0.0,3.519972387429149e-16,0.014507456907653708,1.0051925163240845,2.432380630197182e-15,0.09779968745351725,0.013014336855563705,-3.0649510068606997e-15,0.8765377628709008,-0.036388344696837806,-5.124810895637412,-1.78242772231554e-14,1.5985546216682334e-15,-2.5523412923130167,6.918470855810181e-14,-1.0876364764626575e-15,-0.09318295422758581,3.2902396085443533e-15,3.4930391912269005e-17,68.68987085940991,0.01661469192461598,1.4395087600439422e-05,-0.0012343489790302216,5404.441416798648,5412.071777257633,5778.606441454937,5782.7883602558395,1.9854993328886033,0.09866180532402467,2.552341292313072,0
0.5820000000000004,0.0,2.0,1.0,0.0,4.033627876553339e-16,0.016561630043816583,1.005451148239683,2.6815023414321354e-15,0.10678012589530655,0.012857572980703154,-3.3860700386711687e-15,0.8647872151753939,-0.036601149915112444,-5.056577626526993,-1.969635815925567e-14,1.7428081042136035e-15,-2.65777285733838,7.284130091215323e-14,-1.2183852837412574e-15,-0.09101501427613368,3.1088014107449877e-15,2.4549806632023788e-17,68.68108850701334,0.018165294514274573,1.3258339730828987e-06,-0.0013484966191319515,5404.11159904757,5411.705103686374,5777.697929982944,5782.962012011689,1.9834458607261185,0.10755144103716893,2.6577728573384465,0
0.6020000000000004,0.0,2.0,1.0,0.0,4.598814424707983e-16,0.018799412393414903,1.0057061844494222,2.946911617718035e-15,0.11612282686946687,0.012659090155398886,-3.730297211994882e-15,0.8525093829606153,-0.03672330985091618,-4.985213124118747,-2.17037065425744e-14,1.8931842471233802e-15,-2.760602414053467,7.623227202467632e-14,-1.3605036758463139e-15,-0.08866232935733721,2.8119936934523084e-15,9.284240043427886e-18,68.67271485824715,0.0196051583244673,-1.1431803641122568e-05,-0.0014544468964901676,5403.796713126743,5411.3557545066105,5776.845177026022,5783.1140868070515,1.981208804965708,0.11681080208490435,2.760602414053486,0
0.6220000000000004,0.0,2.0,1.0,0.0,5.217937999051126e-16,0.021227942899473082,1.0059568012340454,3.217793288239801e-15,0.12581802639601003,0.012419877900162952,-4.083687478988402e-15,0.8397123237273093,-0.036755124854229305,-4.910764469791257,-2.3765233988197577e-14,2.0418970476123437e-15,-2.860626777566991,7.934241036059934e-14,-1.5078261421356804e-15,-0.0861383309192903,2.6697775934447775e-15,5.398459457239838e-18,68.66476663204317,0.0209387296612507,-2.3842977889108725e-05,-0.0015525323983683454,5403.4974653303125,5411.024359433542,5776.047342953668,5783.246843460721,1.9787810231156941,0.12642954216970823,2.86062677756697,0
0.6420000000000005,0.0,2.0,1.0,0.0,5.892489650500195e-16,0.023854158116580055,1.006202196152284,3.501417006692048e-15,0.13585532192161762,0.012141060464675436,-4.457310764750196e-15,0.8264049679810971,-0.03669720741395109,-4.833284159004425,-2.594538121424705e-14,2.1938736972195793e-15,-2.9576578125408792,8.227421035000544e-14,-1.654146713603831e-15,-0.08345591160141053,2.463113046857757e-15,3.733124920302103e-18,68.65725919148703,0.02217026958769412,-3.587389982550702e-05,-0.0016430718843854003,5403.214506723157,5410.711496229627,5775.30359416256,5783.362418641365,1.9761555747537292,0.1363967515875406,2.9576578125409148,0
0.6620000000000005,0.0,2.0,1.0,0.0,6.624276143808759e-16,0.026684779994411618,1.006441590694695,3.788622334986227e-15,0.14622372244301232,0.011823892981881877,-4.838178346040091e-15,0.8125970649781296,-0.036550479978787895,-4.752829781190974,-2.8168567696308813e-14,2.3420283071773226e-15,-3.0515218299383027,8.50593088784127e-14,-1.7979338577891717e-15,-0.08062744755003845,2.4265554843250216e-15,-2.928213227448836e-18,68.65020645278703,0.023303863569057472,-4.749219906324523e-05,-0.0017263709762170188,5402.948429618232,5410.417686849844,5774.613096066244,5783.462826503712,1.9733257337794947,0.14670099335157244,3.0515218299383506,0
0.6820000000000005,0.0,2.0,1.0,0.0,7.414866063382763e-16,0.029726304639841276,1.0066742328505116,4.088318642863748e-15,0.15691169647243605,0.011469756719282005,-5.236559387724924e-15,0.7982991305791076,-0.03631617078565444,-4.669463708708729,-3.049458057083104e-14,2.4907494024211583e-15,-3.142059008604781,8.775028784704032e-14,-1.94776915738376e-15,-0.07766481957092596,2.3037474705667197e-15,-5.204170427930407e-18,68.64362080828151,0.02434343063252106,-5.8667223771331664e-05,-0.0018027228156475624,5402.699764602936,5410.143394168386,5773.975006819473,5783.549958730962,1.9702849996922571,0.1573303397601919,3.1420590086048215,0
0.7020000000000005,0.0,2.0,1.0,0.0,8.266598612749056e-16,0.032984992015419254,1.0068993995703608,4.398753984355588e-15,0.16790721793009078,0.011080153510017466,-5.651474961673571e-15,0.7835223971307392,-0.03599580782617327,-4.5832527945787085,-3.2917736350690284e-14,2.6388144701495364e-15,-3.229122840386804,9.02669968716334e-14,-2.0951339458879476e-15,-0.07457943317740465,2.131083504108845e-15,-8.035239140724558e-18,68.63751306302126,0.02529273206220284,-6.937028691378197e-05,-0.0018724086920456722,5402.468978097081,5409.889019266658,5773.388471754483,5783.625584972753,1.96702710793497,0.16827240901237656,3.2291228403868115,0
0.7220000000000005,0.0,2.0,1.0,0.0,9.18110718514191e-16,0.036466856533669385,1.0071163991093517,4.7141801325297045e-15,0.17919781004594296,0.010656699446049593,-6.074953745077595e-15,0.7682787652958188,-0.035591211084653324,-4.494268078768697,-3.5391603400838833e-14,2.781817084780744e-15,-3.3125795975582317,9.262303966892146e-14,-2.2384663019835447e-15,-0.07138223759052902,2.0503945763472598e-15,-3.9829251008427364e-18,68.6318923844263,0.026155379649113804,-7.957486449619787e-05,-0.0019356986403017806,5402.256470423398,5409.654899261048,5772.8526185048195,5783.691353665918,1.9635460393449025,0.17951440156250775,3.3125795975581993,0
0.7420000000000005,0.0,2.0,1.0,0.0,1.0159804976580596e-15,0.04017765850827507,1.007324573236673,5.039328922205587e-15,0.19077058735090005,0.010201117914847216,-6.512139200497149e-15,0.752580757755178,-0.035104483182551695,-4.402584502812975,-3.794612572849952e-14,2.92151706435071e-15,-3.3923078213877385,9.484974765617048e-14,-2.3753537243250466e-15,-0.06808374374512047,1.9177749666088324e-15,-6.20337115009305e-18,68.62676626448618,0.02693484351470741,-8.925675102587293e-05,-0.0019928520102328743,5402.062574370314,5409.441305647991,5772.36655279094,5783.748793223699,1.9598360287491416,0.19104313597960018,3.3923078213877624,0
0.7620000000000006,0.0,2.0,1.0,0.0,1.1203481806460026e-15,0.04412289642479998,1.00752329929945,5.363786944613685e-15,0.20261229583501142,0.00971523205965173,-6.951781417916028e-15,0.7364414747067979,-0.03453799856505388,-4.3082806325861345,-4.05157228205443e-14,3.0522811769299136e-15,-3.468197830740898,9.706344642713019e-14,-2.5145168756490348e-15,-0.06469404135338522,2.0118906540744783e-15,-1.8735013540549402e-18,68.62214049394828,0.027634459525785048,-9.839417688465419e-05,-0.0020441180084304574,5401.887554225701,5409.248443142912,5771.9293548407395,5783.79931357749,1.9558915727417159,0.2028450841344376,3.4681978307408854,0
0.7820000000000006,0.0,2.0,1.0,0.0,1.2313044887727573e-15,0.04830779999511596,1.0077119921302047,5.699947175743281e-15,0.21470935134801358,0.009200956741618197,-7.409931578243214e-15,0.7198745510894112,-0.03389439136511625,-4.211438389072977,-4.319390225833466e-14,3.1806316587408986e-15,-3.540151249668431,9.936109686366876e-14,-2.6610972412910094e-15,-0.061222815075634394,1.996208753851648e-15,-1.0144662887512357e-17,68.61801914791728,0.028257436317703485,-0.00010696789185408412,-0.002089736213500378,5401.7316052593205,5409.07644898895,5771.540076417116,5783.84420805406,1.9517074366775673,0.2149064055844913,3.540151249668416,0
0.8020000000000006,0.0,2.0,1.0,0.0,1.3490897948211852e-15,0.05273732396119226,1.007890105788788,6.042654152336062e-15,0.2270478763152109,0.008660290080014522,-7.879562025529773e-15,0.7028941154599683,-0.03317654207923849,-4.112142786997019,-4.593968003535034e-14,3.302783455376908e-15,-3.608080552987464,1.0160800313956014e-13,-2.81727175525977e-15,-0.057679359845579245,2.0139653833517464e-15,-1.6639467581569528e-17,68.61440458227412,0.02880686194209273,-0.00011496121862409211,-0.002129937065618609,5401.594853631068,5408.925392710796,5771.197738423987,5783.884655570106,1.9472786609171213,0.22721298106296062,3.608080552987482,0
0.8220000000000006,0.0,2.0,1.0,0.0,1.4737357665977914e-15,0.057416142615333496,1.0080571351311711,6.38792134109831e-15,0.23961373483935133,0.008095304644241642,-8.352236134607677e-15,0.6855147504564243,-0.03238756318746186,-4.010481681187746,-4.870382066340302e-14,3.4146564597554504e-15,-3.6719086289159577,1.0399956766182466e-13,-2.991911168311642e-15,-0.05407259539571538,2.1777961378699485e-15,-1.7860712908657202e-17,68.61129744030951,0.02928571015462633,-0.0001223600797409516,-0.0021649423313044864,5401.47735670153,5408.795276288588,5770.901329061558,5783.921723125157,1.9426005663537762,0.23975044500677375,3.6719086289159124,0
0.8420000000000006,0.0,2.0,1.0,0.0,1.6054799015864429e-15,0.0623486450053419,1.0082126171989119,6.751396122313344e-15,0.2523925662568143,0.007508138368775687,-8.853162050088974e-15,0.667751454779415,-0.031530783847702526,-3.906545520581406,-5.163327357988225e-14,3.52592954846532e-15,-3.731568357871282,1.0641790578969779e-13,-3.163438900381048e-15,-0.05041108002642031,2.0677036471905565e-15,-1.3641865415081606e-17,68.60869666895961,0.029696846357782008,-0.00012915300111874815,-0.0021949655442925963,5401.3791037209485,5408.6860347264765,5770.64980250121,5783.956368573221,1.9376687592552786,0.25250421708055704,3.7315683578713057,0
0.8620000000000007,0.0,2.0,1.0,0.0,1.7445355936558813e-15,0.06753893079441932,1.0083561324245134,7.117556518146153e-15,0.26536981721406894,0.006900985259264437,-9.360790550974335e-15,0.6496196066285452,-0.030609733791638546,-3.800427109762041,-5.46023368367407e-14,3.627092038595515e-15,-3.7870022065929025,1.0878590275953714e-13,-3.3324618200781376e-15,-0.04670302366057412,2.1085112822394355e-15,-1.4974133044631792e-17,68.6065995440251,0.03004303321298085,-0.00013533109493842204,-0.0022202124233655345,5401.300016872414,5408.597536990343,5770.442078050114,5783.989443652966,1.9324791354486266,0.26545953267075745,3.7870022065929154,0
0.8820000000000007,0.0,2.0,1.0,0.0,1.8910148366766653e-15,0.07299080674691787,1.0084873056492183,7.496904193291044e-15,0.2785307723279854,0.006276085954973944,-9.888553791201218e-15,0.6311349285312147,-0.029628126545981008,-3.692221377958869,-5.768930433207987e-14,3.722735233152676e-15,-3.8381618367957078,1.111835743517659e-13,-3.516121553195069e-15,-0.04295630022376304,2.0116304455530824e-15,-2.8851920852446246e-17,68.60500170375384,0.03032693593599586,-0.00014088802448198722,-0.0022408812679927583,5401.239952644936,5408.5295872890765,5770.277039775448,5784.021697255982,1.9270278838768986,0.27860147233734833,3.8381618367956656,0
0.9020000000000007,0.0,2.0,1.0,0.0,2.0452529768178113e-15,0.07870778381229333,1.0086058069510573,7.888712551209283e-15,0.2918605834911892,0.005635718209621783,-1.0432447746468867e-14,0.6123134535041483,-0.028589842099239135,-3.582025155423204,-6.087077427296943e-14,3.8104929055088835e-15,-3.885007727605664,1.1333529566723664e-13,-3.7015875141848e-15,-0.039178459388434665,1.7862031298498967e-15,-4.306277556764826e-17,68.6038971901662,0.030551127289067597,-0.00014581995321284245,-0.0022571633326047254,5401.198703512013,5408.481926673858,5770.1535365581385,5784.053778912269,1.921311489555181,0.2919149902207074,3.8850077276056245,0
0.9220000000000007,0.0,2.0,1.0,0.0,2.2073404619124158e-15,0.0846930747808127,1.008711352282166,8.281455631578364e-15,0.3053442978812403,0.004982187349370226,-1.098686898488645e-14,0.5931714924900877,-0.027498909129976986,-3.469936957113057,-6.411399242452838e-14,3.887614447745834e-15,-3.9275088110721095,1.1533239119264085e-13,-3.89752108228211e-15,-0.03537673771873429,1.7322358825122584e-15,-5.494216193113744e-17,68.60327849750644,0.03071809228274849,-0.00015012548018673795,-0.0022692431803167526,5401.175999891334,5408.454234930042,5770.0703825460805,5784.08624247217,1.9153267359516395,0.3053849414089893,3.9275088110721366,0
0.9420000000000007,0.0,2.0,1.0,0.0,2.3773831379496636e-15,0.09094959248571631,1.0088037039155315,8.683518010700551e-15,0.3189668847300016,0.004317816763420421,-1.1552934393875608e-14,0.5737256030144204,-0.026359486908211036,-3.356056773616494,-6.742540455497613e-14,3.9539147861198625e-15,-3.965642120092319,1.1722631880434668e-13,-4.09557415376582e-15,-0.03155806925116367,1.606378224883189e-15,-6.293576770843858e-17,68.60313662720748,0.030830232600116466,-0.00015380556368351867,-0.0022772990169032713,5401.171512361421,5408.446132736426,5770.026357976998,5784.119549963774,1.9090707068186565,0.3189961082771459,3.965642120092294,0
0.9620000000000007,0.0,2.0,1.0,0.0,2.555546274818405e-15,0.09747994852763585,1.0088826707024023,9.090418395202455e-15,0.33271326090713393,0.003644938479269925,-1.2129071351387702e-14,0.5539925590088853,-0.02517584697702445,-3.24048586924622,-7.079575772287898e-14,4.008280820841715e-15,-3.9993924481230487,1.189607485158693e-13,-4.2818017867454415e-15,-0.027729095544659216,1.518795506028072e-15,-5.560829574591254e-17,68.6034611487637,0.030889870755643773,-0.00015686343477044329,-0.0022815030058096234,5401.184854111243,5408.457184067014,5770.020210341337,5784.154075605053,1.9025407874979223,0.33273322581307724,3.9993924481230145,0
0.9820000000000008,0.0,2.0,1.0,0.0,2.741898962944845e-15,0.1042864524981213,1.0089481081425893,9.503811254360085e-15,0.3465683153692286,0.0029658838712918415,-1.2717666731267671e-14,0.5339893217518745,-0.023952354716639396,-3.1233265872374787,-7.423890539130711e-14,4.050949287643468e-15,-4.028752020091528,1.2061503841002495e-13,-4.468636740934409e-15,-0.023896175232185547,1.4126998182373304e-15,-6.65995036897016e-17,68.60424026591615,0.03089925400067867,-0.0001593045023464794,-0.0022820215649761227,5401.215583599131,5408.486898810787,5770.050655856033,5784.190109950104,1.8957346657223657,0.34658100594955155,4.0287520200915194,0
1.0020000000000007,0.0,2.0,1.0,0.0,2.936513824045983e-15,0.11137111168013332,1.0089999182708305,9.917924914144967e-15,0.36051693252367256,0.00228297454788736,-1.3310169281552415e-14,0.5137330118772493,-0.02269345088831274,-3.00468216197977,-7.770484706357577e-14,4.078705915577455e-15,-4.053720173954061,1.2225496301812434e-13,-4.663375792934498e-15,-0.020065393104478288,1.4430678874077806e-15,-6.693257059708914e-17,68.605460887564,0.030860557987187384,-0.00016113625107273794,-0.002279015646236574,5401.263207397738,5408.534735585359,5770.116381220399,5784.227864149197,1.8886503319368615,0.3605241609227661,4.053720173954061,0
1.0220000000000007,0.0,2.0,1.0,0.0,3.1395692088559695e-15,0.11873563120431387,1.009038049363261,1.0345601006784773e-14,0.3745440145539282,0.0015985134590639678,-1.3923389923872874e-14,0.4932408824060032,-0.021403633250341017,-2.884656538210137,-8.129163981529872e-14,4.096231844938467e-15,-4.074303052384676,1.2377574690347126e-13,-4.8494850588837105e-15,-0.01624256875514709,1.250125003515736e-15,-6.793177131925178e-17,68.60710870282936,0.030775890201110535,-0.00016236813346173673,-0.002272640998041081,5401.3271832022265,5408.6001047209875,5770.216045625901,5784.26747430262,1.8812860791587558,0.3745474256799157,4.074303052384696,0
1.0420000000000007,0.0,2.0,1.0,0.0,3.3512264312906223e-15,0.1263814146407538,1.0090624954688168,1.0774361988672765e-14,0.3886345027505286,0.0009147762629222238,-1.454320937474861e-14,0.472530292757512,-0.0200874383333223,-2.763354197091919,-8.49167712889031e-14,4.0986828579331955e-15,-4.090513304108861,1.2508624222358583e-13,-5.022739460189546e-15,-0.012433264814955805,1.1622820761392225e-15,-6.415701303552625e-17,68.60916825971564,0.030647293176405667,-0.00016301145728259077,-0.002263048412240921,5401.406922979361,5408.682371391934,5770.348282992257,5784.309005888819,1.8736405023983937,0.38863557935907234,4.09051330410889,0
1.0620000000000007,0.0,2.0,1.0,0.0,3.571478882957056e-15,0.13430956500683736,1.0090732957711521,1.1207084212604394e-14,0.40277339788972716,0.00023400298620288772,-1.5170812671509107e-14,0.45161868369951397,-0.01874942345665467,-2.6408799890983867,-8.858706994312168e-14,4.0860537280451746e-15,-4.102369794428396,1.2634319652666497e-13,-5.188043068043856e-15,-0.008642794801749749,1.0883204060174754e-15,-6.793177131925178e-17,68.61162304681487,0.030476747500576634,-0.00016307926932757397,-0.0022503839556607436,5401.50179623584,5408.780858872801,5770.51170440292,5784.352458247733,1.8657124976590385,0.402773465865161,4.102369794428385,0
1.0820000000000007,0.0,2.0,1.0,0.0,3.80049158188542e-15,0.14252088617255645,1.0090705337872994,1.1648072460103545e-14,0.4169457796994225,-0.0004416099892350124,-1.581283603953343e-14,0.43052355319834273,-0.01739414906299541,-2.517338973615334,-9.234119943600406e-14,4.059701972379631e-15,-4.109897324512847,1.2742115143102058e-13,-5.338234415965741e-15,-0.004876230611169254,8.989024802286159e-16,-6.65995036897016e-17,68.61445557753515,0.030266174622223793,-0.00016258623649292314,-0.002234789187170737,5401.611133384715,5408.894851898126,5770.704900713744,5784.397769100841,1.8575012605348,0.41694601356595545,4.109897324512843,0
1.1020000000000008,0.0,2.0,1.0,0.0,4.038323257519808e-15,0.151015884645454,1.0090543364099187,1.2093608390507546e-14,0.43113682544969384,-0.0011099175853531828,-1.6464315010868657e-14,0.4092624331332969,-0.016026161442204815,-2.3928362651710873,-9.615008446443895e-14,4.017839761728713e-15,-4.113126359061202,1.2834645825036832e-13,-5.476522129771119e-15,-0.0011384096720087633,6.808893726617547e-16,-5.838385330747543e-17,68.61764747633735,0.03001743947088891,-0.00016154852503583107,-0.002216401360958474,5401.734229189542,5409.023600104284,5770.926445309462,5784.444819090041,1.8490062844244899,0.43113825413188056,4.113126359061223,0
1.1220000000000008,0.0,2.0,1.0,0.0,4.2851061672911e-15,0.1597947717180792,1.009024872800504,1.2538537330909647e-14,0.4453318277030628,-0.001768833306788604,-1.7123374707209553e-14,0.38785286684133646,-0.01464997591102792,-2.2674768861962176,-1.0000268810592361e-13,3.9596675134975446e-15,-4.112092761963777,1.2900997534142232e-13,-5.586042510127916e-15,0.0025660582111831864,5.567352134860946e-16,-5.1944559764649516e-17,68.62117956648738,0.029732352899207334,-0.00015998367878937845,-0.0021953536166866754,5401.870346266532,5409.166321533437,5771.174896983414,5784.493436318032,1.8402273583786275,0.44533534054307616,4.112092761963737,0
1.1420000000000008,0.0,2.0,1.0,0.0,4.540744556418893e-15,0.16885746596151452,1.008982353141412,1.2982108447323128e-14,0.45951621125741854,-0.0024163361171950547,-1.7784327420950998e-14,0.36631238746057837,-0.013270060509625875,-2.1413656262090988,-1.0386570534197191e-13,3.883672892291027e-15,-4.106837539619546,1.2963946631212043e-13,-5.6886936658126804e-15,0.006232784306887878,5.323762264364282e-16,-4.6504466943986244e-17,68.62503195885006,0.029412673957121806,-0.00015791049704516312,-0.002171775157209245,5402.018718625808,5409.322206180121,5771.448802916883,5784.5434008737275,1.8311645645962142,0.45952256428667765,4.106837539619532,0
1.1620000000000008,0.0,2.0,1.0,0.0,4.8052694825582856e-15,0.17820359604917055,1.0089270272549706,1.342868606108976e-14,0.47367554931244504,-0.0030504768936308216,-1.844884721629191e-14,0.34465849704326723,-0.011890820270862159,-2.014606907316972,-1.0774882653227014e-13,3.790175015360929e-15,-4.09740659158782,1.3025580342096074e-13,-5.782705135267908e-15,0.0098575946766021,4.849905199666459e-16,-3.962108419131027e-17,68.62918414127003,0.02906011200765215,-0.00015534891274520012,-0.002145791414503516,5402.178555233623,5409.490419561843,5771.746701735273,5784.594449326799,1.821818275587273,0.4736853717666666,4.097406591587786,0
1.1820000000000008,0.0,2.0,1.0,0.0,5.078803942327421e-15,0.18783250389563902,1.0088591830983014,1.3880586956097003e-14,0.48779557888834946,-0.0036693844424538365,-1.9126841055257028e-14,0.32290864641105754,-0.010516582113192221,-1.88730465591599,-1.117098308974439e-13,3.681017534052877e-15,-4.083850468275624,1.3073038054060385e-13,-5.857334537033141e-15,0.013436524147004445,3.4413097371732913e-16,-3.3181790648484354e-17,68.63361506810575,0.028676328693449667,-0.00015231987156422212,-0.002117524204461426,5402.3490435782305,5409.670106296001,5772.0671266194595,5784.646279176292,1.8121891510166146,0.48780937994795315,4.083850468275642,0
1.2020000000000008,0.0,2.0,1.0,0.0,5.361474826143153e-15,0.1977432480959481,1.008779145142777,1.433778320658956e-14,0.5018622155237351,-0.004271271062988784,-1.9817662991415817e-14,0.3010802157275183,-0.009151580402976929,-1.7595621804674726,-1.1574486836379466e-13,3.555660535127159e-15,-4.066224135383169,1.3091243598397298e-13,-5.911735383649628e-15,0.01696581051640647,9.123951594247825e-17,-3.406996906818448e-17,68.63830324950334,0.02826293976310092,-0.00014884521240692074,-0.0020870918711668267,5402.529353222949,5409.860393666157,5772.408608451481,5784.698553239045,1.8022781342437635,0.5018803912556112,4.066224135383146,0
1.2220000000000009,0.0,2.0,1.0,0.0,5.653201805833828e-15,0.20793460765108057,1.0086872726472849,1.4793391904238614e-14,0.5158615672775847,-0.004854437647937864,-2.050759085448545e-14,0.27919049576477495,-0.007799943227093096,-1.6314820552217209,-1.1977371953402548e-13,3.4114468122072526e-15,-4.044586744849629,1.3095400316306147e-13,-5.954353092122875e-15,0.020441888978687275,-1.0485709522889201e-16,-2.985112157460888e-17,68.64322684001885,0.02782151676587263,-0.00014494754979210025,-0.002054609421269711,5402.718639330857,5410.060395161803,5772.769678974907,5784.7509039644065,1.7920864485734873,0.5158844077494141,4.044586744849633,0
1.2420000000000009,0.0,2.0,1.0,0.0,5.954079188255779e-15,0.21840508596609534,1.0085839578346607,1.5245790193830744e-14,0.529779948058531,-0.00541727831211376,-2.1202962722362733e-14,0.2572566698431208,-0.00646567941190113,-1.503166009755119,-1.238333311561212e-13,3.2495372941065054e-15,-4.019001412060008,1.3070846226970477e-13,-5.974999772135076e-15,0.023861386748968774,-2.2024396195696524e-16,-3.262667913617178e-17,68.64836372621892,0.0273535886233164,-0.00014065015854791452,-0.002020188649051244,5402.916046146419,5410.269213976509,5773.148873951179,5784.802937662621,1.7816155932309259,0.5298076445930265,4.019001412060005,0
1.262000000000001,0.0,2.0,1.0,0.0,6.2639605781693315e-15,0.22915291510763638,1.0084696239807904,1.5698664275064993e-14,0.5436038903028885,-0.005958284543570702,-2.1898228684711024e-14,0.23529579642425724,-0.005152666319876311,-1.3747148241810723,-1.2789122445150494e-13,3.069121475213786e-15,-3.989534999091365,1.3038592350649166e-13,-5.988515550909588e-15,0.027221117876314455,-3.735102505064681e-16,-2.7630675525358573e-17,68.65369161291233,0.026860643085870852,-0.00013597686119949114,-0.0019839382527560632,5403.120710420233,5410.485946450332,5773.544736294386,5784.85423863506,1.7708673390748833,0.543636542836422,3.989534999091356,0
1.282000000000001,0.0,2.0,1.0,0.0,6.582916230451996e-15,0.24017606030802574,1.0083447234259817,1.6150735886010277e-14,0.5573201570213157,-0.006476048873604742,-2.2602817685229123e-14,0.21332479234055457,-0.003864638450620154,-1.2462282298905583,-1.320024072030595e-13,2.8716089536619226e-15,-3.956257903792716,1.2983925377222387e-13,-5.9831462583665776e-15,0.030518078229725746,-5.435756011973304e-16,-3.184952301893417e-17,68.65918810768709,0.026344128082313407,-0.00013095191838589584,-0.0019459639427499042,5403.3317647640715,5410.709685443333,5773.955819167876,5784.9043731953325,1.759843724062463,0.5573577815293128,3.956257903792674,0
1.302000000000001,0.0,2.0,1.0,0.0,6.9108878213734875e-15,0.2514722247035177,1.008209735518238,1.660178109372318e-14,0.5709157532324657,-0.0069692680643750355,-2.330684162442275e-14,0.19136041664435988,-0.002605176868451669,-1.117804815673887,-1.36109076818136e-13,2.655739890023221e-15,-3.919243854508271,1.2910332939146754e-13,-5.971963369009164e-15,0.03374944064466314,-7.431243120858944e-16,-3.6512459722359827e-17,68.66483080345022,0.025805452969625203,-0.00012559992260814215,-0.0019063685420422384,5403.548340924202,5410.939523627927,5774.3806890273845,5784.952893571198,1.748547048477834,0.5709582891826221,3.9192438545082884,0
1.322000000000001,0.0,2.0,1.0,0.0,7.24777730834907e-15,0.26303885429464247,1.008065164498082,1.704335841658876e-14,0.5843779368005704,-0.007436745815071308,-2.400691768378319e-14,0.16941925506290156,-0.0013776994744564477,-0.989541939071514,-1.4019143354954224e-13,2.4214540544487203e-15,-3.8785697102675507,1.2825624381229015e-13,-5.963195814452095e-15,0.036912550218236466,-7.545249147700141e-16,-4.339584247503581e-17,68.67059735868985,0.025245989690541478,-0.00011994569557078325,-0.001865252079694382,5403.769572962009,5411.174556688792,5774.817928596254,5784.999341678007,1.736979869937602,0.5844252545942974,3.8785697102675094,0
1.342000000000001,0.0,2.0,1.0,0.0,7.593572369270947e-15,0.2748731431168917,1.0079115373345233,1.7489777433141358e-14,0.5976942286925843,-0.007877394989610783,-2.471478961765231e-14,0.14751770504578066,-0.00018545213662799626,-0.8615356427987675,-1.4431801781345787e-13,2.170220719334022e-15,-3.8343152662790443,1.272264674015638e-13,-5.948240806732423e-15,0.040004919742092956,-9.85194564817602e-16,-4.783673457353644e-17,68.67646557520209,0.02466707384575818,-0.00011401418934855715,-0.0018227118776137563,5403.994600331753,5411.413886419949,5775.2661397596075,5785.043252755292,1.725144998184903,0.5977461370550592,3.8343152662790656,0
1.362000000000001,0.0,2.0,1.0,0.0,7.948152998211294e-15,0.2869720386102979,1.007749401521693,1.7924692092314218e-14,0.6108524226693086,-0.00829023937079536,-2.5414579549723987e-14,0.12567196139334047,0.0009684993123221936,-0.7338805760867664,-1.4839607957685365e-13,1.9008547815450236e-15,-3.7865630645760464,1.2609539964862881e-13,-5.928174170686697e-15,0.043024225262875346,-9.998911421060775e-16,-4.7725712271073924e-17,68.68241347304692,0.024070005687468518,-0.00010783039157742792,-0.0017788426312152035,5404.2225708462865,5411.656623709619,5775.723946365263,5785.08415885898,1.7130454896840606,0.6109086759490233,3.786563064576016,0
1.382000000000001,0.0,2.0,1.0,0.0,8.31141405944353e-15,0.29933224717673557,1.0075793228455399,1.8359223167527552e-14,0.6238405944237934,-0.008674414947690341,-2.611684485183224e-14,0.10389800245542669,0.0020812762038243428,-0.6066699207800201,-1.5248724329996736e-13,1.6146543768674086e-15,-3.7353982096745226,1.2490860812014757e-13,-5.901921814202897e-15,0.04596830176092702,-1.1118779508212364e-15,-4.5727310826748646e-17,68.68841936252028,0.02345605104060037,-0.00010141923483734214,-0.0017337364844098706,5404.452643522426,5411.90189140431,5776.189996920383,5785.121592202489,1.7006846420273598,0.6239008997635094,3.7353982096745053,0
1.402000000000001,0.0,2.0,1.0,0.0,8.683326019110376e-15,0.3119502399140254,1.0074018831298375,1.878897156197071e-14,0.6366471101793039,-0.009029170744705299,-2.6819064999574877e-14,0.08221157689115344,0.0031501932870868915,-0.47999532202997014,-1.5657677335657345e-13,1.3117524126939707e-15,-3.680908189112839,1.2358409312738705e-13,-5.871512498811949e-15,0.048835138938695066,-1.208391026130682e-15,-4.661548924644877e-17,68.69446191295104,0.022826442157818098,-9.480551037052328e-05,-0.0016874830993615247,5404.68399129856,5412.148827044598,5776.662967173852,5785.155088340909,1.6880659881652091,0.636711134521767,3.6809081891128175,0
1.422000000000001,0.0,2.0,1.0,0.0,9.063760464050967e-15,0.32482225851616114,1.007217677970558,1.9212335496472025e-14,0.6492606347582186,-0.009353869202460606,-2.7516565528698718e-14,0.06062819098127803,0.004172764109207323,-0.3539468234231202,-1.6063737052869245e-13,9.92355995072792e-16,-3.623182698752738,1.2218513721306254e-13,-5.8262384340676185e-15,0.05162287711100966,-1.2557906103882721e-15,-3.462508058049708e-17,68.70052021815343,0.022182378514050687,-8.801378624856627e-05,-0.0016401697214295861,5404.915803617959,5412.396585465868,5777.141562575451,5785.184189193141,1.6751932904707392,0.6493280116518166,3.6231826987527684,0
1.442000000000001,0.0,2.0,1.0,0.0,9.452622294949791e-15,0.3379443213291928,1.00702731446745,1.962886288993633e-14,0.6616701391324045,-0.009647986122012597,-2.8212223642417497e-14,0.03916309648567917,0.005146705526893461,-0.22861280638245396,-1.6468583298021324e-13,6.571075665325281e-16,-3.5623134727293713,1.2071085780155184e-13,-5.7727822731843635e-15,0.054329803190112706,-1.2493166223759267e-15,-3.4403035975572046e-17,68.7065738583867,0.021525027546001264,-8.10683300794086e-05,-0.0015918812396971105,5405.147288872165,5412.644341258201,5777.624520603953,5785.208445897799,1.6620705346496285,0.6617404753041074,3.5623134727293704,0
1.462000000000001,0.0,2.0,1.0,0.0,9.849790331416603e-15,0.3513122295525063,1.0068314089614177,2.0043793246338353e-14,0.6738649074648886,-0.009911110185386533,-2.890899328629157e-14,0.017831279039217218,0.006069941358192589,-0.10407993368149103,-1.6873940889743765e-13,3.065218058691284e-16,-3.4983941179458946,1.1919521028375895e-13,-5.7160517946536655e-15,0.05695434675896901,-1.3380997698764198e-15,-3.118338920415909e-17,68.71260295869494,0.02085552534178639,-7.399303632152169e-05,-0.0015427002434612305,5405.377676699558,5412.891291080481,5778.11061295723,5785.227421499386,1.6487019235057394,0.6739377891302504,3.498394117945864,0
1.482000000000001,0.0,2.0,1.0,0.0,1.0255205854545332e-14,0.3649215735754279,1.006630584786015,2.0455880971611694e-14,0.6858345436520085,-0.01014294206663088,-2.960636865797609e-14,-0.003352552920073193,0.0069406051857122605,0.019566903088470693,-1.7279515494651606e-13,-5.901073711135927e-17,-3.4315199530152647,1.1756807984930623e-13,-5.6469873001041844e-15,0.059495076227002355,-1.4948146886961645e-15,-2.751965322289607e-17,68.71858824351968,0.020174977285558084,-6.681135825031497e-05,-0.001492707075042697,5405.60622013515,5413.136655824551,5778.598647598493,5785.240693462009,1.6350918705729227,0.685909542534674,3.4315199530152247,0
1.5020000000000011,0.0,2.0,1.0,0.0,1.0668734243227012e-14,0.3787677394392567,1.006425470041083,2.08554948415856e-14,0.6975689773746737,-0.010343293148757452,-3.0294419006391114e-14,-0.024373978695919063,0.007757042325740565,0.14224463225552983,-1.7679513214475401e-13,-4.38919069382228e-16,-3.361787851558116,1.158671909595476e-13,-5.574914703470527e-15,0.06195069506299039,-1.4639921219750083e-15,-2.2690183065776637e-17,68.72451108749873,0.019484458661653676,-5.95462446014848e-05,-0.0014419798792503348,5405.832197608364,5413.379682626162,5779.087470653733,5785.247856008684,1.6212449936231559,0.6976456564106948,3.361787851558131,0
1.5220000000000011,0.0,2.0,1.0,0.0,1.1090235202155348e-14,0.39284591541500036,1.0062166953962295,2.125256483332238e-14,0.7090584696669111,-0.010512083862973429,-3.0979765170614896e-14,-0.045218875356860755,0.008517810980402489,0.26387204716408225,-1.8077801364613894e-13,-8.325674632054654e-16,-3.289296089771377,1.141315156810926e-13,-5.496689541462946e-15,0.06432003810038803,-1.5246102991195422e-15,-1.9026447084513626e-17,68.73035356238296,0.0187850152225296,-5.222008089619667e-05,-0.0013905946498158242,5406.054914786333,5413.619646720118,5779.575968156333,5785.248522284936,1.6071661080609863,0.7091363883721693,3.2892960897714145,0
1.5420000000000011,0.0,2.0,1.0,0.0,1.1519571692799389e-14,0.4071510986872446,1.0060048919315165,2.1642164158616526e-14,0.7202936180094804,-0.010649341667543648,-3.166208906496624e-14,-0.0658734272420145,0.009221682592557998,0.3843698477839008,-1.8474197767315649e-13,-1.2393637314831879e-15,-3.2141441981872907,1.1239090237826749e-13,-5.425488405483196e-15,0.06660206791086226,-1.5420269228183494e-15,-2.746414207166481e-17,68.7360984800222,0.01807766372444144,-4.485463543635537e-05,-0.0013386252730939031,5406.273706261055,5413.855853137883,5780.0630676357705,5785.242326346133,1.592860220214053,0.7203723374916192,3.214144198187253,0
1.5620000000000012,0.0,2.0,1.0,0.0,1.1956731275552406e-14,0.42167810213474083,1.00579068902237,2.2030432004974213e-14,0.7312653609560424,-0.010755198684447697,-3.234828062874149e-14,-0.08632413495384028,0.00986764142551597,0.5036606789805371,-1.887272624811094e-13,-1.6590567480931054e-15,-3.1364328175470964,1.1047368887259407e-13,-5.3561548427400626e-15,0.06879587124228992,-1.6944813607810952e-15,-3.40699690681845e-17,68.74172943138818,0.01736339243454757,-3.747100993906695e-05,-0.0012861435693031706,5406.487937079325,5414.087638246569,5780.547739548111,5785.228924968558,1.5783325205292917,0.7313444485554758,3.136432817547094,0
1.5820000000000012,0.0,2.0,1.0,0.0,1.2401467101490818e-14,0.43642156119844344,1.0055747122753376,2.240525307325598e-14,0.7419649822991254,-0.01082988901271488,-3.3020077971018095e-14,-0.10655782384199275,0.010454883391862232,0.6216691655924347,-1.9262736914876174e-13,-2.090122454878674e-15,-3.0562635587176437,1.0856717881121031e-13,-5.298384464667321e-15,0.07090065551790863,-1.6557206994338697e-15,-3.906597267899771e-17,68.74723082162143,0.01664316161283671,-3.0089594765857674e-05,-0.001233219331563088,5406.697004115207,5414.314371128961,5781.028998546917,5785.207999284995,1.5635883766842429,0.7420440158468831,3.056263558717593,0
1.6020000000000012,0.0,2.0,1.0,0.0,1.2853657282596267e-14,0.45137594082787,1.0053575815209594,2.277579438781343e-14,0.7523841147829738,-0.010873745737938544,-3.3690967090804935e-14,-0.12656165198220348,0.010982814157685886,0.7383219444560638,-1.9652103421404044e-13,-2.5325394830673354e-15,-2.9737388665826976,1.0665873287625057e-13,-5.239372961438235e-15,0.07291574539371445,-1.6781125100617782e-15,-3.118338920415909e-17,68.75258790110318,0.01591790397200611,-2.273002868456748e-05,-0.001179920362963831,5406.900337285268,5414.53545480481,5781.505904593877,5785.179256246002,1.5486333266227092,0.7524626864663341,2.973738866582699,0
1.6220000000000012,0.0,2.0,1.0,0.0,1.3313140351624738e-14,0.46653554249680024,1.0051399088696036,2.3138332075522927e-14,0.7625147433702515,-0.010887197657985985,-3.4356567988292784e-14,-0.14632311765407024,0.011451046550361513,0.8535476935158295,-2.0038276491148582e-13,-2.985366494932506e-15,-2.8889618878438643,1.0479942019074978e-13,-5.170454413531407e-15,0.07484057937156835,-1.657386033970807e-15,-1.9637069748057457e-17,68.75778679257147,0.01518852511815549,-1.541116309261654e-05,-0.0011263125118868983,5407.097400607592,5414.750327294392,5781.97756390929,5785.142429908809,1.5334730715238434,0.7625924632002631,2.888961887843851,0
1.6420000000000012,0.0,2.0,1.0,0.0,1.3779809843478317e-14,0.4818945112794654,1.004922296835716,2.3491589718607046e-14,0.7723492080695321,-0.010870765745339326,-3.501406563827934e-14,-0.1658300663216442,0.011859397299693715,0.9672771581507853,-2.0419621044445574e-13,-3.4476029182358373e-15,-2.8020363426686656,1.0295459777248947e-13,-5.101552951941929e-15,0.07667470646581376,-1.5563002275786865e-15,-2.1690982343613998e-17,68.76281451431295,0.014455903974905836,-8.151030612895977e-06,-0.0010724597057765778,5407.287693106004,5414.958462525732,5782.443129763189,5785.097282556115,1.5181134687135713,0.7724257069476154,2.8020363426687265,0
1.6620000000000013,0.0,2.0,1.0,0.0,1.4253450905826173e-14,0.4974468429785215,1.004705336535528,2.3839060670982958e-14,0.7818802063305137,-0.01082505936682362,-3.566716114491341e-14,-0.18507069712077562,0.012207883143722863,1.0794431748451148,-2.0798302830682963e-13,-3.918830113959597e-15,-2.7130664001257165,1.0126642813306638e-13,-5.052777045862356e-15,0.07841778292151157,-1.4624447486344375e-15,-3.0128677330765195e-17,68.76765899947847,0.01372089319330817,-9.668179654339558e-07,-0.0010184239835449268,5407.470749561601,5415.159371087624,5782.90180310858,5785.043605647737,1.5025605245270903,0.7819551387143268,2.7130664001257205,0
1.6820000000000013,0.0,2.0,1.0,0.0,1.473403310591785e-14,0.5131863912962367,1.0044896059628436,2.418394085092889e-14,0.7911007950139437,-0.010750772281709417,-3.632250160485986e-14,-0.20403356885730295,0.012496716331785757,1.1899806923240503,-2.1178204777226196e-13,-4.399151078873504e-15,-2.62215655734886,9.959875373972881e-14,-5.0051848077252886e-15,0.080069568982678,-1.455457282473203e-15,-2.7797208979052365e-17,68.77230911158138,0.012984319549670857,6.125156993717505e-06,-0.0009642655267761518,5407.646141114125,5415.352600830973,5783.352833058892,5784.981220608346,1.4868203871310108,0.791173841185581,2.6221565573489247,0
1.7020000000000013,0.0,2.0,1.0,0.0,1.5221433957175415e-14,0.5291068750404656,1.0042756683471017,2.4522804874762256e-14,0.800004391943343,-0.010648678439316885,-3.697410504102299e-14,-0.2227076055203535,0.012726299558607313,1.2988267902714756,-2.1555845790558221e-13,-4.8872895920931184e-15,-2.529411522373856,9.796577245329399e-14,-4.959640107261178e-15,0.08162992570915882,-1.4377492252304317e-15,-2.0636270470220108e-17,68.77675465625178,0.01224698433321035,1.3109464184267032e-05,-0.0009100426898803401,5407.813475716212,5415.537737321499,5783.795517212302,5784.90997945514,1.4708993393135503,0.8000752598856823,2.5294115223739153,0
1.7220000000000013,0.0,2.0,1.0,0.0,1.571556173139623e-14,0.5452018853571253,1.0040640705974966,2.4855898014918714e-14,0.8085847770457452,-0.010519627597303119,-3.762105785415134e-14,-0.24108210131525076,0.012897220364115027,1.4059206957398611,-2.193070111099183e-13,-5.382423727486209e-15,-2.434936100592639,9.633548293252085e-14,-4.9144602074476616e-15,0.08309881184099434,-1.4149688365439041e-15,-2.274569421700791e-17,68.7809863893298,0.011509663725213034,1.9971576291256526e-05,-0.0008558120293312172,5407.972398443964,5415.714404147331,5784.229201826129,5784.829765269508,1.4548037912510003,0.8086532039353479,2.4349361005926857,0
1.7420000000000013,0.0,2.0,1.0,0.0,1.6216343781308605e-14,0.5614648929810333,1.0038553418365062,2.518878368778937e-14,0.8168360930888362,-0.01036454078178557,-3.827092892662272e-14,-0.2591467252207921,0.01301024503452513,1.5112037973575165,-2.2307190708487756e-13,-5.884993781720284e-15,-2.338835084771336,9.464567321848925e-14,-4.870608136796762e-15,0.08447628070932768,-1.5420408006061571e-15,-2.2634671914545394e-17,68.784996021393,0.010773109171196199,2.669787996588229e-05,-0.0008016283321079853,5408.122591667738,5415.882263085349,5784.653281845043,5784.740492517279,1.438540273258537,0.8169018464162333,2.33883508477128,0
1.7620000000000013,0.0,2.0,1.0,0.0,1.67237205225715e-14,0.5778892554971194,1.003649992025761,2.5518904315709966e-14,0.824752846022071,-0.01018440561034585,-3.8920645957334764e-14,-0.27689152507595793,0.013066312040856756,1.614619657432373,-2.2683531104953298e-13,-6.394009082540259e-15,-2.2412131485792046,9.280705586054707e-14,-4.822795739272115e-15,0.0857624771930751,-1.758437145893408e-15,-3.001765502830269e-17,68.78877621882172,0.010038047747361441,3.3275683378237634e-05,-0.000747544643447548,5408.263775087367,5416.041014130584,5785.067200787199,5784.642107222355,1.4221154285332558,0.8248157243525017,2.2412131485792415,0
1.7820000000000014,0.0,2.0,1.0,0.0,1.72376859113665e-14,0.5944682246041785,1.0034485106867652,2.584118083607348e-14,0.8323299049295572,-0.009980271498776228,-3.9565404401363325e-14,-0.2943069312014569,0.013066525051546821,1.7161140220458146,-2.305693030655455e-13,-6.908040767251473e-15,-2.1421747435764793,9.062586357004017e-14,-4.774992467392883e-15,0.0869576347207305,-1.9470015877320872e-15,-3.612388166374106e-17,68.7923206015158,0.009305182522455486,3.969322026919418e-05,-0.0006936122940006444,5408.395705636387,5416.190395393259,5785.470450492901,5784.5345869989205,1.4055360058971407,0.8323897383192773,2.142174743576482,0
1.8020000000000014,0.0,2.0,1.0,0.0,1.7758041473027912e-14,0.6111949533734822,1.00325136571857,2.61598026390753e-14,0.8395625016027287,-0.009753244772175691,-4.0205345524829885e-14,-0.31138375956185005,0.013012145556141188,1.8156348292242652,-2.342747953415628e-13,-7.426374462647954e-15,-2.0418239996097256,8.818091977452114e-14,-4.727911597790785e-15,0.08806207231679944,-2.2528402754407028e-15,-3.5346725546503454e-17,68.79562373738358,0.00857519291598226,4.5939650652509615e-05,-0.000639880926472902,5408.518177260117,5416.330182868417,5785.862570740722,5784.417940947588,1.388808852547506,0.8396191516878458,2.0418239996097585,0
1.8220000000000014,0.0,2.0,1.0,0.0,1.8284606365896896e-14,0.6280625034947408,1.0030590023140864,2.6463894092005625e-14,0.8464462297410814,-0.009504483700678804,-4.0838441407859745e-14,-0.32811321447439123,0.012904585137253115,1.9131322152706352,-2.3794006237717825e-13,-7.947881203787775e-15,-1.9402646285638137,8.549319064614244e-14,-4.673693299501522e-15,0.0890761916924652,-2.3997019649168994e-15,-3.04062330869215e-17,68.79868113373205,0.00784873505355603,5.2005058322596794e-05,-0.0005863985218208372,5408.631020572771,5416.460190083302,5786.24314873637,5784.292209421171,1.3719409068222566,0.846499589517507,1.940264628563723,0
1.8420000000000014,0.0,2.0,1.0,0.0,1.8817157378884475e-14,0.645063852502068,1.002871841976326,2.6761481083281493e-14,0.8529770437894939,-0.00923519347971366,-4.1459516856199523e-14,-0.34448689087109763,0.0127453974280053,2.0085585193320963,-2.415350485944909e-13,-8.470713080734261e-15,-1.8375998314200577,8.262558489871993e-14,-4.6154860117640795e-15,0.09000047438017884,-2.628588319231184e-15,-2.9407032364758855e-17,68.80148922569249,0.00712644212003781,5.78804453271019e-05,-0.0005332114250620113,5408.734102398896,5416.5802676279245,5786.61181847986,5784.15746366595,1.354939190987136,0.8530270371040252,1.8375998314200472,0
1.8620000000000014,0.0,2.0,1.0,0.0,1.9355535173953742e-14,0.6621919009727741,1.0026902816354657,2.7045222168941137e-14,0.8591512574209171,-0.008946621174240731,-4.207298731653094e-14,-0.36049677612096453,0.01253626979208327,2.1018682862751854,-2.4508557794427355e-13,-8.994882614419113e-15,-1.7339322085702782,7.951801271725781e-14,-4.53514518846702e-15,0.09083547891193366,-2.757665623631666e-15,-7.868705687030822e-18,68.80404536182269,0.006408924710963675,6.355772356583098e-05,-0.00048036437074894863,5408.827325204806,5416.690302574452,5786.968260016824,5784.013805344432,1.3378108040519474,0.8591978381946607,1.7339322085702782,0
1.8820000000000014,0.0,2.0,1.0,0.0,1.989951271840245e-14,0.6794394796920005,1.0025146928672448,2.7322980820154986e-14,0.8649655416734775,-0.008640050645919483,-4.26772665714412e-14,-0.3761352514196411,0.012279014763302683,2.193018267933891,-2.4858250614059736e-13,-9.51924123771913e-15,-1.6293636733369368,7.61922702704086e-14,-4.445913275943582e-15,0.09158183804103766,-3.0249726334918844e-15,-6.425415755018121e-18,68.80634778703042,0.005696771182653999,6.902970367865582e-05,-0.0004279005081474412,5408.910626425634,5416.790217791229,5787.31219858002,5783.861365945847,1.32056291462253,0.865008692879821,1.6293636733370451,0
1.9020000000000015,0.0,2.0,1.0,0.0,2.04488673089425e-14,0.6967993567763777,1.002345421212835,2.7586176189982132e-14,0.8704169227512973,-0.008316797481596888,-4.3269736714347955e-14,-0.3913950927542871,0.011975561281249283,2.281967422791255,-2.5201068270789254e-13,-1.0042352876783178e-14,-1.5239953686495193,7.26394830343938e-14,-4.3546283105472216e-15,0.09224025600724561,-3.2148970985357294e-15,-1.623701173514319e-18,68.80839562296795,0.004990548001277261,7.42900813874368e-05,-0.00037586142615175496,5408.983977694,5416.8799711573765,5787.643403627219,5783.700306090627,1.3032027537950988,0.8704566551714036,1.5239953686495011,0
1.9220000000000015,0.0,2.0,1.0,0.0,2.1003410946886462e-14,0.7142642447500921,1.0021827855999588,2.784003915439272e-14,0.875502779498586,-0.007978203940909725,-4.385349667263919e-14,-0.40626947145172365,0.011627945759066824,2.368676914150003,-2.5538825410595193e-13,-1.0564078743728539e-14,-1.4179275868276031,6.876915992491577e-14,-4.261402128816751e-15,0.09281150584512725,-3.497698658483373e-15,-1.1227130336521922e-17,68.81018884605032,0.004290800091047575,7.933342145648314e-05,-0.00032428717796180104,5409.047383976234,5416.959554684038,5787.961687781954,5783.530814735353,1.2857376080993455,0.8755391302779519,1.4179275868275005,0
1.9420000000000015,0.0,2.0,1.0,0.0,2.156280101180124e-14,0.7318268075669304,1.002027077864684,2.8071568957044e-14,0.8802208405567993,-0.007625633940149023,-4.44136787458087e-14,-0.42075195431838497,0.011238303018903755,2.4531101068430012,-2.586287358005314e-13,-1.107992115388521e-14,-1.3112596924210917,6.470414323045435e-14,-4.1853580422508886e-15,0.09329642673557707,-3.5402132614326122e-15,-2.6298407895808424e-17,68.81172826325226,0.003598051181641398,8.415513943579665e-05,-0.0002732163055408212,5409.100882622248,5417.028993548452,5788.266905683517,5783.353108284586,1.2681748124965078,0.8802538715867755,1.311259692420966,0
1.9620000000000015,0.0,2.0,1.0,0.0,2.2126637882176798e-14,0.7494796675720766,1.00187856237299,2.8288995726369922e-14,0.8845691812148947,-0.0072604680888496455,-4.495621141962895e-14,-0.4348365033809525,0.010808857129829012,2.5352325625297873,-2.6176675932482673e-13,-1.1590261452195396e-14,-1.2040900480582744,6.06382452485168e-14,-4.117568244396654e-15,0.09369592140036637,-3.578779633750528e-15,-1.9304002840669934e-17,68.81301548584149,0.002912804154842597,8.875148135222828e-05,-0.0002226858638661221,5409.144542335229,5417.088345047043,5788.558952752857,5783.167429616141,1.2505217434384068,0.8845989773632221,1.2040900480583117,0
1.9820000000000015,0.0,2.0,1.0,0.0,2.2694636210274466e-14,0.7672154123976314,1.0017374757408715,2.849075476385972e-14,0.8885462199629306,-0.006884098794849062,-4.5483852752539717e-14,-0.44851747523691776,0.010341912182250857,2.6150120336211713,-2.6481848222001993e-13,-1.2094865749435185e-14,-1.0965159432524232,5.6581237351794005e-14,-4.048393780475417e-15,0.0940109535396386,-3.570230916460915e-15,-1.1310397063368808e-17,68.81405290120658,0.0022355413903580555,9.311950150955472e-05,-0.00017273144498036806,5409.178462067351,5417.137697473828,5788.837763881032,5782.974047026362,1.2327858119932644,0.8885728871773153,1.096515943252524,0
2.002000000000001,0.0,2.0,1.0,0.0,2.326655291853074e-14,0.7850266017860394,1.0016040266514499,2.8679298760938717e-14,0.8921507147594505,-0.006497925452810586,-4.5999162194218816e-14,-0.4617896200246656,0.009839843031990635,2.692418455869876,-2.6779889705005523e-13,-1.2593560881700285e-14,-0.9886335261178015,5.2475282285941907e-14,-3.98350871466132e-15,0.09424254531224091,-3.583518898286897e-15,-1.2920220449075285e-17,68.81484364293865,0.0015667251106824495,9.725703855952071e-05,-0.00012338720184632798,5409.202769847665,5417.177168930391,5789.103312046827,5782.7732531019365,1.2149744570438827,0.892174378067981,0.9886335261179754,0
2.021999999999999,0.0,2.0,1.0,0.0,2.3842075186059658e-14,0.802905774335815,1.0014783957672577,2.885348542907633e-14,0.8953817590232799,-0.006103349730427357,-4.6496143976034555e-14,-0.47464808002299275,0.009305086046204527,2.767423939661454,-2.7067318476985295e-13,-1.3083869615914991e-14,-0.8805377379460702,4.837004508168972e-14,-3.9263923207642475e-15,0.09439177485875938,-3.589923497360202e-15,-4.454769886308466e-18,68.8153915593263,0.0009067977248459042,0.00010116269000195883,-7.468587200414906e-05,5409.217621548425,5417.206906073692,5789.355606870306,5782.565363524797,1.1970951385635893,0.8954025604551032,0.8805377379460098,0
2.0419999999999967,0.0,2.0,1.0,0.0,2.4420924293669406e-14,0.8208454541641717,1.0013607357356058,2.9012991152238e-14,0.8982387773605238,-0.0057017709657241795,-4.6978540122884426e-14,-0.4870883878902803,0.008740129882283978,2.8400027600362443,-2.7346321560819554e-13,-1.3565972321897581e-14,-0.7723222505942516,4.425971676223857e-14,-3.871469390950748e-15,0.0944597738671061,-3.581204777169945e-15,-3.219646771412979e-18,68.81570118042202,0.0002561821708369192,0.00010483578527044318,-2.6658801027118233e-05,5409.223199595978,5417.2270828079845,5789.594693108839,5782.3507158166285,1.1791553309751184,0.8982568738096437,0.7723222505941174,0
2.0619999999999945,0.0,2.0,1.0,0.0,2.5002804020820694e-14,0.8388381574813829,1.001251171284657,2.915709117803866e-14,0.900721521037689,-0.005294581688054796,-4.74453583634282e-14,-0.499106464553819,0.0081475063297935,2.9101313454700035,-2.761632925623364e-13,-1.4038787307021722e-14,-0.6640794066356025,4.016553835111607e-14,-3.8340002501421965e-15,0.09444772518047974,-3.537052595259383e-15,-1.7444379274422798e-17,68.8157776838383,-0.00038471774354282326,0.0001082763575556253,2.066403423092814e-05,5409.219711632362,5417.237898926976,5789.820649102333,5782.129668029392,1.1611625165974024,0.9007370820920495,0.6640794066354151,0
2.0819999999999923,0.0,2.0,1.0,0.0,2.5587333331482784e-14,0.8568763990719142,1.0011497994076126,2.9284125702329236e-14,0.9028300632119742,-0.0048831632745566554,-4.7889647018459887e-14,-0.5106986167600336,0.007529781244279792,2.977788265437928,-2.787330295243267e-13,-1.4499428654176783e-14,-0.555900162224968,3.624822748452617e-14,-3.8068184532309945e-15,0.09435686044748524,-3.4026392814467967e-15,-1.2725931419765885e-17,68.81562685942903,-0.0010155170016562334,0.00011148511451635417,6.725400260529198e-05,5409.207389133659,5417.239578712419,5790.033585174094,5781.902597388271,1.14312417918504,0.9028432689691513,0.5559001622246803,0
2.10199999999999,0.0,2.0,1.0,0.0,2.6174306147709126e-14,0.8749526986775952,1.0010566896321744,2.940078561093957e-14,0.904564793929862,-0.004468881752979993,-4.8324337040389676e-14,-0.5218615342965798,0.006889545600583786,3.042954216784214,-2.8124776098430377e-13,-1.4951007382019715e-14,-0.44787403263046116,3.240548623006493e-14,-3.801885222115816e-15,0.094188457814165,-3.350229815790586e-15,-3.2224223289745194e-17,68.81525507301068,-0.0016358490411227636,0.00011446340802455982,0.00011308379581761355,5409.1864859910675,5417.23236949512,5790.23364199386,5781.669898893318,1.1250477975649766,0.9045758328197232,0.44787403263023545,0
2.121999999999988,0.0,2.0,1.0,0.0,2.6763503792163697e-14,0.8930595872783181,1.0009718843722484,2.950755384984001e-14,0.9059264149052156,-0.004053083760951032,-4.875017980430696e-14,-0.5325922868974853,0.00622940669198249,3.1056120089170407,-2.8371191831281127e-13,-1.5393158934456233e-14,-0.3400890403836119,2.856499268150091e-14,-3.81573515438102e-15,0.09394383965766448,-3.3881231153998236e-15,-3.595734821004728e-17,68.81466922927473,-0.002245365419321224,0.00011721320308459115,0.00015812740591198538,5409.157277060617,5417.21654018434,5790.420988909291,5781.4319838859765,1.1069408393747522,0.9059354815388291,0.3400890403834453,0
2.1419999999999857,0.0,2.0,1.0,0.0,2.7354766372402668e-14,0.9111896132659794,1.0008953993586525,2.96073452726499e-14,0.9069159340881231,-0.003637092670871615,-4.916558096104459e-14,-0.5428883208426662,0.0055519795001641664,3.16574654784684,-2.8611627660270507e-13,-1.582480387195792e-14,-0.2326316660004756,2.4560000004298946e-14,-3.840665831920571e-15,0.09362437036120547,-3.604491705111459e-15,-3.554101457581285e-17,68.81387673404015,-0.002843735481596747,0.00011973704606584243,0.00020236010294206837,5409.120056687205,5417.1923797713835,5790.595822252173,5781.189278586551,1.088810754906425,0.9069232271510248,0.23263166600015373,0
2.1619999999999835,0.0,2.0,1.0,0.0,2.7947844161828286e-14,0.9293353485076007,1.000827224145427,2.969132827075408e-14,0.9075346600357541,-0.0032222048887942645,-4.956485144822371e-14,-0.5527474552632964,0.0048598782596658355,3.223344819084048,-2.8842777986342915e-13,-1.6243504576147022e-14,-0.12558680122658708,2.034916902430656e-14,-3.872875236973872e-15,0.09323145413001759,-3.773970719267441e-15,-3.9496184101039964e-17,68.81288545599143,-0.0034306460324709164,0.00012203803238107841,0.00024575841292141706,5409.075137208681,5417.1601958130905,5790.758363625379,5780.942222608563,1.0706649710601015,0.9075403802424205,0.12558680122703123,0
2.1819999999999813,0.0,2.0,1.0,0.0,2.854235604741023e-14,0.9474893942937944,1.0007673226881828,2.975313619233394e-14,0.9077841960964816,-0.0028096863347539737,-4.9939633210081595e-14,-0.5621678781646016,0.004155708239005914,3.2783958694110846,-2.9059784121807094e-13,-1.6645830436502207e-14,-0.01903770475906727,1.6079964347649505e-14,-3.9181780235325464e-15,0.09276653284783345,-3.7332012481350324e-15,-4.8723178269760605e-17,68.81170368804435,-0.0040058010101437225,0.00012411977373909277,0.00028830009604921346,5409.022847445386,5417.120312900786,5790.908858176548,5780.691267455778,1.0525108854107643,0.9077885442215248,0.019037704757334017,0
2.201999999999979,0.0,2.0,1.0,0.0,2.9137989121507285e-14,0.9656443871689631,1.000715633990785,2.9803271021620476e-14,0.9076664344184932,-0.0024007691111811967,-5.02971640693097e-14,-0.571148142177742,0.003442057759301019,3.3308907875422027,-2.9266862341725116e-13,-1.703348728760387e-14,0.08693403960033073,1.178297874477514e-14,-3.979103397360671e-15,0.09223108397351872,-3.7773187355760734e-15,-5.0701630394112146e-17,68.81034010847713,-0.004568921164562949,0.00012598636509554185,0.0003299641252228423,5408.963531180573,5417.073071120052,5791.0475728641995,5780.436875007544,1.0343558603919054,0.9076696094187058,0.0869340396004642,0
2.221999999999977,0.0,2.0,1.0,0.0,2.9734473640688466e-14,0.9837930046398451,1.000672072816545,2.9837235694742145e-14,0.9071835497940571,-0.00199664836517396,-5.063859917845307e-14,-0.5796871600524824,0.002721490469736804,3.380822683684018,-2.946468843466029e-13,-1.7406283850110387e-14,0.19224856240694319,7.416296264529684e-15,-4.041139185450978e-15,0.09162661847737871,-3.786023577978525e-15,-4.084666632708791e-17,68.80880374196138,-0.005119743739325204,0.00012764235141994183,0.0003707306648482444,5408.897545636826,5417.018824506602,5791.174794721879,5780.179515997938,1.0162072175992378,0.9071857470340022,0.19224856240656674,0
2.2419999999999747,0.0,2.0,1.0,0.0,3.03314989066992e-14,1.0019279707592401,1.0006365304599854,2.9859944384638e-14,0.9063379933505287,-0.0015984793495693592,-5.096665757497712e-14,-0.5877841999023653,0.0019965378977780646,3.428186668008811,-2.965484744804014e-13,-1.7764632012607187e-14,0.29682774569484155,2.997100953270043e-15,-4.103831401498297e-15,0.09095467881664758,-3.900043482607528e-15,-3.7883758630119526e-17,68.80710392062196,-0.005658022157649351,0.00012909269439341866,0.0004105810499576626,5408.825259953525,5416.957939503297,5791.290829125724,5779.9196684939925,0.9980722322175859,0.9063394029429008,0.2968277456944193,0
2.2619999999999725,0.0,2.0,1.0,0.0,3.092870296843671e-14,1.0200420615819739,1.00060887557516,2.985885929368553e-14,0.9051324860990747,-0.0012073746869296477,-5.1265603407134195e-14,-0.5954388802140996,0.0012696922905366791,3.4729798280524995,-2.982818597779336e-13,-1.810251090273388e-14,0.4005952578029785,-1.3810355176006706e-15,-4.173713065329353e-15,0.09021683694964217,-3.775747076106837e-15,-3.662087993960841e-17,68.8052502452505,-0.006183525712644176,0.00013034273914507347,0.00044949776564324947,5408.747053670191,5416.890793423181,5791.395998070586,5779.65781637816,0.9799581275738132,0.9051332913695785,0.40059525780277944,0
2.2819999999999703,0.0,2.0,1.0,0.0,3.1525715719790246e-14,1.0381281104903706,1.0005889550564295,2.9842707936670695e-14,0.9035700123519781,-0.0008244018397487597,-5.154647751215429e-14,-0.6026511646328351,0.0005433997622592186,3.5152012050489807,-2.999113004739249e-13,-1.8423229698116305e-14,0.5034765859497977,-5.607006363055618e-15,-4.248782449167364e-15,0.08941469238803053,-3.643897683591744e-15,-3.66139410457045e-17,68.80325254679285,-0.006696039262063208,0.00013139818113160217,0.00048746442681340516,5408.663315220342,5416.817772923238,5791.490638459741,5779.394447839928,0.9618720698184782,0.9035703884369757,0.5034765859496775,0
2.301999999999968,0.0,2.0,1.0,0.0,3.2122320224374803e-14,1.056179013386731,1.0005765949675403,2.9816907836025417e-14,0.9016538130192233,-0.0004505807893933969,-5.181626625356866e-14,-0.6094213565349195,-0.00017994623859439972,3.554851769212688,-3.014774562255153e-13,-1.8728865497099865e-14,0.6053990665996261,-9.799174681138202e-15,-4.3407753568285294e-15,0.08854987028665141,-3.645160562282255e-15,-4.6592070479523097e-17,68.80112084822481,-0.007195362927715053,0.00013226503325657342,0.0005244657582771742,5408.574440440321,5416.739272493376,5791.575100412897,5779.130053881364,0.9438211627386838,0.901653925602918,0.6053990665996531,0
2.321999999999966,0.0,2.0,1.0,0.0,3.271817421847753e-14,1.0741877337505086,1.0005716015148134,2.977251912761041e-14,0.8993873787949074,-8.688192551753061e-05,-5.206327609396921e-14,-0.6157500933996528,-0.0008980111306677687,3.5919343939815134,-3.0291229677311485e-13,-1.901481656950824e-14,0.7062919136635155,-1.3870188521628049e-14,-4.433075808636024e-15,0.0876240195702936,-3.5259919983765526e-15,-3.227019346185858e-17,68.79886532692628,-0.0076813117996678785,0.00013294959332358042,0.0005604875751601082,5408.480831097382,5416.6556929649,5791.649745597035,5778.865126841073,0.9258124427044124,0.8993873829913577,0.706291913663294,0
2.3419999999999637,0.0,2.0,1.0,0.0,3.33129877808367e-14,1.0921473075580999,1.0005737620602155,2.9714902681221985e-14,0.8967744432438276,0.00026577585306011554,-5.2293019596602164e-14,-0.6216383409914261,-0.001608525058833188,3.6264538292328314,-3.042478952899215e-13,-1.9282688436871797e-14,0.8060862445764997,-1.780382794444814e-14,-4.517022516772992e-15,0.0866388110968326,-3.4216136868270272e-15,-3.2880816125402414e-17,68.79649627765768,-0.008153715645353457,0.00013345841191152343,0.0005955167636532236,5408.382893441038,5416.5674400426105,5791.714945584409,5778.600158940974,0.9078528737504272,0.8967744826276454,0.8060862445762768,0
2.3619999999999615,0.0,2.0,1.0,0.0,3.390653318632222e-14,1.110050848063365,1.0005828461700885,2.9645131549037135e-14,0.8938189757983973,0.0006065268257565135,-5.250684303762585e-14,-0.6270873873635053,-0.0023092884020344704,3.658416673486084,-3.0549207848632973e-13,-1.9532654015251564e-14,0.9047151042925502,-2.1668982284166013e-14,-4.626458948593324e-15,0.0855959358561164,-3.3529568010948168e-15,-5.111622930487061e-17,68.794024076238,-0.008612418623650236,0.00013379826075326465,0.0006295412620946757,5408.281036781556,5416.474922864376,5791.771080241756,5778.335640859994,0.8899493427956412,0.8938191815865703,0.9047151042927434,0
2.3819999999999593,0.0,2.0,1.0,0.0,3.449850739681501e-14,1.1278915504371925,1.0005986066952985,2.955949045715406e-14,0.8905251746758192,0.0009345599263475961,-5.2703080609432125e-14,-0.632098836694544,-0.0029981769220997086,3.6878313451061735,-3.0663514287355117e-13,-1.976380963282068e-14,1.0021134872378068,-2.5406126956583727e-14,-4.7397830549106656e-15,0.08449710320397452,-3.2075384015506323e-15,-4.341405707153357e-17,68.79145914401721,-0.009057279003989416,0.00013397610169613573,0.0006625500423818789,5408.17567209924,5416.378552591859,5791.818536154533,5778.0720603385735,0.8721086550016688,0.8905256650617399,1.0021134872379138,0
2.401999999999957,0.0,2.0,1.0,0.0,3.508859706661301e-14,1.1456626962646215,1.0006207808785954,2.9459916916158396e-14,0.8868974597252094,0.001249120008938076,-5.2878215334232335e-14,-0.636674602968738,-0.0036731465472294275,3.7147080525231044,-3.0765660897591346e-13,-1.9974568694034542e-14,1.0982183572619284,-2.8924580055073794e-14,-4.844416566940526e-15,0.08334403913072554,-3.0229152514493732e-15,-2.8648090844018996e-17,68.78881191323123,-0.009488168890491403,0.00013399905631631824,0.0006945330917095414,5408.067210687873,5416.278741035835,5791.857705089829,5777.809900817737,0.8543375292720878,0.8868983393646794,1.0982183572619066,0
2.421999999999955,0.0,2.0,1.0,0.0,3.5676583970374855e-14,1.1633576578982228,1.0006490914849926,2.934961840733642e-14,0.8829404652141198,0.0015495089055522233,-5.304079256098753e-14,-0.6408169035103262,-0.004332237785188835,3.739058763484355,-3.086061731500967e-13,-2.016793318699474e-14,1.1929686656267158,-3.2262742130182154e-14,-4.9430018510903136e-15,0.08213848456356405,-2.868490167617918e-15,-2.4734554682215325e-17,68.78609279332129,-0.009904973951121129,0.00013387437625460728,0.0007254813946274767,5407.956062835621,5416.175899319368,5791.888982501235,5777.549640116149,0.8366425938937744,0.8829418248618506,1.1929686656267462,0
2.4419999999999527,0.0,2.0,1.0,0.0,3.626238071713325e-14,1.1809699026666334,1.000683247951034,2.9237421037715466e-14,0.8786590325636437,0.0018350862777436157,-5.320364959696108e-14,-0.6445282523829328,-0.00497357976259738,3.7608971733578858,-3.0955850161751997e-13,-2.0348665215834127e-14,1.286305367070428,-3.564869182989387e-14,-5.041958942964633e-15,0.080882193702206,-2.9787075583875804e-15,-1.5713992607135923e-17,68.78331213829408,-0.010307593151805213,0.00013360941433533641,0.000755386915409686,5407.842636546285,5416.070436581812,5791.912766078853,5777.291749148486,0.8190303823214781,0.8786609488575927,1.2863053670703644,0
2.4619999999999505,0.0,2.0,1.0,0.0,3.6845755741173944e-14,1.198492996937306,1.000722947548848,2.9109477115155436e-14,0.8740582030410206,0.0021052702652153902,-5.334206708101499e-14,-0.6478114536640042,-0.005595393887982483,3.7802386725049546,-3.103697394353463e-13,-2.05072189647895e-14,1.378171433985523,-3.9083578795492974e-14,-5.142711414788237e-15,0.07957693238717894,-2.9786173527668298e-15,-2.556722195068418e-17,68.78048021519326,-0.01069593849543145,0.0001332115965256609,0.0007842425807246064,5407.727336303749,5415.962758726479,5791.929454347267,5777.0366906880745,0.8015073291066651,0.8740607384307956,1.378171433985447,0
2.4819999999999482,0.0,2.0,1.0,0.0,3.742644444583379e-14,1.2159206100327296,1.0007678765609793,2.8969135079320955e-14,0.8691432104183758,0.002359537935006991,-5.346592035447576e-14,-0.6506695946043545,-0.006195997137553828,3.797100312743568,-3.1109730952752866e-13,-2.0647246743578396e-14,1.4685118687468555,-4.252242290559088e-14,-5.250904453350728e-15,0.07822447650016619,-2.9627827968781136e-15,-1.2300056806413558e-17,68.77760717374755,-0.011069934765622937,0.00013268839478968554,0.0008120422625945384,5407.610561882175,5415.853267214519,5791.939445314127,5776.784918176702,0.7840797659714602,0.8691464132329074,1.4685118687469425,0
2.501999999999946,0.0,2.0,1.0,0.0,3.800420439376697e-14,1.2332465179995262,1.0008177114620467,2.881681582535168e-14,0.8639194736059458,0.002597425535335428,-5.3571907106696047e-14,-0.653106038682572,-0.0067738049638580815,3.8115007729247945,-3.117219580879782e-13,-2.0767397300319417e-14,1.557273714226684,-4.5956062258517553e-14,-5.3584482735043265e-15,0.07682661039581089,-2.9428334769043803e-15,-1.8961394954164497e-17,68.77470301725421,-0.011429519275141992,0.00013204730088209695,0.0008387807616302987,5407.492707204236,5415.742357907371,5791.943135171731,5776.536874584117,0.7667539180283893,0.8639233782546841,1.5572737142267858,0
2.521999999999944,0.0,2.0,1.0,0.0,3.8578756707184463e-14,1.2504646072300099,1.0008721201033712,2.8654841076832353e-14,0.8583925892678425,0.0028185285586815358,-5.3666681039572164e-14,-0.6551244185637705,-0.0073273338286665175,3.823460323645899,-3.1228235876735653e-13,-2.0870206083816147e-14,1.6444060625321915,-4.931453144783579e-14,-5.475550108149876e-15,0.07538512536442989,-2.977656315961139e-15,-2.273615323789003e-17,68.77177757475195,-0.011774641618766582,0.0001312958011269717,0.0008644537905259355,5407.3741592495635,5415.630419959926,5791.940917053752,5776.292991319619,0.7495359001464428,0.858397216568872,1.644406062532223,0
2.5419999999999416,0.0,2.0,1.0,0.0,3.914995190393098e-14,1.2675688779359395,1.0009307628968143,2.848115407554039e-14,0.8525683244281229,0.003022501619181665,-5.3744495732487666e-14,-0.6567286289718979,-0.007855203362582549,3.8330007911258757,-3.127450287478099e-13,-2.0953436029406915e-14,1.7298600620005904,-5.272833697032532e-14,-5.6119133654362104e-15,0.07390181812508295,-3.010491161914428e-15,-3.1118337073809956e-17,68.7688404745311,-0.012105263430443505,0.0001304413522187421,0.0008890579577964689,5407.25529701529,5415.517834766323,5791.933179849045,5776.053687197903,0.7324317134638483,0.852573682055818,1.7298600620005464,0
2.5619999999999394,0.0,2.0,1.0,0.0,3.9717561771309366e-14,1.2845534474743587,1.0009932939941721,2.8295894450252258e-14,0.8464526090746182,0.003209058149823245,-5.3808110064991744e-14,-0.657922819484523,-0.008356138154955,3.840145520270607,-3.131259728247953e-13,-2.1018180807065557e-14,1.813588922486268,-5.62084547077188e-14,-5.742938800017967e-15,0.07237848934848985,-3.0500463266136515e-15,-1.429845825073883e-17,68.76590111902345,-0.012421358144509396,0.0001294913580806026,0.0009125907517404828,5407.136490530401,5415.404974960065,5791.920307074169,5775.819367461016,0.7154472420477865,0.846458692118781,1.8135889224862585,0
2.5819999999999372,0.0,2.0,1.0,0.0,4.0281285984221225e-14,1.3014125535255545,1.0010593624585886,2.8094650129219142e-14,0.8400515287676855,0.0033779699253486837,-5.385016474787345e-14,-0.6587113872587421,-0.0088289691787236,3.844919336956622,-3.133823122140733e-13,-2.1061615695893746e-14,1.8955479189738613,-5.965606403516169e-14,-5.873172885008302e-15,0.07081694220929965,-2.977413454674502e-15,-1.0357166513319523e-17,68.76296866110866,-0.012722910760745016,0.0001284531478090132,0.0009350505246081252,5407.018099925346,5415.292203469965,5791.902675806144,5775.590422858194,0.6985882497011419,0.84005832039552,1.8955479189739424,0
2.601999999999935,0.0,2.0,1.0,0.0,4.084076877045409e-14,1.318140557123307,1.001128613424564,2.7876407190177126e-14,0.83337131726074,0.0035290664171460724,-5.3868502366962164e-14,-0.659098969696547,-0.009272634855815948,3.8473485095640294,-3.1350143249701344e-13,-2.1082973075247184e-14,1.9756943935506222,-6.287998804978497e-14,-6.003541085190701e-15,0.0692189809672614,-2.753547390099695e-15,-2.1126329852183538e-17,68.76005198186891,-0.013009917613015879,0.00012733395473082243,0.0009564364769540903,5406.90047455821,5415.179872633175,5791.880655676579,5775.367228785024,0.6818603769162543,0.8333787894725169,1.9756943935505775,0
2.621999999999933,0.0,2.0,1.0,0.0,4.1395801824159185e-14,1.3347319455377422,1.0012006892432799,2.7647965752128605e-14,0.8264183491391227,0.0036622339867453577,-5.3875682490328336e-14,-0.6590904370577108,-0.009686181769681265,3.847460709790932,-3.135563671425148e-13,-2.108728423346609e-14,2.0539877557708914,-6.590216173961888e-14,-6.138511786300478e-15,0.06758640957686249,-2.5453701646416226e-15,-2.5456199648221653e-17,68.75715966981792,-0.013282386141227537,0.00012614089659386654,0.000976748642154146,5406.78395219851,5415.068323366381,5791.854607928262,5775.150144483186,0.6652691379754937,0.8264264636079889,2.0539877557708506,0
2.6419999999999306,0.0,2.0,1.0,0.0,4.194616409783488e-14,1.3511813350112258,1.0012752306100763,2.740888809203184e-14,0.8191991324835659,0.003777414924850118,-5.386397477829537e-14,-0.6586908850279496,-0.010068765032406155,3.84528497278321,-3.1350206746010833e-13,-2.107167380282884e-14,2.130389481445078,-6.870200133375676e-14,-6.260521974733816e-15,0.06592103032504436,-2.321486752832055e-15,-1.1633922991638454e-17,68.7543000016254,-0.013540334666318175,0.00012488095690794298,0.0009959878710631325,5406.66885826946,5414.957884396044,5791.824884534919,5774.939512301872,0.648819918198358,0.8192078414696368,2.1303894814450857,0
2.6619999999999284,0.0,2.0,1.0,0.0,4.249167054805e-14,1.3674834733478465,1.001351877671087,2.7164223634310184e-14,0.8117203015642194,0.0038746063431102187,-5.384738042515016e-14,-0.6579056272498223,-0.010419648314750219,3.840851656615095,-3.1341996400089147e-13,-2.1041794710440072e-14,2.2048631098850677,-7.129008094180198e-14,-6.383780143955017e-15,0.06422464249663942,-2.1980646469632575e-15,-2.9453002536872214e-17,68.75148092435266,-0.013783792167995357,0.0001235609674512504,0.0010141558167918957,5406.555505149411,5414.848871548312,5791.791827384753,5774.735657021666,0.6325179713346823,0.8117295488928694,2.2048631098850335,0
2.681999999999926,0.0,2.0,1.0,0.0,4.3032189044620274e-14,1.3836332423571764,1.0014302711061485,2.6910383194919193e-14,0.8039886095709113,0.003953858926089072,-5.381424194428037e-14,-0.6567401878235491,-0.010738203548168885,3.834192401157591,-3.1324214723484115e-13,-2.0993286115057072e-14,2.277374239637655,-7.373920696517921e-14,-6.5014235347100416e-15,0.06249904106721262,-2.060754344945789e-15,-1.0856766874400848e-17,68.7487100392105,-0.014012798064921912,0.00012218759194988757,0.0010312549195801812,5406.4441915328825,5414.7415870990935,5791.755767528123,5774.538885241541,0.616368417103411,0.8039983316650444,2.2773742396376817,0
2.701999999999924,0.0,2.0,1.0,0.0,4.3567532645294866e-14,1.3996256601530803,1.001510053185293,2.6649944373762776e-14,0.7960109213850355,0.004015275551091366,-5.3769319681186816e-14,-0.655200293784632,-0.011023910308702955,3.8253400863730573,-3.129962634132217e-13,-2.092823187491781e-14,2.347890522737158,-7.60196683215392e-14,-6.600017412378383e-15,0.060746015423014485,-1.966246609974573e-15,-8.303253917762988e-18,68.74599458684517,-0.014227401997037701,0.00012076731093878547,0.0010472883917423223,5406.3352018515025,5414.636319184592,5791.717024489496,5774.349484829409,0.6003762388762959,0.7960210483410627,2.347890522737182,0
2.721999999999922,0.0,2.0,1.0,0.0,4.409762696890246e-14,1.41545588330847,1.00159086879625,2.6384295555090057e-14,0.7877942063981721,0.004059009783703605,-5.3714477512151624e-14,-0.6532918675648837,-0.01127635489322184,3.8143287900758125,-3.1269310211462516e-13,-2.0847598937758828e-14,2.4163816575082153,-7.82634403103362e-14,-6.7079260695579184e-15,0.05896734810781445,-1.9431956044257934e-15,-1.6962993509839207e-17,68.74334143415386,-0.014427663609716031,0.00011930640780471983,0.0010622602026626436,5406.228805754953,5414.5333412723185,5791.675905643662,5774.167724436427,0.5845462815057572,0.7878046630954592,2.416381657508161,0
2.7419999999999196,0.0,2.0,1.0,0.0,4.46222131735931e-14,1.4311192088669935,1.0016723664405691,2.6106405903104315e-14,0.7793455313822862,0.004085264257052751,-5.36445907539606e-14,-0.6510210194431987,-0.011495229099197937,3.8011937451997206,-3.123027695547135e-13,-2.0749662541803567e-14,2.4828193799493516,-8.030185501225308e-14,-6.8131550559994605e-15,0.05716481359639827,-1.7858214906851778e-15,-1.807321653446436e-17,68.74075706262632,-0.014613652339438976,0.00011781095601150709,0.0010761750638175454,5406.12525765181,5414.432911692576,5791.632705655962,5773.99385307511,0.5688832492960457,0.7793562386159413,2.4828193799493086,0
2.7619999999999174,0.0,2.0,1.0,0.0,4.514125229002906e-14,1.4466110762127349,1.0017541991961254,2.582513282193156e-14,0.7706720534160757,0.00409428894291236,-5.3568414557622917e-14,-0.6483940399921183,-0.011680328719738531,3.785971296615038,-3.1187617408552976e-13,-2.063809502820392e-14,2.5471774537277962,-8.229815081731175e-14,-6.921168742098447e-15,0.05534017709456709,-1.7266882368360804e-15,-1.579725933398279e-17,68.73824755820486,-0.01478544720068597,0.00011628680750342085,0.0010890384138017946,5406.02479631002,5414.33527323007,5791.587705986136,5773.828099761076,0.553391704116756,0.7706829290431303,2.547177453727802,0
2.781999999999915,0.0,2.0,1.0,0.0,4.565452986158221e-14,1.461927068799101,1.001836025643934,2.553156753459405e-14,0.7617810128717927,0.004086379322881603,-5.3474847645254574e-14,-0.6454173925259908,-0.011831551766127095,3.7686988575376765,-3.113486244864979e-13,-2.050891638006598e-14,2.609431658815841,-8.412797638744406e-14,-7.011697446528071e-15,0.053495193365506705,-1.5099831107701055e-15,-2.585605340943425e-18,68.7358186026507,-0.014943136573729185,0.00011473958227846133,0.0011008564033367606,5405.927644516597,5414.240652775241,5791.541174455187,5773.670673218082,0.5380760636576324,0.7617919729610866,2.6094316588159,0
2.801999999999913,0.0,2.0,1.0,0.0,4.6161945228286885e-14,1.4770629157381472,1.001917510757364,2.5237244431831e-14,0.752679726466611,0.004061874467930544,-5.337731645036013e-14,-0.642097705556267,-0.011948896430604702,3.7494148655751616,-3.1079823220960624e-13,-2.0367604708658034e-14,2.669559778798879,-8.583092785660971e-14,-7.0977053141899266e-15,0.05163160558243464,-1.4400702852412882e-15,-1.3021701772419898e-17,68.7334754664004,-0.01508681799303855,0.00011317465912290966,0.0011116358802393562,5405.83400879593,5414.1492610347,5791.49336487452,5773.521761645821,0.5229405998235295,0.7526906864430073,2.6695597787989325,0
2.821999999999911,0.0,2.0,1.0,0.0,4.666339372862744e-14,1.4920144932516783,1.0019983267520163,2.4936810067317053e-14,0.7433755803823816,0.004021155034643554,-5.3267616460985357e-14,-0.6384417652592309,-0.012032458802533699,3.7281587384542565,-3.101771700236636e-13,-2.0211340682683864e-14,2.727541586885208,-8.742608364726405e-14,-7.185008453697034e-15,0.04975114420747353,-1.358177459387375e-15,-1.0024099605931972e-17,68.73122300289248,-0.015216597936006188,0.00011159716749171457,0.0011213843743309723,5405.744079185943,5414.061292300005,5791.444516736406,5773.381532549796,0.507989437268293,0.743386456156322,2.7275415868851614,0
2.8419999999999086,0.0,2.0,1.0,0.0,4.71588116631657e-14,1.5067778259855293,1.0020781538946877,2.4633040946099974e-14,0.7338760234573836,0.003964641186507904,-5.315116805740759e-14,-0.634456507961223,-0.012082430351459566,3.7049708294759562,-3.095169429520832e-13,-2.0042528158078384e-14,2.783358830647627,-8.898826575830082e-14,-7.264744191430946e-15,0.04785552589672247,-1.3345990979018982e-15,-1.2799657167494863e-17,68.72906564433984,-0.015332591611708477,0.00011001198052092827,0.0011301100822668853,5405.6580290711945,5413.976924273851,5791.394854964723,5773.250132632374,0.4932265520662597,0.7338867325312265,2.783358830647592,0
2.8619999999999064,0.0,2.0,1.0,0.0,4.7648037195826905e-14,1.5213490881885057,1.002156681270012,2.4323044118001435e-14,0.724188560453471,0.0038927904485810297,-5.3023852621198855e-14,-0.6301490126461954,-0.012099095190884368,3.679892382744119,-3.087935123539021e-13,-1.9859960700955163e-14,2.836995215526863,-9.042901313680876e-14,-7.33853490418957e-15,0.045946452431548296,-1.2813118621668425e-15,4.242266260501291e-18,68.72700739892082,-0.015434922749439984,0.00010842370915167856,0.0011378218522675773,5405.576015071915,5413.896317952598,5791.344589724754,5773.127687744005,0.4786557705199796,0.7241990229965428,2.8369952155268687,0
2.881999999999904,0.0,2.0,1.0,0.0,4.8131023034081017e-14,1.5357246047575248,1.0022336075035407,2.4005673309801707e-14,0.7143207454018053,0.0038060955038338056,-5.288703867112169e-14,-0.6255264934902202,-0.012082827136850653,3.6529654882144578,-3.08014792382674e-13,-1.9664527636127154e-14,2.88843638712689,-9.183248794427272e-14,-7.396866244257615e-15,0.04402560967613584,-1.1600512217491119e-15,1.9896410907715998e-17,68.72505184935763,-0.015523723386765132,0.00010683669734574969,0.0011445291687347205,5405.4981769876795,5413.819617563975,5791.293916290636,5773.0143028934335,0.4642807681027036,0.7143308852866262,2.888436387126883,0
2.901999999999902,0.0,2.0,1.0,0.0,4.8607592807288e-14,1.5499008521505668,1.0023086414401865,2.368438156748815e-14,0.7042801750301637,0.0037050819394056655,-5.2738994747383106e-14,-0.6205962924273629,-0.012034086575635488,3.624233036610818,-3.0717064505727026e-13,-1.9455973326451288e-14,2.9376699123322783,-9.306934620332393e-14,-7.443053333439262e-15,0.04209466656137835,-1.0561135299624856e-15,1.2624450096421223e-17,68.72320215284803,-0.015599133656850837,0.00010525501836833426,0.001150242136735989,5405.424637794538,5413.7469505585605,5791.243014969031,5772.910062315537,0.4501050685340982,0.704289920822878,2.9376699123323,0
2.9219999999999,0.0,2.0,1.0,0.0,4.907775046878639e-14,1.563874459169093,1.0023815027771164,2.3363883865046866e-14,0.6940744822746421,0.003590305950923984,-5.258982686626467e-14,-0.6153658717511508,-0.01195341715501463,3.593738674255973,-3.0631988128858207e-13,-1.9238406267009637e-14,2.9846852592778306,-9.428180979888418e-14,-7.493844078633949e-15,0.04015527409521132,-1.0898504321232825e-15,1.1680760525489839e-17,68.7214610423127,-0.015661301574860436,0.00010368247211272465,0.0011549714663441888,5405.355503694033,5413.6784276536255,5791.192051077327,5772.815029595337,0.43613204298758945,0.6940837681732902,2.984685259277797,0
2.9419999999998976,0.0,2.0,1.0,0.0,4.954148915279214e-14,1.5776422076116536,1.0024519226503459,2.3044370545479754e-14,0.6837113298783811,0.0034623520129342675,-5.243793505244043e-14,-0.6098428067556693,-0.011841442313692788,3.561526757864015,-3.0545313965285207e-13,-1.9011572319586315e-14,3.0294737762008634,-9.559225900777572e-14,-7.547564353087491e-15,0.03820906439951605,-1.2689918560404553e-15,1.3845695423508894e-17,68.71983082891822,-0.015710382823205356,0.00010212258343808285,0.0011587284568178075,5405.290864212611,5413.614142927743,5791.141174974708,5772.729247846577,0.4223649094276663,0.6837200965932814,3.029473776200845,0
2.9619999999998954,0.0,2.0,1.0,0.0,4.999884481292483e-14,1.591201032800449,1.0025196441744422,2.272190802904795e-14,0.673198404079797,0.003321830523361206,-5.228122086112143e-14,-0.604034778420163,-0.011698861663543156,3.527642309341507,-3.045581545428589e-13,-1.8775062615250734e-14,3.07202866920671,-9.720260379160538e-14,-7.620965870803301e-15,0.03625764977375315,-1.503571572802895e-15,8.960714115158206e-18,68.71831340583283,-0.01574654053547583,0.0001005786014912536,0.0011615249806117627,5405.230792349731,5413.5541739644805,5791.0905221441935,5772.652739943117,0.4088067320754215,0.6732065996509627,3.072028669206689,0
2.981999999999893,0.0,2.0,1.0,0.0,5.044955963703088e-14,1.6045480239826624,1.0025844229349055,2.2383790097091922e-14,0.6625434083926312,0.0031693754297740123,-5.210473999059845e-14,-0.5979495661408425,-0.011526447239341491,3.4921309706440926,-3.0354782294034836e-13,-1.8523935187745678e-14,3.112344978978141,-9.887554537204486e-14,-7.701763681013007e-15,0.034302621785496916,-1.4612963616933402e-15,5.741067343745252e-18,68.71691025316917,-0.015769945078889742,9.90534999799402e-05,0.00116337346720875,5405.175344772905,5413.498582043365,5791.040213323755,5772.585508801315,0.39546042100053885,0.6625509889398247,3.1123449789781206,0
3.001999999999891,0.0,2.0,1.0,0.0,5.08934536180627e-14,1.6176804246084233,1.002646027432944,2.203861116425443e-14,0.6517540574800008,0.0030056418450646167,-5.1912740460399774e-14,-0.5915950405134602,-0.011325039630656503,3.455038958735077,-3.0244683922302755e-13,-1.8260229145979413e-14,3.1504195564596986,-1.0050710610022486e-13,-7.784667443255624e-15,0.03234555038806607,-1.3815927568661096e-15,-1.3088488626244916e-18,68.71562244406678,-0.01578077383512199,9.754997836453817e-05,0.0011642868867634579,5405.1245620577965,5413.447412376277,5790.9903546844425,5772.527537711413,0.38232873183789284,0.6517609878817119,3.150419556459648,0
3.0219999999998888,0.0,2.0,1.0,0.0,5.1330406388638355e-14,1.6305956324873079,1.0027042394825183,2.1692456147234198e-14,0.6408380711244979,0.0028313036599643287,-5.171524689455869e-14,-0.5849791561700765,-0.011095544010493976,3.4164130206919023,-3.013135625477101e-13,-1.7987944912966272e-14,3.186251037548078,-1.0208348847684546e-13,-7.86727698903459e-15,0.030387983065459027,-1.4261820890926177e-15,1.1514227071796067e-17,68.71445065186404,-0.015779210979396666,9.607046393220862e-05,0.0011642787335535208,5405.078468971417,5413.40069438725,5790.941038053443,5772.4787907158725,0.36941426562685814,0.6408443256228317,3.186251037548047,0
3.0419999999998866,0.0,2.0,1.0,0.0,5.176036090434329e-14,1.6432911998253128,1.0027588545596684,2.133896864356994e-14,0.6298031682962543,0.002647051159623462,-5.150762574202938e-14,-0.5781099446733015,-0.010838926075194964,3.3763003890057646,-3.001209585153781e-13,-1.7705894352967417e-14,3.219839816820005,-1.0368816338700102e-13,-7.926913717029828e-15,0.02843144400481499,-1.4191807451435752e-15,3.105415230519882e-17,68.7133951583082,-0.015765447257752984,9.46171147170139e-05,0.0011633630092331593,5405.037074796418,5413.358442033684,5790.892341179852,5772.439213032527,0.3567194687713951,0.6298087310254135,3.2198398168199525,0
3.0619999999998844,0.0,2.0,1.0,0.0,5.218321221333939e-14,1.6557648331442862,1.0028096821042811,2.0981477482328053e-14,0.6186570613207872,0.0024535886512659626,-5.129069722373834e-14,-0.5709955074711891,-0.010556207909934499,3.334748737118967,-2.9887376831313744e-13,-1.7414822986743048e-14,3.251188020329313,-1.053277391363576e-13,-7.992376849174032e-15,0.026477433296633615,-1.4544546123040875e-15,1.7231875648615623e-17,68.71245586274992,-0.015739679762412553,9.319182322868435e-05,0.001161554205887095,5405.000373694332,5413.320654166796,5790.844328040961,5772.40873152026,0.344246633118914,0.6186619267575321,3.2511880203293124,0
3.081999999999882,0.0,2.0,1.0,0.0,5.259884490612009e-14,1.66801439308583,1.0028565457745982,2.0620271273555016e-14,0.6074074501483312,0.002251632109698896,-5.106567739304497e-14,-0.5636440089158508,-0.010248463794008487,3.291806135243703,-2.9757904324591953e-13,-1.711560178692144e-14,3.2802994775051446,-1.0699651567280626e-13,-8.064944599728864e-15,0.02452742616299425,-1.5432446986984846e-15,1.534449650675285e-17,68.7116322922674,-0.015702111705208688,9.179622094998845e-05,0.001158867288884303,5404.968345105631,5413.287314929183,5790.797049186704,5772.3872551849645,0.33199789615588254,0.6074116234834949,3.2802994775051775,0
3.10199999999988,0.0,2.0,1.0,0.0,5.300720277051103e-14,1.6800378941017178,1.0028992836548911,2.0249429625402877e-14,0.5960620167262578,0.002041906847215377,-5.0828499361085045e-14,-0.5560636693487402,-0.009916815959856082,3.2475210065049245,-2.962130512054912e-13,-1.6807338577549463e-14,3.3071796921835444,-1.0878970521995206e-13,-8.14216699438736e-15,0.02258287221401,-1.5305708089829983e-15,3.105415230519882e-17,68.71092361266383,-0.01565295218904914,9.043168356271429e-05,0.0011553176795329623,5404.940954184384,5413.258394187213,5790.750542119937,5772.374675723336,0.31997524131809807,0.5960655141570819,3.307179692183558,0
3.1219999999998778,0.0,2.0,1.0,0.0,5.340805961210952e-14,1.691833504032914,1.0029377484168618,1.9871956400719583e-14,0.584628419476113,0.0018251452141724773,-5.057657638780227e-14,-0.5482627582554986,-0.009562430319528973,3.201942083449003,-2.9476068375660195e-13,-1.648970307220071e-14,3.3318358128049224,-1.1054146789237691e-13,-8.210189801431653e-15,0.020645194732766468,-1.5021699162343063e-15,3.005495158303618e-17,68.71032864028105,-0.015592415977419926,8.909933686126858e-05,0.0011509212375397388,5404.918152265226,5413.233847995998,5790.704831710177,5772.3708681021035,0.30818049841349926,0.5846312684198398,3.3318358128049104,0
3.1419999999998756,0.0,2.0,1.0,0.0,5.380132897066956e-14,1.703399543579292,1.0029718074354474,1.948875180993763e-14,0.5731142878767065,0.0016020843362608865,-5.031439779943988e-14,-0.540249587493136,-0.009186512172028547,3.155118364958608,-2.932480734348611e-13,-1.6164693971893013e-14,3.354276601810222,-1.1230520214333611e-13,-8.289800106850168e-15,0.01871578998898718,-1.482650807682615e-15,9.904403686089585e-18,68.70984585457082,-0.015520723261956177,8.780006331177875e-05,0.001145694243278528,5404.899877360389,5413.213619094612,5790.659930638333,5772.375691170185,0.2966153441553652,0.5731165271065256,3.3542766018102603,0
3.1619999999998734,0.0,2.0,1.0,0.0,5.418681893355106e-14,1.7147344856621993,1.0030013428598303,1.909794034879334e-14,0.5615272171546208,0.0013734638942058965,-5.003955188825298e-14,-0.5320325045922719,-0.008790301904620736,3.1070990736130257,-2.9166113742559095e-13,-1.5832046269443865e-14,3.3745124042688195,-1.1396736119203851e-13,-8.365442021745191e-15,0.016796026581658643,-1.4155274175031685e-15,2.855615049979222e-17,68.7094734113652,-0.015438099428126928,8.653450921381297e-05,0.0011396533798751914,5404.886054684367,5413.197637429225,5790.61583987003,5772.388988301277,0.28528130280369274,0.5615288968597087,3.374512404268802,0
3.181999999999871,0.0,2.0,1.0,0.0,5.456443250459474e-14,1.7258369546820223,1.0030262516405581,1.8702592533116632e-14,0.5498747630834369,0.0011400239513522994,-4.975349317958831e-14,-0.5236198861370757,-0.008375070700884241,3.0579336135317683,-2.9000832857373805e-13,-1.5492750343125296e-14,3.3925551157715157,-1.1555621655583227e-13,-8.419854451039777e-15,0.014887244810843473,-1.3771588036615136e-15,3.632771167216831e-17,68.70920915678617,-0.015344774819104587,8.530309242220416e-05,0.0011328157151169476,5404.876597203976,5413.185820701755,5790.572549155034,5772.410588064255,0.27417974691253094,0.5498759448554514,3.392555115771502,0
3.201999999999869,0.0,2.0,1.0,0.0,5.493413406792458e-14,1.7367057256729461,1.003046445513792,1.8306398250913838e-14,0.538164436892917,0.0009025028342952413,-4.9463753723596604e-14,-0.5150201312254976,-0.007942116267892024,3.0076715287379656,-2.883335310941493e-13,-1.5149632330499947e-14,3.408418149622175,-1.1718833100431133e-13,-8.4776880980017e-15,0.012990756078907824,-1.4671631964890943e-15,3.849264657018736e-17,68.70905064173508,-0.015240984497916228,8.410601058507929e-05,0.0011251986831963246,5404.871406211377,5413.178074941682,5790.5300375503375,5772.440304918854,0.2633118981809945,0.5381651936419118,3.4084181496222246,0
3.2219999999998667,0.0,2.0,1.0,0.0,5.529580269711664e-14,1.7473397233571162,1.0030618509437965,1.7900996372979124e-14,0.5264037002893228,0.0006616350714147288,-4.9159029973316155e-14,-0.5062416550123117,-0.007492758594502628,2.956362462076462,-2.865708386927074e-13,-1.4799692781176816e-14,3.422116403361886,-1.1884946597036006e-13,-8.532122277946869e-15,0.011107842321361291,-1.4591557129239851e-15,4.559807392778837e-17,68.70899513690159,-0.015126968007986796,8.294324985409557e-05,0.0011168200663014436,5404.870371917668,5413.174295098611,5790.488273964414,5772.477939934024,0.2526788284056672,0.526404116092626,3.4221164033619202,0
3.2419999999998645,0.0,2.0,1.0,0.0,5.5649286733189815e-14,1.7577380211004412,1.0030724090248782,1.748869788728846e-14,0.5145999605879964,0.000418149393870118,-4.8842839255607806e-14,-0.49729288233745184,-0.007028335752339461,2.9040561147200816,-2.847407369000025e-13,-1.4444552797017544e-14,3.4336662246596843,-1.2047959078439771e-13,-8.568242494201435e-15,0.00923975546750262,-1.416245593022223e-15,5.831012755974642e-17,68.70903964823286,-0.015002969132209363,8.181459402419836e-05,0.001107697976065687,5404.873374064741,5413.174365653225,5790.447217720197,5772.5232815263425,0.24228146053205646,0.514600130476162,3.433666224659694,0
3.2619999999998623,0.0,2.0,1.0,0.0,5.599436546098537e-14,1.767899839772293,1.0030780753440725,1.706254216760914e-14,0.5027605659592896,0.00017276680329547596,-4.850716738663431e-14,-0.4881822414420721,-0.0065501997505807074,2.8508022062959073,-2.82796489009993e-13,-1.4082412486401909e-14,3.4430853766040825,-1.21903018569183e-13,-8.588108826962861e-15,0.007387716931043314,-1.1368996022387258e-15,5.831012755974643e-17,68.70918093280271,-0.014869235650696163,8.071963405755369e-05,0.001097850834891389,5404.880282552978,5413.178161244207,5790.406819134369,5772.57610621588,0.23212056980274515,0.5027605956437652,3.443085376604068,0
3.28199999999986,0.0,2.0,1.0,0.0,5.633099105896462e-14,1.777824546511378,1.0030788198059577,1.663989956063612e-14,0.4908928007888739,-7.380128987538183e-05,-4.816977907375719e-14,-0.47891815777471425,-0.006059712455221483,2.7966504356617627,-2.8084165004019024e-13,-1.3718990703618624e-14,3.450393002429879,-1.232000883234755e-13,-8.589634182125091e-15,0.0055529171308634105,-1.082731126977874e-15,6.713640060551643e-17,68.70941551502172,-0.014726019097381358,7.965777794963849e-05,0.0010872973571633188,5404.890958082449,5413.185547308801,5790.3670201104505,5772.636179396948,0.22219678499985637,0.49089280633655186,3.450393002429865,0
3.301999999999858,0.0,2.0,1.0,0.0,5.665912095352326e-14,1.787511653400087,1.0030746264210402,1.6210840616208133e-14,0.4790038811534292,-0.00032085485384364924,-4.7819770018215375e-14,-0.4695090478899345,-0.005558241582970158,2.741650442361455,-2.7881264086097645e-13,-1.3351607442405827e-14,3.4556095897148578,-1.2444456076407468e-13,-8.58354446019492e-15,0.0037365150420248672,-9.725033278673559e-16,7.3076093787261e-17,68.70973970312991,-0.014573574515661438,7.862826089207257e-05,0.0010760565303691411,5404.905252805324,5413.196380734654,5790.327754743425,5772.703256121149,0.21251058977941245,0.4790039886137544,3.455609589714833,0
3.3219999999998557,0.0,2.0,1.0,0.0,5.697860816983047e-14,1.7969608160496353,1.0030654930592455,1.5780482597257855e-14,0.4671009504126677,-0.0005677069453477768,-4.746153848273516e-14,-0.4599633134417006,-0.005047156779482112,2.6858517687856582,-2.7673509903003257e-13,-1.2982009718025541e-14,3.4587569340811255,-1.2553709197155956e-13,-8.558661212640319e-15,0.0019396377771526748,-9.369310882689753e-16,7.785005279314918e-17,68.7101496059136,-0.014412160213276438,7.763015569169947e-05,0.001064147596144867,5404.923010987116,5413.210510520622,5790.28894993344,5772.777081890162,0.20306232409515634,0.467101295403463,3.458756934081093,0
3.3419999999998535,0.0,2.0,1.0,0.0,5.728945148073373e-14,1.8061718320983302,1.0030514311700873,1.5346297432579457e-14,0.45519107491861216,-0.0008136853390623824,-4.7096364854503e-14,-0.4502893352738313,-0.004527825791065573,2.6293038230635415,-2.7461648831130357e-13,-1.2611006770503313e-14,3.4598581024359047,-1.265950916121794e-13,-8.540155553983908e-15,0.00016338019826040616,-8.978998100594974e-16,7.207689306509836e-17,68.71064114958982,-0.014242037516651132,7.66623834014002e-05,0.0010515900312646808,5404.944069674602,5413.227778444289,5790.250526006326,5772.857393455813,0.1938521857093793,0.45519180217727184,3.4598581024359367,0
3.3619999999998513,0.0,2.0,1.0,0.0,5.759150815032108e-14,1.8151446396253221,1.0030324654711615,1.4903388103876378e-14,0.4432812398430105,-0.0010581340738412095,-4.6717209232653136e-14,-0.44049546760971836,-0.004001610738518368,2.572055842708581,-2.7241575870404246e-13,-1.2237194240823319e-14,3.458937395786748,-1.2750712491902815e-13,-8.496061111291944e-15,-0.0015911954409260128,-7.118403089201291e-16,8.789757116600685e-17,68.7112100948018,-0.014063470524921313,7.572372412176767e-05,0.001038403528595037,5404.968259368091,5413.248019733919,5790.212397338647,5772.943919624864,0.18488023178827373,0.443282502750193,3.4589373957867613,0
3.381999999999849,0.0,2.0,1.0,0.0,5.788476189945789e-14,1.8238793154822144,1.0030086336066506,1.446161556417425e-14,0.43137834512373746,-0.0013004149134706118,-4.633425136483776e-14,-0.43059003234354476,-0.0034698645011837985,2.5141568590402876,-2.7019227049883337e-13,-1.1863737416348705e-14,3.4560203116661206,-1.283461434957838e-13,-8.453655457008726e-15,-0.003323059822128233,-6.398909180305152e-16,8.745348195615679e-17,68.71185205367122,-0.013876725863887787,7.481282793282611e-05,0.0010246079780339196,5404.995404695936,5413.271063742694,5790.174472985082,5773.036382066191,0.17614638057931375,0.43138030520718207,3.456020311666139,0
3.401999999999847,0.0,2.0,1.0,0.0,5.816918927419805e-14,1.8323760735449153,1.0029799857775743,1.4021804940506908e-14,0.41948920153099434,-0.001539908719916558,-4.595049784193496e-14,-0.42058131343516547,-0.002933927218784313,2.4556556624017745,-2.679635635248666e-13,-1.1491761823941165e-14,3.4511335062003092,-1.2916706118561896e-13,-8.39681245003838e-15,-0.00503121685915946,-6.996972445882916e-16,9.378175319652016e-17,68.71256250685354,-0.013682072440149465,7.392822591451386e-05,0.0010102234474567869,5405.025325089141,5413.296734623096,5790.136657305985,5773.13449611793,0.16765041316815835,0.41949202795759644,3.451133506200317,0
3.4219999999998447,0.0,2.0,1.0,0.0,5.844467631638387e-14,1.8406352628881384,1.0029465843455534,1.35741888047839e-14,0.407620526854086,-0.0017760167373632315,-4.5549551607539735e-14,-0.41047755141079306,-0.002395122918031612,2.3966007681914685,-2.65634024069573e-13,-1.111757713917156e-14,3.4443047558576105,-1.298749814084074e-13,-8.334729183678165e-15,-0.006714703964099773,-6.165901123011948e-16,8.434485748720633e-17,68.71333682054407,-0.013479781195670195,7.306834121743786e-05,0.0009952701636912085,5405.057835454004,5413.324851999334,5790.098850593024,5773.237971592284,0.15939197531255525,0.40762439591890726,3.444304755857644,0
3.4419999999998425,0.0,2.0,1.0,0.0,5.871118301894605e-14,1.848657365884975,1.0029085034118863,1.3121332374734604e-14,0.3957789422095175,-0.00200816178564888,-4.5143570042797167e-14,-0.40028693797159454,-0.0018547562704532726,2.3370403837255447,-2.632745556928429e-13,-1.0744678338801531e-14,3.4355629189106853,-1.3048339806756302e-13,-8.274439774228207e-15,-0.00837259228306957,-4.511807594198544e-16,8.201338913549352e-17,68.71417026338494,-0.013270124863047345,7.223150014633293e-05,0.0009797684935425842,5405.0927468407945,5413.355231635836,5790.060949690889,5773.346513575779,0.1513705793507156,0.39578403683099944,3.435562918910643,0
3.4619999999998403,0.0,2.0,1.0,0.0,5.896854585867271e-14,1.8564429962339652,1.002865828373765,1.2661855696526583e-14,0.38397096847111545,-0.0022357893620122463,-4.47210253139881e-14,-0.3900176107122632,-0.0013141094873205025,2.277022375945958,-2.608179375974493e-13,-1.0370766276759677e-14,3.424937896647826,-1.3079606048047608e-13,-8.210380912455467e-15,-0.010003986901710026,-1.4866580189121092e-16,7.002298046954184e-17,68.71505802322372,-0.013053377721749906,7.141594321699937e-05,0.0009637389248937648,5405.129867106514,5413.387686099848,5790.022848613131,5773.459823222758,0.14358560618164062,0.38397747770242674,3.4249378966478594,0
3.481999999999838,0.0,2.0,1.0,0.0,5.921678760085033e-14,1.8639928969161241,1.002818655459472,1.2209802527117821e-14,0.3722030228228413,-0.002458368650362686,-4.4301536660232054e-14,-0.3796776479515962,-0.000774439356989471,2.2165942399873577,-2.58378601066881e-13,-1.0000848581533333e-14,3.4124605943677957,-1.3088460262702854e-13,-8.137149731035217e-15,-0.011608027020505784,-7.024936188315534e-17,7.213240421632963e-17,68.7159952236769,-0.012829815355601546,7.061983615359589e-05,0.0009472020479014682,5405.169001569937,5413.422025416264,5789.984439150238,5773.577598540063,0.13603630731487548,0.3722111413900471,3.412460594367844,0
3.501999999999836,0.0,2.0,1.0,0.0,5.945602657059238e-14,1.8713079380843767,1.0027670912444144,1.1758097375848172e-14,0.360481415434924,-0.0026753934375807883,-4.388132604956442e-14,-0.36927506367706503,-0.00023697442941210834,2.155803068614532,-2.5593452841882304e-13,-9.63430401250934e-15,3.3981628821926635,-1.3095001032608036e-13,-8.040410222509035e-15,-0.013183886100127426,-8.465450562765387e-18,1.0116473631027746e-16,68.71697694045315,-0.012599714411781917,6.98412807888544e-05,0.0009301785363124306,5405.2099536570695,5413.458057712914,5789.945611468182,5773.6995351608475,0.12872180698719835,0.360491343313556,3.3981628821926146,0
3.5219999999998337,0.0,2.0,1.0,0.0,5.968617480598493e-14,1.8783891148878795,1.0027112521498558,1.1303574357798871e-14,0.3488123462638981,-0.0028863829366452894,-4.344877686175191e-14,-0.3588178026053229,0.00029708764799961634,2.0946955225404547,-2.5341798138988515e-13,-9.268922481204462e-15,3.382077555732889,-1.308574658004029e-13,-7.911219894370475e-15,-0.014730771976997813,1.3172796187177627e-16,1.1054612086836001e-16,68.71799821739343,-0.012363352361625453,6.907832583636046e-05,0.0009126891289223642,5405.252525535367,5413.495589854572,5789.9062546957275,5773.825327105644,0.12164110434377627,0.34882428830656637,3.3820775557328546,0
3.5419999999998315,0.0,2.0,1.0,0.0,5.990719520371029e-14,1.8852375452337107,1.0026512639262097,1.0847472217322757e-14,0.3372019019770879,-0.0030908825166607104,-4.301329820056148e-14,-0.3483137353605454,0.0008265826395180507,2.0333178016335114,-2.508838530510703e-13,-8.907128391454448e-15,3.3642382966386077,-1.3053508583741047e-13,-7.765159299387868e-15,-0.01624792694932272,3.35419192420973e-16,1.119894108003727e-16,68.71905408218659,-0.012121007263493265,6.832897750241603e-05,0.000894754611200427,5405.296518735108,5413.534428064072,5789.866257498863,5773.954667528797,0.11479307568137995,0.3372160676060638,3.3642382966386015,0
3.5619999999998293,0.0,2.0,1.0,0.0,6.011918251269475e-14,1.8918544674884217,1.0025872611227564,1.0397038741721143e-14,0.32565605300203193,-0.0032884643401345157,-4.2580233135529285e-14,-0.3377706537724478,0.001350382072176335,1.9717156170209567,-2.4836332605268075e-13,-8.55028510318025e-15,3.344679633070798,-1.3009831452212614e-13,-7.622319396740935e-15,-0.017734627833867738,4.1832509678485655e-16,9.79450895388645e-17,68.720139561722,-0.011872957527989137,6.759120990633135e-05,0.0008763957971017119,5405.341734756318,5413.574378528976,5789.825508640874,5774.0872494485775,0.10817647675132598,0.32567265598232004,3.3446796330708493,0
3.581999999999827,0.0,2.0,1.0,0.0,6.032220561365792e-14,1.8982412381219582,1.0025193865456261,9.948654647727504e-15,0.31418065070129375,-0.003478727908114323,-4.2143945002061906e-14,-0.3271962662957758,0.0018673954262530962,1.9099341640942669,-2.4582354204181103e-13,-8.197475758913784e-15,3.3234369001256763,-1.2961054381789932e-13,-7.465045562364324e-15,-0.01919018599378278,4.884426196838392e-16,1.1032407626343498e-16,68.72124969704223,-0.011619481685794662,6.686297528139292e-05,0.0008576335110900698,5405.387975659859,5413.615247992364,5789.783897526548,5774.22276645928,0.10178994511992966,0.3141999090116785,3.3234369001256288,0
3.601999999999825,0.0,2.0,1.0,0.0,6.051624482526512e-14,1.9043993292964592,1.0024477907058849,9.500671261977303e-15,0.3027814246730506,-0.0036613005140519387,-4.170274690144137e-14,-0.31659819355299756,0.0023765721631753218,1.848018096420654,-2.4325467973203626e-13,-7.848658437646734e-15,3.3005462002452517,-1.289850869257278e-13,-7.299200104541431e-15,-0.020613947337826122,6.000061558708596e-16,1.208156838461427e-16,68.72237955786159,-0.01136085815838462,6.614221392942164e-05,0.0008384885703928433,5405.435044641313,5413.656844326322,5789.7413147292455,5774.3609134237895,0.0956320025844208,0.30280356049507806,3.3005462002452237,0
3.6219999999998227,0.0,2.0,1.0,0.0,6.070136649436881e-14,1.910330326402454,1.0023726312595398,9.057596486346623e-15,0.29146398017779906,-0.0038358376075048398,-4.1263800580136214e-14,-0.3059839640018726,0.002876903589377958,1.7860115005636947,-2.4069853325777105e-13,-7.50543312213664e-15,3.276044363646609,-1.2825970945697053e-13,-7.110319054905617e-15,-0.022005292291354082,6.405778685270053e-16,1.296419568919127e-16,68.72352425661815,-0.011097365031887746,6.542686390307282e-05,0.0008189817675087748,5405.48274658636,5413.698977086947,5789.69765249952,5774.501387145163,0.08970105764250597,0.2914892200257766,3.2760443636466037,0
3.6419999999998205,0.0,2.0,1.0,0.0,6.08775755200949e-14,1.9160359255449846,1.0022940724412466,8.609663946547107e-15,0.2802337956914558,-0.004002023069022194,-4.0814428369356505e-14,-0.29536100972949914,0.0033674245551870135,1.7239578718147677,-2.380811715148307e-13,-7.165725298356478e-15,3.2499689088020114,-1.2736000498025373e-13,-6.916315304176056e-15,-0.023363635739490247,8.91911544620429e-16,1.2592270975941847e-16,68.72467896202991,-0.01082927983434321,6.471487039175737e-05,0.000799133852989638,5405.530888606527,5413.741458049607,5789.652805254191,5774.643887015892,0.08399540801408764,0.2802623707105283,3.249968908801964,0
3.6619999999998183,0.0,2.0,1.0,0.0,6.104491002663185e-14,1.9215179309821817,1.0022122844934833,8.169818152235122e-15,0.2690962205850719,-0.004159569397785221,-4.036894617598154e-14,-0.2847366623743781,0.0038472149882989425,1.6619000908358006,-2.354861219261143e-13,-6.83233913508685e-15,3.222358003001427,-1.2624837223117894e-13,-6.703834686195639e-15,-0.024688426942908466,1.014507922114662e-15,1.3835720763522023e-16,68.72583891212716,-0.010556879316600055,6.400419479053523e-05,0.0007789655185154188,5405.579280554175,5413.784101723413,5789.606670044757,5774.78811564359,0.07851324321410816,0.2691283670495265,3.222358003001387,0
3.681999999999816,0.0,2.0,1.0,0.0,6.120353196702644e-14,1.9267782525188302,1.0021274430929148,7.734026598000922e-15,0.2580564729313149,-0.004308217813786303,-3.992840165724628e-14,-0.2741181491779482,0.004315401261921545,1.5998804012126617,-2.3291951769853324e-13,-6.505544654773655e-15,3.1932504230285623,-1.2506315446396048e-13,-6.4676867332797734e-15,-0.025979149426703166,1.1340373085033682e-15,1.4901534867162172e-16,68.72699942673643,-0.010280439237093953,6.329282342947774e-05,0.0007584973802820346,5405.627735515806,5413.826725843917,5789.559147004239,5774.933779451985,0.07325264717612458,0.25809243298183204,3.193250423028611,0
3.701999999999814,0.0,2.0,1.0,0.0,6.135350537108378e-14,1.931818902857457,1.002039728775635,7.308152638654516e-15,0.2471196374378034,-0.004447738276533899,-3.948839752505964e-14,-0.2635125891669743,0.004771157398128917,1.5379403879174922,-2.303557290803634e-13,-6.184722356328938e-15,3.1626855159809577,-1.2377368055054033e-13,-6.224249250218741e-15,-0.027235320842834913,1.0981493492323603e-15,1.5212397314057213e-16,68.72815591939333,-0.010000234150732085,6.257877594664611e-05,0.0007377499627199773,5405.676070282731,5413.869151843138,5789.510139771547,5775.080589256231,0.06821160092710793,0.24715966010489648,3.162685515980976,0
3.7219999999998117,0.0,2.0,1.0,0.0,6.149502348134223e-14,1.9366419949094842,1.001949326362932,6.883224598406119e-15,0.236290663507312,-0.004577929422459446,-3.905043323638656e-14,-0.2529269894680865,0.005213706107449473,1.4761209566772397,-2.278035239412052e-13,-5.87023993831311e-15,3.130703160264062,-1.2254815727066912e-13,-5.980287864026683e-15,-0.028456492806684573,1.1554472656438744e-15,1.541223745848974e-16,68.72930390866392,-0.009716537202098637,6.186011328721822e-05,0.0007167436825609462,5405.72410579837,5413.91120529611,5789.45955589265,5775.228260811522,0.06338798531519241,0.23633500607934232,3.130703160264027,0
3.7419999999998095,0.0,2.0,1.0,0.0,6.162807161043522e-14,1.9412497390689814,1.0018564243891779,6.4645257140170495e-15,0.22557436342478648,-0.004698618423384131,-3.8614379982626935e-14,-0.242368241755676,0.005642319666150171,1.4144623142447208,-2.2526217164956843e-13,-5.56218275877723e-15,3.097343726788641,-1.2122610548629192e-13,-5.737828930327573e-15,-0.029642250708260223,1.1621537066020005e-15,1.4862677061300283e-16,68.73043902885684,-0.009429619923189296,6.113494531331369e-05,0.000695498833269002,5405.77166758144,5413.952716343276,5789.407307197817,5775.376515334316,0.05877958379382684,0.22562329323362473,3.0973437267886874,0
3.7619999999998073,0.0,2.0,1.0,0.0,6.175278817684751e-14,1.9456444404515485,1.001761214533396,6.0488255551907435e-15,0.21497541067103743,-0.0048096607685672735,-3.817872633891726e-14,-0.23184311883426406,0.00605632063312043,1.3530039495676096,-2.2272287550053664e-13,-5.260439060770327e-15,3.0626480404001937,-1.1988302176028606e-13,-5.502630173392189e-15,-0.030792213498634802,1.2132378435225656e-15,1.383572076352201e-16,68.73155704011091,-0.009139752035865437,6.0401438011495346e-05,0.0006740355698514449,5405.818586124453,5413.993520088098,5789.35331015444,5775.525079995381,0.05438408526819131,0.2150292073879497,3.06264804040022,0
3.781999999999805,0.0,2.0,1.0,0.0,6.186930200630348e-14,1.9498284961008674,1.0016638910560007,5.64075558209794e-15,0.20449833836289844,-0.0049109399730153614,-3.774635474823868e-14,-0.22135827135636554,0.006455082408675537,1.2917846158499982,-2.2020247082527445e-13,-4.965503115033149e-15,3.0266573415683737,-1.1857694954056228e-13,-5.2852827189240395e-15,-0.03190603345221055,1.1794593079983455e-15,1.2703293278404352e-16,68.73265383784482,-0.008847201259211424,5.9657820286244496e-05,0.0006523738940638014,5405.864697267014,5414.033456969394,5789.297486194854,5775.673688384087,0.0501990870130814,0.20455729692339275,3.026657341568421,0
3.801999999999803,0.0,2.0,1.0,0.0,6.197762406993667e-14,1.9538043921654447,1.001564650242156,5.232193746881204e-15,0.19414753781955532,-0.005002367214872257,-3.731189747247025e-14,-0.2109202246767673,0.006838029637991296,1.230842313500348,-2.1766966332637211e-13,-4.676753773007675e-15,2.9894132483637565,-1.171814082897128e-13,-5.0603909175212854e-15,-0.03298339590543231,1.287626255619403e-15,1.273104885401998e-16,68.73372546155852,-0.008552233121960203,5.890239032912058e-05,0.0006305336400219639,5405.909842543489,5414.072373107971,5789.239762018867,5775.82208094347,0.04622209767615821,0.19421197213134955,2.9894132483637406,0
3.8219999999998007,0.0,2.0,1.0,0.0,6.207783279064457e-14,1.9575747010480642,1.0014636898531408,4.83099219233853e-15,0.18392725725466846,-0.0050838809048413145,-3.6879388527383554e-14,-0.20053537584403733,0.007204638462262703,1.1702142739589698,-2.1514800554686574e-13,-4.394813772690574e-15,2.9509577187485028,-1.1566708186222143e-13,-4.839096140260438e-15,-0.03402401897258795,1.3305884172254445e-15,1.1970546082151746e-16,68.73476810297744,-0.00825511078014424,5.8133521556010484e-05,0.0006085344602337195,5405.953869504731,5414.11012062723,5789.180069870638,5775.970005375623,0.04245054038698816,0.1839975048914512,2.950957718748514,0
3.8419999999997985,0.0,2.0,1.0,0.0,6.217008929819104e-14,1.9611420785304623,1.0013612085870414,4.434083564046263e-15,0.17384160059382547,-0.005155446190707618,-3.644919132966894e-14,-0.19020999072997657,0.007554436621041223,1.1099369443975429,-2.1263963644416038e-13,-4.119781921045289e-15,2.9113330132067965,-1.1412546995861245e-13,-4.6363420341253224e-15,-0.035027653239351586,1.3993251002375496e-15,1.0283007084721508e-16,68.73577811353385,-0.00795609484011328,5.7349668105075755e-05,0.0005863958120606011,5405.996632013625,5414.146557947517,5789.118347789724,5776.1172170171885,0.03888175600137157,0.17391802874471762,2.9113330132067947,0
3.8619999999997963,0.0,2.0,1.0,0.0,6.225451312534684e-14,1.9645092608757249,1.0012574055500418,4.048820766063862e-15,0.16389452641677218,-0.005217054400133824,-3.602708865779442e-14,-0.17995020129761177,0.00788700340953081,1.0500459732825604,-2.1017831046546366e-13,-3.852318657112017e-15,2.8705816577401126,-1.1257809554779671e-13,-4.451455035740272e-15,-0.03599408143474818,1.2939753435414783e-15,9.716793342162679e-17,68.73675201118085,-0.007655443187043462,5.654936989109981e-05,0.0005641369446197848,5406.037990514284,5414.181550054052,5789.0545398361655,5776.263479184688,0.03551300652302801,0.16397753945584131,2.87058165774013,0
3.881999999999794,0.0,2.0,1.0,0.0,6.233126620513646e-14,1.9676790619108984,1.0011524797395028,3.663974746806721e-15,0.15408984702378328,-0.005268722424996181,-3.560517055579879e-14,-0.16976200300821992,0.008201969494956713,0.9905761967940998,-2.077178997289179e-13,-3.5915544239365024e-15,2.8287464072516197,-1.1111487463977122e-13,-4.277608831676606e-15,-0.036923118082227535,1.3197810899701094e-15,9.183886290342604e-17,68.73768648653765,-0.007353410819053657,5.5731257212235776e-05,0.0005417768861347897,5406.077812274876,5414.214968738392,5788.9885962896005,5776.408563489648,0.03234147876194757,0.154179896198579,2.828746407251587,0
3.901999999999792,0.0,2.0,1.0,0.0,6.240040256889082e-14,1.9706543700922818,1.001046629539972,3.2881553327731275e-15,0.14443122762544067,-0.005310492050607746,-3.518658648628079e-14,-0.1596512523677529,0.008499016596391643,0.9315616260907917,-2.0527679490153505e-13,-3.337852082347018e-15,2.785870209343221,-1.0966088962260758e-13,-4.110066056102405e-15,-0.0378146091305469,1.2352445455388075e-15,8.201338913549343e-17,68.73857840836585,-0.00705024968702902,5.489405490827596e-05,0.0005193344317425416,5406.115971604039,5414.246692813423,5788.920473822396,5776.552250123469,0.029364288312075687,0.1445288235585256,2.7858702093432406,0
3.9219999999997897,0.0,2.0,1.0,0.0,6.246206583982327e-14,1.973438145555871,1.000940052233175,2.916991879808785e-15,0.13492218565499806,-0.0053424292332429416,-3.47739202589366e-14,-0.14962366461292098,0.008777877032743037,0.8730354354114689,-2.0287008630598972e-13,-3.091440312998997e-15,2.741996168547895,-1.082863044238088e-13,-3.9418283293204814e-15,-0.03866843156517981,1.1575219949211427e-15,9.400379780144513e-17,68.73942482837977,-0.006746208540235705,5.403658606910646e-05,0.0004968281317630734,5406.152350041049,5414.276608302018,5788.850135647027,5776.694328112167,0.026578483961885342,0.13502791464002534,2.741996168547854,0
3.9419999999997875,0.0,2.0,1.0,0.0,6.251634407890515e-14,1.9760334171553828,1.0008329435230001,2.5478444819614253e-15,0.12556609020241674,-0.005364623329434888,-3.435720621246248e-14,-0.1396848115370669,0.009038333143789266,0.8150299510035711,-2.0043965025295152e-13,-2.8514375665111412e-15,2.6971675110192423,-1.0698043971471677e-13,-3.7807044892771605e-15,-0.039484493000975944,1.1508953512429114e-15,7.585165134882382e-17,68.74022298539438,-0.006441532777798456,5.315777529496902e-05,0.0004742762804371596,5406.186836519857,5414.304608599502,5788.777551637786,5776.834595541125,0.023981052690830854,0.12568063570887988,2.6971675110192717,0
3.9619999999997852,0.0,2.0,1.0,0.0,6.256329462693284e-14,1.9784432794902964,1.0007254970763915,2.1831910231124973e-15,0.11636616156906528,-0.005377186280560048,-3.394428427108466e-14,-0.12984011945584842,0.009280216589450795,0.7575766408680665,-1.980312395567662e-13,-2.6185625863492255e-15,2.651427549699217,-1.0569074392549911e-13,-3.6418731209025945e-15,-0.04026273125679464,1.1433666513571722e-15,6.147426317992805e-17,68.74097030881758,-0.006136464306103588,5.225665151168371e-05,0.00045169690513611343,5406.219327507292,5414.330594610197,5788.702698427216,5776.972859750138,0.02156892545170778,0.1164903330350362,2.6514275496991746,0
3.981999999999783,0.0,2.0,1.0,0.0,6.260296091214415e-14,1.9806708899262984,1.000617904081009,1.8206516229746093e-15,0.10732547094198182,-0.005380251756257725,-3.352630256458707e-14,-0.12009486731261718,0.009503407532646599,0.7007061053103334,-1.9559322653782218e-13,-2.392151783387253e-15,2.6048196499842633,-1.043450206159024e-13,-3.505433504925002e-15,-0.04100311391286272,1.2022605133665847e-15,7.191035961140451e-17,68.74166442149408,-0.005831241402165566,5.133235034333068e-05,0.00042910775604660837,5406.249727115698,5414.354474858352,5788.625559477521,5777.108937499047,0.019338983988167573,0.10746024298259751,2.604819649984301,0
4.001999999999781,0.0,2.0,1.0,0.0,6.263549148243296e-14,1.9827194656105238,1.0005103528204409,1.4670584756511624e-15,0.0984469401865056,-0.005373974260252163,-3.3119045624013895e-14,-0.11045418492326736,0.009707833711287929,0.6444480682862176,-1.9321771195255184e-13,-2.17335436530924e-15,2.5573871959091727,-1.0303406279949942e-13,-3.3676699570466363e-15,-0.041705637851590364,1.1405702771138972e-15,5.470190272971458e-17,68.74230314191165,-0.005526098582992261,5.038411604948576e-05,0.0004065262963326155,5406.277947190485,5414.376165573877,5788.546125127448,5777.242655104444,0.017288068972190075,0.0985935070450142,2.557387195909204,0
4.021999999999779,0.0,2.0,1.0,0.0,6.266094264876754e-14,1.9845922804839353,1.000403028267678,1.1148970501876627e-15,0.08973334175599075,-0.0053585282021545435,-3.2707741408599546e-14,-0.10092305136019497,0.009893469405129031,0.5888313695322421,-1.908185280986689e-13,-1.961119860595125e-15,2.5091735568671574,-1.0170254232147048e-13,-3.244825563146972e-15,-0.04237032878258941,1.1641174135768061e-15,6.946786895722916e-17,68.74288448578011,-0.005221266480970354,4.9411303031202025e-05,0.00038396969277536334,5406.303907372917,5414.395590753315,5788.4643926150775,5777.373848547869,0.015412989731725243,0.08989319466561815,2.50917355686714,0
4.041999999999777,0.0,2.0,1.0,0.0,6.267945004127237e-14,1.986292662293174,1.0002961116974936,7.678382661528838e-16,0.0811872987172241,-0.005334106938822109,-3.2303504916138436e-14,-0.0915062934748925,0.010060334303326326,0.5338839574687854,-1.8846053232033263e-13,-1.756132263128531e-15,2.4602220548837597,-1.0042273967564772e-13,-3.1263756324642714e-15,-0.04299724075265122,1.1709071212617797e-15,5.686683762773363e-17,68.74340666699644,-0.0049169717252708234,4.841337691609365e-05,0.00036145480689119637,5406.327535138781,5414.412682196569,5788.380366077065,5777.502363556093,0.013710535698737874,0.08136233876821984,2.4602220548837708,0
4.061999999999775,0.0,2.0,1.0,0.0,6.269107448369151e-14,1.9878239896041758,1.0001897803182995,4.3243795805300856e-16,0.07281128489007696,-0.0053009217888366975,-3.1902416385464344e-14,-0.0822085845585735,0.010208492278683015,0.4796328828648658,-1.861208678529858e-13,-1.5580863802471956e-15,2.410575932461377,-9.915077722126872e-14,-2.9895905818010854e-15,-0.04358645564141592,9.778081122568975e-16,8.15137887744121e-17,68.74386809801058,-0.004613436829275703,4.7389915228540866e-05,0.00033899818652633097,5406.348765813421,5414.427379519986,5788.294056524975,5777.628055654101,0.01217748930315408,0.07300399289871283,2.4105759324614278,0
4.0819999999997725,0.0,2.0,1.0,0.0,6.269603392495315e-14,1.9891896888198268,1.0000842069239722,9.636150418929966e-17,0.0646076250998313,-0.005259201023646273,-3.1503050170544954e-14,-0.07303444314010625,0.010338050074665765,0.426104293253093,-1.8379122786124812e-13,-1.366866386109853e-15,2.3602783210103158,-9.809668508671379e-14,-2.854860627229279e-15,-0.04413808264349577,9.139286549775272e-16,8.212441143795595e-17,68.74426738960729,-0.004310880084002602,4.6340607656842894e-05,0.00031661605792646514,5406.367542563801,5414.439630146381,5788.205481799285,5777.750790191462,0.010810639140135143,0.06482132686429269,2.3602783210102767,0
4.10199999999977,0.0,2.0,1.0,0.0,6.269422014814517e-14,1.9903932312038835,0.9999795595660806,-2.406347213081455e-16,0.056578495540532694,-0.005209188838877369,-3.1098266588629477e-14,-0.06398823192040233,0.010449155911339379,0.37332342808317937,-1.814299685096431e-13,-1.182164147280184e-15,2.3093722098814315,-9.696965998692865e-14,-2.714879700194457e-15,-0.04465225773777841,9.783875098978736e-16,7.657329631483015e-17,68.74460335012151,-0.004009515457505537,4.5265255926967886e-05,0.00029432431827844483,5406.38381636827,5414.449389272735,5788.1146665018505,5777.8704423428135,0.009606790541766663,0.05681779480047745,2.309372209881419,0
4.121999999999768,0.0,2.0,1.0,0.0,6.268581840008259e-14,1.99143812991337,0.9998760012468753,-5.682218772872279e-16,0.04872592424763542,-0.005151144309287464,-3.070228795606286e-14,-0.055074156842298494,0.010541998016438216,0.32131461460241484,-1.7912007288263482e-13,-1.0045155338203011e-15,2.25790041601459,-9.594294231715756e-14,-2.5933712053602502e-15,-0.045129143144660114,8.860238931429644e-16,7.890476466654299e-17,68.74487498410534,-0.0037095525002078847,4.416377329539887e-05,0.0002721385287202453,5406.3975459647445,5414.456619816248,5788.02164190751,5777.986897083275,0.008562767956163727,0.048997448724208185,2.2579004160145657,0
4.141999999999766,0.0,2.0,1.0,0.0,6.267075118995586e-14,1.9923279370416118,0.999773689633324,-9.002030586544032e-16,0.04105179167812074,-0.005085340330772907,-3.029400591218805e-14,-0.04629626629483939,0.010616803087824917,0.270101264451383,-1.767384009634887e-13,-8.331786322175876e-16,2.2059055542162995,-9.477919113103092e-14,-2.438198173178553e-15,-0.0455689267719384,1.017907980127577e-15,9.750100032901436e-17,68.74508149046609,-0.0034111962561224683,4.3036183672012684e-05,0.00025007390781471854,5406.408697778067,5414.46129233955,5787.926445855649,5778.100049139624,0.0076754000820502535,0.041365568849752433,2.205905554216261,0
4.161999999999764,0.0,2.0,1.0,0.0,6.264921409658254e-14,1.9930662406740354,0.9996727767924205,-1.2226476604507333e-15,0.03355783139618743,-0.005012062552790723,-2.989742778346963e-14,-0.03765845045075746,0.010673834693608903,0.21970587096319877,-1.7442502125604524e-13,-6.68851866064242e-16,2.1534300080790665,-9.366434003522717e-14,-2.2803730709738735e-15,-0.04597182165008958,9.951379997819052e-16,1.1104572122944128e-16,68.74522226009584,-0.0031146471798978214,4.1882620389183185e-05,0.00022814532548188875,5406.417245827389,5414.463384955857,5787.829122622557,5778.2098029181125,0.006941476314011312,0.03393005775191121,2.1534300080790665,0
4.1819999999997615,0.0,2.0,1.0,0.0,6.262116514728897e-14,1.9936566619588263,0.9995734089479167,-1.5499252620668684e-15,0.026245630862534047,-0.004931608304482691,-2.9493012781940616e-14,-0.029164440735829474,0.010713391616189862,0.17015000715451425,-1.7206593733523338e-13,-5.109819044665674e-16,2.100515901554182,-9.240695586196263e-14,-2.1125276200460104e-15,-0.04633806535764879,1.2173699548423421e-15,9.98324686807272e-17,68.74529687301361,-0.0028201010596294674,4.070332462708398e-05,0.00020636729738389152,5406.423171614334,5414.462883214934,5787.729722775427,5778.316072409864,0.0063576660363940975,0.026704941487321072,2.1005159015541723,0
4.201999999999759,0.0,2.0,1.0,0.0,6.258652850810592e-14,1.9941028521944926,0.9994757262585742,-1.879965735166255e-15,0.019116632325174996,-0.004844285517715752,-2.907773023016622e-14,-0.020817809428676858,0.010735806146478562,0.12145432439653239,-1.6964347342848266e-13,-3.596070162525542e-16,2.047205071188834,-9.074593610680883e-14,-1.9329919221847814e-15,-0.04666791943740414,1.65191471612758e-15,1.1004652050727863e-16,68.7453050950429,-0.00252774894535672,3.9498643513971494e-05,0.0001847539797558822,5406.426463992922,5414.459779970721,5787.628303008916,5778.418781074838,0.005920406674878823,0.01972087050900837,2.0472050711888885,0
4.221999999999757,0.0,2.0,1.0,0.0,6.254547223280393e-14,1.99440848993634,0.9993798626179583,-2.1938823777139056e-15,0.012172133809659404,-0.004750411650169548,-2.868026761314965e-14,-0.012621969389464392,0.01074144233450298,0.0736385517542542,-1.6732500135627303e-13,-2.1505209740140832e-16,1.9935390390376013,-8.876924388747191e-14,-1.727781873672495e-15,-0.04696166880410727,1.812650723964639e-15,1.2014955003136757e-16,68.74524687404639,-0.0022377770831641074,3.826902791413119e-05,0.00016331916467576254,5406.427119022056,5414.454075231552,5787.5249259651555,5778.517861705286,0.005625793736408907,0.013066263900837153,1.9935390390375924,0
4.241999999999755,0.0,2.0,1.0,0.0,6.249824431065215e-14,1.994577278123827,0.9992859454757406,-2.4961719608013597e-15,0.005413290206490601,-0.0046503126115110946,-2.8291790993620126e-14,-0.0045801739158514735,0.010730694202563729,0.02672149598222682,-1.650589876348258e-13,-7.697990030295467e-17,1.939558986257684,-8.66558373627923e-14,-1.5148811061706346e-15,-0.04721962114438305,1.8467311013736795e-15,1.2109323960229895e-16,68.74512233574269,-0.001950366854801541,3.701502991865036e-05,0.00014207627576502598,5406.425139801559,5414.4457759938905,5787.419660038192,5778.61325626982,0.00546953255863256,0.007136463987470699,1.9395589862577705,0
4.261999999999753,0.0,2.0,1.0,0.0,6.244500265876712e-14,1.9946129412307139,0.9991940956804178,-2.7974889504254858e-15,-0.0011588855465231663,-0.004544321695601512,-2.7904316385295392e-14,0.0033044832755622445,0.010703983927014068,-0.019278957834972826,-1.627988564441312e-13,5.4778771387545e-17,1.8853057273963019,-8.442586239965206e-14,-1.3081602916404405e-15,-0.047442106309521906,2.0585304294495915e-15,1.1987199427521126e-16,68.74493177912792,-0.0016656947227260905,3.5737300057652004e-05,0.00012103836431249822,5406.420536292684,5414.434896060497,5787.312579163824,5778.704915739057,0.005447006880486185,0.004689762828017521,1.8853057273962615,0
4.2819999999997505,0.0,2.0,1.0,0.0,6.238590048383588e-14,1.9945192224398833,0.9991044273432935,-3.0843455360916207e-15,-0.0075435211893200215,-0.00443277852157697,-2.75294292811039e-14,0.011029067944146891,0.01066175999467112,-0.06434584500922537,-1.606122030663119e-13,1.8037510542247133e-16,1.8308196853780332,-8.20801932797938e-14,-1.0831492482295082e-15,-0.047629475701818864,2.088277467615642e-15,1.381351630302951e-16,68.74467567152752,-0.001383932180464592,3.443658424880978e-05,0.00010021810581226525,5406.413325124058,5414.421455844059,5787.2037625957855,5778.792799893971,0.005553464958646873,0.008749527836122031,1.8308196853780396,0
4.301999999999748,0.0,2.0,1.0,0.0,6.232109455281585e-14,1.994299880844655,0.9990170477235136,-3.365313837942138e-15,-0.0137398837744311,-0.004316027986538682,-2.7158647328836446e-14,0.018590805098459225,0.010604495339750443,-0.10846311935403892,-1.5844954285920212e-13,2.9995145111823184e-16,1.7761408671990968,-7.961053337419553e-14,-8.557346572742943e-16,-0.04778210165511371,2.183121738941198e-15,1.2625577666680593e-16,68.74435464330256,-0.0011052457081930642,3.3113720498464255e-05,7.962779690684499e-05,5406.403529384036,5414.405482157214,5787.093294669317,5778.87687711799,0.005784250475470465,0.014401822930291158,1.7761408671991348,0
4.321999999999746,0.0,2.0,1.0,0.0,6.225076011543091e-14,1.9939586886783738,0.9989320571338965,-3.6368642776131314e-15,-0.019747378214072124,-0.004194419232473173,-2.6797074857882154e-14,0.02598707864980758,0.010532685467104909,-0.15161565068008404,-1.5634065796164396e-13,4.1370841121727407e-16,1.7213088403347696,-7.702563947507201e-14,-6.297242483159081e-16,-0.047900376810166574,2.2575240288258434e-15,1.1004652050727865e-16,68.74396948223634,-0.0008297967334246056,3.176963537410076e-05,5.927935272616723e-05,5406.391178400481,5414.387007989983,5786.981264553115,5778.957124173973,0.006134977135252453,0.020187919630990984,1.7213088403348507,0
4.341999999999744,0.0,2.0,1.0,0.0,6.217515627270049e-14,1.9934994285739958,0.9988495488672454,-3.896981656201814e-15,-0.025565545741982387,-0.004068304629909145,-2.6446160594745414e-14,0.03321543094829803,0.01044684656741239,-0.1937892216927789,-1.542940027196559e-13,5.218644195261424e-16,1.6663627098655054,-7.44564340029937e-14,-4.470139438362191e-16,-0.04798471348550283,2.2595952886561592e-15,9.058986200072278e-17,68.74352112762581,-0.000557741596688803,3.040534026378078e-05,3.918430461275684e-05,5406.376307508918,5414.366072275595,5786.867765990663,5779.033525967126,0.006601588193263734,0.02588722139680375,1.6663627098654705,0
4.361999999999742,0.0,2.0,1.0,0.0,6.209446679328457e-14,1.9929258908553533,0.9987696091427795,-4.146079064126145e-15,-0.03119406229256165,-0.003938038780693213,-2.610491591252881e-14,0.04027356220357117,0.010347513629822317,-0.23497052430354992,-1.5230381096741883e-13,6.246028459098888e-16,1.611341096326536,-7.191527386275661e-14,-2.816594635672288e-16,-0.048035543044333204,2.200628568260755e-15,8.054234362786512e-17,68.74301066410412,-0.0002892315220913455,2.9021927440787937e-05,1.9353798223169155e-05,5406.358957810087,5414.342719645743,5786.752897031992,5779.106075295024,0.007180312099895496,0.03144165504152827,1.6113410963264423,0
4.381999999999739,0.0,2.0,1.0,0.0,6.200887252654794e-14,1.9922418708617238,0.9986923170722799,-4.390750700874523e-15,-0.03663273679989999,-0.003803977542146675,-2.5771018919632044e-14,0.047159329792526586,0.010235238557408655,-0.27514715536643064,-1.5035653734590767e-13,7.220512909219906e-16,1.5562821142850736,-6.94131084759281e-14,-1.1650292980304927e-16,-0.04805331525814677,2.2580583236564426e-15,9.19498852058886e-17,68.74243931521899,-2.4412592630730835e-05,2.762056595065652e-05,-2.014080043106702e-07,5406.339175917907,5414.317000176222,5786.636759756859,5779.174772585809,0.007867566483076023,0.03682971151925987,1.5562821142851286,0
4.401999999999737,0.0,2.0,1.0,0.0,6.191841411520013e-14,1.9914511663072714,0.9986177446454954,-4.630157344810209e-15,-0.04188150941933628,-0.003666477074733984,-2.5437166174798156e-14,0.053870747456402794,0.01011058829061819,-0.31430761185162964,-1.4840957168575098e-13,8.141389533768653e-16,1.501223351648574,-6.673896476588595e-14,6.130897782988763e-17,-0.048038497667562706,2.4144193588870885e-15,9.153355157165416e-17,68.74180843679314,0.00023657426984593014,2.6202497337937598e-05,-1.9470944026055422e-05,5406.317013698824,5414.288969124009,5786.519459990391,5779.239625625674,0.008659860701592664,0.04204169222785285,1.5012233516486517,0
4.421999999999735,0.0,2.0,1.0,0.0,6.1823274207973e-14,1.9905575746768878,0.9985459567343192,-4.857676804826876e-15,-0.046940449674216546,-0.003525892915246172,-2.5112090150161632e-14,0.060405984389651314,0.009974142943714426,-0.3524412854677006,-1.465138622705024e-13,9.012563524455929e-16,1.446201849706838,-6.389162921838901e-14,2.50607328297311e-16,-0.04799157494100055,2.5032267925162454e-15,1.1359923418607915e-16,68.74111951009111,0.0004935933201705954,2.4769031230498733e-05,-3.84448290237942e-05,5406.292528003531,5414.25868665673,5786.401107012172,5779.300649276754,0.009553723766208798,0.04707268567298279,1.4462018497068267,0
4.441999999999733,0.0,2.0,1.0,0.0,6.172369532401372e-14,1.9895648906598928,0.998477011115202,-5.073848248882754e-15,-0.05180975453055601,-0.003382579077369673,-2.4804754386456516e-14,0.06676336422311063,0.009826493959050088,-0.3895384567439614,-1.4472170643894614e-13,9.839387695818639e-16,1.3912540839100878,-6.094702502193265e-14,4.576702292794009e-16,-0.04791304823173082,2.553270095351225e-15,1.1396005666908233e-16,68.74037413481877,0.0007465140009893695,2.332154079782e-05,-5.71134719000639e-05,5406.265780392089,5414.226217575557,5786.281813259811,5779.357865186515,0.0105456627142731,0.0519200587993805,1.391254083910034,0
4.461999999999731,0.0,2.0,1.0,0.0,6.161997362781251e-14,1.9884769036230123,0.9984109585092372,-5.2780901099512876e-15,-0.05648974640233588,-0.00323688718137849,-2.4506223585141072e-14,0.07294136390404336,0.009668242283788087,-0.4255902885848033,-1.429809724085662e-13,1.0620753046318455e-15,1.33641594538455,-5.805644240115695e-14,6.638560873278127e-16,-0.04780343453383057,2.549984529087725e-15,1.2001077215328945e-16,68.73957402197924,0.0009952109496268243,2.186145810088655e-05,-7.54676714487907e-05,5406.23683685337,5414.191631032454,5786.161694027975,5779.411301489722,0.011632145243793685,0.056582407930603235,1.3364159453846065,0
4.481999999999728,0.0,2.0,1.0,0.0,6.151223182619188e-14,1.9872973951239845,0.9983478426393166,-5.473764774109072e-15,-0.06098087109019007,-0.003089165614552285,-2.4215298195890518e-14,0.07893861247566256,0.009499996573502971,-0.4605888193075886,-1.4128466110025593e-13,1.1357823835470415e-15,1.2817227231864674,-5.509733809157935e-14,8.63126721780896e-16,-0.04766326603757734,2.5874441478279687e-15,1.1137878813682886e-16,68.73872098661049,0.0012395640008052305,2.0390269351227137e-05,-9.349861621147863e-05,5406.205767519805,5414.155000242801,5786.0408671638215,5779.460992504045,0.012809597752491398,0.06105906634655095,1.281722723186428,0
4.501999999999726,0.0,2.0,1.0,0.0,6.140076637966164e-14,1.9860301364670996,0.9982877003037256,-5.650410308293597e-15,-0.06528369565625608,-0.0029397587237874824,-2.394542687073728e-14,0.0847538897588175,0.009322371426879349,-0.4945269551758226,-1.3971123893838843e-13,1.2058949177092062e-15,1.227209087294863,-5.2220127840817424e-14,1.0744825034073169e-15,-0.047493089484777685,2.3770638235554057e-15,1.3227873657539746e-16,68.73781694042843,0.0014794581853396305,1.8909510095027332e-05,-0.00011119788402930084,5406.172646378403,5414.11640219429,5785.919452759892,5779.506978420373,0.014074411439833722,0.0653498515674883,1.2272090872949502,0
4.521999999999724,0.0,2.0,1.0,0.0,6.128589709001968e-14,1.9846788863019214,0.9982305614655198,-5.820628563593678e-15,-0.0693989062379799,-0.0027890060417338322,-2.3685040066697875e-14,0.09038612493856,0.00913598565551037,-0.5273984624393434,-1.3819320323310012e-13,1.2720822026840418e-15,1.1729090723428053,-4.962196032153659e-14,1.2868637106435432e-15,-0.04729346552452901,2.2493187867844734e-15,1.2786560005251245e-16,68.73686388439936,0.0017147837249339457,1.7420760338388136e-05,-0.0001285574413013993,5406.137550978936,5414.075917353071,5785.797572845298,5779.5493049888555,0.01542295165254552,0.06945492597165986,1.172909072342725,0
4.541999999999722,0.0,2.0,1.0,0.0,6.116766228775263e-14,1.9832473882663755,0.998176449356999,-5.986648183231621e-15,-0.07332730580367577,-0.0026372415476543123,-2.3427053482396393e-14,0.09583439505835406,0.008941460592581073,-0.5591979588933207,-1.366892187838867e-13,1.334108024345246e-15,1.1188560620864092,-4.707713274827705e-14,1.4692177630745988e-15,-0.04706496806988022,2.248784491953872e-15,1.0185862570066816e-16,68.73586390126474,0.0019454360231949022,1.5925639631376874e-05,-0.000145569641959519,5406.100562140224,5414.03362936804,5785.675351076222,5779.588023201706,0.016851567785970637,0.07337471512317072,1.1188560620862995,0
4.56199999999972,0.0,2.0,1.0,0.0,6.104625626067176e-14,1.9817393686753408,0.9981253805985708,-6.139683627444022e-15,-0.07706981185264968,-0.0024847929640690342,-2.3179064813884785e-14,0.10109792342472847,0.00873941844399767,-0.5899209049679036,-1.3524361415770383e-13,1.39252585949224e-15,1.0650827746102147,-4.461839291924253e-14,1.6530339067996501e-15,-0.04680818365586176,2.1272827249729808e-15,1.2642231012049978e-16,68.73481914804107,0.0021713156529861643,1.4425802125516345e-05,-0.00016222722616906373,5406.061763655374,5413.989624774158,5785.552912426557,5779.623188973701,0.01835660247091869,0.07710985731459441,1.0650827746103602,0
4.581999999999717,0.0,2.0,1.0,0.0,6.0921788949907e-14,1.980158534255823,0.9980773653312809,-6.2863242959800894e-15,-0.08062745406269772,-0.002331981090112957,-2.293894271167559e-14,0.10617607792520439,0.008530480685290175,-0.6195635943604095,-1.3384395257605785e-13,1.4473679097384653e-15,1.0116212482671183,-4.2150063776790775e-14,1.821802573740338e-15,-0.04652371079933066,2.062716317197123e-15,8.925759437117265e-17,68.73373184851683,0.00239232834024547,1.2922931619884919e-05,-0.00017852331876649878,5406.021241996892,5413.943992695672,5785.430382879628,5779.65486282141,0.019934399588317428,0.08066117085957206,1.0116212482672562,0
4.601999999999715,0.0,2.0,1.0,0.0,6.079455272165888e-14,1.9785085699297307,0.9980324073622631,-6.423301101295622e-15,-0.08400137188779132,-0.0021791191724026614,-2.271126531553808e-14,0.11106836926235705,0.008315266507396887,-0.6481231442220202,-1.3251694555361237e-13,1.4990801010919234e-15,0.9585028283504945,-3.9871220304067085e-14,1.9700524738425983e-15,-0.04621215936104695,1.9565824654899105e-15,8.662081468768791e-17,68.73260428576789,0.002608384944366687,1.1418736611852957e-05,-0.00019445142744260144,5405.979086022452,5413.896824550095,5785.307889121817,5779.683109542028,0.021581311064283216,0.08402963191278746,0.9585028283503982,0
4.621999999999713,0.0,2.0,1.0,0.0,6.066456788997553e-14,1.9767931366452192,0.9979905043223537,-6.55928869518289e-15,-0.08719281210875639,-0.002026512314078153,-2.2483025850834913e-14,0.11577444910689808,0.008094391314194434,-0.6755974849110384,-1.311866991403548e-13,1.5469466087597845e-15,0.9057581544956794,-3.756306990105461e-14,2.1075526269257842e-15,-0.04587414991042369,2.0395438810050247e-15,9.958266850018663e-17,68.731438794712,0.0028194014352784626,9.914945365834804e-06,-0.00021000544068134038,5405.935386682156,5413.848213753731,5785.185558238905,5779.707997892739,0.023293702574858056,0.08721635876137002,0.9057581544956878,0
4.641999999999711,0.0,2.0,1.0,0.0,6.053203703531467e-14,1.9750158692575115,0.9979516478351004,-6.681189469272017e-15,-0.090203126339746,-0.0018744569225562144,-2.227050189134451e-14,0.12029410817267935,0.007868465274413889,-0.7019853493248173,-1.2994818970643088e-13,1.5921991259792589e-15,0.8534171488075123,-3.5297500473388387e-14,2.2616085756379742e-15,-0.0455103130933316,1.951204822714382e-15,1.0462030547442327e-16,68.73023775472228,0.0030252988673166027,8.413301015658318e-06,-0.00022517962546343145,5405.8902367280625,5413.7982554295695,5785.063517415948,5779.7296002714775,0.025067958344253093,0.09022260021867413,0.8534171488075644,0
4.661999999999709,0.0,2.0,1.0,0.0,6.039718105339947e-14,1.9731803744600493,0.9979158236963851,-6.7936010421763974e-15,-0.093033768493295,-0.0017232401964056945,-2.206672061773942e-14,0.12462727421653814,0.007638091930342627,-0.72728626182258,-1.2876073061803486e-13,1.6345172568792922e-15,0.801509004710172,-3.3178911022858094e-14,2.398804960366565e-15,-0.04512128900335898,1.8090633158163196e-15,8.506650245321268e-17,68.72900358231898,0.0032260033500056103,6.915556711848727e-06,-0.00023996862474373804,5405.84373042675,5413.747046118255,5784.941893641463,5779.747992399928,0.026900485218072243,0.09304972668868253,0.8015090047099624,0
4.681999999999706,0.0,2.0,1.0,0.0,6.026012922221859e-14,1.9712902287667746,0.9978830120638785,-6.900907949212318e-15,-0.09568629220673038,-0.0015731396516312623,-2.186786889814304e-14,0.12877400996591065,0.007403866865477678,-0.7515005267514282,-1.2760207046042014e-13,1.6737449651633174e-15,0.7500621765151263,-3.1181980753126304e-14,2.5201237302153434e-15,-0.044707726556900015,1.720566397689363e-15,7.984845423747445e-17,68.7277387239578,0.003421446015853061,5.423470829191914e-06,-0.00025436745471131203,5405.795963275611,5413.694683492908,5784.820813416607,5779.763253009568,0.02878771616828642,0.09569922300956954,0.7500621765148948,0
4.701999999999704,0.0,2.0,1.0,0.0,6.012096114910988e-14,1.9693489765462797,0.9978531876555307,-7.002807267946346e-15,-0.09816234823269404,-0.0014244226875320537,-2.1673344279659526e-14,0.1327345109771515,0.007166376433075276,-0.774629216587945,-1.2646869163429077e-13,1.7099394361183257e-15,0.6991043697025603,-2.921461742895664e-14,2.611810797071885e-15,-0.04427028287243924,1.670287172461651e-15,5.178756729007363e-17,68.72644564893234,0.003611562985262232,3.938802245687391e-06,-0.0002683715018406439,5405.74703172359,5413.641266078469,5784.700402470098,5779.775463531511,0.030726113356603968,0.09817268250663953,0.699104369702401,0
4.721999999999702,0.0,2.0,1.0,0.0,5.997978577082931e-14,1.9673601281085193,0.9978263199563105,-7.099384849609718e-15,-0.10046368179651259,-0.001277346192183108,-2.1486975091724285e-14,0.13650910342749636,0.006926196547289414,-0.7966741597078928,-1.2538293123455182e-13,1.7435102582272581e-15,0.6486625319112672,-2.7235265557431753e-14,2.6916892764706824e-15,-0.04380962265437389,1.6601650609793265e-15,4.446009532754759e-17,68.72512684240732,0.0037962953286587967,2.4633057052107185e-06,-0.00028197651974237444,5405.697032896998,5413.5868929761955,5784.580785479536,5779.784707790891,0.03271217085466207,0.10047180188194904,0.6486625319111569,0
4.7419999999997,0.0,2.0,1.0,0.0,5.983674098620551e-14,1.9653271578447111,0.9978023734324012,-7.194485249790706e-15,-0.1025921299231262,-0.0011321561874737026,-2.130376198354043e-14,0.14009824184360625,0.006683891538380836,-0.8176379277966118,-1.243156146974015e-13,1.7741631741677469e-15,0.5987628446315771,-2.5248391916620266e-14,2.7631546865024853e-15,-0.04332641758172431,1.7957770687138135e-15,4.713850837445579e-17,68.72378479859853,0.003975589025934829,9.987272750024786e-07,-0.0002951786258216045,5405.646064331061,5413.531663594002,5784.462085799726,5779.791071706482,0.03474241709576628,0.10259837669181926,0.5987628446317125,0
4.761999999999698,0.0,2.0,1.0,0.0,5.96918935273997e-14,1.9632535024210096,0.9977813077520584,-7.278890281223133e-15,-0.10454961873626163,-0.0009890875135270907,-2.1129316209357267e-14,0.1435025067696258,0.006440013073245016,-0.8375238229128324,-1.2329948362160585e-13,1.802464534957357e-15,0.5494307155955247,-2.314223440512931e-14,2.833438495867855e-15,-0.04282134570204871,1.8296510140292127e-15,4.758259758430585e-17,68.72242201411426,0.0041493949232976795,-4.532000906197328e-07,-0.0003079742977514629,5405.594223707726,5413.475677383166,5784.344425198622,5779.794642996216,0.03681341711406078,0.10455429724314101,0.5494307155957199,0
4.781999999999695,0.0,2.0,1.0,0.0,5.954538446858904e-14,1.9611425590264764,0.9977630780123526,-7.360733989054203e-15,-0.10633816073250495,-0.0008483635522181912,-2.0953565275951222e-14,0.1467226023776811,0.006195099142282781,-0.8563358642187159,-1.2227575813769834e-13,1.827654937627984e-15,0.5006907718580798,-2.091177445304021e-14,2.8988471151736e-15,-0.04229509083088433,1.996338858112348e-15,3.2747242417752197e-17,68.72104098147234,0.004317668687620946,-1.890760871207423e-06,-0.0003203603697695765,5405.541608600367,5413.419033582003,5784.227923601447,5779.7955108891865,0.03892177461254422,0.10634154479171717,0.5006907718584092,0
4.801999999999693,0.0,2.0,1.0,0.0,5.939740311117029e-14,1.9589976836758196,0.9977476349710123,-7.427296751579098e-15,-0.10795985203289887,-0.0007101959894042201,-2.0799519210828954e-14,0.14975935402373125,0.005949673113424115,-0.8740787743890573,-1.2137871276326346e-13,1.8518429923747553e-15,0.4525668535629311,-1.8616102578205876e-14,2.957271768863023e-15,-0.04174834195701447,1.9555520397451818e-15,4.409927284454443e-17,68.71964418280587,0.004480370758379603,-3.312261174643515e-06,-0.0003323340288044925,5405.488316225822,5413.361830966994,5784.112698843505,5779.79376584475,0.041064133890439676,0.10796218796091892,0.4525668535631328,0
4.821999999999691,0.0,2.0,1.0,0.0,5.924819000139203e-14,1.956822189567326,0.9977349252826013,-7.489087585408238e-15,-0.10941686961465465,-0.000574784615384414,-2.065298596109609e-14,0.1526137057516734,0.005704242853891973,-0.8907579657126755,-1.2052552875679442e-13,1.8739203144436135e-15,0.4050820083859465,-1.6389399540472497e-14,3.032086881539336e-15,-0.04118179265386163,1.9970292780557874e-15,5.23357399084823e-17,68.71823408376989,0.0046374662972611955,-4.716032798773595e-06,-0.00034389281043924614,5405.434443204282,5413.304167611888,5783.998866432171,5779.789499279253,0.043237181652315625,0.10941837932278296,0.4050820083856864,0
4.841999999999689,0.0,2.0,1.0,0.0,5.909780018850038e-14,1.954619345496354,0.9977248917382738,-7.543713137229898e-15,-0.11071146852553285,-0.00044231716301191735,-2.0510555854337067e-14,0.15528671774858052,0.005459299920093322,-0.9063795258991183,-1.1969630642152812e-13,1.8936705846234583e-15,0.3582584866491185,-1.4074363471410506e-14,3.116598539369599e-15,-0.04059614049728056,2.0548215906579548e-15,5.810889963653311e-17,68.71681312766006,0.00478892513553027,-6.100437148790402e-06,-0.000355034594718651,5405.380085327477,5413.2461406551665,5783.886539318505,5779.7828033008645,0.04543764871537538,0.11071235210017329,0.35825848664903626,0
4.861999999999687,0.0,2.0,1.0,0.0,5.894636461307701e-14,1.9523923743247023,0.9977174735083563,-7.595037040669447e-15,-0.11184597908340961,-0.0003129691827908863,-2.037367458714887e-14,0.1577795637539416,0.005215318815814364,-0.9209502036039549,-1.1889948041168961e-13,1.911308875105763e-15,0.3121177370974865,-1.162680248242041e-14,3.188175738607694e-15,-0.039992086490032074,2.245661989697116e-15,4.934507663589828e-17,68.71538372975368,0.004934721719227592,-7.463869004963871e-06,-0.0003657576018067931,5405.325337335547,5413.187846076348,5783.77582767889,5779.773770452995,0.047662311626948235,0.1118464169602043,0.31211773709755525,0
4.881999999999684,0.0,2.0,1.0,0.0,5.879401354679449e-14,1.9501444515061321,0.9977126063870296,-7.632695819064014e-15,-0.11282280406350424,-0.00018690395420721705,-2.0247811013000584e-14,0.1600935284257337,0.00497275631869936,-0.9344773936859424,-1.1816696527075125e-13,1.927439523596925e-15,0.2666804033312158,-8.986263236891961e-15,3.270265751471089e-15,-0.039370334493195415,2.2994748466453925e-15,7.7787602748014e-17,68.71394827188278,0.005074835052279137,-8.804760132914687e-06,-0.0003760603875009308,5405.270292702997,5413.129378481445,5783.666838707082,5779.762493466713,0.049907994200980146,0.11282295887734892,0.2666804033318941,0
4.901999999999682,0.0,2.0,1.0,0.0,5.864102342064928e-14,1.9478787036682548,0.997710223038393,-7.660102545958922e-15,-0.11364441587570343,-6.427243246201391e-05,-2.0139037731496937e-14,0.16223000466614912,0.004732050874801261,-0.946969122209533,-1.1753420135090426e-13,1.9427503404832927e-15,0.22196632088471246,-6.306245130039129e-15,3.3669647875962222e-15,-0.03873159066478129,2.3220678851965146e-15,7.028665843789027e-17,68.71250909724715,0.005209248637595149,-1.0121582730157951e-05,-0.00038594183860791016,5405.215043434015,5413.070830897948,5783.559676416983,5779.7490650225245,0.052171568980005814,0.11364443405057463,0.2219663208854532,0
4.92199999999968,0.0,2.0,1.0,0.0,5.848759144873744e-14,1.94559820725096,0.9977102532432123,-7.681119138434738e-15,-0.11431335373437274,5.478677029858734e-05,-2.003543186188123e-14,0.16419049090975824,0.004493622060805753,-0.9584340312062177,-1.1693160565153526e-13,1.9561944277631e-15,0.17799451494438107,-3.609403160595351e-15,3.4486944769669616e-15,-0.03807656290577661,2.4209748789028087e-15,5.580865630738783e-17,68.71106850547511,0.005337950416220711,-1.1412852703306261e-05,-0.0003954011681885976,5405.159679867527,5413.012294579599,5783.454441456434,5779.733577521884,0.05444995862734617,0.11431336686315398,0.1779945149436322,0
4.941999999999678,0.0,2.0,1.0,0.0,5.833385349838362e-14,1.943305987201508,0.9977126241456729,-7.689837850268546e-15,-0.11483222082300361,0.00017014737023395335,-1.9947418262925217e-14,0.16597658837687074,0.004257870113353656,-0.968881363208321,-1.1642001947042154e-13,1.96886997531544e-15,0.13478319869634936,-8.170051216132202e-16,3.5287375646714152e-15,-0.037405960313871285,2.440285820637383e-15,6.522820478194188e-17,68.70962874793885,0.005460932704615834,-1.2677132769864233e-05,-0.00040443791067600694,5405.104290492191,5412.953858821272,5783.351230932316,5779.716122868692,0.05674013725304637,0.11483234687696085,0.13478319869751232,0
4.961999999999676,0.0,2.0,1.0,0.0,5.818008031773215e-14,1.9410050157263636,0.9977172604994798,-7.687915547518646e-15,-0.11520368145599602,0.00028169536458194595,-1.987272060483483e-14,0.16758999829481597,0.004025175524706637,-0.9783209455688909,-1.159861586967009e-13,1.9806470628055117e-15,0.0923497722952119,1.943135281482587e-15,3.604778101239939e-15,-0.03672049264509054,2.42844286346689e-15,6.758742870927033e-17,68.70819202332935,0.0055781921301310015,-1.3913035381859688e-05,-0.00041305191687253666,5405.0489617715575,5412.895610784109,5783.250138247107,5779.696792261085,0.0590391316761505,0.11520402585540589,0.09234977229564088,0
4.981999999999673,0.0,2.0,1.0,0.0,5.802639526233808e-14,1.9386982110998103,0.9977240849126651,-7.679332833783814e-15,-0.11543045823983175,0.00038932895305513707,-1.9804443960511002e-14,0.1690325190898368,0.0037958987038546072,-0.9867631745814371,-1.1558978166015414e-13,1.990914848518563e-15,0.05071082244460558,4.7766789575572736e-15,3.707382401530704e-15,-0.0360208697835446,2.496129171414291e-15,9.700486941488505e-17,68.70676047349632,0.005689729564737229,-1.511922546587605e-05,-0.000421243348831124,5404.993777979634,5412.837635331182,5783.151252947162,5779.675675993703,0.061344022625258086,0.11543111481091754,0.05071082244151224,0
5.001999999999671,0.0,2.0,1.0,0.0,5.787308876151398e-14,1.936388436529317,0.9977330180904883,-7.650818425954647e-15,-0.11551532923584475,0.0004929584290187904,-1.975816571971156e-14,0.17030604355225787,0.0035703797019841993,-0.9942189994133128,-1.1532180721296785e-13,2.001310426464095e-15,0.009882122580165438,7.528350464175481e-15,3.8338418876615785e-15,-0.03530780121952058,2.278746635830948e-15,1.117578252163298e-16,68.70533617955664,0.0057955500570830544,-1.6294422976565188e-05,-0.0004290126746255669,5404.938821046956,5412.7800148737815,5783.054660582794,5779.6528632706595,0.06365194587884015,0.11551638107419375,0.009882122567437342,0
5.021999999999669,0.0,2.0,1.0,0.0,5.772046059065195e-14,1.9340784990776212,0.9977439790758419,-7.614571368277004e-15,-0.11546112512674617,0.0005925060416569761,-1.9726432885384272e-14,0.17141255597754237,0.003348938001096131,-1.0006999058665516,-1.1513873786202895e-13,2.0111610698496908e-15,-0.030121366354813724,1.001928458112991e-14,3.960869384001891e-15,-0.03458199553610845,2.0969467481868404e-15,1.1480508384231757e-16,68.70392115827441,0.0058956627629303225,-1.7437405262145852e-05,-0.000436360663014534,5404.884170417312,5412.722829228459,5782.960442580292,5779.628442029299,0.0659600933464275,0.11546264538344657,0.03012136636059614,0
5.041999999999667,0.0,2.0,1.0,0.0,5.756859568411764e-14,1.9317711486414142,0.9977568854865897,-7.575775891957154e-15,-0.11527072638901281,0.0006879058303803741,-1.9696137180448977e-14,0.17235412928582775,0.0031318723644113743,-1.0062178999800617,-1.1496406375749764e-13,2.019185247462665e-15,-0.06928549455092302,1.2386703597418248e-14,4.075374241113947e-15,-0.033844159904565616,2.0736147174349526e-15,9.317492524058001e-17,68.70251735871483,0.005990080874036994,-1.8547009238111358e-05,-0.0004432883780040269,5404.829902915198,5412.666155484955,5782.86867612596,5779.602498774929,0.06826571409157213,0.11527277899262309,0.06928549455035256,0
5.0619999999996645,0.0,2.0,1.0,0.0,5.741759906301164e-14,1.9294690769864986,0.9977716537493013,-7.525292512999504e-15,-0.11494706047319725,0.000779103432767575,-1.9678442550826646e-14,0.17313292212247852,0.002919460747078692,-1.0107854914870453,-1.1486294616644315e-13,2.0265689118250683e-15,-0.10759692140152118,1.4722464030662873e-14,4.172334279102339e-15,-0.033094999588604,1.9508162446557682e-15,8.889189297839329e-17,68.70112665917306,0.006078821545538944,-1.962213336827947e-05,-0.00044979717331257874,5404.776092624074,5412.610067885002,5782.779434062185,5779.575118426545,0.07056611529728317,0.1149497007981657,0.10759692139991169,0
5.081999999999662,0.0,2.0,1.0,0.0,5.726767904789484e-14,1.9271749168392323,0.9977881993288679,-7.471134565271716e-15,-0.11449309899416779,0.0008660558673689384,-1.9669882046398125e-14,0.17375117594216352,0.002711960265558727,-1.014415677141566,-1.1481514924508996e-13,2.0330024236000816e-15,-0.14504311300929706,1.6948565385883687e-14,4.254224726868746e-15,-0.03233521745778862,1.9423993663503294e-15,6.856266856342107e-17,68.69975086437886,0.006161905821894796,-2.0661739453367913e-05,-0.00045588868674373983,5404.722810775439,5412.554637712072,5782.692784795573,5779.546384173609,0.07285866317454334,0.11449637448432029,0.14504311300957537,0
5.10199999999966,0.0,2.0,1.0,0.0,5.711897342306075e-14,1.924891241034037,0.997806436953507,-7.404140069088043e-15,-0.1139118549332353,0.0009487312927311648,-1.96729609624192e-14,0.17421121207892137,0.0025096072239703003,-1.017121923928179,-1.1483529694143916e-13,2.038784884845651e-15,-0.1816123391410567,1.908862802878324e-14,4.3306483268155545e-15,-0.031565513510210676,1.7864312459869923e-15,6.973187218622945e-17,68.69839170297628,0.006239358561440907,-2.1664854225053975e-05,-0.00046156483446970755,5404.670125648675,5412.499933192038,5782.608792217104,5779.516377343899,0.07514078381442434,0.11391580568734197,0.18161233914199626,0
5.121999999999658,0.0,2.0,1.0,0.0,5.697168618977835e-14,1.9226205617167236,0.9978262808347028,-7.328993331147304e-15,-0.11320637985407321,0.0010271087440275536,-1.9688231418563518e-14,0.17451542880463022,0.002312617195542348,-1.018918152168487,-1.1492661302559877e-13,2.0440102079583465e-15,-0.21729366964147878,2.1049906878328836e-14,4.397241602770072e-15,-0.030786584404617505,1.5997012742241588e-15,6.311910629580587e-17,68.69705082527794,0.006311208359622092,-2.263057074689946e-05,-0.0004668278052305632,5404.618102481715,5412.446019404723,5782.527515634243,5779.485177282393,0.07740996398426346,0.11321103917921066,0.21729366964118257,0
5.141999999999656,0.0,2.0,1.0,0.0,5.682596593820066e-14,1.9203653296033203,0.9978476448816435,-7.25069569203623e-15,-0.11237976113428538,0.001101177848698239,-1.9708911343292648e-14,0.17466629837826636,0.0021211851572517544,-1.0198187185385288,-1.1504950866781298e-13,2.048004853389212e-15,-0.2520769703167698,2.2808600820668035e-14,4.4393316013049124e-15,-0.029999123002147812,1.5021300175943673e-15,3.6428650894426707e-17,68.69572980129148,0.0063774874709428995,-2.355804962243159e-05,-0.0004716800544527811,5404.566803392352,5412.392958206255,5782.449009714947,5779.452861241131,0.07966375186835811,0.11238515607166946,0.2520769703174885,0
5.1619999999996535,0.0,2.0,1.0,0.0,5.6681953135848253e-14,1.918127933294088,0.997870442909755,-7.15768177676442e-15,-0.11143511921442545,0.0011709385225227612,-1.9748249661294856e-14,0.17466636408828165,0.0019354856756084002,-1.0198383990107966,-1.1528132393072148e-13,2.052171024530138e-15,-0.2859528982993264,2.4333132903399107e-14,4.477008744808997e-15,-0.029203817917833406,1.156047479966566e-15,4.8210892743261183e-17,68.69443011901619,0.0064382317297001085,-2.4446520011246797e-05,-0.0004761242982911303,5404.516287310197,5412.340808162133,5782.373324443404,5779.419504279987,0.08189975775359735,0.11144127104155238,0.2859528982989017,0
5.181999999999651,0.0,2.0,1.0,0.0,5.653969145771331e-14,1.915910698642342,0.9978945888429533,-7.073126162776795e-15,-0.11037560486622003,0.001236400647557935,-1.9776993388029566e-14,0.1745182372903944,0.0017556731414905733,-1.0189923717346772,-1.154512931858437e-13,2.0534914291479643e-15,-0.31891289690469515,2.572131633624659e-14,4.5328186981840805e-15,-0.028401353082018375,1.1798392124395882e-15,5.6974715743896e-17,68.69315318300644,0.0064934804695483545,-2.529528045647479e-05,-0.0004801635075977491,5404.466609919095,5412.289624490895,5782.300505087399,5779.3851791782145,0.08411565466046877,0.11038252957848546,0.3189128969049714,0
5.201999999999649,0.0,2.0,1.0,0.0,5.6399349155071887e-14,1.913715888177686,0.9979199969092701,-6.969622281660404e-15,-0.10920439648169634,0.0012975837333813393,-1.9831265889018092e-14,0.17422459444303864,0.0015818820518427742,-1.0172961998690053,-1.157702898018184e-13,2.0557369883618415e-15,-0.3509491899922739,2.6854453353827763e-14,4.59535318385753e-15,-0.027592407311826356,8.022723110845465e-16,5.644735980719906e-17,68.69190031319795,0.006543276441949291,-2.610369952238475e-05,-0.00048380090182212826,5404.417823609882,5412.239459018213,5782.230592177087,5779.349956356631,0.08630917891987532,0.10921210525613298,0.35094918999245456,0
5.221999999999647,0.0,2.0,1.0,0.0,5.6261030187047594e-14,1.9115457005832142,0.9979465818295337,-6.869705394655981e-15,-0.10792469738486447,0.0013545165630841356,-1.9881739642565232e-14,0.17378817414267494,0.0014142273359902474,-1.0147658143803642,-1.160671088660404e-13,2.0558800658572462e-15,-0.3820547758413633,2.7690223416101087e-14,4.647591062797109e-15,-0.02677765389282006,6.166803179219538e-16,4.571289093785458e-17,68.69067274399272,0.006587665733559637,-2.6871216250176397e-05,-0.0004870399428457936,5404.369977443295,5412.190360141262,5782.1636214950195,5779.313903810302,0.08847813069621895,0.10793319702822779,0.38205477584141145,0
5.241999999999645,0.0,2.0,1.0,0.0,5.6124747178255304e-14,1.9094022702262199,0.9979742589988134,-6.7687510559629286e-15,-0.10653973316755316,0.001407236825455799,-1.9933892563973577e-14,0.17321177416112146,0.0012528047242793272,-1.0114174968206575,-1.1637372626035332e-13,2.0545082256559953e-15,-0.41222342055432465,2.8298836358643047e-14,4.683140120537782e-15,-0.02595776017097717,4.709132389590989e-16,3.3028592881512176e-17,68.68947162359736,0.006626697682611375,-2.7597340428917437e-05,-0.0004898843287553657,5404.323117122859,5412.142372803155,5782.099624077145,5779.2770870514705,0.09062037445722,0.10654902655067454,0.41222342055418626,0
5.2619999999996425,0.0,2.0,1.0,0.0,5.59904678633992e-14,1.907287666741905,0.9980029446603729,-6.669376877033119e-15,-0.10505274905094739,0.0014557907347971153,-1.998812610241647e-14,0.17249824848701578,0.0010976911566779528,-1.0072678620973614,-1.1669248340951304e-13,2.0516816398520656e-15,-0.4414496509987449,2.879884453062457e-14,4.700892177987296e-15,-0.02513338715510542,4.2151265117196937e-16,1.4078473629941536e-17,68.68829801360927,0.00666042479433532,-2.828165268999785e-05,-0.0004923379875576845,5404.277284977521,5412.095538477218,5782.038626224568,5779.239569062589,0.0927338393909667,0.10506283553105183,0.44144965099834005,0
5.28199999999964,0.0,2.0,1.0,0.0,5.585819344982362e-14,1.9052038946695642,0.998032556071893,-6.568778558788772e-15,-0.10346700727432608,0.0015002326397897615,-2.0041183251210923e-14,0.17165050437347634,0.0009489452289647626,-1.0023338412497473,-1.1700436316371106e-13,2.047086175156902e-15,-0.4697287473006438,2.924302377742263e-14,4.6935594301769744e-15,-0.02430518912981057,3.8272683633434194e-16,-1.2462795552503611e-17,68.68715288884457,0.006688902655483352,-2.892380442665014e-05,-0.0004944050708406792,5404.232519953761,5412.049895160871,5781.980649525791,5779.201410259153,0.0948165197707094,0.10347788310686944,0.4697287473006139,0
5.301999999999638,0.0,2.0,1.0,0.0,5.572799210409965e-14,1.9031528931406785,0.9980630116637677,-6.463712580735528e-15,-0.1017857845124477,0.001540624622837324,-2.0101553785333983e-14,0.17067149939398718,0.0008066076740744655,-0.9966326642442446,-1.173589282968298e-13,2.041608306092174e-15,-0.49705673490088415,2.956998801289678e-14,4.66416976731473e-15,-0.02347381327912541,2.573115331916467e-16,-2.642385008716495e-17,68.68603713740113,0.006712189848000129,-2.9523517543174964e-05,-0.0004960899473835372,5404.188857616995,5412.005477378856,5781.92571088911,5779.162668462122,0.09686647526794573,0.10179744325395865,0.497056734900914,0
5.321999999999636,0.0,2.0,1.0,0.0,5.559991861649332e-14,1.9011365356183358,0.9980942311892936,-6.352983140955584e-15,-0.10001236932298266,0.0015770360912759586,-2.0169372439145415e-14,0.1695642385084789,0.0006707018761597486,-0.9901818428018976,-1.1775696506173813e-13,2.0352706472906777e-15,-0.5234303761870687,2.9728250379494e-14,4.6206722927792364e-15,-0.022639899320904364,1.9775847626824447e-19,-4.146737207083583e-17,68.6849515609495,0.006730347861900229,-3.0080584039193462e-05,-0.0004973971967199589,5404.146330161922,5411.962316195516,5781.873822584896,5779.123398879625,0.09888183121435626,0.10002480222639717,0.5234303761868591,0
5.341999999999634,0.0,2.0,1.0,0.0,5.547401998275766e-14,1.8991566296873585,0.9981261358666078,-6.2473557498406885e-15,-0.09815005962534186,0.001609543361832995,-2.0235111822557876e-14,0.16833177114154224,0.000541234414909757,-0.9829991532707939,-1.18142847387181e-13,2.027125137461915e-15,-0.5488471617133149,2.9659692288914174e-14,4.572251241050966e-15,-0.021804079152073604,-1.1129118460128516e-16,-4.148124985864364e-17,68.68389687524443,0.006743441007403554,-3.059486543317791e-05,-0.0004983316026580372,5404.104966431537,5411.9204392358415,5781.824992297389,5779.083654097655,0.10086077881318858,0.09816325602939108,0.5488471617132361,0
5.3619999999996315,0.0,2.0,1.0,0.0,5.535015538065239e-14,1.8972149168944956,0.9981586485122536,-6.148159515272601e-15,-0.0962021602122025,0.0016382292396878088,-2.0289117647608237e-14,0.16697718827465857,0.00041819563765356635,-0.9751026195560704,-1.1846020445697058e-13,2.016239416935524e-15,-0.5733053010204147,2.9582293271726057e-14,4.5279068980265986e-15,-0.020966976504831192,-5.4024059531469806e-17,-3.726240236506804e-17,68.68287371084891,0.006751536326385012,-3.106629203067795e-05,-0.0004988981467605503,5404.0647919445455,5411.879870714982,5781.7792231856965,5779.04348407947,0.10280157530070669,0.09621610792656314,0.5733053010202613,0
5.381999999999629,0.0,2.0,1.0,0.0,5.5228299065693754e-14,1.8953130726380158,0.998191693666279,-6.045599906688459e-15,-0.0941719802949835,0.0016631825934649565,-2.0354083670515998e-14,0.1655036195542891,0.00030156025678019756,-0.9665104961199754,-1.188415324747885e-13,2.0049030763373667e-15,-0.5968037130689631,2.9528449431782376e-14,4.469676906176195e-15,-0.020129206613872474,-9.459620586848435e-17,-5.992482985522905e-17,68.6818826140624,0.006754703503192227,-3.1494862042627263e-05,-0.0004991020017892225,5404.025828930797,5411.840631475846,5781.736513953562,5779.002936173318,0.10470254405834617,0.09418666598313143,0.5968037130690993,0
5.401999999999627,0.0,2.0,1.0,0.0,5.5108563697491764e-14,1.893452706106004,0.998225197708805,-5.940940712706312e-15,-0.0920628310844759,0.0016844979274566005,-2.04191600602733e-14,0.16391423041761974,0.0001912879700094309,-0.9572412510642129,-1.1922348223554436e-13,1.992053443678759e-15,-0.6193420162981506,2.931122648043655e-14,4.415526596111223e-15,-0.01929137589471765,-2.05468454750328e-16,-4.5297641505792614e-17,68.68092404804486,0.006753014774886578,-3.1880640561157813e-05,-0.0004989485251167975,5403.988096374414,5411.802739034519,5781.696858927615,5778.962055128206,0.1065620746762486,0.09207824064650859,0.6193420162981537,0
5.421999999999625,0.0,2.0,1.0,0.0,5.499086815936736e-14,1.891635360262648,0.998259088968017,-5.8371317558858395e-15,-0.08987802340778643,0.0017022749523424366,-2.0484345189118148e-14,0.16221221923771512,8.732410106160196e-05,-0.9473135493066135,-1.1960604192859749e-13,1.977715473318159e-15,-0.6409205183229832,2.9038128710038654e-14,4.38426508990513e-15,-0.018454081633214218,-3.1539354461428837e-16,-2.4078503947644305e-17,68.67999839412752,0.006746544840968221,-3.222375839630858e-05,-0.0004984432521106058,5403.951610064311,5411.766207633089,5781.660248143624,5778.920883117324,0.10837862296886501,0.08989414236591824,0.6409205183227957,0
5.441999999999623,0.0,2.0,1.0,0.0,5.4875268191325706e-14,1.8898625118817767,0.9982932978195679,-5.7329691826026745e-15,-0.08762086536270508,0.00171661815563963,-2.054922435136805e-14,0.16040081448978633,-1.0399741711249189e-05,-0.936746235863904,-1.1998678786954424e-13,1.961875525513439e-15,-0.6615402052827641,2.858828252705461e-14,4.362434402159602e-15,-0.0176179116862648,-4.694968372409501e-16,-2.7201006204402552e-17,68.6791059533012,0.006735370772636213,-3.252441078205582e-05,-0.000497591889491381,5403.916382651676,5411.731048299541,5781.626667440413,5778.879459768747,0.1101507109433456,0.08763767925271392,0.6615402052828399,0
5.4619999999996205,0.0,2.0,1.0,0.0,5.4761697813500896e-14,1.8881355716268904,0.9983277567773973,-5.636578251517483e-15,-0.08529466001056245,0.0017276363730756696,-2.0613727079063415e-14,0.15848327194023784,-0.00010196499113366772,-0.925558319252138,-1.2036530634580294e-13,1.9445551329580847e-15,-0.6812027308537454,2.8017576560164172e-14,4.344097734212458e-15,-0.01678344419383919,-4.56791288822027e-16,-1.2435039976887973e-17,68.67824694787302,0.0067195719216441,-3.278285595728373e-05,-0.0004964003086711584,5403.882423714106,5411.697268914355,5781.596098560975,5778.837822203104,0.11187692672145634,0.08531215478321372,0.6812027308539771,0
5.481999999999618,0.0,2.0,1.0,0.0,5.464996322520173e-14,1.886455884176899,0.9983624005759988,-5.546459533986251e-15,-0.08290270310859668,0.0017354423620414734,-2.0664484831342596e-14,0.15646287186011082,-0.00018746543383701053,-0.9137689550160777,-1.2066353395012447e-13,1.9245386172368275e-15,-0.6999104049389088,2.7575123135194463e-14,4.327268068478063e-15,-0.01595124730232241,-3.200924768298406e-16,-2.0914368327462606e-17,68.67742152328161,0.00669922982881169,-3.299941362872414e-05,-0.0004948745390741597,5403.8497398259815,5411.664874283404,5781.568519260408,5778.796005077743,0.11355592441578405,0.08292086554603789,0.6999104049390162,0
5.501999999999616,0.0,2.0,1.0,0.0,5.4540041934306995e-14,1.8848247283967712,0.9983971662441908,-5.457221465686291e-15,-0.08044828088280451,0.0017401523782381919,-2.0718561159457326e-14,0.1543429162644981,-0.0002670065120505328,-0.901397429398554,-1.209811036658201e-13,1.903474474287502e-15,-0.7176661820478852,2.724752283990739e-14,4.3117842772714414e-15,-0.015121878899223978,-1.9613867821565586e-16,-1.504406408475709e-17,68.67662975006147,0.006674428132247589,-3.3174463321681874e-05,-0.0004930207614444159,5403.81833463472,5411.633866216787,5781.543903420207,5778.754040637107,0.11518642396101325,0.08046709903617812,0.7176661820480043,0
5.521999999999614,0.0,2.0,1.0,0.0,5.443199844298861e-14,1.8832433175522694,0.9984319931704645,-5.35820506903055e-15,-0.07793466784220714,0.0017418857565872328,-2.0781010100553205e-14,0.152126726179463,-0.0003407046168478912,-0.888463143160574,-1.2134752684987245e-13,1.8818392600376795e-15,-0.7344736493800581,2.689552209890076e-14,4.304282806326498e-15,-0.014295886359294244,-3.731463922573773e-16,-1.3711796455206898e-17,68.6758716259462,0.0066452524753445345,-3.330844262739553e-05,-0.0004908453011440983,5403.788208942513,5411.6042436131975,5781.5222211685,5778.711958768825,0.11676721090108164,0.07795413149836355,0.7344736493799524,0
5.541999999999612,0.0,2.0,1.0,0.0,5.4325848912091925e-14,1.8817127995679397,0.9984668231600069,-5.265682036176043e-15,-0.0753651246354175,0.0017407644974303913,-2.0837464060405123e-14,0.14981763893794586,-0.00040868637510089534,-0.8749855955626205,-1.2167890534515154e-13,1.8583492140028897e-15,-0.7503370146239362,2.6454164821446416e-14,4.292897576109169e-15,-0.013473806302062553,-4.08999223377997e-16,-1.9956800968723403e-17,68.6751470781011,0.0066117904146072385,-3.340184535247594e-05,-0.0004883546214465652,5403.759360793153,5411.576002549432,5781.503439005774,5778.669787065202,0.11829713613303199,0.07538522582275341,0.7503370146241161,0
5.5619999999996095,0.0,2.0,1.0,0.0,5.422156469209719e-14,1.8802342573274935,0.9985016004835156,-5.173325273532017e-15,-0.07274289595035134,0.0017369128589973853,-2.0898157712443654e-14,0.14741900550610573,-0.0004710879323354578,-0.8609843685173508,-1.2203500155507784e-13,1.8339594824022625e-15,-0.7652610934858933,2.5920308897047984e-14,4.264266598252926e-15,-0.012656164360817103,-4.853535108539852e-16,-2.738141744590413e-17,68.67445596547464,0.006574131327372947,-3.34552195773351e-05,-0.00048555531682800186,5403.731785563565,5411.549136374634,5781.487519935648,5778.627550889681,0.11977511560841027,0.07276362949663377,0.7652610934859505,0
5.581999999999607,0.0,2.0,1.0,0.0,5.411904505203883e-14,1.8788087090157164,0.9985362719179397,-5.084027006787858e-15,-0.07007120845788306,0.0017304569570728858,-2.0951978542949345e-14,0.14493418784149376,-0.000528054233627802,-0.8464791109235462,-1.2235092249437105e-13,1.8077253986166357e-15,-0.7792512969613979,2.5397805044831746e-14,4.247999240509445e-15,-0.011843474963036626,-5.280598007473202e-16,-2.5785471848005464e-17,68.67379808125916,0.0065323663194861905,-3.3469165632620745e-05,-0.0004824541062617309,5403.705476059622,5411.523635808887,5781.474423600281,5778.585273447842,0.1212001299930636,0.07009257261670729,0.779251296961376,0
5.601999999999605,0.0,2.0,1.0,0.0,5.4018293476511036e-14,1.8774371085010078,0.9985707867793028,-4.998446487942698e-15,-0.06735326880020384,0.0017215243727440935,-2.1004674335137707e-14,0.14236655628442135,-0.0005797383046217499,-0.8314895231909165,-1.2266023033268254e-13,1.780198433714555e-15,-0.7923136183618538,2.4822011332678638e-14,4.2157165896047085e-15,-0.011036241122274098,-5.20283902766254e-16,-5.1001412294804325e-17,68.67317315545058,0.00648658813298897,-3.344433399858133e-05,-0.0004790578265191682,5403.680422615914,5411.499489045752,5781.464106419904,5778.5429758626115,0.12257122428622454,0.06737526596784954,0.7923136183616716,0
5.621999999999603,0.0,2.0,1.0,0.0,5.391926242830409e-14,1.8761203457576623,0.9986050969477767,-4.911769685614291e-15,-0.06459226162459751,0.0017102437690602855,-2.105891306735944e-14,0.1397194869838293,-0.000626300534674845,-0.8160353419649705,-1.2297850388612326e-13,1.7516402167392765e-15,-0.804454620110167,2.4205801259598827e-14,4.153562724784476e-15,-0.010234954241484533,-5.984514099555069e-16,-7.649490849775948e-17,68.6725808574969,0.006436891053887319,-3.338142313646138e-05,-0.00047537342548156677,5403.656613198971,5411.47668185833,5781.456521736103,5778.500677253204,0.12388750739976263,0.06461489917604192,0.8044546201101019,0
5.641999999999601,0.0,2.0,1.0,0.0,5.3821927918864865e-14,1.8748592473269647,0.998639156885193,-4.829639347732072e-15,-0.061791347663309425,0.0016967445173854657,-2.1110554849401116e-14,0.13699635935893667,-0.000667907964075154,-0.8001363250609272,-1.2328156621713626e-13,1.7217406434355931e-15,-0.8156814203181558,2.3520558148431476e-14,4.072743043190703e-15,-0.009440093927787548,-6.118135512100872e-16,-7.494059626328424e-17,68.67202079902594,0.006383370820058292,-3.3281177258179945e-05,-0.000471407955466551,5403.634033513663,5411.455197708502,5781.451619958376,5778.458394817464,0.1251481516985245,0.06181463894584561,0.8156814203179744,0
5.6619999999995985,0.0,2.0,1.0,0.0,5.3726191384766976e-14,1.873654576816174,0.998672923645198,-4.74994085575264e-15,-0.05895366186014122,0.0016811563341730179,-2.1157162806320014e-14,0.1342005535978963,-0.000704733577205941,-0.7838122366152759,-1.235551847520781e-13,1.690353256097467e-15,-0.8260016791588881,2.2849475904303228e-14,3.981558929101648e-15,-0.008652127818640951,-6.229981808214476e-16,-9.119148578623497e-17,68.67149253664202,0.0063261245293581665,-3.3144384041541474e-05,-0.00046716856657358027,5403.612667112277,5411.435017858879,5781.449348713507,5778.416143917165,0.12635239250268088,0.058977627396664574,0.8260016791588181,0
5.681999999999596,0.0,2.0,1.0,0.0,5.3632056840798766e-14,1.8725070354344606,0.9987063568762602,-4.671148238391928e-15,-0.0560823115443644,0.0016636089288393126,-2.1205667340613437e-14,0.13133544819463971,-0.0007369556034394812,-0.7670828324632338,-1.2383983077754912e-13,1.6580817137744827e-15,-0.8354235850469987,2.21117043815999e-14,3.871886671673404e-15,-0.007871511419393145,-6.748512339227394e-16,-1.2256916401970345e-16,68.67099557478188,0.006265250547994189,-3.2971872298295736e-05,-0.0004626625000524445,5403.592495506,5411.416121487154,5781.449652997374,5778.3739381659025,0.12749952755301283,0.056106980517822036,0.8354235850468369,0
5.701999999999594,0.0,2.0,1.0,0.0,5.353943678615055e-14,1.8714172625648353,0.9987394188177666,-4.599638348457967e-15,-0.05318037465250584,0.001644231663360609,-2.124731938908686e-14,0.12840441752506,-0.0007647568274859592,-0.749967845750087,-1.2408440938709376e-13,1.6242842501285347e-15,-0.8439558406400152,2.1367225539948928e-14,3.758257640683291e-15,-0.007098687952180125,-5.958675393380393e-16,-9.479971061626675e-17,68.67052936862034,0.006200848419221585,-3.276450960255858e-05,-0.0004578970816988405,5403.573498278315,5411.398485802391,5781.45247532872,5778.331789519193,0.1285889164400941,0.05320578677121205,0.8439558406401361,0
5.721999999999592,0.0,2.0,1.0,0.0,5.344818791045651e-14,1.8703858363711123,0.9987720742894439,-4.5347677409829236e-15,-0.05025089799851851,0.0016231532241660213,-2.1278977006669222e-14,0.12541082946363252,-0.0007883239108278138,-0.732486972784011,-1.2427056957976453e-13,1.5887999692070927e-15,-0.8516076486736575,2.0764549150654143e-14,3.6692982033498176e-15,-0.006334088216128461,-3.989451997921041e-16,-8.770816104647358e-17,68.6700933270159,0.006133018772432014,-3.2523199885591924e-05,-0.00045287971528127675,5403.555653199999,5411.382086162955,5781.457755904459,5778.289708366397,0.12961997999832708,0.05027710588375819,0.8516076486734869,0
5.74199999999959,0.0,2.0,1.0,0.0,5.3358272255172744e-14,1.869413274438933,0.9988042906743574,-4.465395455650375e-15,-0.047296895592810556,0.0016005013068453994,-2.1317221326662624e-14,0.12235804304153179,-0.0008078467257866487,-0.7146598591376374,-1.2449514501163067e-13,1.5529293415574722e-15,-0.8583886976440346,2.0298424081236728e-14,3.592114601695065e-15,-0.005578130458796104,-3.762355010872227e-16,-7.277566136526521e-17,68.66968681548734,0.006061863232688877,-3.224888100450645e-05,-0.000447617876003256,5403.538936345381,5411.366896195608,5781.4654327561575,5778.24770362409,0.1305921996658027,0.047323967893134616,0.8583886976441809,0
5.7619999999995875,0.0,2.0,1.0,0.0,5.3269771636241867e-14,1.8685000344498657,0.9988360378957499,-4.391960203441511e-15,-0.04432134701056865,0.0015764023141398103,-2.135976362078309e-14,0.11924940614726362,-0.0008235177036952984,-0.6965060860053152,-1.2474476994570983e-13,1.516512600507371e-15,-0.8643091473495795,1.978656493566339e-14,3.521383173298234e-15,-0.004831220258808133,-5.109614988063545e-16,-6.039667464069471e-17,68.6693091592115,0.005987484330777475,-3.1942522292312e-05,-0.0004421191040049427,5403.523322209395,5411.352887915531,5781.475441907209,5778.20578283053,0.13150511681096916,0.04434937254445961,0.8643091473496572,0
5.781999999999585,0.0,2.0,1.0,0.0,5.3182665210248944e-14,1.8676465148875963,0.9988672883879908,-4.329159065676716e-15,-0.04132719580977135,0.001550981067629084,-2.1394756170888887e-14,0.11608825327078534,-0.0008355311985497496,-0.6780451568226337,-1.2495025149550926e-13,1.4787453598105849e-15,-0.8693796143055132,1.920607542271132e-14,3.4758862788960184e-15,-0.004093750419607504,-4.044676919778763e-16,-3.805343627011344e-17,68.66895964603417,0.0059099854138274415,-3.160512209465743e-05,-0.0004363909979082893,5403.5087838252075,5411.340031846798,5781.4877175303645,5778.163952240864,0.13235833202709704,0.0413562891924714,0.8693796143055923,0
5.801999999999583,0.0,2.0,1.0,0.0,5.3096848834214824e-14,1.8668530557752046,0.9988980170619117,-4.259752663501613e-15,-0.038317347999251176,0.0015243605334803753,-2.1433133256739743e-14,0.1128779032920493,-0.0008440828674337762,-0.659296484154476,-1.2517544765327134e-13,1.440444233337798e-15,-0.8736111570435203,1.8660666399005766e-14,3.442668040276127e-15,-0.003366100874253264,-5.327925600706536e-16,-2.4772393338035e-17,68.66863752948468,0.0058294705565711405,-3.1237705300119455e-05,-0.00043044120840978557,5403.495292881974,5411.328297143027,5781.502192105205,5778.1222169227285,0.13315150439554418,0.03834765746081174,0.87361115704368,0
5.821999999999581,0.0,2.0,1.0,0.0,5.301234619754456e-14,1.8661199394425296,0.9989282012648172,-4.195801399553207e-15,-0.03529467055712569,0.0014966615625692978,-2.1467011157962976e-14,0.10962165731485995,-0.0008493690689204835,-0.6402793768574984,-1.2537431546547886e-13,1.4011142007243617e-15,-0.8770152613092498,1.8052454507354067e-14,3.4238446713202956e-15,-0.0026486386011775813,-5.650065918599774e-16,-2.2565825076592504e-17,68.66834203178605,0.005746044473295922,-3.084132087162532e-05,-0.0004242774319247421,5403.482819842442,5411.317651707861,5781.518796575172,5778.080580851895,0.13388435071882251,0.035326389081944215,0.8770152613093632,0
5.841999999999579,0.0,2.0,1.0,0.0,5.2929150456913275e-14,1.8654473913226068,0.9989578207354544,-4.13207854720708e-15,-0.03226198999988073,0.0014680026452362595,-2.1504558401048598e-14,0.10632279654689251,-0.0008515862805596316,-0.6210130275225931,-1.2559456167491153e-13,1.3613378516814942e-15,-0.8796038251701411,1.7325031006680998e-14,3.4119037733336534e-15,-0.0019417175508152666,-6.53075900650106e-16,-2.843612931929802e-17,68.6680723468525,0.005659812430551287,-3.0417039383252932e-05,-0.0004179074042871388,5403.471334060074,5411.308062314922,5781.537460503809,5778.039047007672,0.1345566447244845,0.03229537165785254,0.8796038251702162,0
5.861999999999576,0.0,2.0,1.0,0.0,5.2847069879156506e-14,1.8648355807761643,0.998986857554246,-4.0802473245075225e-15,-0.029222091002351704,0.001438499680889097,-2.1525667107181135e-14,0.1029845802266837,-0.0008509305364833358,-0.6015165002025771,-1.2571874873134398e-13,1.3198996643884713e-15,-0.8813891440459735,1.6706762892511073e-14,3.4003333171954133e-15,-0.001245678583005145,-4.781565768330262e-16,-4.052856140968023e-18,68.66782764326648,0.005570880160669604,-2.9965950570445605e-05,-0.00041133889450891813,5403.460803895356,5411.299494726966,5781.558112229862,5777.997617467724,0.13516821624084632,0.029257475692233643,0.8813891440458477,0
5.881999999999574,0.0,2.0,1.0,0.0,5.2766073391273184e-14,1.8642846219431597,0.9990152960890762,-4.024244494522782e-15,-0.0261777150688122,0.0014082657626157925,-2.1553251993126527e-14,0.09961024359835488,-0.0008475968860516079,-0.5818087184299602,-1.2588070730174164e-13,1.2782967786981415e-15,-0.8823838956744111,1.6179490924251494e-14,3.40062462929144e-15,-0.0005608494150643415,-4.718777452117282e-16,-9.021104176165601e-18,68.66760706722746,0.0054793537761587035,-2.9489160896865243e-05,-0.00040457969860268944,5403.451196831031,5411.291913813911,5781.580679020867,5777.956293502011,0.13571895034556994,0.02621556748731702,0.8823838956746042,0
5.901999999999572,0.0,2.0,1.0,0.0,5.2686148757764854e-14,1.86379457462033,0.9990431229369359,-3.971773054124281e-15,-0.023131559255342358,0.0013774109769239256,-2.1574373071949363e-14,0.09620299593479582,-0.0008417788743891111,-0.5619084535293691,-1.2600486282723765e-13,1.2357885389417472e-15,-0.8826011250237238,1.5704862850078462e-14,3.3987139877859586e-15,0.0001124554195875825,-4.163377542026822e-16,-1.3281585033164641e-17,68.66740974546548,0.005385339685021177,-2.8987791146948655e-05,-0.0003976376334715497,5403.442479585947,5411.285283669439,5781.605087224965,5777.915075665579,0.13620878648813625,0.023172533193044846,0.8826011250236012,0
5.92199999999957,0.0,2.0,1.0,0.0,5.260722762942338e-14,1.8633654451637272,0.9990703268617311,-3.92654581151374e-15,-0.020086274943613844,0.001346042218675036,-2.159122013747009e-14,0.09276601860998818,-0.0008336680455698188,-0.5418343132288259,-1.2610400477678537e-13,1.1925749913944527e-15,-0.8820542291646689,1.5339656979235795e-14,3.387776859424827e-15,0.000773934602361279,-2.014796749577538e-16,-9.007226388357791e-18,68.667234788112,0.005288944507059107,-2.8462974045891903e-05,-0.00039052053086986185,5403.434618227228,5411.279567725924,5781.631262420535,5777.873963889917,0.13663771758724041,0.020131325608734884,0.8820542291647656,0
5.941999999999568,0.0,2.0,1.0,0.0,5.252914779152972e-14,1.8629971874152154,0.9990968987285566,-3.88374435544399e-15,-0.017044466666192064,0.0013142630212383617,-2.160145634266091e-14,0.08930246322110869,-0.0008234534691051272,-0.5216047305737609,-1.2616448498822016e-13,1.1485978692528735e-15,-0.8807569421134477,1.5305345281541953e-14,3.4000454986876846e-15,0.0014233000501208857,5.961160384760496e-17,1.8332015593036688e-17,68.66708129152214,0.005190274991216794,-2.7915851914816556e-05,-0.00038323623143861915,5403.427578280548,5411.274728867405,5781.6591295634435,5777.83295757261,0.13700578910414007,0.017095061603396668,0.8807569421135698,0
5.961999999999565,0.0,2.0,1.0,0.0,5.245205485035512e-14,1.862689703651891,0.9991228314347392,-3.831333047627058e-15,-0.01400869098342094,0.0012821734018441753,-2.162559430343078e-14,0.08581544976101102,-0.0008113212903226781,-0.5012379531473276,-1.2630610938010785e-13,1.1049859411454603e-15,-0.8787233196574574,1.5363190675845767e-14,3.4223232429047316e-15,0.0020602769256261215,5.694836963111157e-17,3.194612543250267e-17,68.66694834104139,0.005089437934016664,-2.7347574364457123e-05,-0.00037579257881902695,5403.42132483824,5411.27072954035,5781.688613131578,5777.792055665073,0.13731309809299835,0.014067245348730354,0.8787233196572928,0
5.981999999999563,0.0,2.0,1.0,0.0,5.2376040756783744e-14,1.8624428455573994,0.9991481198379564,-3.779136023878178e-15,-0.010981455411920329,0.0012498697220744929,-2.1652363093492085e-14,0.0823080648416428,-0.0007974543051214068,-0.4807520326002475,-1.2646305096178928e-13,1.0611391649980013e-15,-0.8759677241754089,1.537165596815788e-14,3.4443212283156334e-15,0.002684603637936753,6.319836147462152e-17,1.7818537444147555e-17,68.66683501371124,0.004986540099136823,-2.6759296033728183e-05,-0.0003681974138477752,5403.415822665004,5411.267531861976,5781.7196372663875,5777.751256758097,0.1375597922292556,0.011052354377513998,0.8759677241755875,0
6.001999999999561,0.0,2.0,1.0,0.0,5.2301053305789543e-14,1.8622564152141123,0.9991727606817288,-3.725990314800812e-15,-0.007965217404691454,0.0012174445633853451,-2.1676340626132644e-14,0.0787833599689107,-0.0007820315595055733,-0.4601648144930924,-1.2660364243639437e-13,1.0168252318923097e-15,-0.8725048094632456,1.5415858112929607e-14,3.4607579719046974e-15,0.0032960318329215543,4.54959420831472e-17,1.0504943269429337e-17,68.66674038090791,0.004881688138183934,-2.6152174375320183e-05,-0.00036045856883745313,5403.411036300988,5411.265097725916,5781.752125911223,5777.710559165035,0.13774606881706902,0.00805772049458879,0.8725048094632593,0
6.021999999999559,0.0,2.0,1.0,0.0,5.222714510495097e-14,1.862130166115138,0.9991967525185877,-3.669245344696563e-15,-0.004962383382791244,0.001184986617522472,-2.1707925894735156e-14,0.07524434986946889,-0.0007652279742256705,-0.4394939284536151,-1.2678862159643922e-13,9.725659161586131e-16,-0.868349505577086,1.541691300782182e-14,3.482860061792308e-15,0.0038943263740209167,-6.768327218131113e-17,2.7172166426614504e-17,68.66666351090925,0.004774988512710561,-2.5527367494020686e-05,-0.00035258386194545767,5403.40693016207,5411.263388905012,5781.786002946194,5777.669961002365,0.137872173776857,0.005101905734283026,0.8683495055771574,0
6.041999999999557,0.0,2.0,1.0,0.0,5.215424676172994e-14,1.8620638041951294,0.9992200956312141,-3.6226037350291905e-15,-0.001975307818502138,0.001152580591645624,-2.1726135332059135e-14,0.07169401086986042,-0.0007472139947600201,-0.41875677865141303,-1.268954316734574e-13,9.274551952328114e-16,-0.8635170037042681,1.5486547165094008e-14,3.529721140849713e-15,0.0044792653134258,9.886427614070469e-17,5.351220768584634e-17,68.66660347138456,0.004666547417521417,-2.4886032042038973e-05,-0.0003445810916345757,5403.403468637104,5411.262367151035,5781.821192319344,5777.629460267515,0.1379384006139844,0.002286981197577683,0.8635170037042237,0
6.061999999999554,0.0,2.0,1.0,0.0,5.208237342802218e-14,1.862056988878865,0.9992427919518375,-3.569918636257627e-15,0.0009937076301096443,0.0011203071279458562,-2.1755197643952534e-14,0.06813527932840338,-0.0007281552667938512,-0.39797053459191684,-1.2706558561138165e-13,8.8259855631456565e-16,-0.8580227410733733,1.5606895628956288e-14,3.591210793978266e-15,0.005050639853833531,1.0830550865870844e-16,6.160295797780217e-17,68.66655933180338,0.004556470705317695,-2.4229321172604992e-05,-0.00033645803122840434,5403.400616181996,5411.2619942911815,5781.857618173954,5777.589054913716,0.13794508936962485,0.0014975122420415863,0.8580227410732226,0
6.081999999999552,0.0,2.0,1.0,0.0,5.201148047201616e-14,1.8621093341465738,0.999264844980187,-3.5210811994235535e-15,0.0039424149333879355,0.0010882427375048954,-2.177782837870036e-14,0.06457105012016798,-0.0007082123372783725,-0.377152122231388,-1.2719813160304495e-13,8.372996857185893e-16,-0.8518823859139278,1.5863833447310023e-14,3.662198013972533e-15,0.005608254300950612,2.4086115046895865e-16,7.524482339288379e-17,68.66653016575854,0.004444863812717409,-2.3558382558930857e-05,-0.0003282224235645366,5403.398337410407,5411.262232321133,5781.895204971754,5777.548742921755,0.13789262555482945,0.0040898542471257265,0.8518823859140998,0
6.10199999999955,0.0,2.0,1.0,0.0,5.194164896705336e-14,1.8622204096149801,0.9992862597002716,-3.465517146282634e-15,0.006868620453205972,0.001056459748112989,-2.1808353654425373e-14,0.06100417517535609,-0.0006875403810726439,-0.3563182154143387,-1.2737674559765047e-13,7.921567728313249e-16,-0.8451118224762676,1.6154571433329007e-14,3.7433206828179785e-15,0.0061519260069128395,2.134347386328964e-16,7.972734885480785e-17,68.66651505320024,0.004331831687702966,-2.287435647744238e-05,-0.0003198819757485439,5403.396597180997,5411.263043494599,5781.933877611892,5777.508522368486,0.1377814390688358,0.0069493923568598685,0.8451118224764387,0
6.121999999999548,0.0,2.0,1.0,0.0,5.187294819956716e-14,1.862389741633055,0.9993070424962689,-3.409495051478497e-15,0.009770185655217638,0.001025026265730104,-2.1841421814191098e-14,0.05743746207134465,-0.0006662889530987906,-0.3354852276344649,-1.275701715478059e-13,7.469729449065736e-16,-0.8377271361218671,1.639997724289404e-14,3.82665992916762e-15,0.006681485304807202,1.9942446131960419e-16,7.632729084189331e-17,68.66651308257751,0.004217478718526823,-2.2178373961785427e-05,-0.0003114443540113803,5403.395360680986,5411.26439040913,5781.973561545508,5777.468391491966,0.1376120031026339,0.009823808150755852,0.8377271361219564,0
6.141999999999546,0.0,2.0,1.0,0.0,5.1805313985041115e-14,1.8626168143914514,0.9993272010677885,-3.3569212276210187e-15,0.012645027770478915,0.0009940061492472974,-2.1869014059659745e-14,0.0538736726786218,-0.000644601765865109,-0.3146693041199383,-1.277315750014929e-13,7.015108315469978e-16,-0.8297445984942136,1.672996790785173e-14,3.894296833006978e-15,0.007196775434475609,3.0633134917579935e-16,5.892454493089397e-17,68.66652335288413,0.0041019086641189036,-2.1471555027670066e-05,-0.00030291717867295386,5403.394593506023,5411.266236088158,5782.014182885763,5777.428348753082,0.1373848330288176,0.012684036248013657,0.8297445984942331,0
6.161999999999543,0.0,2.0,1.0,0.0,5.173880525063893e-14,1.8629010710446197,0.9993467443447746,-3.296351384049402e-15,0.015491120406709864,0.0009634589981776508,-2.190861917098379e-14,0.05031552186079891,-0.0006226164921499908,-0.29388631424361356,-1.2796310500070645e-13,6.563648390022816e-16,-0.82118065278009,1.708627177699803e-14,3.957178691682866e-15,0.0076976524597917465,2.261619710952692e-16,6.899981887936727e-17,68.66654497560626,0.003985224586030498,-2.0755006971567397e-05,-0.0002943080192143461,5403.394261736156,5411.268544059076,5782.055668513201,5777.388392893619,0.13710048527873092,0.015521052306346766,0.821180652780298,0
6.181999999999541,0.0,2.0,1.0,0.0,5.167347790602789e-14,1.863241914844596,0.9993656824023003,-3.2390675259031022e-15,0.018306494109498646,0.0009334401528824633,-2.1945187625204825e-14,0.04676567622884294,-0.0006004645925741365,-0.27315184425843697,-1.2817686237353744e-13,6.110748801854003e-16,-0.8120518990709409,1.7418333046200324e-14,4.028003940587214e-15,0.008183985177598394,2.682497236492013e-16,5.252688475149151e-17,68.66657707656982,0.0038675287819499036,-2.0029822746558407e-05,-0.0002856243894611403,5403.394332007904,5411.2712784273635,5782.097946176343,5777.348522990644,0.13675955620792093,0.018330276514557053,0.8120518990710383,0
6.201999999999539,0.0,2.0,1.0,0.0,5.1609425234163896e-14,1.8636387102854686,0.9993840263755011,-3.17462393879235e-15,0.021089236873780472,0.0009040007069115464,-2.1990517709111474e-14,0.04322675294963221,-0.0005782711677127315,-0.2524811903580879,-1.2844175962476655e-13,5.659987270602092e-16,-0.80237507983371,1.761140839289803e-14,4.0796792148428425e-15,0.008655655018513252,1.3834267932611587e-16,4.572676872566241e-17,68.66661879768525,0.003748922720819637,-1.9297079414418003e-05,-0.00027687374288003675,5403.394771582265,5411.274403946588,5782.140944587425,5777.308738507134,0.1363626809508982,0.02110860320335096,0.8023750798336322,0
6.221999999999537,0.0,2.0,1.0,0.0,5.1546614236815295e-14,1.864090784257528,0.9994017883748837,-3.1146262768224586e-15,0.023837494605954072,0.0008751875310195099,-2.2033282901144105e-14,0.039701318608900554,-0.0005561548343563504,-0.2318893520626335,-1.2869164252653838e-13,5.208478669019344e-16,-0.7921670655003908,1.774031626064183e-14,4.1163925882596e-15,0.009112555939791992,1.464831944977888e-16,3.0530591076105584e-17,68.66666929858847,0.0036295069795868706,-1.8557836678404983e-05,-0.00026806346799087015,5403.395548408698,5411.277886084284,5782.184593513184,5777.269039338848,0.13591053226620153,0.023853555338845017,0.7921670655004478,0
6.241999999999535,0.0,2.0,1.0,0.0,5.148499232023479e-14,1.864597427210122,0.9994189814022393,-3.0548048632515554e-15,0.02654947153702896,0.0008470433083987771,-2.2071446722480433e-14,0.03619188812859261,-0.0005342276254609686,-0.21139102592871964,-1.2891461781809834e-13,4.756286972683414e-16,-0.7814448401852294,1.7903710277506214e-14,4.149391980893455e-15,0.009554594310461169,1.7261702050381388e-16,2.3147607962348298e-17,68.6667277581766,0.003509381181616425,-1.7813135495485214e-05,-0.00025920088389617875,5403.396631184945,5411.281691083619,5782.228823860664,5777.229425857314,0.13540381937275311,0.026562980278233353,0.7814448401853589,0
6.261999999999532,0.0,2.0,1.0,0.0,5.142456707318052e-14,1.8651578943222384,0.9994356192673817,-2.9928406419314362e-15,0.029223430587225745,0.0008196065806519552,-2.2116255651957065e-14,0.032700923738614406,-0.0005125949132815015,-0.19100059958358104,-1.2917637521775024e-13,4.3062258203581917e-16,-0.7702254875383185,1.8107849562664473e-14,4.1769808976630376e-15,0.00998168878892586,1.5788553190538436e-16,2.9517512566135135e-17,68.66679337603766,0.0033886439367899765,-1.70639967703947e-05,-0.00025029323592997365,5403.397989412705,5411.285786020857,5782.273567757963,5777.189898948977,0.13484328677848212,0.029234921758633958,0.7702254875384341,0
6.28199999999953,0.0,2.0,1.0,0.0,5.1365414816741703e-14,1.8657714066798494,0.9994517165059158,-2.929980985219519e-15,0.031857693682480724,0.000792911804011566,-2.2161048971134075e-14,0.029230834002926358,-0.0004913553551191797,-0.17073214608193607,-1.2943801235442847e-13,3.8570546088121634e-16,-0.7585261767440763,1.8252640549018778e-14,4.208157613289593e-15,0.010393770193261815,1.3490521633825064e-16,3.1696325251962e-17,68.66686537377353,0.0032673927833172735,-1.631142013238118e-05,-0.00024134769142763755,5403.399593449133,5411.29013885854,5782.318758629906,5777.150460050466,0.13422971310219006,0.0318675596162573,0.758526176744032,0
6.301999999999528,0.0,2.0,1.0,0.0,5.1307549631953566e-14,1.8664371524590617,0.9994672882982417,-2.8618819562581408e-15,0.034450642023334484,0.0007669894153018885,-2.221302576469675e-14,0.025783972899883163,-0.0004706008610860402,-0.15059941858457565,-1.2974157901740688e-13,3.410207790056184e-16,-0.746364148672849,1.8331294473603957e-14,4.227159263269051e-15,0.010790781364409885,-2.159503045134197e-17,1.0088609635194894e-17,68.66694299621639,0.0031457241312789837,-1.5556382793817645e-05,-0.00023237133561833186,5403.401414554129,5411.294718494432,5782.364331268659,5777.111111179969,0.1335639098896147,0.03445917887273469,0.7463641486730154,0
6.321999999999526,0.0,2.0,1.0,0.0,5.1251024768357585e-14,1.867154288114126,0.9994823503899779,-2.795570933055936e-15,0.03700071630671183,0.0007418659071247111,-2.226610659206184e-14,0.02236263895669098,-0.0004504165832261511,-0.1306158453572647,-1.3005156792152324e-13,2.964760241486651e-16,-0.7337567021936441,1.826749190253094e-14,4.2342152336385614e-15,0.011172677022486286,-1.2643857315308e-16,9.061653337416623e-18,68.66702551253792,0.0030237332079233593,-1.4799838492545777e-05,-0.00022337116764153565,5403.403424933474,5411.2994948061905,5782.410221899183,5777.071854964737,0.13284672042464343,0.037008152780622874,0.7337567021934932,0
6.341999999999524,0.0,2.0,1.0,0.0,5.1195731891806147e-14,1.8679219395693678,0.999496919013986,-2.7354646636084912e-15,0.03950641690112724,0.0007175639117430588,-2.230971860650928e-14,0.018969074437810977,-0.000430880925304413,-0.1107945250883338,-1.3030622680625072e-13,2.5197727708464373e-16,-0.7207211806557426,1.822947701469225e-14,4.2534585967567946e-15,0.011539423616425017,-6.522755426063138e-17,1.9525505344508723e-17,68.66711221725258,0.0029015140047330846,-1.4042716516720771e-05,-0.00021435409668888142,5403.405597777765,5411.304438691795,5782.456368239684,5777.032694664735,0.13207901853661777,0.03951293300089362,0.720721180655522,0
6.361999999999521,0.0,2.0,1.0,0.0,5.114167730047914e-14,1.868739203414116,0.9995110108141633,-2.672064241769557e-15,0.04196630397587725,0.0006941022931261179,-2.2358093404560378e-14,0.015605464587103254,-0.0004120655725294575,-0.09114822252315043,-1.3058868085384592e-13,2.0774542704174879e-16,-0.7072749585466872,1.820218113424881e-14,4.2738581296162136e-15,0.011890999167178083,-9.826015869018174e-17,1.419643482630797e-17,68.66720243111489,0.002779159226277722,-1.3285920812144835e-05,-0.00020532693827257463,5403.407907297223,5411.309522105778,5782.502709556941,5776.993634192477,0.13126170740465287,0.04197204364084567,0.7072749585465928,0
6.381999999999519,0.0,2.0,1.0,0.0,5.1088911883006254e-14,1.8696051480997142,0.999524642771161,-2.610975005494492e-15,0.04437899758480643,0.0006714962466154363,-2.240747285335998e-14,0.012273936923466663,-0.0003940355404495764,-0.07168936441344238,-1.3087698107137432e-13,1.63755385917001e-16,-0.6934354283338937,1.8099889015624896e-14,4.273500328931603e-15,0.012227393104694945,-7.349199374061937e-17,1.8313258895452892e-18,68.66729550191206,0.002656760240864786,-1.2530329172879415e-05,-0.00019629641062130204,5403.410328752387,5411.314718091255,5782.54918671665,5776.95467812909,0.13039571835989275,0.044384077481023236,0.693435428333907,0
6.401999999999517,0.0,2.0,1.0,0.0,5.103733045334183e-14,1.8705188151377146,0.9995378321301748,-2.550555888552578e-15,0.046743177705258834,0.0006497574056657585,-2.2451772059755252e-14,0.00897656058969619,-0.00037684924222122665,-0.05243003577926977,-1.3113558845882891e-13,1.1999916175935963e-16,-0.6792199874968732,1.8081530422517614e-14,4.2819519902360395e-15,0.012548606098900583,-3.622763981164084e-17,2.247659523779724e-18,68.66739080515313,0.0025344070330027934,-1.1776792512822071e-05,-0.00018726913120469037,5403.412838480753,5411.320000807825,5782.595742228763,5776.915831736662,0.12948200968660176,0.046747693490391845,0.6792199874970006,0
6.421999999999515,0.0,2.0,1.0,0.0,5.098702750549088e-14,1.871479220298361,0.9995505963309425,-2.488483454930688e-15,0.04905758423285165,0.0006288939551124499,-2.2503399021667752e-14,0.005715345754240743,-0.00036055857343223916,-0.03338197648123168,-1.3143697672746562e-13,7.657852986086055e-17,-0.6646460257567989,1.7992411396610936e-14,4.279883445625362e-15,0.012854649884902699,-4.902957380369793e-17,5.772617626964595e-18,68.66748774465594,0.00241218815768441,-1.1026134218084813e-05,-0.00017825161338689825,5403.415413919423,5411.325345555422,5782.642320287939,5776.87710096692,0.12852156542298646,0.04906161512190678,0.6646460257569347,0
6.441999999999513,0.0,2.0,1.0,0.0,5.093794946079632e-14,1.8724853548084912,0.9995629529400745,-2.4254738290093174e-15,0.051321016932731216,0.0006089107504153285,-2.2553587187695086e-14,0.0024922430655106922,-0.00034520901362667484,-0.014556578100322766,-1.3172994390321237e-13,3.3467338678885585e-17,-0.6497309125098835,1.790943374382058e-14,4.2704571180855215e-15,0.013145547082651756,-9.617578001357833e-17,-1.905474476121547e-17,68.66758575303396,0.0022901906964965133,-1.0279149580033492e-05,-0.00016925026321011052,5403.418033623806,5411.330728794141,5782.688866809133,5776.838492466361,0.12751539416262245,0.051324629090833726,0.6497309125100258,0
6.46199999999951,0.0,2.0,1.0,0.0,5.0890122353702165e-14,1.8735361865479885,0.9995749195858284,-2.3636124521865904e-15,0.05353233534799495,0.0005898094423300983,-2.260327880216274e-14,-0.0006908568416478938,-0.0003308397436616519,0.00403511887731041,-1.3201999485824183e-13,-9.297654711094535e-18,-0.6344919844707889,1.7781587858065507e-14,4.247526872544014e-15,0.013421331011284668,-1.207822904192231e-16,-2.1719280020315836e-17,68.66768429208464,0.002168500215562974,-9.536605306053636e-06,-0.00016027137630832453,5403.4206772824755,5411.336128160155,5782.735329458433,5776.8000135778575,0.12646452785735485,0.05353558445546711,0.6344919844707397,0
6.481999999999508,0.0,2.0,1.0,0.0,5.084358313432958e-14,1.874630661243941,0.9995865138954331,-2.2975667236596947e-15,0.05569045866598452,0.0005715886064613575,-2.2659258779256756e-14,-0.00383212378773555,-0.0003174837780161332,0.022382427573670847,-1.3234675991553154e-13,-5.170087472895717e-17,-0.6189465335320169,1.7535648658870545e-14,4.217182559523153e-15,0.013682045498371232,-2.7772586747714506e-16,-2.8991240831610605e-17,68.66778285308152,0.00204720072532723,-8.799239108067284e-06,-0.00015132113495192637,5403.423325728263,5411.3415224777755,5782.781657679206,5776.761672338887,0.1253700206225163,0.05569339188775242,0.6189465335321438,0
6.501999999999506,0.0,2.0,1.0,0.0,5.0798304424472274e-14,1.8757677036616656,0.9995977534350508,-2.2351264637125983e-15,0.05779436554317771,0.0005542438771534306,-2.271133882410089e-14,-0.006929788439084483,-0.0003051681111429375,0.04047501693333341,-1.3265073324296356e-13,-9.370745302646368e-17,-0.6031117948449639,1.718922109165762e-14,4.185152782500816e-15,0.013927744684301841,-3.6245680935797353e-16,-3.003207491719669e-17,68.66788095697277,0.0019263746421696322,-8.06775936702525e-06,-0.00014240560522316167,5403.425960945677,5411.346891767788,5782.827802713691,5776.723477476454,0.12423294754530602,0.057797023061865474,0.6031117948450254,0
6.521999999999504,0.0,2.0,1.0,0.0,5.0754275242326955e-14,1.8769462187917858,0.9996086556524623,-2.1717589073262406e-15,0.059843093889426664,0.0005377680851806085,-2.2764671509209674e-14,-0.00998214264753701,-0.00029391387695640206,0.05830291364227978,-1.3296201103805096e-13,-1.35299238247592e-16,-0.5870049351280817,1.672203550841168e-14,4.1491643178414515e-15,0.01415849282203745,-5.102531353169611e-16,-3.1988842998098524e-17,68.66797815448825,0.0018061027518668645,-7.342844870739318e-06,-0.00013353073432274145,5403.428566074739,5411.352217252142,5782.873717620119,5776.685438398805,0.12305440349714186,0.059845510113726776,0.5870049351283215,0
6.5419999999995015,0.0,2.0,1.0,0.0,5.0711427869748274e-14,1.8781650930325515,0.9996192378225394,-2.1183689960809543e-15,0.06183574061231051,0.0005221513987057474,-2.2808050761465858e-14,-0.012987539739827594,-0.0002837365205246201,0.07585650375452117,-1.3321514321554872e-13,-1.7636972568716164e-16,-0.5706430412073051,1.6191292597994948e-14,4.118581457843012e-15,0.0143743640724526,-4.3041557731132026e-16,-3.03235084611608e-17,68.66807402615825,0.0016864641748859282,-6.625144624751096e-06,-0.00012470234800750278,5403.431125411366,5411.3574813550895,5782.919357285486,5776.647565184091,0.1218355019507968,0.06183794514014933,0.5706430412073371,0
6.561999999999499,0.0,2.0,1.0,0.0,5.06697082104318e-14,1.8794231953666152,0.99962951699557,-2.0600314675732858e-15,0.06377146132238912,0.0005073814669834992,-2.2856544331327283e-14,-0.01594439475721987,-0.00027464598104923015,0.09312653403009102,-1.3349813756346554e-13,-2.169833433505344e-16,-0.5540431087936545,1.5625124625967426e-14,4.0925541147510235e-15,0.01457544229549823,-5.385492941357913e-16,-3.061494200512491e-17,68.66816818224667,0.0015675363335127916,-5.91527773246995e-06,-0.0001159261481590476,5403.433624404405,5411.362667700942,5782.964678434097,5776.60986856606,0.12057737380310629,0.06377347971646215,0.5540431087939807,0
6.581999999999497,0.0,2.0,1.0,0.0,5.0629051691600864e-14,1.8807193785314897,0.9996395099484826,-2.0099928280857147e-15,0.06564947000016325,0.0004934435662937103,-2.289800999601557e-14,-0.018851184645971214,-0.00026664688519630075,0.11010411298808144,-1.337400763027599e-13,-2.5700585145355487e-16,-0.5372220315026641,1.5065438371886045e-14,4.0550765868188484e-15,0.014761820837411474,-4.706686429489722e-16,-3.7817513877380613e-17,68.66826026260169,0.0014493949208080538,-5.213833344698891e-06,-0.00010720771048311821,5403.436049649439,5411.367761108503,5783.0096396320305,5776.572359916923,0.11928116620402097,0.06565132441813684,0.5372220315023799,0
6.601999999999495,0.0,2.0,1.0,0.0,5.0589417409894556e-14,1.8820524801829344,0.9996492331390077,-1.9593778576507035e-15,0.06746903862556373,0.00048032074760157874,-2.2939262912700545e-14,-0.021706448399235148,-0.0002597387498487391,0.1267807116785822,-1.339807660376023e-13,-2.964651975519875e-16,-0.5201965901200144,1.4516365604148205e-14,4.010739708763213e-15,0.014933602314200121,-4.710499026429267e-16,-5.2444702226817055e-17,68.66834993642719,0.0013321138713849692,-4.521370673785728e-06,-9.855248233935092e-05,5403.438388879484,5411.372747582352,5783.054201287647,5776.535051227528,0.11794804139275845,0.06747074833643382,0.5201965901202312,0
6.621999999999493,0.0,2.0,1.0,0.0,5.055078503262971e-14,1.8834213240505233,0.9996587026628077,-1.9111810336913557e-15,0.06922949677080878,0.0004679939854496555,-2.2979707393983973e-14,-0.02450878715103115,-0.00025391619335267553,0.14314816417746162,-1.342167287892341e-13,-3.353286833216926e-16,-0.5029834421175041,1.3950049587637943e-14,3.948713544758079e-15,0.015090898391624353,-4.571952083413862e-16,-5.5289648727418995e-17,68.66843690197824,0.0012157653340006578,-3.8384190723344e-06,-8.996578070102386e-05,5403.440630952734,5411.377614301078,5783.098325648268,5776.497955084966,0.11657917554179849,0.06923107858115342,0.5029834421173084,0
6.6419999999994905,0.0,2.0,1.0,0.0,5.051313445751067e-14,1.8848247210846782,0.9996679342135945,-1.86444543805038e-15,0.07093023115748417,0.0004564423276044039,-2.301792287930132e-14,-0.027256864222947222,-0.0002491691543370408,0.15919866780810185,-1.3443966877044484e-13,-3.7354708198415247e-16,-0.4855991114232341,1.3336544282503812e-14,3.8801970358942385e-15,0.01523382956190158,-4.586272767809139e-16,-7.266463906280269e-17,68.66852088618408,0.0011004196459495116,-3.165478172678893e-06,-8.145279024414832e-05,5403.442765837444,5411.382349602645,5783.141976793219,5776.461084647771,0.11517575760944081,0.07093169976570819,0.48559911142319157,0
6.661999999999488,0.0,2.0,1.0,0.0,5.0476340219815983e-14,1.886261470594457,0.9996769430462424,-1.81997179565704e-15,0.07257068517871626,0.0004456430449886531,-2.3048976717668548e-14,-0.029949405124260378,-0.00024548311718996304,0.17492478309428394,-1.3462077736297877e-13,-4.1100031529309645e-16,-0.46805997844960573,1.2810934991763618e-14,3.794691037396353e-15,0.015362524917360357,-4.513549364988586e-16,-8.032517793271627e-17,68.66860164420221,0.0009861453092489807,-2.5030180851902024e-06,-7.301856156526912e-05,5403.444784594149,5411.386942966963,5783.18512062334,5776.424453618844,0.11373898820163189,0.0725720534712357,0.46805997844963293,0
6.681999999999486,0.0,2.0,1.0,0.0,5.0440362933363356e-14,1.8877303613754068,0.9996857439429,-1.781289355562087e-15,0.07415035838732091,0.0004355717814486384,-2.3079779742017183e-14,-0.032585197506189434,-0.00024283934328882901,0.19031943344855654,-1.348004195245624e-13,-4.477683007018501e-16,-0.45038227038250983,1.2378747852830456e-14,3.709823529003989e-15,0.015477121921256939,-3.2996516760238482e-16,-7.964516633013336e-17,68.66867895890714,0.000873008968605002,-1.8514796524753204e-06,-6.466800952732133e-05,5403.446679355317,5411.391384995881,5783.227724847162,5776.388076216241,0.11227007844375171,0.07415163768754489,0.45038227038262774,0
6.701999999999484,0.0,2.0,1.0,0.0,5.0405210503347955e-14,1.8892301728268208,0.9996943511820896,-1.7384860224073699e-15,0.07566880595082524,0.00042620270291873747,-2.3112562727295892e-14,-0.03516309107101971,-0.00024121510709370448,0.20537590460053423,-1.3499162542219052e-13,-4.838776286584589e-16,-0.43258205173479786,1.198020296703462e-14,3.62862014903996e-15,0.01557776617598284,-3.606831088138958e-16,-6.16317977555902e-17,68.66875264031745,0.0007610753911423887,-1.211274757495258e-06,-5.640591173256967e-05,5403.44844330258,5411.395667390687,5783.269758963872,5776.3519671420045,0.11077024886302222,0.0756700062294673,0.4325820517346816,0
6.721999999999482,0.0,2.0,1.0,0.0,5.0370894044648487e-14,1.890759676057733,0.9997027785107823,-1.6986284941918799e-15,0.0771256380742708,0.0004175086455630551,-2.3144615773606174e-14,-0.037681997436859,-0.00024058393622614332,0.22008784376965784,-1.3517856854064676e-13,-5.192582465300498e-16,-0.41467521516690464,1.1554243473662918e-14,3.567408655778566e-15,0.015664611188875358,-3.4882584017472534e-16,-6.870946953757559e-17,68.6688225249651,0.0006504074478848513,-5.827866822712525e-07,-4.8236907121728065e-05,5403.450070641731,5411.399782927314,5783.311194243258,5776.316141549163,0.10924072828219834,0.07712676812775529,0.4146752151672887,0
6.7419999999994795,0.0,2.0,1.0,0.0,5.0337338864513994e-14,1.8923176349810271,0.9997110391194174,-1.6613818512071316e-15,0.07852051939171781,0.00040946126248997324,-2.3170682300802042e-14,-0.040140889958811446,-0.00024091585467351324,0.23444925858707613,-1.3533054831607934e-13,-5.5376371646079455e-16,-0.39667747257722147,1.1173622030710454e-14,3.492714924467212e-15,0.01573781813585206,-3.0384280703433364e-16,-7.380955655694738e-17,68.66888847521055,0.0005410660969686231,3.362948535319506e-08,-4.0165494698276e-05,5403.4515565756,5411.403725429364,5783.352003702802,5776.280615007058,0.10768275272516868,0.07852158699409106,0.3966774725773894,0
6.761999999999477,0.0,2.0,1.0,0.0,5.030451566057789e-14,1.8939028073950381,0.9997191456198395,-1.6246485250981747e-15,0.07985316832738101,0.0004020311686537097,-2.320057289028466e-14,-0.04253880350737348,-0.00024217762828255716,0.24845451577138083,-1.3550486537614186e-13,-5.87600116832973e-16,-0.3786043464645864,1.084347216126853e-14,3.4186087643148313e-15,0.015797555623076776,-2.781255586080317e-16,-4.737237078306085e-17,68.66895037850776,0.0004331103685717011,6.376463998544406e-07,-3.219603237682865e-05,5403.452897274974,5411.407489739131,5783.392162082038,5776.245403465165,0.10609756433508373,0.07985418036008894,0.37860434646415786,0
6.781999999999475,0.0,2.0,1.0,0.0,5.027237921661308e-14,1.8955139460520525,0.9997271100261091,-1.5908988996394194e-15,0.08112335642733629,0.0003951880835734557,-2.3224714415079043e-14,-0.044874834204880795,-0.0002443330117149992,0.2620983395630459,-1.35645607919824e-13,-6.205123116885104e-16,-0.3604711615650075,1.0601224988144945e-14,3.3512581541401525e-15,0.015843999446872464,-1.9665844473714502e-16,-6.338733791327874e-17,68.66900814662267,0.00032659735154142095,1.2289639629722123e-06,-2.433273595437199e-05,5403.454089847688,5411.411071686752,5783.431645814426,5776.210523215556,0.10448641030560506,0.08112431899041152,0.3604711615650488,0
6.801999999999473,0.0,2.0,1.0,0.0,5.024096706667885e-14,1.8971497997131277,0.9997349437381403,-1.5539395576813669e-15,0.08233090766274649,0.00038890097152138924,-2.3251984397488003e-14,-0.04714813912085211,-0.0002473429960775299,0.2753758099224887,-1.3580462665493035e-13,-6.527112002370923e-16,-0.34229303676449724,1.0359819581874482e-14,3.277849319162641e-15,0.015877332352094986,-2.266014524458721e-16,-6.808496908622393e-17,68.66906171480927,0.00022158218169671324,1.807308789934574e-06,-1.657967820309585e-05,5403.4551323061,5411.41446805766,5783.470432996823,5776.175990854155,0.10285054182585379,0.08233182617030511,0.34229303676440515,0
6.821999999999471,0.0,2.0,1.0,0.0,5.0210298547565966e-14,1.8988091141886687,0.9997426575281113,-1.518652262088814e-15,0.08347569770556158,0.0003831381788477509,-2.3279887033511554e-14,-0.04935793592709324,-0.0002511660564428858,0.28828236049675454,-1.3596734537012396e-13,-6.841222578231556e-16,-0.3240848772896602,1.0061161602164908e-14,3.1911661774664585e-15,0.01589774378916093,-2.362429506576611e-16,-9.1191485786235e-17,68.66911104094694,0.0001181180317895289,2.3724336379084525e-06,-8.940788083529214e-06,5403.456023533027,5411.41767655848,5783.508503356796,5776.141823240954,0.10119121303961982,0.08347657696799977,0.3240848772899105,0
6.8419999999994685,0.0,2.0,1.0,0.0,5.0180405754249485e-14,1.90049063336423,0.9997502615295875,-1.4781541456970854e-15,0.08455765317765598,0.00037786756813204254,-2.3313697787955963e-14,-0.05150350251344908,-0.0002557583985242028,0.30081377635993944,-1.361645763149423e-13,-7.148965789279813e-16,-0.3058613671774292,9.62068313019742e-15,3.0842358665536187e-15,0.015905429669949782,-4.2320600555878815e-16,-9.585442248966065e-17,68.66915610464294,1.6256103099125776e-05,2.9241168010660715e-06,-1.4198500765031957e-06,5403.4567632463395,5411.420695781524,5783.545838217897,5776.108037459315,0.09950968001936146,0.08455849747252964,0.3058613671775374,0
6.861999999999466,0.0,2.0,1.0,0.0,5.015114957108871e-14,1.9021931002110137,0.9997577652292889,-1.4505038608531112e-15,0.08557675087437061,0.0003730566488674189,-2.3332780188399874e-14,-0.053584176565098285,-0.0002610742037747236,0.31296619153248667,-1.3627579204065062e-13,-7.443853661642824e-16,-0.2876369620251319,9.21467992979706e-15,2.9926939323129802e-15,0.015900592122767787,-2.9617930354910453e-16,-6.170118669462926e-17,68.66919690630387,-8.395438136124459e-05,3.462161473735779e-06,5.979496367481492e-06,5403.457351962348,5411.423525168035,5783.582420463073,5776.074650774555,0.09780719975552385,0.0855775640076145,0.2876369620256392,0
6.881999999999464,0.0,2.0,1.0,0.0,5.0122465312698325e-14,1.9039152577805654,0.9997651774614322,-1.420880677380733e-15,0.08653301696343278,0.00036867270440737895,-2.3352068738580596e-14,-0.055599355102308554,-0.00026706587222737196,0.32473608628460754,-1.363882188556672e-13,-7.730176818113204e-16,-0.26942588202182727,8.901866357425363e-15,2.9178336949182654e-15,0.01588343924657849,-2.580713916255378e-16,-6.869559174976776e-17,68.66923346618007,-0.00018246618204593052,3.986395086372673e-06,1.325375726296222e-05,5403.457790958155,5411.426164970334,5783.618234496405,5776.041680591929,0.09608502916167443,0.08653380232231056,0.2694258820223464,0
6.901999999999462,0.0,2.0,1.0,0.0,5.009431980250716e-14,1.9056558501831904,0.9997725064045663,-1.3944387824498001e-15,0.08742652616023136,0.0003646829149212172,-2.3370993650657246e-14,-0.05754849398358414,-0.0002736842624062475,0.3361202842291407,-1.364985294488618e-13,-8.00764929410293e-16,-0.25124210526162744,8.701549419003431e-15,2.8382444501437132e-15,0.015854184864701137,-1.562744442700503e-16,-6.778659664835592e-17,68.66926582338628,-0.0002792340465198267,4.496668614466378e-06,2.0399584410081857e-05,5403.458082233061,5411.428616213018,5783.653266203319,5776.009144414169,0.09434442409592939,0.08742728675919237,0.2512421052622501,0
6.92199999999946,0.0,2.0,1.0,0.0,5.006673186597324e-14,1.9074136235496206,0.999779759580822,-1.367581343717925e-15,0.08825740088042627,0.0003610544761277113,-2.338968438114944e-14,-0.05943110737314429,-0.000280878927681388,0.3471159492091841,-1.366074804166201e-13,-8.276214371087294e-16,-0.23309936133950077,8.561245864396368e-15,2.7596788921709307e-15,0.01581304827815381,-8.264779939586477e-17,-7.052745974039927e-17,68.66929403490266,-0.0003742147115561768,4.9928558654217466e-06,2.7413775602423706e-05,5403.458228469238,5411.430880653351,5783.687502909422,5775.977059798724,0.09258663839914269,0.08825813940086773,0.23309936133888115,0
6.9419999999994575,0.0,2.0,1.0,0.0,5.003967995883739e-14,1.9091873269754964,0.9997869438574883,-1.3391976784842876e-15,0.08902581037087558,0.0003577547135928195,-2.3409619605839146e-14,-0.061246767173695635,-0.0002885983484653201,0.3577205819859681,-1.3672370840443996e-13,-8.536321603060804e-16,-0.2150111252298377,8.500449049188678e-15,2.6813068695057644e-15,0.015760254018846478,-6.070749121016056e-17,-5.794030619871155e-17,68.66931817455949,-0.0004673669037236098,5.474852745091713e-06,3.42932747240101e-05,5403.458232991772,5411.432960740988,5783.720933338156,5775.945444314867,0.09081292295028974,0.08902652919566277,0.21501112522985835,0
6.961999999999455,0.0,2.0,1.0,0.0,5.0013174096591066e-14,1.9109757134482346,0.9997940654508235,-1.3122779913338424e-15,0.08973196981986342,0.0003547511924021599,-2.3428208291072848e-14,-0.06299510242545903,-0.00029679015968131234,0.36793201673240306,-1.3683208088449964e-13,-8.786964055916691e-16,-0.19699061144783597,8.496554387887455e-15,2.6208858912505096e-15,0.01569603160279847,-1.6562979129931508e-18,-5.0793245477687107e-17,68.66933833200937,-0.0005586513384835491,5.942576506735718e-06,4.103517173707801e-05,5403.4580997282155,5411.434859577198,5783.7535475674,5775.914315500759,0.08902452473947495,0.08973267106333896,0.19699061144817465,0
6.981999999999453,0.0,2.0,1.0,0.0,4.998723124645227e-14,1.9127775407558862,0.999801129932006,-1.2862165024905249e-15,0.09037613944761334,0.00035201182203427924,-2.34480341000682e-14,-0.06467579867243763,-0.00030540137296896155,0.3777484173378836,-1.3694768805937553e-13,-9.029028388736609e-16,-0.17905076849356125,8.521578472943049e-15,2.5629716689775416e-15,0.015620615283571043,8.19346866986297e-17,-5.63061966843414e-17,68.66935461169011,-0.0006480307178273059,6.395964985314689e-06,4.763670256251662e-05,5403.457833167804,5411.436580873684,5783.785336985189,5775.883690820661,0.08722268595895812,0.09037682498172474,0.17905076849396326,0
7.001999999999451,0.0,2.0,1.0,0.0,4.996183010031228e-14,1.9145915723775944,0.9998081422351311,-1.256597686533826e-15,0.09095862357807073,0.000349504956283431,-2.346868022754495e-14,-0.06628859729690671,-0.00031437859312337347,0.3871682735298823,-1.3706809586011414e-13,-9.26232721352167e-16,-0.16120427357832343,8.613241181663029e-15,2.4967512581866067e-15,0.015534243806090356,7.326459297580622e-17,-5.839480374941746e-17,68.66936713178193,-0.000735469726480527,6.8349758192682675e-06,5.409524885480536e-05,5403.457438320459,5411.438128911172,5783.816294244687,5775.853587622402,0.08540864311258926,0.09095929505515987,0.16120427357906994,0
7.021999999999449,0.0,2.0,1.0,0.0,4.99370146837912e-14,1.91641657835529,0.9998151066671487,-1.225482109369646e-15,0.09147976969293779,0.0003471994881003338,-2.3495445014796665e-14,-0.06783329482312678,-0.0003236682283016282,0.3961903968179838,-1.3722424928090282e-13,-9.488970526178985e-16,-0.14346352763280992,8.711426099890148e-15,2.437146081763858e-15,0.01543716016103635,3.27499364589877e-17,-5.801316458470255e-17,68.66937602316197,-0.0008209350267008589,7.2595856627340606e-06,6.040833767331221e-05,5403.456920675692,5411.43950849787,5783.846413218572,5775.824023095208,0.08358362614401166,0.09148042856566359,0.14346352763166212,0
7.0419999999994465,0.0,2.0,1.0,0.0,4.991279395843429e-14,1.9182513361462867,0.9998220269196407,-1.1987399714051402e-15,0.09193996746894177,0.00034506493923670286,-2.3516716426289823e-14,-0.06930974219128411,-0.0003332166935562055,0.40481391626601604,-1.37348328833858e-13,-9.70428198241994e-16,-0.12584065059622004,8.812637090915015e-15,2.378660920594938e-15,0.01532961133997194,1.2211874286800303e-16,-5.377003096246329e-17,68.6693814283597,-0.0009043952516976513,7.66978939000828e-06,6.657364105181896e-05,5403.45628616157,5411.440724927949,5783.875688952987,5775.795014228068,0.08174885758397324,0.09194061500774488,0.12584065059731678,0
7.061999999999444,0.0,2.0,1.0,0.0,4.988912852080739e-14,1.9200946314564409,0.9998289060823339,-1.167333271123493e-15,0.09233964779931501,0.0003430715446003467,-2.3539498853415225e-14,-0.07071784400266767,-0.0003429706072977869,0.4130382740979647,-1.3748124358168338e-13,-9.91102656063413e-16,-0.10834747698544113,8.991608930986566e-15,2.3139572689275897e-15,0.015211848091381073,9.583518854195768e-17,-6.543084216797938e-17,68.66938350051593,-0.0009858209977042693,8.065599295812903e-06,7.258897546841003e-05,5403.4555411038245,5411.44178394015,5783.90411762117,5775.766577768715,0.07990555171707826,0.09234028510778086,0.10834747698693342,0
7.081999999999442,0.0,2.0,1.0,0.0,4.986604190483445e-14,1.921945259053579,0.999835746658241,-1.1432532862728846e-15,0.09267928180046196,0.00034119033124579035,-2.3559669714502285e-14,-0.07205755773710162,-0.0003528769803229407,0.420863221143411,-1.3759891591335652e-13,-1.0107439853491039e-15,-0.09099555174312529,9.229152405029228e-15,2.2423849405226833e-15,0.015084124677780949,2.898071971361253e-16,-5.506413467554199e-17,68.6693824023485,-0.0010651848147312972,8.447044292049379e-06,7.845230121752609e-05,5403.454692185251,5411.44269167664,5783.931696476908,5775.738730183349,0.07805491376827703,0.09267990982889213,0.09099555174475145,0
7.10199999999944,0.0,2.0,1.0,0.0,4.98435078845635e-14,1.9238020235609037,0.9998425505803222,-1.1119443858227812e-15,0.09295937980478357,0.00033939319194453184,-2.358401416649435e-14,-0.07332889294365318,-0.00036288339706967633,0.42828881212823694,-1.3774097423855244e-13,-1.0296398361972293e-15,-0.07379612636333184,9.593447041620216e-15,2.169526632136047e-15,0.014946698634066757,3.1264157909084254e-16,-6.661912774902351e-17,68.66937830512765,-0.0011424611960267354,8.814169104760552e-06,8.4161721686308e-05,5403.453746405478,5411.443454642233,5783.95842380795,5775.711487617219,0.07619813910938268,0.0929599993622458,0.0737961263645017,0
7.121999999999438,0.0,2.0,1.0,0.0,4.9821595489543115e-14,1.9256637402301158,0.9998493192295564,-1.0822717703880699e-15,0.0931804903406258,0.00033765295329580826,-2.360923090675314e-14,-0.07453191040564568,-0.000372938188804464,0.43531540081640085,-1.378881374947174e-13,-1.0476510722580039e-15,-0.05676015529321997,1.0013838271567482e-14,2.0971074181937254e-15,0.014799830527255392,4.1746872323472167e-16,-6.164741026687398e-17,68.66937138766362,-0.001217626566280986,9.167033472264533e-06,8.971548253733819e-05,5403.452711041275,5411.444079664083,5783.984298889508,5775.6848658561585,0.07433641248587593,0.09318110210571845,0.05676015529087968,0
7.1419999999994355,0.0,2.0,1.0,0.0,4.9800416622739e-14,1.9275292356939973,0.9998560534543177,-1.0413821243279106e-15,0.09334319910031157,0.00033594343835627587,-2.364789030210364e-14,-0.075666721280998,-0.0003829905984814749,0.4419436350085432,-1.3811382200612611e-13,-1.0653443518513574e-15,-0.039898292609098024,1.0357198436353168e-14,2.0201479303631978e-15,0.01464378371777021,2.506765517975388e-16,-6.54299748062414e-17,68.66936183530906,-0.0012906592685967117,9.505711347613058e-06,9.51119707997104e-05,5403.451593607394,5411.44457385196,5784.009321937947,5775.658880289171,0.07247090726425477,0.0933438036308473,0.03989829261065859,0
7.161999999999433,0.0,2.0,1.0,0.0,4.978001615078559e-14,1.9293973486982385,0.9998627535909409,-1.002982208160742e-15,0.09344812789721102,0.000334239523785898,-2.3682475964335743e-14,-0.07673348621893003,-0.0003929909370317203,0.44817445140328405,-1.3831572442912195e-13,-1.0819442332947415e-15,-0.02322088896495982,1.0590011369753498e-14,1.9487089060464246e-15,0.01447882412242978,1.7975793901836105e-16,-5.635823838862069e-17,68.66934983897887,-0.0013615395502627116,9.830290105837957e-06,0.00010034971387070152,5403.450401818163,5411.444944559175,5784.033494064779,5775.633545872177,0.07060278470014422,0.09344872563899825,0.023220888969880327,0
7.181999999999431,0.0,2.0,1.0,0.0,4.976032920903211e-14,1.9312669308122907,0.9998694194853708,-9.68273617271722e-16,0.09349593361279664,0.000332517191520505,-2.3714163643789665e-14,-0.07773241445405901,-0.00040289073089416674,0.4540090703270015,-1.385007116311701e-13,-1.0974961151588394e-15,-0.006737988811469981,1.0841761715206425e-14,1.8726273777998203e-15,0.014305219979277346,2.330389676959791e-16,-7.549093728603791e-17,68.66933559418968,-0.001430249547356526,1.0140869759998872e-05,0.00010542737843009547,5403.449143549839,5411.445199344306,5784.056817231103,5775.608877092983,0.06873319322738636,0.09349652490767307,0.0067379888142104155,0
7.201999999999429,0.0,2.0,1.0,0.0,4.974136940789346e-14,1.9331368471190615,0.9998760505157865,-9.317251332179955e-16,0.09348730713462289,0.00033075357500180223,-2.374997417776144e-14,-0.07866376287892278,-0.0004126428606231658,0.4594489903379503,-1.3870978817404938e-13,-1.1123234330512107e-15,0.009540672116806991,1.1118222166414393e-14,1.781552703772378e-15,0.014123241614402236,2.6105987468826955e-16,-7.457550473422692e-17,68.6693193001213,-0.0014967732682108976,1.0437562185804537e-05,0.00011034376926934038,5403.447826803839,5411.445345933748,5784.079294202541,5775.58488793758,0.06686326776829253,0.09348789222787456,0.00954067212719024,0
7.221999999999427,0.0,2.0,1.0,0.0,4.9723114083685125e-14,1.9350059768832766,0.999882645616088,-8.926600814091361e-16,0.09342297228616141,0.00032892700000717706,-2.378534472607627e-14,-0.07952783509596131,-0.00042220169043417585,0.4644959827105544,-1.3891630501214627e-13,-1.1262169712390709e-15,0.025605669048300077,1.1487241503399531e-14,1.6938173632399865e-15,0.013933161210882838,2.4989814884780284e-16,-8.247619438534605e-17,68.66930115870198,-0.001561096575770681,1.0720490357208301e-05,0.00011509782803767529,5403.4464596709195,5411.44539218522,5784.100928504812,5775.5615918578405,0.06499412906523636,0.0934235513334417,0.025605669043261003,0
7.2419999999994245,0.0,2.0,1.0,0.0,4.9705673140885105e-14,1.9368732141983578,0.999889203300143,-8.57680075122507e-16,0.09330368474941426,0.00032701702013753506,-2.3819800656046647e-14,-0.08032498044998557,-0.0004315231885932779,0.469152085805708,-1.391174899419439e-13,-1.139154050073975e-15,0.041447890157968716,1.1810719563842173e-14,1.6081664724200842e-15,0.013735252579998187,3.824071970696905e-16,-7.589725560270402e-17,68.66928137371966,-0.0016232071688756866,1.0989787595087963e-05,0.000119688631907549,5403.445050296396,5411.445346052272,5784.121724380011,5775.539001740658,0.06312688303373704,0.09330425782326088,0.04144789016090221,0
7.261999999999422,0.0,2.0,1.0,0.0,4.9688913513750493e-14,1.938737468611683,0.9998957216866841,-8.209500256794131e-16,0.09313023098121762,0.0003250044470356753,-2.3855460660791643e-14,-0.08105559304216385,-0.0004405650385732161,0.47341959933293026,-1.3932571682353977e-13,-1.1512370844003163e-15,0.05705853829016114,1.2338643140171816e-14,1.5461301868034787e-15,0.013529790934826674,5.068019407074251e-16,-4.320552433618309e-17,68.66926014996088,-0.001683094562497753,1.1245596829797252e-05,0.00012411539216135615,5403.4436068464565,5411.445215549882,5784.141686743687,5775.5171298786445,0.06126262013716978,0.09313079807725014,0.057058538287923545,0
7.28199999999942,0.0,2.0,1.0,0.0,4.967294851123717e-14,1.940597665728111,0.9999021985247535,-7.795662514091919e-16,0.09290342712413917,0.00032287137542167055,-2.3897631418297965e-14,-0.08172011072655075,-0.00044928674094267464,0.4773010785102082,-1.395719786157652e-13,-1.1627278231394872e-15,0.0724291324236146,1.294717165644818e-14,1.5031005077187697e-15,0.013317052666369136,5.563943238588674e-16,-3.69214885444571e-17,68.66923769237886,-0.0017407500669639692,1.1488069879277108e-05,0.000128377452701884,5403.442137475627,5411.445008721211,5784.160821142791,5775.495987942397,0.059402414783220725,0.09290398816700661,0.07242913242250845,0
7.301999999999418,0.0,2.0,1.0,0.0,4.9657915415569877e-14,1.942452747791673,0.9999086312195924,-7.314475837518665e-16,0.09262411791286147,0.0003206012030427246,-2.3946102277637705e-14,-0.08231901409018008,-0.0004576497059719319,0.48079932812733445,-1.3985504477271274e-13,-1.1736255362496727e-15,0.08755150888156826,1.348250633702127e-14,1.47114478926566e-15,0.0130973151223185,4.745970162163502e-16,-1.9225574366017693e-17,68.66921420529255,-0.0017961667662010914,1.1717366743866114e-05,0.00013247428848870433,5403.440650295477,5411.444733605536,5784.179133714589,5775.475586954401,0.057547324742187794,0.09262467276199716,0.08755150888118425,0
7.321999999999416,0.0,2.0,1.0,0.0,4.964381261489041e-14,1.944301674245351,0.9999150168588742,-6.798332549270927e-16,0.0922931755769319,0.00031817864564906586,-2.399942913363204e-14,-0.0828528254177406,-0.00046561733697529325,0.4839173965185631,-1.4016648086202777e-13,-1.1838675022950473e-15,0.10241782229009153,1.4007525158369894e-14,1.4371956838658686e-15,0.012870856388587284,3.4744785695941615e-16,-3.5604833426190706e-17,68.66918989161776,-0.001849339495025159,1.1933654919240957e-05,0.0001364055039025835,5403.439153344598,5411.444398207504,5784.196631146572,5775.45593726464,0.05569839058720887,0.09229372403216227,0.10241782228899182,0
7.341999999999413,0.0,2.0,1.0,0.0,4.9630757052423696e-14,1.946143422268876,0.9999213522391839,-6.292284046968866e-16,0.09191149874074922,0.0003155897471165185,-2.4053243197534597e-14,-0.08332210764184371,-0.00047315510443418315,0.4866585694503414,-1.4048077109611458e-13,-1.1932434780960406e-15,0.11702054628787047,1.439147015602133e-14,1.4002005992636568e-15,0.012637955073722496,2.911502796823459e-16,-3.640454094861602e-17,68.66916495213178,-0.0019002648155172844,1.2137108728403774e-05,0.00014017083104047922,5403.43765455989,5411.444010467639,5784.213320637469,5775.437048527912,0.05385663515648632,0.09191204054779346,0.11702054628792645,0
7.361999999999411,0.0,2.0,1.0,0.0,4.961875393880942e-14,1.9479769872945114,0.9999276338926479,-5.745953342443233e-16,0.09148001132164418,0.00031282188484928105,-2.411188422846435e-14,-0.0837274632798966,-0.000480230610971553,0.48902636392993154,-1.4082326115385048e-13,-1.2019726453896202e-15,0.1313524739908229,1.466839752311629e-14,1.3631948986535658e-15,0.012398890096305142,1.5590147967564165e-16,-3.2740804967353004e-17,68.66913958477222,-0.001948940992508863,1.2327908673902585e-05,0.0001437701279431251,5403.436161749225,5411.443578234241,5784.229209859378,5775.418929682917,0.052023063037550187,0.09148054617753322,0.13135247399189576,0
7.381999999999409,0.0,2.0,1.0,0.0,4.960781813399074e-14,1.9498013835007746,0.999933858113621,-5.264912448685987e-16,0.09099966142689861,0.00030986377060355965,-2.4168034842166944e-14,-0.08406953335857133,-0.000486813647272417,0.49102452194059865,-1.4115121421453743e-13,-1.209694761256954e-15,0.14540671821503579,1.4844594204587424e-14,1.3167899045920501e-15,0.012153940475453026,2.2208985390153673e-16,-4.5189180630962575e-17,68.66911398397166,-0.0019953679682136105,1.250624081062596e-05,0.00014720337675766464,5403.434682565519,5411.443109236678,5784.244306921089,5775.401588933125,0.05019866007360594,0.09100018898533403,0.14540671821555345,0
7.401999999999407,0.0,2.0,1.0,0.0,4.959779335288595e-14,1.951615644284105,0.9999400209853403,-4.790579869657163e-16,0.09047142025053571,0.00030670544688491877,-2.4216982502081972e-14,-0.08434899632687327,-0.00049287623907236,0.49265700410913627,-1.4143710680472037e-13,-1.2161750689244608e-15,0.1591767114616495,1.5191249311316748e-14,1.2781720031449226e-15,0.011903385124528137,3.307860548130933e-16,-3.288305229238311e-17,68.66908834002815,-0.002039547336036942,1.267229614082302e-05,0.00015047068183759982,5403.433224482217,5411.44261106009,5784.258620332651,5775.385033729478,0.048384392891969365,0.09047194012720293,0.15917671146125537,0
7.421999999999405,0.0,2.0,1.0,0.0,4.9588813676349296e-14,1.9534188227084641,0.9999461184064616,-4.2570685646050195e-16,0.08989628097069922,0.000303338279077487,-2.4277128375580424e-14,-0.08456656695878437,-0.0004983926853589871,0.49392798331135307,-1.4178840894151572e-13,-1.222341303231063e-15,0.17265620566741385,1.5530138492954432e-14,1.2497991551764144e-15,0.011647502648142556,3.0860289889327947e-16,-8.787743211065247e-18,68.66906283851289,-0.0020814823135908976,1.2826270031692464e-05,0.00015357226778228684,5403.431794770276,5411.442091121556,5784.272158971185,5775.36927075489,0.046581208454607746,0.08989679274854279,0.1726562056679492,0
7.441999999999402,0.0,2.0,1.0,0.0,4.9581012228506274e-14,1.955209991932905,0.9999521461173914,-3.6520724303497867e-16,0.08927525764842693,0.0002997549434734197,-2.434628431656435e-14,-0.08472299524646693,-0.0005033395879461826,0.49484183822120287,-1.4219234063152744e-13,-1.2280916561220238e-15,0.18583927172476997,1.5684551735442754e-14,1.2437230378070987e-15,0.011386571142567622,1.1362176912707091e-16,-4.818695898030311e-18,68.66903765971519,-0.0021211777149521844,1.2968361655226025e-05,0.00015650847741838076,5403.430400476565,5411.441556647743,5784.284932048018,5775.354305910623,0.04479003363075903,0.0892757608828911,0.18583927172539114,0
7.4619999999994,0.0,2.0,1.0,0.0,4.95742733575952e-14,1.9569882456171346,0.9999580997263363,-3.1241696987547196e-16,0.08860938412860861,0.00029594941137526756,-2.4406012134238506e-14,-0.0848190652849896,-0.0005076958726129739,0.49540314680913156,-1.4254121488379736e-13,-1.232501360538662e-15,0.1987202987754062,1.585846287673688e-14,1.2432727518538733e-15,0.011120867999634916,1.4660764444298715e-16,9.874411943493244e-18,68.66901297812531,-0.0021586399221911632,1.3098773452262228e-05,0.00015927976972551495,5403.429048403844,5411.441014654028,5784.296949077152,5775.340144304483,0.043011774791618114,0.08860987835284173,0.19872029877483638,0
7.481999999999398,0.0,2.0,1.0,0.0,4.956861141716204e-14,1.9587526983051289,0.9999639747349937,-2.5948562925265364e-16,0.08789971294390449,0.0002919169294541071,-2.4466635705169865e-14,-0.08485559414953543,-0.0005114428020088306,0.49561667979519547,-1.4289532700620794e-13,-1.236095827382002e-15,0.21129399328135204,1.604751585218542e-14,1.248096110298518e-15,0.010850669714212845,1.9315759366810914e-16,1.3007322541107359e-17,68.66898896195562,-0.002193876856202728,1.32177106210919e-05,0.0001618867177084811,5403.42774509219,5411.4404719251515,5784.308219845081,5775.32679024089,0.04124731742704532,0.08790019767392171,0.21129399328215384,0
7.501999999999396,0.0,2.0,1.0,0.0,4.9563981424084014e-14,1.9605024857868656,0.9999697665638091,-2.0557652906643372e-16,0.08714731422238574,0.0002876539965450786,-2.452767143246153e-14,-0.08483343076604284,-0.0005145639805509663,0.49548739406248243,-1.4325185220679302e-13,-1.2388566317321236e-15,0.22355537787775318,1.6345552244289267e-14,1.2649062596993777e-15,0.010576251695351773,2.353129462274956e-16,1.932518544061489e-17,68.66896577269974,-0.0022268979468745022,1.3325380629325867e-05,0.0001643300062183068,5403.426496801947,5411.439934997365,5784.318754381972,5775.31424721277,0.03949752578424905,0.08714778896218173,0.22355537787824736,0
7.521999999999394,0.0,2.0,1.0,0.0,4.9560496727256496e-14,1.9622367654382569,0.9999754705767328,-1.460897429385934e-16,0.08635327459964248,0.00028315833707347806,-2.459635657797577e-14,-0.08475345477621363,-0.0005170453515503731,0.49502042603626634,-1.436530587413508e-13,-1.2411554282512294e-15,0.23549979001159196,1.660274676746303e-14,1.2822342426838986e-15,0.010297888081169812,1.5000515458079626e-16,7.619271424723398e-18,68.6689435647303,-0.002257714102619822,1.3421992751117107e-05,0.00016661042972452282,5403.425309498216,5411.439410142093,5784.328562934248,5775.302517895306,0.037763242528387794,0.08635373884624287,0.23549979001199714,0
7.541999999999391,0.0,2.0,1.0,0.0,4.9558299819965864e-14,1.963954716539383,0.9999810821054093,-8.204464120750591e-17,0.08551869613609003,0.00027842887130555407,-2.4675128038344713e-14,-0.08461657539781646,-0.0005188751868296012,0.4942210850343125,-1.4411317876907713e-13,-1.2431201510023672e-15,0.2471228803706814,1.6618064726310273e-14,1.2756326736112377e-15,0.010015851557561645,-4.6667953990738834e-17,-1.8297497306370098e-17,68.6689224849349,-0.0022863376793102923,1.3507757628745732e-05,0.0001687288900409365,5403.424188836838,5411.438903351108,5784.337655938555,5775.291604141486,0.036045288425021256,0.08551914938452836,0.24712288037003638,0
7.561999999999389,0.0,2.0,1.0,0.0,4.955734903105756e-14,1.9656555405711305,0.9999865964727394,-2.2419255406787368e-17,0.08464469524018818,0.00027346568261980787,-2.4745849722608013e-14,-0.0844237302811992,-0.0005200440690983945,0.4930948465936697,-1.4452628947837252e-13,-1.2438425417330643e-15,0.25842061110736186,1.6460778237136778e-14,1.2624526845842616e-15,0.009730413180799783,-1.2749178360763556e-16,-1.538316186672906e-17,68.66890267239016,-0.0023127824486364993,1.3582886858977767e-05,0.00017068639400721336,5403.423140151881,5411.438420323215,5784.346043997135,5775.281506979485,0.03434446204435017,0.08464513698839353,0.2584206111068804,0
7.581999999999387,0.0,2.0,1.0,0.0,4.955748892874965e-14,1.9673384614903737,0.9999920090157557,3.10902541425016e-17,0.08373240159827207,0.00026826998200026834,-2.481036010432935e-14,-0.08417588436291577,-0.0005205448673705974,0.49164734577925306,-1.449031278679427e-13,-1.2434246884379479e-15,0.2693892538614031,1.6363631554762202e-14,1.2535340308530181e-15,0.009441842204095358,-5.212886349311386e-17,3.448996188475159e-18,68.6688842580735,-0.0023370635659284004,1.3647592604992779e-05,0.00017248405112858654,5403.42216844463,5411.437966452423,5784.353737854568,5775.272226611799,0.03266153948716486,0.08373283135185121,0.2693892538616187,0
7.601999999999385,0.0,2.0,1.0,0.0,4.955880072534553e-14,1.9690027259838248,0.9999973151077601,9.560476295696653e-17,0.08278295711167717,0.00026284406995339673,-2.488594387286842e-14,-0.0838740287173527,-0.0005203727057225722,0.48988437047940514,-1.4534464350872402e-13,-1.242740824869486e-15,0.28002538758669504,1.6185500871840235e-14,1.2580813034320714e-15,0.009150405908189158,-2.9189182558155503e-16,1.5592060520312808e-17,68.6688673646125,-0.002359197537470474,1.370208723251065e-05,0.00017412307117614127,5403.421278374052,5411.4375468176,5784.3607483759415,5775.263762416146,0.030997274132453963,0.0827833743885745,0.2800253875873023,0
7.621999999999383,0.0,2.0,1.0,0.0,4.956135407623281e-14,1.9706476037007172,1.000002510179673,1.5334483096207446e-16,0.08179751484182446,0.0002571912960514909,-2.49570707477635e-14,-0.08351917940723723,-0.0005195249256959493,0.4878118546936201,-1.457601325037696e-13,-1.241020529878041e-15,0.29032589618637794,1.579406825791091e-14,1.2799412870773104e-15,0.00885636943602845,-3.7218117063247066e-16,1.591818853379645e-17,68.66885210607099,-0.002379202187336432,1.3746582969942689e-05,0.00017560476174973368,5403.420474248716,5411.4371661735795,5784.367086526365,5775.256112948097,0.02935239640661646,0.0817979191768425,0.29032589618691745,0
7.64199999999938,0.0,2.0,1.0,0.0,4.9565008816504964e-14,1.9722723874644845,1.0000075897405485,2.0538366913835514e-16,0.08077723796391466,0.00025131601630626446,-2.502215189087831e-14,-0.08311237633388834,-0.0005180010426619243,0.48543587181749787,-1.4614031488714003e-13,-1.2381967620455336e-15,0.30028796596113233,1.537102646870256e-14,1.2820040953342246e-15,0.008559995631588378,-3.338626740362388e-16,2.630206707814106e-18,68.66883858777159,-0.0023970966237787136,1.3781291594156118e-05,0.00017693052580604763,5403.419760020136,5411.436828943706,5784.37276335187,5775.249275945366,0.027727613574266296,0.08077762891307808,0.3002879659611107,0
7.661999999999378,0.0,2.0,1.0,0.0,4.956972478135991e-14,1.9738763934636099,1.000012549397217,2.596838760314259e-16,0.07972329872986454,0.00024522354857693874,-2.5089665801227667e-14,-0.08265468208806012,-0.0005158026964761799,0.4827626279299403,-1.465347083572816e-13,-1.2347009782091352e-15,0.3099090828754177,1.4934474764254234e-14,1.2876506939164027e-15,0.008261544882892557,-3.9793446878100763e-16,4.892286120487862e-18,68.66882690615381,-0.0024129012052036933,1.3806424139695872e-05,0.00017810185915409797,5403.419139277548,5411.43653921379,5784.377789961645,5775.243248333776,0.026123609550663077,0.07972367587461078,0.3099090828749553,0
7.681999999999376,0.0,2.0,1.0,0.0,4.957544958212186e-14,1.9754589614218467,1.0000173848730147,3.103350873788219e-16,0.07863687744110007,0.00023892012621541236,-2.515150592026821e-14,-0.08214718080221486,-0.0005129335967468531,0.4797984550875239,-1.4689596662371876e-13,-1.2301448024416699e-15,0.3191870296464908,1.4521444285638932e-14,1.2857943060813297e-15,0.007961274969277765,-4.0130265125005113e-16,-6.154432974532443e-18,68.6688171486671,-0.0024266375057575926,1.382219063143341e-05,0.0001791203479202399,5403.418615244038,5411.43630072745,5784.382177511602,5775.238026234807,0.024541044735874967,0.07863724039228046,0.3191870296461154,0
7.701999999999374,0.0,2.0,1.0,0.0,4.958214402001243e-14,1.9770194547480056,1.0000220920255678,3.5670055973535497e-16,0.07751916143180484,0.00023241285015036223,-2.5212549083545525e-14,-0.08159097700504572,-0.0005093994630574166,0.4765498046309068,-1.4725257212304672e-13,-1.2247813587147643e-15,0.3281198826611119,1.4149225956927452e-14,1.2724398021198095e-15,0.007659440912956386,-3.238348339328117e-16,-1.6833390692645673e-17,68.66880939369788,-0.002438328280561681,1.382879984130782e-05,0.0001799876659853036,5403.418190774028,5411.436116882777,5784.385937189254,5775.233604974714,0.022980555870921793,0.07751950983348085,0.3281198826612711,0
7.721999999999372,0.0,2.0,1.0,0.0,4.9589811236786095e-14,1.978557260665529,1.0000266668636046,4.044023354660223e-16,0.07637134406320455,0.00022570963961111498,-2.5274317428525246e-14,-0.08098719447905563,-0.000505207960490976,0.4730232405080412,-1.4761341441340875e-13,-1.2186964317996873e-15,0.33670600872487544,1.3771390760322942e-14,1.2599875053394688e-15,0.0073562948349116105,-3.1862117673587203e-16,2.095911877213246e-18,68.66880371052982,-0.002447997430620752,1.3826459067316119e-05,0.00018070557239585925,5403.417868352063,5411.435990730347,5784.389080199839,5775.229979095152,0.02144275591633878,0.0763716775962253,0.3367060087249465,0
7.741999999999369,0.0,2.0,1.0,0.0,4.9598417066507934e-14,1.9800717903220757,1.0000311055627689,4.500317682291886e-16,0.07519462372945061,0.00021881918168655,-2.533350357965378e-14,-0.08033697512198237,-0.0005003686307899716,0.46922543261887495,-1.479591765296272e-13,-1.2117430175457919e-15,0.3449440616491667,1.3401269252922933e-14,1.2518718014564157e-15,0.007052085815163125,-2.919814619961652e-16,-9.950007939969703e-18,68.66880015933596,-0.002455669967435223,1.3815373935032353e-05,0.00018127590875194086,5403.417650092864,5411.43592497246,5784.391617753712,5775.227142365247,0.019928233953949635,0.07519494211479873,0.3449440616495725,0
7.761999999999367,0.0,2.0,1.0,0.0,4.960784760588389e-14,1.981562478879359,1.000035404480413,4.9030882081834605e-16,0.07399020287564921,0.00021175087991855398,-2.538669506875806e-14,-0.07964147781284812,-0.0004948928195117415,0.46516315018615956,-1.482699276794047e-13,-1.2037749128595911e-15,0.35283297868076957,1.31818313410888e-14,1.231412174797695e-15,0.006747059757448185,-1.4583824619462055e-16,-3.0447500532111654e-17,68.6687987912023,-0.0024613719773521657,1.3795748220989594e-05,0.0001817005965736044,5403.417537742615,5411.435921963653,5784.3935610549315,5775.225087795084,0.018437555113173562,0.07399050587754401,0.35283297868117747,0
7.781999999999365,0.0,2.0,1.0,0.0,4.9618125253353816e-14,1.98302878558348,1.0000395601693526,5.331514986619072e-16,0.0727592870285631,0.00020451480211702928,-2.5443027096622168e-14,-0.07890187728338928,-0.0004887935995164982,0.4608432551568632,-1.485990212100583e-13,-1.1952421980309944e-15,0.3603719767792011,1.3052454301262507e-14,1.199931951221932e-15,0.006441459258334948,-8.757522721926864e-17,-1.7062374191474608e-17,68.66879964818114,-0.002465130585677102,1.3767783697305263e-05,0.00018198163464836243,5403.417532681426,5411.435983712367,5784.394921291027,5775.223807650526,0.016971260524147682,0.0727595744573119,0.3603719767793669,0
7.801999999999363,0.0,2.0,1.0,0.0,4.9629319879700834e-14,1.9844701938160227,1.0000435693905743,5.786515195891381e-16,0.07150308384049701,0.00019712162758645654,-2.5503532212157574e-14,-0.07811936299561302,-0.0004820856911449757,0.4562726956386186,-1.4895248735184693e-13,-1.1862023730610846e-15,0.3675605487468757,1.288612303729181e-14,1.1643456085737522e-15,0.006135523480801907,-1.1662908072634033e-16,-3.88505010497433e-17,68.66880276337311,-0.002466973920579826,1.3731679996359274e-05,0.000182121096361828,5403.41763592693,5411.436111883765,5784.395709623886,5775.223293469329,0.015529867301548114,0.07150335555508712,0.3675605487467271,0
7.821999999999361,0.0,2.0,1.0,0.0,4.964137565298376e-14,1.9858862111261752,1.0000474291248804,6.226460566267725e-16,0.07022280214685914,0.00018958259394746805,-2.5562143564999125e-14,-0.07729513802620765,-0.00047478537943154974,0.4514584993755422,-1.4929489254271872e-13,-1.1763840831458263e-15,0.374398459217232,1.27552538492523e-14,1.1194243676834584e-15,0.005829488032313663,-1.1759571472574695e-16,-3.0544645046766344e-17,68.66880816103715,-0.002466931076825379,1.3687634495545839e-05,0.00018212112701377744,5403.417848138972,5411.436307803657,5784.395937181755,5775.223536078474,0.014113868565945563,0.07022305805728522,0.3743984592171748,0
7.841999999999358,0.0,2.0,1.0,0.0,4.96543117431963e-14,1.9872763692441562,1.0000511365834677,6.6861167695406e-16,0.06891965103787284,0.00018190944373162508,-2.562149500964061e-14,-0.07643041795851462,-0.00046691042869248257,0.44640776726763615,-1.4964161937111076e-13,-1.1659241482840824e-15,0.38088574050598056,1.261433116913296e-14,1.0823319125491376e-15,0.005523584847397271,-1.8623660847591286e-16,-3.226549073493533e-17,68.66881585672644,-0.0024650320793531107,1.3635842221255996e-05,0.00018198394112175898,5403.418169625333,5411.436572463441,5784.39561505226,5775.224525612661,0.012723733515019224,0.06891989110719696,0.3808857405059823,0
7.861999999999356,0.0,2.0,1.0,0.0,4.966819345096303e-14,1.988640224076237,1.0000546892174376,7.129576775696572e-16,0.06759483894489601,0.0001741143709243605,-2.5683864258713478e-14,-0.07552642978275977,-0.00045847999484210927,0.44112766693793615,-1.5000597043627753e-13,-1.154938318987236e-15,0.3870226883306486,1.234212565716442e-14,1.04149615791397e-15,0.005218042074751728,-2.292356058507647e-16,-2.950381096118026e-17,68.66882585744962,-0.0024613078467372517,1.3576495770827611e-05,0.0001817118197144251,5403.418600348448,5411.436906526058,5784.394754276467,5775.226251533896,0.0113599075677845,0.06759506319103928,0.38702268833034387,0
7.881999999999354,0.0,2.0,1.0,0.0,4.968298490146077e-14,1.9899773556816536,1.0000580847262384,7.58462708173214e-16,0.06624957274178633,0.00016620996762333775,-2.5746651980321452e-14,-0.07458441080521759,-0.00044951453576851043,0.4356254263514196,-1.5037276410731025e-13,-1.1433208920953874e-15,0.3928098574036206,1.1966791871419628e-14,1.0208225022724572e-15,0.004913083968893808,-3.3352405059271725e-16,-7.542211755313878e-18,68.6688381618557,-0.002455790154555996,1.3509785252034924e-05,0.00018130710761682015,5403.419139933048,5411.437310332879,5784.393365843884,5775.22870265213,0.01002281262757636,0.06624978123905449,0.3928098574039719,0
7.901999999999352,0.0,2.0,1.0,0.0,4.9698635096242133e-14,1.9912873682317158,1.000061321065043,8.017054809144701e-16,0.06488505686173324,0.00015820917097616945,-2.5805571902850812e-14,-0.07360560756696952,-0.000440035720108047,0.4299083274896235,-1.5071696619298364e-13,-1.1308982164012219e-15,0.3982480569038821,1.152980997215037e-14,1.0100132803024114e-15,0.004608930786351821,-4.134375569605408e-16,-1.3530477194385816e-17,68.66885276044113,-0.0024485115986935457,1.3435898239330348e-05,0.00018077221072961016,5403.419787674686,5411.437783911475,5784.391460688364,5775.231867146817,0.008712847559938876,0.06488524974208035,0.3982480569042248,0
7.92199999999935,0.0,2.0,1.0,0.0,4.971514733257976e-14,1.9925698899514275,1.0000643964510705,8.464986929069953e-16,0.06350249242995999,0.00015012521055435575,-2.586910518967794e-14,-0.0725912747728977,-0.0004300663347429279,0.42398370008479525,-1.5108811047155504e-13,-1.1180590603181114e-15,0.4033383458326748,1.0977921322257098e-14,1.0038084403674616e-15,0.00430579868641788,-5.81824217098953e-16,4.517585849676885e-18,68.66886963577808,-0.002439505558609604,1.3355019746079919e-05,0.00018010959330448564,5403.420542549092,5411.438326984231,5784.3890496849,5775.235732589423,0.0074303891039977765,0.06350266988399755,0.4033383458325277,0
7.941999999999347,0.0,2.0,1.0,0.0,4.973242828307697e-14,1.9938245730439383,1.0000673093688603,8.790047825065548e-16,0.06210307641267998,0.0001419715563114389,-2.5917333260502623e-14,-0.07154267423153923,-0.0004196301913485535,0.4178589154173138,-1.513698624898732e-13,-1.1039620811830027e-15,0.4080820282583003,1.0400280700545739e-14,1.0077196252294226e-15,0.004003899636451978,-4.65275458336472e-16,1.1498113117007557e-17,68.66888876276214,-0.002428806160595276,1.3267332211003754e-05,0.0001793217752177229,5403.421403222292,5411.438938977719,5784.386143647219,5775.24028596671,0.006175793766050591,0.06210323869044166,0.4080820282581981,0
7.961999999999345,0.0,2.0,1.0,0.0,4.975040718704771e-14,1.9950510935981576,1.0000700585745161,9.123738289882892e-16,0.06068800078267517,0.00013376186727328876,-2.596595475201065e-14,-0.07046107380640766,-0.0004087520323028078,0.41154138017999814,-1.5165390959499478e-13,-1.0893111697408404e-15,0.412480648455284,9.846033723633701e-15,1.0097532239835964e-15,0.003703441321748047,-4.2666505385782545e-16,-3.670308956933644e-18,68.6689101088782,-0.0024164482410479566,1.3173015500092496e-05,0.00017841132924400205,5403.422368061452,5411.439619032802,5784.38275332613,5775.245513704818,0.004949402264724514,0.06068814819415005,0.41248064845503385,0
7.981999999999343,0.0,2.0,1.0,0.0,4.976908397359909e-14,1.996249151479865,1.000072643098928,9.51276867730986e-16,0.05925845170184487,0.00012550994109506122,-2.6022964412170507e-14,-0.06934774637936969,-0.000397457436264916,0.4050385304128175,-1.5198694482340285e-13,-1.074452512918427e-15,0.41653598594311486,9.255519246680093e-15,9.914535178321825e-16,0.0034046270599514677,-5.927957501614431e-16,-1.978242060180623e-17,68.66893363448307,-0.002402467309790278,1.3072246920321215e-05,0.00017738087833253608,5403.42343514637,5411.440366015403,5784.378889408619,5775.2514016940095,0.0037515518976578887,0.0592585846172957,0.41653598594278746,0
8.001999999999342,0.0,2.0,1.0,0.0,4.9788376084261437e-14,1.9974184702066633,1.0000750622500014,9.779567655097505e-16,0.05781560872105694,0.0001172296646145513,-2.606287960306878e-14,-0.06820396882664947,-0.0003857727237262672,0.3983578255114185,-1.5222013678233e-13,-1.0583512484132634e-15,0.4202500504297866,8.696777494641948e-15,9.780721200497934e-16,0.0031076557200211147,-4.774522362736762e-16,-2.6711082347710015e-18,68.66895929310343,-0.00238689951345898,1.296520124589872e-05,0.00017623309288744473,5403.424602281564,5411.441178527884,5784.37456251757,5775.257935314051,0.0025826208423344503,0.057815727571142964,0.42025005042977936,0
8.021999999999348,0.0,2.0,1.0,0.0,4.980823318412043e-14,1.9985587968071183,1.000077315613907,1.004325095998925e-15,0.05636064399761413,0.00010893496552688273,-2.610525054332843e-14,-0.06703102100801078,-0.00037372486281629435,0.3915067423127525,-1.5246766815567388e-13,-1.0418402475829765e-15,0.42362507666533594,8.187449095242824e-15,9.897202639357939e-16,0.002812721645725823,-4.047236472821468e-16,1.5598999414216733e-17,68.6689870317476,-0.0023697815989860206,1.2852050757268871e-05,0.00017497068805436377,5403.4258670089275,5411.442054920967,5784.369783212132,5775.265099460133,0.00144327556181281,0.05636074927334193,0.4236250766655708,0
8.041999999999355,0.0,2.0,1.0,0.0,4.98286284657024e-14,1.9996699016644506,1.0000794030553768,1.0305452314532532e-15,0.05489472153063212,0.00010063976529622413,-2.6147434941716172e-14,-0.06583018476965588,-0.0003613413756507408,0.38449276926101833,-1.5271410647555397e-13,-1.0248285585300476e-15,0.4266635192105646,7.714778371677262e-15,9.998216598405233e-16,0.0025200145836668623,-3.741626837221351e-16,2.820003074371226e-17,68.66901679122981,-0.0023511508772047986,1.2732965288734471e-05,0.00017359642101530152,5403.427226620854,5411.442993306157,5784.364561988626,5775.272878569277,0.00033951400020568965,0.054894813783161744,0.4266635192102264,0
8.061999999999362,0.0,2.0,1.0,0.0,4.9849472759296226e-14,2.0007515783451266,1.0000813247170754,1.052100695505458e-15,0.05341899641460653,9.235793341089108e-05,-2.618311660735174e-14,-0.06460274296135163,-0.00034865024548893825,0.37732340065696274,-1.5292256184633143e-13,-1.0070915472645393e-15,0.42936804712611937,7.370778408550553e-15,1.0396463141967435e-15,0.002229719615801393,-2.536292481946765e-16,4.7337500130688395e-17,68.66904850650542,-0.0023310451865992976,1.2608112286796498e-05,0.00017211308829352882,5403.428678173792,5411.443991568612,5784.3589092819775,5775.281256647156,0.0007559654214781766,0.053419076254944825,0.42936804712592336,0
8.081999999999368,0.0,2.0,1.0,0.0,4.987079792599052e-14,2.0018036434127318,1.0000830810180694,1.0753968512497125e-15,0.051934614111430084,8.41032430845474e-05,-2.622115708691889e-14,-0.06334997846828609,-0.00033567982495384544,0.37000613099353935,-1.531447899866029e-13,-9.889960381445923e-16,0.43174153858708414,7.0655217928521875e-15,1.0866737288393382e-15,0.0019420170964528705,-2.1291415318935158e-16,5.315229322216265e-17,68.6690821070158,-0.002309502857222854,1.2477656877211332e-05,0.00017052352307047147,5403.430218502196,5411.445047380375,5784.352835467597,5775.290217295255,0.001805555874475813,0.051934682210047746,0.4317415385872032,0
8.101999999999375,0.0,2.0,1.0,0.0,4.9892523711914904e-14,2.0028259362274823,1.0000846726514305,1.0941863894391804e-15,0.05044270974110265,7.588932849713464e-05,-2.625552733345286e-14,-0.06207317325813127,-0.0003224587455755289,0.3625484493807542,-1.533455780955257e-13,-9.7033226601602e-16,0.43378707542820216,6.894185061751571e-15,1.1561944855363252e-15,0.0016570825937851253,-7.124633422044693e-17,6.109038784823252e-17,68.66911751704153,-0.0022865626748127177,1.2341761939230697e-05,0.00016883059251645611,5403.431844232789,5411.44615821397,5784.3463508636905,5775.299743738318,0.0028272044531121336,0.05044276682751762,0.4337870754278781,0
8.121999999999382,0.0,2.0,1.0,0.0,4.991470288609362e-14,2.0038183187317626,1.0000861005809976,1.1207501878661814e-15,0.04894440739135987,6.77296436603973e-05,-2.6298237851213873e-14,-0.06077360744377394,-0.0003090158288792266,0.3549578340624475,-1.5359507349383815e-13,-9.515617481604962e-16,0.43550793762483336,6.753537419690418e-15,1.2457696453584047e-15,0.0013750868357115943,-1.57540092546541e-16,9.067089256058904e-17,68.66915465606232,-0.002262263845119896,1.2200588187605951e-05,0.00016703719513701934,5403.4335517990785,5411.44732135623,5784.33946573391,5775.309818851998,0.003819289364185117,0.04894445425373576,0.43550793762448886,0
8.141999999999388,0.0,2.0,1.0,0.0,4.9937332327156635e-14,2.0047806752220656,1.0000873660373377,1.1437204635479744e-15,0.04744081944642891,5.9637422985413966e-05,-2.6335571823847054e-14,-0.059452558362158126,-0.00029537999925285675,0.3472417470276473,-1.5381316293088508e-13,-9.321978999624441e-16,0.4369075977147031,6.634305988052502e-15,1.344873639692743e-15,0.0010961956602120754,-1.5712542587314674e-16,6.887582680841645e-17,68.66919343912255,-0.0022366459584795936,1.2054294259664068e-05,0.00016514625813663167,5403.435337456114,5411.448533922388,5784.332190290341,5775.320425190661,0.004781473455259589,0.04744085693124533,0.43690759771447735,0
8.161999999999395,0.0,2.0,1.0,0.0,4.9960439744047723e-14,2.0057129121077186,1.0000884705129378,1.165838839036673e-15,0.04593304593510278,5.1625643625325746e-05,-2.6374315806123073e-14,-0.0581112996696612,-0.0002815801988045355,0.33940762871899777,-1.540394832568174e-13,-9.125067804625207e-16,0.43798971516549484,6.478525354146093e-15,1.4129852837667518e-15,0.0008205699700327942,-1.4595676113877609e-16,5.0869397127777195e-17,68.66923377720093,-0.002209748954646901,1.1903036808792955e-05,0.00016316073480160374,5403.437197295391,5411.449792870313,5784.3245346967315,5775.331545015272,0.005713597096591389,0.045933074946963234,0.4379897151658693,0
8.181999999999402,0.0,2.0,1.0,0.0,4.9983976638003907e-14,2.0066149576567858,1.0000894157566613,1.1862410154990077e-15,0.04442217389830697,4.37069896542579e-05,-2.6411253644561357e-14,-0.05675110045440974,-0.00026764530440591595,0.3314628928406697,-1.542552504366164e-13,-8.92394909118823e-16,0.43875813069325814,6.34702598591777e-15,1.466277182587946e-15,0.0005483656917211211,-1.0138350220947533e-16,2.874126446821705e-17,68.66927557758311,-0.0021816130879141,1.1746970601286726e-05,0.00016108360190374542,5403.439127259865,5411.451095014868,5784.316509071971,5775.343160321305,0.006615561954861279,0.0444221953999616,0.4387581306932001,0
8.201999999999408,0.0,2.0,1.0,0.0,5.0007879380553995e-14,2.0074867617295373,1.0000902037675097,1.2018589222552156e-15,0.042909276776316625,3.589381813808174e-05,-2.6442438637520615e-14,-0.05537322436592129,-0.0002536040471088521,0.3234149212680373,-1.5443741366154206e-13,-8.717552128260169e-16,0.43921686053659786,6.327163075751345e-15,1.4960228543917073e-15,0.0002797337389723008,6.671858873997735e-17,1.036013451676679e-17,68.66931874423602,-0.0021522788925360113,1.158624861728911e-05,0.00015891785712655607,5403.441123159041,5411.452437042351,5784.308123493714,5775.355252866611,0.007487305116965496,0.04290929178899048,0.439216860536492,0
8.221999999999415,0.0,2.0,1.0,0.0,5.0032100645207526e-14,2.0083282954998793,1.0000908367877293,1.2190545930214851e-15,0.04139541381576432,2.8198127145908328e-05,-2.6474456945802904e-14,-0.053978928762440405,-0.00023948493411764347,0.3152710590613012,-1.5462443945974962e-13,-8.508323510764163e-16,0.4393700906915563,6.49257976246263e-15,1.520075457286041e-15,1.4819980240868038e-05,1.9763005150818048e-16,2.0886436568994054e-17,68.66936317818234,-0.002121787148482948,1.1421022154535557e-05,0.00015666651651549904,5403.443180684048,5411.453815524938,5784.299388002155,5775.36780419919,0.008328790863943909,0.04139542341989929,0.4393700906916948,0
8.241999999999422,0.0,2.0,1.0,0.0,5.00568087330739e-14,2.0091395511651475,1.000091317295295,1.2464010123872135e-15,0.03988162949656301,2.0631525742646686e-05,-2.6520192194204186e-14,-0.05256946387631908,-0.00022531617346332428,0.3070386095851163,-1.5489157483102525e-13,-8.300462865116034e-16,0.4392221711120436,6.591164803339999e-15,1.534632663794779e-15,-0.00024623478942487526,6.228807787727824e-17,2.6302067078141357e-18,68.66940877787458,-0.00209017884753988,1.1251440933891585e-05,0.00015433261195393737,5403.445295422717,5411.455226935112,5784.290312603887,5775.3807956847995,0.009140007349492099,0.03988163483310306,0.4392221711121855,0
8.261999999999428,0.0,2.0,1.0,0.0,5.008200724083726e-14,2.0099205416446546,1.0000916479958222,1.2716610229974335e-15,0.038368952978851935,1.320520599594447e-05,-2.6561865351994394e-14,-0.05114607199777132,-0.0002111256015455653,0.29872482973617226,-1.5513498110764452e-13,-8.088395188414322e-16,0.43877760988063635,6.629243823746935e-15,1.5352509712154772e-15,-0.000503294872362711,-8.53753746055459e-18,1.4020224868225552e-18,68.66945543956697,-0.0020574951597763635,1.1077653205710681e-05,0.000151919188666314,5403.447462874558,5411.456667660018,5784.280907275804,5775.39420853438,0.009920964967101974,0.038368955251229034,0.43877760988091946,0
8.281999999999435,0.0,2.0,1.0,0.0,5.010765532528572e-14,2.010671300267397,1.000091831813935,1.2911447862427843e-15,0.036858397570056774,5.9299170240079465e-06,-2.6597814654598575e-14,-0.049709986677313,-0.00019694061366198803,0.2903369252805491,-1.553449527442602e-13,-7.871916984017476e-16,0.43804106735450227,6.676006460832881e-15,1.5385854088858338e-15,-0.0007562296881491659,8.304477610380716e-17,-1.4637406954911311e-18,68.66950305768442,-0.002023777400400983,1.089980585779171e-05,0.0001494293027500319,5403.449678465604,5411.4581340157,5784.27118196901,5775.408023831175,0.010671695389159061,0.0368583980470704,0.43804106735411286,0
8.301999999999442,0.0,2.0,1.0,0.0,5.0133706284594716e-14,2.0113918804493314,1.0000918718841432,1.3126850154452918e-15,0.03535096021213997,-1.1840588965394539e-06,-2.663820729884489e-14,-0.04826243194718748,-0.000182788097656192,0.281882046302611,-1.5558087144965327e-13,-7.65428249928309e-16,0.43701735029115657,6.811635915402691e-15,1.53406027280985e-15,-0.001004913789364864,1.2670524522409237e-16,-5.065026631618982e-18,68.66955152518744,-0.0019890669970218074,1.0718044522493134e-05,0.00014686601873739767,5403.45193756312,5411.459622261189,5784.2611466127055,5775.422222557581,0.011392250902036627,0.03535096023196964,0.4370173502914403,0
8.321999999999449,0.0,2.0,1.0,0.0,5.016015244764488e-14,2.012082355360609,1.0000917715412605,1.332678806551328e-15,0.033847620989100644,-8.126928149776633e-06,-2.6675631880995694e-14,-0.046804621562042396,-0.00016869437079096254,0.27336728276698985,-1.557994508581582e-13,-7.433496162982584e-16,0.4357114059586997,7.0634290100883965e-15,1.5440563553319025e-15,-0.0012492268733277653,2.3030436777730583e-16,6.238431537845894e-18,68.66960073393189,-0.0019534054573330578,1.0532513682692398e-05,0.0001442324071892279,5403.454235490074,5411.461128612385,5784.250811118004,5775.436785621598,0.012082703880995308,0.03384762196475208,0.43571140595903185,0
8.341999999999455,0.0,2.0,1.0,0.0,5.018710717134214e-14,2.012742817583195,1.0000915343104115,1.361311074399879e-15,0.03234934265476826,-1.4889405521205929e-05,-2.6721916917292712e-14,-0.04533775825912653,-0.0001546851199415693,0.26479966019522516,-1.560697756727864e-13,-7.21301257449584e-16,0.43412831623511955,7.276303378562443e-15,1.53688483121839e-15,-0.0014890537898504907,1.1769295019057815e-16,-1.773544690015358e-17,68.66965057502267,-0.0019168343372410453,1.03433567771209e-05,0.00014153154232125143,5403.456567539399,5411.462649255708,5784.240185381647,5775.451693882888,0.012743146333954212,0.032349346081335335,0.4341283162347345,0
8.361999999999462,0.0,2.0,1.0,0.0,5.021463405123462e-14,2.0133733787592543,1.0000911638966667,1.3862217702004534e-15,0.030857070180918836,-2.146273186048218e-05,-2.676730714469562e-14,-0.043863033038234134,-0.00014078534519753098,0.2561861354583814,-1.5633487020302424e-13,-6.990234443425289e-16,0.432273291701186,7.371358164743994e-15,1.5141442368271121e-15,-0.0017242845450688529,1.226651013535967e-16,-3.1953240509259495e-17,68.66970093916048,-0.0018793952094515805,1.0150716302602393e-05,0.00013876649966483413,5403.4589289879395,5411.464180361479,5784.229279289581,5775.466928178369,0.013373689479516433,0.030857077645153132,0.4322732917013703,0
8.381999999999469,0.0,2.0,1.0,0.0,5.0242644600162095e-14,2.013974169230735,1.0000906641743441,1.4145189578003574e-15,0.029371730325726646,-2.7838689672583484e-05,-2.6814675324642363e-14,-0.042381624461631,-0.00012701930693173626,0.24753359268700129,-1.566115129464147e-13,-6.766092018852902e-16,0.4301516657313966,7.50249004408062e-15,1.4634569984981974e-15,-0.001954814301414004,4.5771369086688363e-17,-4.8710669287195464e-17,68.66975171698068,-0.0018411296325297937,9.954733914582515e-06,0.00013594035376304788,5403.461315110113,5411.465718096988,5784.218102720389,5775.482469347322,0.013974463341457083,0.029371743518556283,0.43015166573167135,0
8.401999999999475,0.0,2.0,1.0,0.0,5.027115506026911e-14,2.014545337670536,1.000090039176026,1.43944471144481e-15,0.02789423122255026,-3.4009616650704226e-05,-2.6857097592757213e-14,-0.0408946979741514,-0.00011341047641183659,0.2388488392994825,-1.5685926507263861e-13,-6.539027960265581e-16,0.4277688885873568,7.658059008798699e-15,1.432007173585921e-15,-0.0021805433737724423,7.494630087137238e-17,-1.0262258165645508e-17,68.6698027993835,-0.0018020791204540725,9.755550523738562e-06,0.00013305617590357978,5403.463721191217,5411.467258639243,5784.206665548497,5775.498298255949,0.014545616350060016,0.02789425195539616,0.42776888858733325,0
8.421999999999482,0.0,2.0,1.0,0.0,5.030024721561252e-14,2.0150870507056813,1.000089293081324,1.4637317786964769e-15,0.026425461989036,-3.9968417170162314e-05,-2.6902710075154228e-14,-0.039403405243665264,-9.998148998380764e-05,0.2301386021500278,-1.571256458616582e-13,-6.311262588178675e-16,0.4251305215179281,7.72254153930401e-15,1.3849161826650955e-15,-0.002401377221913281,1.3213297813998931e-16,-6.281050169993494e-17,68.66985407785481,-0.0017622851126720036,9.553306389473576e-06,0.00013011703188932111,5403.466142540341,5411.468798187321,5784.1949776472,5775.514395821366,0.01508731494501823,0.026425492215063046,0.42513052151816616,0
8.441999999999489,0.0,2.0,1.0,0.0,5.0329819452996824e-14,2.0155994925328904,1.0000884302054391,1.4928415382662886e-15,0.024966292356508706,-4.5708571765292146e-05,-2.6951329963631693e-14,-0.03790888352206936,-8.675410687405621e-05,0.22140952379704196,-1.57409587737898e-13,-6.082848621837795e-16,0.42224223087038165,7.867401641211685e-15,1.3280728396196945e-15,-0.002617226439220087,6.62109652828196e-17,-5.021640926434331e-17,68.66990544477665,-0.0017217889446858045,9.34814120862098e-06,0.00012712597984819814,5403.468574502903,5411.470332974352,5784.183048891419,5775.530743034968,0.015599743176890352,0.024966334198359957,0.4222422308706001,0
8.461999999999495,0.0,2.0,1.0,0.0,5.036001106692917e-14,2.016082864526968,1.0000874549875525,1.5239665008553025e-15,0.023517572319603112,-5.122414462151988e-05,-2.7003571716276954e-14,-0.036412255026965296,-7.374917062299678e-05,0.2126681588929045,-1.5771467957733982e-13,-5.854016622990102e-16,0.4191097822167325,7.884067795951381e-15,1.271721631476408e-15,-0.0028280067378313035,-4.720184033970071e-17,-5.5441396373985455e-17,68.6699567937271,-0.0016806318191611937,9.140194199900107e-06,0.00012408606808275323,5403.471012472738,5411.471859279061,5784.1708891601875,5775.54732098517,0.016083102305452724,0.023517628105758342,0.41910978221692674,0
8.481999999999502,0.0,2.0,1.0,0.0,5.039073149679495e-14,2.0165373848424037,1.0000863719790871,1.5464779774536294e-15,0.022080131806078002,-5.650978911684291e-05,-2.704734837829168e-14,-0.03491462634414677,-6.0986574162407196e-05,0.20392097069580567,-1.5797032752268977e-13,-5.622333585732535e-16,0.41573903449936533,7.91981851830272e-15,1.2309254462774471e-15,-0.003033638930216441,7.878226236773472e-17,-3.491614820622788e-17,68.67000801976862,-0.0016388547775956321,8.929604183087606e-06,0.00012100033296107034,5403.473451903727,5411.473373436874,5784.158508338877,5775.564110879471,0.01653761039402418,0.022080204118849162,0.41573903449916116,0
8.501999999999509,0.0,2.0,1.0,0.0,5.042199597164794e-14,2.016963288008592,1.000085185831882,1.5754502199675504e-15,0.02065478036673878,-6.15607514495952e-05,-2.709690940966562e-14,-0.033417087851020016,-4.848522854192247e-05,0.19517432770434176,-1.5825975586241387e-13,-5.391035987254288e-16,0.41213593419995187,7.953517764703504e-15,1.2090267627123348e-15,-0.0032340489072862823,3.002487751943221e-17,-1.5598267577750163e-17,68.67005901972443,-0.0015964986725398186,8.716509653432014e-06,0.00011787179684957903,5403.4758883209615,5411.474871850548,5784.145916321089,5775.581094065801,0.0169635018993249,0.02065487210622077,0.4121359342000743,0
8.521999999999515,0.0,2.0,1.0,0.0,5.045386923022218e-14,2.0173608245190673,1.0000839012863134,1.6059001152933033e-15,0.01924230688538235,-6.637287239942072e-05,-2.7149612149877832e-14,-0.03192071316104611,-3.6263035287419716e-05,0.18643450041535403,-1.585675302553015e-13,-5.159640530435925e-16,0.40830650953561387,7.88462876545146e-15,1.1801706692873112e-15,-0.0034291676130923095,-6.126830643058196e-17,-2.5319657937124188e-17,68.67010969244244,-0.001553604140397894,8.501048849290515e-06,0.00011470346608895011,5403.478317331411,5411.47635100032,5784.133123010231,5775.598252053159,0.0173610272566946,0.019242421355677244,0.40830650953584047,0
8.541999999999522,0.0,2.0,1.0,0.0,5.048625241151565e-14,2.0177302604151612,1.0000825231594008,1.6302598372591462e-15,0.017843479308664076,-7.094258727014736e-05,-2.7195593259641947e-14,-0.03042655858929672,-2.4336862369720656e-05,0.1777076582055171,-1.58836043956658e-13,-4.926448712507434e-16,0.404256864686185,7.864827917113859e-15,1.1326019385535472e-15,-0.0036189310161908075,1.094926186639637e-17,-3.7761094706829856e-17,68.67015993904623,-0.0015102115748102305,8.283359814392977e-06,0.00011149832901380163,5403.480734634058,5411.477807453549,5784.12013832077,5775.615566531497,0.01773045246070362,0.017843620335834642,0.404256864685961,0
8.561999999999529,0.0,2.0,1.0,0.0,5.051915624982807e-14,2.018071876864473,1.0000810563329334,1.6593886475948057e-15,0.016459044395773562,-7.526692406268781e-05,-2.7246087532948885e-14,-0.028935662639178086,-1.272252375420505e-05,0.16899986633695907,-1.5913091404331775e-13,-4.693745581906682e-16,0.39999317405635393,7.874604720174751e-15,1.1050635097781307e-15,-0.0038032800777486994,-4.83056394664539e-17,-2.0989788141086086e-17,68.67020966317266,-0.001466361100633138,8.06358045406205e-06,0.00010825935401712636,5403.483136029521,5411.479237873828,5784.106972179111,5775.633019390826,0.018072058641277765,0.016459216492041864,0.39999317405657236,0
8.581999999999535,0.0,2.0,1.0,0.0,5.0552673138632284e-14,2.0183859697345503,1.000079505741652,1.686045390542565e-15,0.015089727487793555,-7.934349993915135e-05,-2.7298083024206385e-14,-0.02744904551038057,-1.434762486192539e-06,0.1603170830872144,-1.594345493961326e-13,-4.461087504955722e-16,0.3955216765763582,7.766679819262168e-15,1.0700962103212777e-15,-0.0039821607164631295,-4.318218789026503e-17,-2.0282020962887544e-17,68.67025877119593,-0.0014220925485213787,7.841848584056686e-06,0.00010498948766010489,5403.4855174291315,5411.480639029579,5784.093634524136,5775.650592739543,0.01838614163555681,0.015089936084916164,0.39552167657607246,0
8.601999999999542,0.0,2.0,1.0,0.0,5.058666589534755e-14,2.0186728491621757,1.0000778763615212,1.7107585149175537e-15,0.013736232296603774,-8.317051603389398e-05,-2.7343722602967056e-14,-0.025967708628077697,9.512762734664504e-06,0.15166515700361327,-1.5970106060886408e-13,-4.227386939931767e-16,0.390848670044864,7.750844319964648e-15,1.0302726756845179e-15,-0.004155523770366271,9.561212035071808e-18,-3.361857504619724e-17,68.6703071724377,-0.0013774454301321546,7.618301973285489e-06,0.00010169165282824062,5403.487874863444,5411.4820078020875,5784.08013530736,5775.668268921956,0.018673011555746702,0.013736484085856829,0.39084867004472756,0
8.621999999999549,0.0,2.0,1.0,0.0,5.062124599152082e-14,2.018932839118639,1.000076173198121,1.7462373225736933e-15,0.012399240713178807,-8.674675067614734e-05,-2.739909573931009e-14,-0.024492634193393842,2.0107487551514815e-05,0.1430498242821814,-1.6002441845573417e-13,-3.9953226398133064e-16,0.38598050551751445,7.645794907130677e-15,9.779294021653968e-16,-0.004323324955599845,-2.401719106012202e-16,-5.522629066296435e-17,68.67035477936277,-0.0013324589139487833,7.393078379874969e-06,9.83687469342727e-05,5403.490204490195,5411.48334119298,5784.066484492718,5775.68603053498,0.018932992353254092,0.012399544155415703,0.385980505517305,0
8.641999999999555,0.0,2.0,1.0,0.0,5.065649709806631e-14,2.019166276971389,1.0000744012751916,1.7748797661986428e-15,0.011079412635117913,-9.007155108891583e-05,-2.745457264464368e-14,-0.023024784755140595,3.0337948593162453e-05,0.13447670627101346,-1.6034838031569141e-13,-3.763481676832675e-16,0.38092358174460567,7.304867152669607e-15,9.033874836483158e-16,-0.004485524822233006,-3.215587393012343e-16,-7.409314318768809e-17,68.67040150776064,-0.0012871718017405647,7.1663155792072564e-06,9.502364016865272e-05,5403.492502601681,5411.484636331157,5784.052692055953,5775.703860444021,0.019166421379426913,0.01107977875336534,0.38092358174428886,0
8.661999999999562,0.0,2.0,1.0,0.0,5.069228972251575e-14,2.0193735130424506,1.0000725656233613,1.7998942368062633e-15,0.009777385813232578,-9.314482363192674e-05,-2.7500551299077747e-14,-0.021565102802804263,4.0193786828733136e-05,0.12595130709798005,-1.60616865824167e-13,-3.5307900425893464e-16,0.3756843396611974,6.898035565983077e-15,8.288619477423367e-16,-0.004642088707203293,-3.388969751829707e-16,-5.875818766005312e-17,68.67044727691257,-0.0012416225056629592,6.938151385811428e-06,9.165917379813152e-05,5403.494765631558,5411.485890479128,5784.038767983657,5775.7217417980155,0.019373648943234664,0.009777829477904138,0.3756843396609712,0
8.681999999999569,0.0,2.0,1.0,0.0,5.07285511893753e-14,2.0195549101639774,1.0000706712690848,1.8251153596496377e-15,0.008493775717006335,-9.59670226604319e-05,-2.754843655197612e-14,-0.020114510380756567,4.9665747721094926e-05,0.11747901142256825,-1.6089648519395838e-13,-3.2990189977946935e-16,0.3702692569329316,6.497576936757397e-15,7.644302240003995e-16,-0.0047929866844638475,-3.993345784556768e-16,-4.204239224554061e-17,68.67049200974371,-0.0011958490260030267,6.708723668011801e-06,8.827815851284646e-05,5403.496990161071,5411.487101038809,5784.024722271872,5775.739658043619,0.019555037866225148,0.008494317841960282,0.3702692569331974,0
8.701999999999575,0.0,2.0,1.0,0.0,5.076526122282596e-14,2.0197108432313198,1.0000687232238155,1.845162804100975e-15,0.007229175418730845,-9.853913807025532e-05,-2.7591877004140458e-14,-0.018673908723636473,5.874567828012566e-05,0.10906508231151356,-1.6115014331873227e-13,-3.067568854733576e-16,0.36468484256069145,6.092017434546014e-15,7.090459360467759e-16,-0.004938193512409895,-3.553625367360736e-16,-4.290975398352901e-17,68.67053563296105,-0.0011498889295845902,6.4781703546172735e-06,8.488337282273339e-05,5403.499172924682,5411.488265556725,5784.010564924356,5775.757592938577,0.019710963035101968,0.007229846969093738,0.36468484256055866,0
8.721999999999582,0.0,2.0,1.0,0.0,5.080238335340378e-14,2.019841698753978,1.0000667264734457,1.86496253508291e-15,0.005984155496110745,-0.00010086268160526065,-2.7634031578706572e-14,-0.017244177912845386,6.742652109174586e-05,0.10071465923785079,-1.6139629008913227e-13,-2.8370307967976713e-16,0.3589376315471724,5.694988425894468e-15,6.682522724794553e-16,-0.005077688578674817,-3.425977366684241e-16,-4.987640346305188e-17,68.67057807717612,-0.0011037793288293006,6.246629435238572e-06,8.147756150329719e-05,5403.501310815126,5411.489381728633,5783.996305950434,5775.775530564209,0.01984181095227606,0.005985005453813141,0.35893763154710906,0
8.741999999999589,0.0,2.0,1.0,0.0,5.083987477241604e-14,2.019947874404811,1.0000646859680313,1.8800479712871183e-15,0.004759263953120047,-0.00010293967200058247,-2.7673569072171412e-14,-0.015826176554080397,7.570230544239528e-05,0.09243275620290678,-1.6162715083955852e-13,-2.607461861398991e-16,0.3530341796283339,5.331570569802196e-15,6.267091759774556e-16,-0.005211455842372538,-2.359358785032107e-16,-2.896951613057941e-17,68.67061927701373,-0.001057556861486851,6.0142389528997936e-06,7.806343409146908e-05,5403.503400887887,5411.490447403598,5783.981955362477,5775.793455337078,0.019947979284743896,0.0047603770808140235,0.3530341796283549,0
8.761999999999595,0.0,2.0,1.0,0.0,5.0877672572949596e-14,2.02002977856786,1.0000626066118232,1.900042458067188e-15,0.0035550261588823294,-0.00010477261904167792,-2.7716255501037598e-14,-0.014420741475813507,8.356813564474423e-05,0.08422425998066399,-1.61876402129526e-13,-2.379569684530585e-16,0.3469810580725901,5.063603279075611e-15,5.9839863720917555e-16,-0.0053394837738745815,-2.942842783996458e-16,-2.5347413512739832e-17,68.6706591712057,-0.0010112576710328662,5.78113698984167e-06,7.464366343167433e-05,5403.5054403650865,5411.491460587481,5783.967523173012,5775.811352019791,0.020029876411634426,0.0035565697367039638,0.3469810580722799,0
8.781999999999602,0.0,2.0,1.0,0.0,5.091584271347321e-14,2.020087829885146,1.0000604932536337,1.9152285035557693e-15,0.0023719448043376993,-0.00010636450661399041,-2.775169913320332e-14,-0.013028687448611688,9.102017666934821e-05,0.07609392848384675,-1.6208335139871906e-13,-2.1526133872296924e-16,0.34078484855053615,4.7549775806109036e-15,5.493797530191731e-16,-0.005461765292196529,-2.481546743567964e-16,-5.553160199473627e-17,68.67069770267031,-0.0009649173877434496,5.547461645848104e-06,7.122088427251957e-05,5403.50742663881,5411.492419445865,5783.953019391453,5775.82920573097,0.020087920970780052,0.0023743284446537394,0.34078484855007946,0
8.801999999999609,0.0,2.0,1.0,0.0,5.0954333404940966e-14,2.0201224568027945,1.000058350677549,1.9315190735892272e-15,0.0012104998764494957,-0.00010771877482254868,-2.779011869001777e-14,-0.011650806925183358,9.805563720891128e-05,0.06804638925102945,-1.6230768115067468e-13,-1.9276213599863998e-16,0.3344521380778687,4.454474805781162e-15,4.673302788413096e-16,-0.005578297700085096,-2.6140443805619867e-16,-6.983266233068906e-17,68.67073481857776,-0.0009185711104485741,5.313351010420906e-06,6.779769191435455e-05,5403.509357273852,5411.493322306444,5783.9384540204865,5775.847001954383,0.020122541404651133,0.0012152832119853856,0.33445213807823915,0
8.821999999999615,0.0,2.0,1.0,0.0,5.0993086665655466e-14,2.02013409711683,1.000056183594008,1.9430929777902646e-15,7.114864969483256e-05,-0.00010883930126222172,-2.782574012721283e-14,-0.010287869801012478,0.00010467275029692189,0.06008613805392608,-1.6251566837812445e-13,-1.7043039729666114e-16,0.32798951403410964,4.2224830394851186e-15,3.9047265217267304e-16,-0.005689082616890959,-1.6940684795472065e-16,-8.202429891985407e-17,68.67077047040124,-0.0008722533889632439,5.0789431271781734e-06,6.437664090783076e-05,5403.511230009924,5411.4941676608305,5783.923837052091,5775.864726547238,0.02013417550599401,0.00013003124183305585,0.32798951403377696,0
8.841999999999622,0.0,2.0,1.0,0.0,5.103210804813282e-14,2.020123197518997,1.0000539966312685,1.9575360886913572e-15,-0.0010456743054254765,-0.0001097303815144239,-2.7862005052087633e-14,-0.008940623195443694,0.0001108707515978013,0.0522175376240337,-1.627274139256509e-13,-1.483045921342147e-16,0.3214035592595908,4.0249871123245046e-15,2.912016639830888e-16,-0.0057941259093050495,-1.767988841566182e-16,-9.189834494511407e-17,68.67080461395446,-0.0008259982072044347,4.844375952446806e-06,6.09602438036934e-05,5403.51304276328,5411.49495416586,5783.909178463229,5775.882365747677,0.02012326996352127,0.0010514159546318258,0.32140355925934755,0
8.861999999999629,0.0,2.0,1.0,0.0,5.107142423669183e-14,2.0200902131429292,1.0000517943272664,1.9752383171809725e-15,-0.002139557097130978,-0.00011039670895319505,-2.790085768539699e-14,-0.007609791253055526,0.0001166498555094377,0.04444481649765085,-1.6295427315597876e-13,-1.2640502113995272e-16,0.31470084723311736,3.79729804742349e-15,1.8236399492505581e-16,-0.005893437620049551,-2.9438971706092e-16,-1.071084003824787e-16,68.67083720941565,-0.0007798389669948373,4.609787306938411e-06,5.7550969953961404e-05,5403.514793627843,5411.495680644348,5783.894488211211,5775.899906181439,0.020090279907972016,0.0021424033245939556,0.3147008472334837,0
8.881999999999636,0.0,2.0,1.0,0.0,5.111098624629752e-14,2.0200356071110046,1.0000495811218888,1.9815086166022376e-15,-0.0032101104706408036,-0.00011084335393454156,-2.79311319983959e-14,-0.006296074965150306,0.00012201122919666297,0.036772067978244935,-1.631310313492736e-13,-1.0469647587885799e-16,0.3078879373325897,3.592750798925536e-15,6.940660396595309e-17,-0.0059870318946045045,-1.172826901001989e-16,-9.787273259637818e-17,68.67086822133832,-0.0007338084725495283,4.375314821137629e-06,5.41512443644654e-05,5403.516480875781,5411.496346085331,5783.879776228734,5775.917334867746,0.02003566845888068,0.003212023580677636,0.3078879373322699,0
8.901999999999642,0.0,2.0,1.0,0.0,5.1150781401620806e-14,2.0199598500822193,1.0000473613496672,1.9978346166144444e-15,-0.0042569677502773285,-0.00011107574245308275,-2.7967818179242906e-14,-0.005000152011183826,0.00012695696470163374,0.0292032492151108,-1.6334523850683017e-13,-8.325590753515947e-17,0.30097137018077313,3.4089853849405963e-15,-2.64780705465186e-17,-0.006074926906060608,-2.358220372750997e-16,-8.941422092751526e-17,68.67089761864918,-0.0006879389156523221,4.141095875346107e-06,5.076344659884294e-05,5403.518102957566,5411.496949643815,5783.865052418649,5775.9346392244,0.01995990627237798,0.0042584166361997414,0.30097137018022213,0
8.921999999999649,0.0,2.0,1.0,0.0,5.119084507422026e-14,2.019863419801389,1.0000451392329062,2.0076672939895605e-15,-0.005279784765690614,-0.00011109963433863155,-2.8002231175843624e-14,-0.0037226766199330366,0.00013149004925441685,0.021742180397121273,-1.6354616998954149e-13,-6.206129896599411e-17,0.2939576630783286,3.169184419452591e-15,-1.213192968781859e-16,-0.006157144778175888,-1.9469727309076927e-16,-8.585456835481087e-17,68.67092537463351,-0.0006422618615185185,3.90726753277848e-06,4.7389909734006764e-05,5403.519658501561,5411.497490640029,5783.850326648397,5775.951807072104,0.01986347109033481,0.00528095354086446,0.29395766307846644,0
8.941999999999656,0.0,2.0,1.0,0.0,5.1231105956840583e-14,2.019746800650001,1.0000429188752473,2.0176532460548934e-15,-0.006278239762507607,-0.00011092110107081586,-2.8033211822417818e-14,-0.0024642794502023873,0.00013561433393011104,0.014392544060385362,-1.6372705591587933e-13,-4.112779223419864e-17,0.286853305526088,2.9612994456304907e-15,-2.192796368746202e-16,-0.006233711506728311,-1.8014500311145158e-16,-8.716601930264932e-17,68.67095146690858,-0.000596808235345351,3.6739664681902684e-06,4.403291936697085e-05,5403.521146313085,5411.497968558213,5783.835608744235,5775.9688266380535,0.0197468472911686,0.006279219537983549,0.2868533055256212,0
8.961999999999662,0.0,2.0,1.0,0.0,5.127159114290632e-14,2.0196104831990205,1.0000407042556851,2.028463703575483e-15,-0.007252033297716494,-0.00011054650328917673,-2.8067712982624467e-14,-0.0012255674908453647,0.00013933450078297695,0.0071578845084915325,-1.6392850443361403e-13,-2.0479367214508707e-17,0.2796647548384917,2.7183687971129046e-15,-3.2665292859196563e-16,-0.006304656879245444,-2.090419725641646e-16,-9.216202291346253e-17,68.67097587738522,-0.0005516083095474291,3.4413288908602216e-06,4.0694712673018534e-05,5403.52256537305,5411.498383044952,5783.820908485167,5775.985686558785,0.01961052544261615,0.007252875807607507,0.2796647548383707,0
8.981999999999669,0.0,2.0,1.0,0.0,5.131228912121859e-14,2.0194549637639523,1.0000384992230333,2.0404210023809904e-15,-0.00820088812010335,-0.00010998246806865823,-2.8099455894056534e-14,-7.123979876236947e-06,0.00014265602859534485,4.1607344006725744e-05,-1.6411384480257483e-13,-1.1917703633666802e-19,0.2723984318499769,2.4323753809097305e-15,-4.461858652054678e-16,-0.006370014393198338,-2.9476241155771185e-16,-9.656822054244361e-17,68.67099859221827,-0.0005066916916783009,3.2094904623382506e-06,3.73774775150445e-05,5403.523914836125,5411.498733907055,5783.806235596658,5776.002375882305,0.01945500185676862,0.008201625576782614,0.27239843184949425,0
9.001999999999676,0.0,2.0,1.0,0.0,5.135314788781349e-14,2.019280743962459,1.0000363074908463,2.0443839321545357e-15,-0.009124549036064177,-0.00010923586603798616,-2.8127780285552433e-14,0.0011904916575677781,0.0001455851573879582,-0.006953020890182744,-1.6427922090558697e-13,1.9935794051388468e-17,0.2650607167160388,2.15492374191121e-15,-5.574883266097409e-16,-0.006429821172743438,-1.868732907433534e-16,-9.150976688649523e-17,68.67101960174624,-0.0004620873130333996,2.9785862100607915e-06,3.408335160390335e-05,5403.525194028484,5411.499021109042,5783.791599744143,5776.018884069539,0.01928077814767309,0.009125202879167606,0.26506071671655723,0
9.021999999999682,0.0,2.0,1.0,0.0,5.139412322611047e-14,2.01908833027482,1.0000341326328015,2.0523206384535708e-15,-0.01002278276112135,-0.00010831378840748565,-2.815576019748195e-14,0.0023667438526619004,0.0001481288518152623,-0.013822872961147885,-1.6444258671884278e-13,3.967253869368372e-17,0.2576579448105654,1.926477964427486e-15,-6.541221051652162e-16,-0.006484117884097095,-2.1259240941840286e-16,-7.482172704759834e-17,68.67103890042054,-0.0004178234179330539,2.748750436357641e-06,3.081442170954354e-05,5403.5264024451135,5411.499244770208,5783.77701052633,5776.03520099511,0.019088360791781705,0.010023368004487837,0.2576579448107948,0
9.041999999999689,0.0,2.0,1.0,0.0,5.143523621833412e-14,2.0188782336075084,1.0000319780785418,2.0592464727517637e-15,-0.010895377757478966,-0.00010722352397799642,-2.818719694948152e-14,0.0035211209179912047,0.00015029476358737582,-0.020564961089365116,-1.6462614383319705e-13,5.908865219003948e-17,0.2501964027209604,1.6887678281404744e-15,-7.392647754379974e-16,-0.006532948649627498,-2.313520343482678e-16,-7.554337201360469e-17,68.67105648672509,-0.0003739275536846963,2.5201166234600775e-06,2.7572722922809817e-05,5403.527539746769,5411.499405161323,5783.762477468321,5776.051316947449,0.018878260691524703,0.010895905348444508,0.2501964027206578,0
9.061999999999696,0.0,2.0,1.0,0.0,5.1476422979083125e-14,2.0186509688601784,1.0000298471099744,2.0602317406550323e-15,-0.011742144057956564,-0.00010597253619672814,-2.820890439233477e-14,0.00465313505457079,0.0001520911930607401,-0.027176436986865508,-1.6475287923406508e-13,7.814531218060495e-17,0.2426823243424785,1.5185102759589733e-15,-8.047806888169863e-16,-0.00657636096074538,-1.0651455675339875e-16,-5.038294271803708e-17,68.67107236308652,-0.00033042656121793214,2.2928173346312635e-06,2.4360237967452734e-05,5403.528605756529,5411.4995027009445,5783.748010014612,5776.0672226282995,0.01865099274229972,0.011742622247872602,0.2426823243427819,0
9.081999999999702,0.0,2.0,1.0,0.0,5.151768896736514e-14,2.0184070544963078,1.0000277428580302,2.0664033243425495e-15,-0.012562913076645872,-0.00010456844032732848,-2.8237625318882007e-14,0.005762322341074709,0.00015352705012244825,-0.033654591791760745,-1.6492057862061296e-13,9.687162714305506e-17,0.23512188707308473,1.388033746751939e-15,-8.476811537394464e-16,-0.006614405589682512,-1.3836657343732965e-16,-2.941360534042944e-17,68.67108653577561,-0.00028734656638897604,2.066984112821272e-06,2.1178896562174873e-05,5403.5296004560005,5411.499537951433,5783.733617521908,5776.082909151616,0.018407075403121895,0.01256334826111544,0.23512188707288775,0
9.101999999999709,0.0,2.0,1.0,0.0,5.155909182615431e-14,2.018147012117779,1.0000256682998765,2.0736566482212343e-15,-0.013357537406639176,-0.00010301898079234732,-2.8267161592603415e-14,0.0068482427055555975,0.00015461181450015797,-0.039996855900795505,-1.6509304215003246e-13,1.1524764556517274e-16,0.22752120811007634,1.1908473866463828e-15,-8.769872564169462e-16,-0.006647136500233034,-2.1513388773092613e-16,-1.7631363491594963e-17,68.67109901480055,-0.00024471297195442266,1.8427473750645365e-06,1.803057483239798e-05,5403.530523981203,5411.499511614606,5783.719309251875,5776.09836804186,0.018147030271216318,0.013357934663718353,0.22752120811061752,0
9.121999999999716,0.0,2.0,1.0,0.0,5.160062574514815e-14,2.0178713660436447,1.000023626256582,2.0802302656376298e-15,-0.014125890605182627,-0.00010133200875388866,-2.8294793571611837e-14,0.00791047987994966,0.00015535549562955425,-0.04620079870164841,-1.6525438599061037e-13,1.3325390353985005e-16,0.21988634084958403,9.142499151793028e-16,-9.003487880528262e-16,-0.006674610757547505,-2.9576253385172123e-16,-2.0955093671566526e-17,68.67110981379233,-0.0002025504502020608,1.6202363052754757e-06,1.4917094771148143e-05,5403.531376618136,5411.499424527115,5783.705094363762,5776.113591231771,0.01787138166079883,0.014126254052847304,0.2198863408492636,0
9.141999999999722,0.0,2.0,1.0,0.0,5.164219506344934e-14,2.0175806428933183,1.0000216193912246,2.0776819560804037e-15,-0.014867866966611073,-9.951545998560138e-05,-2.8313521592164915e-14,0.008948641337677525,0.00015576859221002454,-0.052264128206794554,-1.6536372906013343e-13,1.5084171307020638e-16,0.2122232713900079,6.815361378872617e-16,-9.028059576643851e-16,-0.00669688843705416,-1.4895462080328007e-16,1.7750056524427993e-17,68.67111894988327,-0.0001608829362411228,1.3995787443537494e-06,1.184022374898045e-05,5403.532158798065,5411.499277655546,5783.690981906974,5776.128571059592,0.017580656186287808,0.014868200007520106,0.21222327138936903,0
9.161999999999729,0.0,2.0,1.0,0.0,5.168375751600354e-14,2.0172753711744438,1.0000196502074405,2.079374170818261e-15,-0.015583381283425153,-9.757733309526848e-05,-2.833535467227293e-14,0.00996235821464412,0.0001558620515604506,-0.05818469059069777,-1.6549120954805816e-13,1.6805876828828544e-16,0.20453791514031325,5.350941973690474e-16,-8.854433851350561e-16,-0.006714032532598809,-1.3712472826896486e-16,1.6979839301094292e-17,68.67112644357863,-0.0001197336219409248,1.1809010788024615e-06,8.801674072238949e-06,5403.532871092524,5411.499072091269,5783.676980813586,5776.143300265785,0.017275382350195767,0.015583686776900368,0.2045379151399551,0
9.181999999999736,0.0,2.0,1.0,0.0,5.172536182105268e-14,2.0169560808756675,1.0000177210484025,2.0796766181917455e-15,-0.016272368595873568,-9.552566814762938e-05,-2.8356198682666418e-14,0.010951285213960927,0.0001556472289128742,-0.06396046963221706,-1.656129159751916e-13,1.8487721736325152e-16,0.19683611353405836,3.798828992737447e-16,-8.8126838108956e-16,-0.006726108863867585,-1.0227418784669942e-16,8.53867486699115e-18,68.67113231862247,-7.91249505168963e-05,9.643281270785114e-07,5.80310258935116e-06,5403.533514208108,5411.49880904504,5783.6630998908295,5776.15777198928,0.016956090135928522,0.016272648981442678,0.19683611353395786,0
9.201999999999742,0.0,2.0,1.0,0.0,5.1767042902828725e-14,2.01662330306454,1.0000158340962215,2.086916001833062e-15,-0.01693478393040761,-9.336852573886332e-05,-2.838515588441472e-14,0.01191510049471848,0.00015513584674428914,-0.06958958606413687,-1.657820096960221e-13,2.013535238119353e-16,0.1891236308499,1.4257921719512943e-16,-9.004338984615e-16,-0.006733185983190533,-2.762715061362976e-16,-3.6324743668721036e-17,68.67113660185773,-3.907861175261173e-05,7.499830256095413e-07,2.8461103445504045e-06,5403.534088980994,5411.498489841403,5783.649347813575,5776.17197976326,0.01662331060571733,0.016935041318260503,0.1891236308503056,0
9.221999999999749,0.0,2.0,1.0,0.0,5.1808799385757694e-14,2.016277569490775,1.000013991371763,2.0873295141834966e-15,-0.017570602027376085,-9.111396656965794e-05,-2.840801541024268e-14,0.012853505545134116,0.00015433995426932459,-0.07507029683171221,-1.6591549294399152e-13,2.1738656036161773e-16,0.18140615113925518,-2.0037770798414113e-16,-9.238283023675962e-16,-0.006735335081787013,-2.8880791901631306e-16,-6.810158448451643e-18,68.67113932308166,3.844621441959132e-07,5.379871131675228e-07,-6.775772139367628e-08,5403.5345963713135,5411.49811591292,5783.635733116826,5776.185917510522,0.016277575503910142,0.017570838265698555,0.1814061511396965,0
9.241999999999756,0.0,2.0,1.0,0.0,5.1850561805214864e-14,2.015919412195059,1.000012194734863,2.0873851166510167e-15,-0.01817981705833266,-8.87700315623287e-05,-2.842762560742671e-14,0.013766225040423585,0.0001532718872098345,-0.08040099426225614,-1.6603000141132505e-13,2.329837566799256e-16,0.17368927526169284,-5.752853785290027e-16,-9.4432858967235e-16,-0.006732629895552461,-3.25631436341959e-16,-7.857931427941631e-18,68.67114051489672,3.924410006481685e-05,3.284598157934734e-07,-2.9370130241275266e-06,5403.535037457305,5411.497688794197,5783.622264188239,5776.199579538433,0.015919416865820126,0.018180033784153064,0.17368927526131958,0
9.261999999999762,0.0,2.0,1.0,0.0,5.189223380689699e-14,2.0155493631236343,1.0000104458849377,2.0798255418319406e-15,-0.018762442333327467,-8.634472256031644e-05,-2.8443365094724944e-14,0.014653006685736485,0.00015194422793048752,-0.08558020514774606,-1.6612190601157162e-13,2.481292250388706e-16,0.16597851802855607,-8.68227350821468e-16,-9.584877510389538e-16,-0.0067251466104352635,-1.8389758946074985e-16,-1.3044754621112285e-17,68.67114021255767,7.748089489917e-05,1.2151853088795147e-07,-5.760223542697435e-06,5403.53541342934,5411.497210115805,5783.608949260717,5776.212960533512,0.015549366632347138,0.018762641011396894,0.16597851802755484,0
9.281999999999769,0.0,2.0,1.0,0.0,5.193376612299611e-14,2.0151679537488367,1.0000087463619727,2.075864754652091e-15,-0.01931850999855859,-8.384598365203609e-05,-2.845496907176934e-14,0.015513621044505304,0.00015036976605601937,-0.09060658974248056,-1.6618966024017195e-13,2.6280977490690605e-16,0.15827930545520844,-1.0322109443689179e-15,-9.699172148431239e-16,-0.0067129637675057505,-1.640803795217339e-16,-1.1348195061606968e-17,68.67113845381544,0.00011507620583166017,-8.272148812246835e-08,-8.53601398144497e-06,5403.535725583789,5411.4966815980515,5783.595796405061,5776.226055555666,0.015167956270562553,0.019318691951407653,0.15827930545460855,0
9.301999999999776,0.0,2.0,1.0,0.0,5.197526032428399e-14,2.014775714695787,1.0000070975478739,2.0710337121873344e-15,-0.019848070724758717,-8.12816831529352e-05,-2.8472160057190825e-14,0.016347861352568823,0.00014856145966856115,-0.09547894067788233,-1.662900479567701e-13,2.771096310395538e-16,0.15059697212223264,-1.249237256871938e-15,-9.686582268505008e-16,-0.0066961621677781745,-1.375991751396444e-16,-1.727418663839594e-18,68.67113527875829,0.0001520121600319304,-2.8414724637717935e-07,-1.1263065887174e-05,5403.5359753168,5411.496105044668,5783.582813522727,5776.238860032083,0.014775716400448667,0.01984823715615672,0.15059697212268697,0
9.321999999999782,0.0,2.0,1.0,0.0,5.2016603412880125e-14,2.014373175375411,1.0000055006681785,2.0655564770481316e-15,-0.02035119338669393,-7.865959627784385e-05,-2.84840666066839e-14,0.017155543318426416,0.00014653239716223295,-0.10019618179651676,-1.663595751210676e-13,2.909221475947823e-16,0.14293675864580457,-1.3608278078116402e-15,-9.38405767042084e-16,-0.006674824776863846,-1.0971230264092749e-16,4.439540911543176e-17,68.67113072965057,0.0001882716537531397,-4.826481217461039e-07,-1.3940117722434637e-05,5403.536164117959,5411.495482336401,5783.570008338686,5776.2513697508475,0.014373176427974196,0.02035134540011302,0.14293675864693056,0
9.34199999999979,0.0,2.0,1.0,0.0,5.2057877769865556e-14,2.0139608636239656,1.000003956794099,2.0610441623758152e-15,-0.02082796473415234,-7.59873885347589e-05,-2.850014190548299e-14,0.017936504909991064,0.00014429575985955932,-0.1047573669074614,-1.66453452541549e-13,3.0433733478180237e-16,0.13530380925739313,-1.5127221547291567e-15,-9.023361026845987e-16,-0.006649036629530902,-1.209047927180385e-16,2.2537893318123992e-17,68.6711248507702,0.00022383835284834076,-6.781159767411781e-07,-1.6565964895519277e-05,5403.536293563897,5411.49481542456,5783.557388394437,5776.263580854263,0.013960864184683796,0.020828103347408037,0.13530380925613922,0
9.361999999999796,0.0,2.0,1.0,0.0,5.2099047650944455e-14,2.01353930534923,1.0000024668448944,2.0562856552492167e-15,-0.021278489054799832,-7.327259986649855e-05,-2.851492087807767e-14,0.018690606128214046,0.00014186478546496386,-0.10916167846519008,-1.6653976175958528e-13,3.1729705183046125e-16,0.1277031694928569,-1.6636923304755183e-15,-8.673724607712574e-16,-0.00661888473422952,-1.3926310021375794e-16,5.0019382624548574e-17,68.67111768824446,0.00025869669270532555,-8.704452697574556e-07,-1.913945974773982e-05,5403.53636531183,5411.494106324513,5783.544961041144,5776.275489831942,0.013539305573958152,0.021278615211736112,0.12770316949208507,0
9.381999999999802,0.0,2.0,1.0,0.0,5.2140054006094634e-14,2.0131090241835334,1.0000010315905465,2.0446083878825725e-15,-0.02170288782928199,-7.05226295618695e-05,-2.8522702188678515e-14,0.01941772876794723,0.00013925273243942395,-0.11340842617409416,-1.6658520444946081e-13,3.2973092770846203e-16,0.12013978399091262,-1.7354373781029023e-15,-8.051751132239462e-16,-0.006584457977678897,2.2030567010718977e-17,5.084511099911353e-17,68.67110928988568,0.00029283187762145453,-1.0595331637295506e-06,-2.1659511498932928e-05,5403.5363810930885,5411.493357109176,5783.532733432971,5776.287093513649,0.013109024224122995,0.021703002409152444,0.12013978399045375,0
9.40199999999981,0.0,2.0,1.0,0.0,5.21809655160397e-14,2.0126705411437578,0.9999996516547331,2.0456052352595512e-15,-0.02210129937894888,-6.77447219597863e-05,-2.854300275662289e-14,0.02011777616643,0.00013647284535823887,-0.11749704552088769,-1.6670376804809082e-13,3.4186161435929925e-16,0.11261849440088119,-1.846293714835971e-15,-7.197919326619592e-16,-0.006545847029556266,-1.7398971632770824e-16,8.795084615025741e-17,68.67109970502631,0.00032622987961781775,-1.2452796323464653e-06,-2.412508615174688e-05,5403.53634270662,5411.492569902479,5783.5207125205925,5776.298389061959,0.012670541148546209,0.022101403203988644,0.11261849440198432,0
9.421999999999816,0.0,2.0,1.0,0.0,5.2221733989191754e-14,2.0122243742984622,0.9999983275180766,2.032822967902167e-15,-0.02247387850658079,-6.49459529629253e-05,-2.85501717255394e-14,0.02079067293977505,0.00013353832133297116,-0.12142709623706482,-1.6674564018371515e-13,3.5338500293098456e-16,0.10514403739953662,-1.93012490262668e-15,-6.192031440702882e-16,-0.006503144247380685,6.086294362072855e-19,7.826241553692694e-17,68.67108898435453,0.00035887743670823415,-1.4275875649613535e-06,-2.653520635550457e-05,5403.5362520124845,5411.49174687289,5783.508905044882,5776.309373964734,0.01222437441287283,0.022473972348148876,0.10514403739834172,0
9.441999999999823,0.0,2.0,1.0,0.0,5.226231781055238e-14,2.011771038442273,0.9999970595216532,2.0282357221385092e-15,-0.022820796130491042,-6.213321737598843e-05,-2.8565154262610356e-14,0.02143636470783909,0.00013046227755284982,-0.1251982606936503,-1.6683314987761822e-13,3.6455134413206573e-16,0.09772104281680315,-1.9289950992353596e-15,-5.451524292287336e-16,-0.006456443581639564,-5.421421604584811e-17,6.312521848555333e-17,68.67107717975055,0.000390762050629188,-1.6063628665083944e-06,-2.888895123039481e-05,5403.536110925411,5411.490890226921,5783.497317530876,5776.320046027433,0.011771038809547748,0.022820880714077105,0.09772104281562272,0
9.46199999999983,0.0,2.0,1.0,0.0,5.2302800589083764e-14,2.011311044777651,0.9999958478707464,2.019203446554125e-15,-0.02314223891238172,-5.9313217080968455e-05,-2.8575061197620375e-14,0.02205481780786589,0.0001272577200078779,-0.12881034223048957,-1.6689101863742825e-13,3.7519910936130727e-16,0.09035403186997226,-1.9775223856885712e-15,-4.492247125569256e-16,-0.006405840481238286,1.0776982141188467e-17,1.0323029052666113e-16,68.67106434412409,0.00042187198404292786,-1.7815145565241513e-06,-3.118545615275514e-05,5403.535921408358,5411.49000220274,5783.485956281915,5776.330403365299,0.011311045539745788,0.023142314921707274,0.09035403187004526,0
9.481999999999836,0.0,2.0,1.0,0.0,5.234308434769536e-14,2.0108449006041775,0.9999946926388273,2.009101218131209e-15,-0.02343840887932659,-5.649245005870968e-05,-2.858083934421474e-14,0.02264601899728591,0.00012393751344518146,-0.1322632634223069,-1.6692477623090644e-13,3.85334749868712e-16,0.08304741550602852,-1.9240528472656027e-15,-3.261698121298932e-16,-0.006351431799334267,1.042080501450182e-16,1.1568907453112655e-16,68.6710505312536,0.0004521962572288329,-1.9529548631234216e-06,-3.342391250239239e-05,5403.535685466163,5411.489085063825,5783.474827374058,5776.340444395438,0.010844901902856145,0.02343847695972179,0.08304741550413233,0
9.501999999999843,0.0,2.0,1.0,0.0,5.238314222941978e-14,2.0103731090154535,0.9999935937717463,2.001248018443814e-15,-0.023709523040253536,-5.367720026339534e-05,-2.8591634532728937e-14,0.023209975146069813,0.00012051435260486018,-0.13555706428383638,-1.6698783831548474e-13,3.9508011867213004e-16,0.07580549285161367,-1.7190796673185951e-15,-2.2805383399774875e-16,-0.0062933156996085975,1.480227741293938e-16,8.399394190155429e-17,68.67103579562739,0.0004817246442615481,-2.1205993139759014e-06,-3.560356737243458e-05,5403.535405139247,5411.4881410927155,5783.463936650774,5776.350167828794,0.010373110993633661,0.0237095838014534,0.07580549284997355,0
9.52199999999985,0.0,2.0,1.0,0.0,5.24230719336604e-14,2.009896168603732,0.9999925510921158,1.9931788438711495e-15,-0.023955812997297876,-5.08735283539574e-05,-2.859919023317699e-14,0.023746712919019333,0.00011700073478135867,-0.13869190041625135,-1.670319830412521e-13,4.043234702784921e-16,0.06863244977007883,-1.4980537218684816e-15,-1.3244750783264945e-16,-0.006231591563049587,2.1641950555031601e-16,7.73967885224145e-17,68.67102019228724,0.0005104476686982849,-2.2843668236595512e-06,-3.772372324286396e-05,5403.535082497417,5411.487172584856,5783.453289717869,5776.359572662056,0.009896171407151549,0.02395586701577284,0.06863244977092715,0
9.541999999999856,0.0,2.0,1.0,0.0,5.2462907288979047e-14,2.009414573172372,0.9999915643038708,1.989773662521337e-15,-0.024177524552395368,-4.8087263284002566e-05,-2.8617305804794616e-14,0.024256278448398134,0.00011340893374507227,-0.14166804109722597,-1.6713780474478312e-13,4.1326139282462176e-16,0.061532357524998034,-1.2914820638159557e-15,-4.5797327927431715e-17,-0.0061663598953075474,1.7705865698545656e-16,6.647323479418853e-17,68.67100377667495,0.0005383565987838809,-2.4441797760591082e-06,-3.978373761838985e-05,5403.534719633778,5411.486181842572,5783.4428919387365,5776.36865816953,0.009414576951669808,0.02417757237330851,0.06153235752738768,0
9.561999999999863,0.0,2.0,1.0,0.0,5.25026033867868e-14,2.008928811456212,0.9999906329969874,1.982319345447596e-15,-0.02437491730948116,-4.532399474855499e-05,-2.8629138502381275e-14,0.024738736997287156,0.0001097509750580182,-0.14448586731686366,-1.6720693424354891e-13,4.2165566699829277e-16,0.054509171549461576,-1.0027976814166456e-15,3.413610558250515e-17,-0.00609772223467133,2.735565534644874e-16,7.083086016584228e-17,68.67098660448184,0.0005654434421780284,-2.5999641036239054e-06,-4.178302263150572e-05,5403.534318658762,5411.48517116916,5783.432748429887,5776.377423894963,0.008928816369560355,0.02437495944834666,0.05450917154764107,0
9.58199999999987,0.0,2.0,1.0,0.0,5.25422660762713e-14,2.0084393668499434,0.9999897566523426,1.9838076855003163e-15,-0.024548264272659152,-4.258906648554137e-05,-2.8650310617785965e-14,0.025194172614069022,0.00010603861281274577,-0.14714586976183727,-1.6733061261849292e-13,4.29736062111348e-16,0.04756673032039006,-7.707052042878644e-16,1.1618689464275604e-16,-0.006025781060735009,1.4780100057501193e-16,6.7860146213232e-17,68.67096873150184,0.0005917009402266166,-2.7516493605941643e-06,-4.37210446117199e-05,5403.533881694278,5411.484142863142,5783.422864056782,5776.385869643344,0.008439373066412858,0.02454830121676239,0.047566730323135256,0
9.601999999999876,0.0,2.0,1.0,0.0,5.2581881109117604e-14,2.007946717144564,0.9999889346467001,1.9791083091229313e-15,-0.024697851440702592,-3.9887570424265995e-05,-2.866491220872764e-14,0.025622687778427106,0.000102283307813179,-0.14964864674998252,-1.6741591863735983e-13,4.3726820460196315e-16,0.040708754337049693,-5.46521017453957e-16,1.955045121912717e-16,-0.0059506397038011135,2.1435404620162255e-16,7.504537085072792e-17,68.67095021348851,0.0006171225617783547,-2.899168793174233e-06,-4.559732362159014e-05,5403.5334108680345,5411.48309921265,5783.4132434299945,5776.393995472739,0.00794672484849916,0.024697883650331043,0.04070875433790434,0
9.621999999999883,0.0,2.0,1.0,0.0,5.2621441199226904e-14,2.0074513342719724,0.9999881662578021,1.975249351744324e-15,-0.02482397739824465,-3.722434167396763e-05,-2.867959486204155e-14,0.02602440303926417,9.849620722074288e-05,-0.1519949021176939,-1.6750170045626086e-13,4.44351477624935e-16,0.033938845202883074,-2.94587649510729e-16,2.7253226436684885e-16,-0.005872402255086776,2.7923370709016465e-16,7.001640749387114e-17,68.670931106016,0.0006417024965667136,-3.042459403298652e-06,-4.741143296074111e-05,5403.532908307999,5411.482042490014,5783.403890901692,5776.401801686116,0.00745134366877043,0.02482400530776962,0.033938845201392814,0
9.64199999999989,0.0,2.0,1.0,0.0,5.266092880453012e-14,2.0069536840577786,0.9999874506695535,1.9741999681140024e-15,-0.024926952904013616,-3.460395434157405e-05,-2.869741418858606e-14,0.026399456644926843,9.468812567256378e-05,-0.15418544306236798,-1.676058041355793e-13,4.510356220181107e-16,0.02726048480970885,4.143924137186321e-17,3.5043756991005923e-16,-0.0057911734777740176,2.9482106488355425e-16,7.76622012142389e-17,68.67091146434444,0.0006654356481637622,-3.1814620084182507e-06,-4.916299863848312e-05,5403.532376137019,5411.480974946488,5783.394810562444,5776.409288823222,0.0069536953816729235,0.024926976922855462,0.027260484804614113,0
9.661999999999896,0.0,2.0,1.0,0.0,5.270039989374657e-14,2.006454225982377,0.9999867869772804,1.973126951634053e-15,-0.025007100476464723,-3.2030718166786236e-05,-2.8716576216300795e-14,0.02674800416613464,9.086952788789941e-05,-0.15622117794220985,-1.6771775199511148e-13,4.572959811243697e-16,0.02067703462328311,4.087330849224298e-16,4.3731921613069343e-16,-0.005707058718968279,3.4401698240557283e-16,7.013740445632053e-17,68.67089134329002,0.0006883176265193595,-3.316121295790231e-06,-5.085169881609061e-05,5403.531816467647,5411.4798988072,5783.386006238378,5776.416457652498,0.006454239507142546,0.025007120989968205,0.020677034614586965,0
9.681999999999903,0.0,2.0,1.0,0.0,5.2739920956100584e-14,2.005953412950326,0.9999861741930467,1.978299973972545e-15,-0.025064753977156302,-2.950867595953919e-05,-2.874222071458819e-14,0.027070218112010498,8.705051275882161e-05,-0.15810311403571148,-1.6786756252828267e-13,4.632182679087087e-16,0.014191735069154937,7.404437794117375e-16,5.089146811319227e-16,-0.00562016382260554,2.538338046397493e-16,5.294802953286634e-17,68.67087079709992,0.0007103447400989009,-3.446385871325401e-06,-5.247726321956982e-05,5403.531231397127,5411.478816266277,5783.377481488675,5776.42330916307,0.005953429004367565,0.025064771347397718,0.014191735075128682,0
9.70199999999991,0.0,2.0,1.0,0.0,5.277951645883923e-14,2.005451691068094,0.9999856112510133,1.9795504359562465e-15,-0.0251002581922146,-2.704160182347803e-05,-2.876396331961077e-14,0.027366287539595486,8.324079893116368e-05,-0.15983235526302356,-1.6799458627605087e-13,4.686390563951401e-16,0.007807705017696505,1.033857202378009e-15,5.598217682921513e-16,-0.0055305950433626435,3.0167230104181597e-16,3.012795904682594e-17,68.67084987933228,0.0007315139876290035,-3.572208303491649e-06,-5.4039472523803745e-05,5403.5306230026,5411.477729482195,5783.369239603408,5776.429844556815,0.005451710056306667,0.025100272758758327,0.007807705012007138,0
9.721999999999916,0.0,2.0,1.0,0.0,5.2819209916228916e-14,2.004949499430182,0.9999850970128249,1.9871465245609593e-15,-0.025113968412227412,-2.4633000148461504e-05,-2.879086889000715e-14,0.02763641765724963,7.944971186848402e-05,-0.16141009987156277,-1.6815176602572178e-13,4.737079306556946e-16,0.001527941367125647,1.2834957718003822e-15,6.047640748058952e-16,-0.005438458961618566,2.004010960782004e-16,4.920872466018108e-17,68.67082864274148,0.0007518230494663829,-3.6935451609941666e-06,-5.553815770909283e-05,5403.5299933364895,5411.476640573319,5783.361283601751,5776.4360652404985,0.0049495218666451395,0.025113980492846064,0.0015279414263850164,0
9.741999999999923,0.0,2.0,1.0,0.0,5.285899180743417e-14,2.0044472699136695,0.9999846302730085,1.991073034303823e-15,-0.025106250010902498,-2.2286105351084993e-05,-2.881692812998197e-14,0.027880829422320633,7.568617238818803e-05,-0.16283763808807133,-1.6830400467398421e-13,4.783301776175868e-16,-0.0046446812767112124,1.532569831904739e-15,6.400750550318705e-16,-0.005343862399513752,2.241658861272361e-16,2.266939348911924e-17,68.67080713916882,0.0007712702786020487,-3.810357045822865e-06,-5.6973199390931485e-05,5403.529344422113,5411.475551613687,5783.353616230515,5776.441972818047,0.004447296472413072,0.02510625990227205,0.0046446812621063534,0
9.76199999999993,0.0,2.0,1.0,0.0,5.289889231948359e-14,2.0039454269811943,0.9999842097643689,1.996778471108168e-15,-0.025077478022821863,-2.0003882342712764e-05,-2.8842905302082773e-14,0.02809975913347285,7.195868666269306e-05,-0.16411634973941513,-1.684557657618011e-13,4.825210724738707e-16,-0.010707410825076454,1.759113886403837e-15,6.562554191405438e-16,-0.00524691233814035,2.2034095638797877e-16,6.704679129596058e-18,68.67078541943884,0.0007898546913067781,-3.9226086199210505e-06,-5.8344527123793036e-05,5403.528678249515,5411.474464629004,5783.346239963076,5776.447569082897,0.003945458578603632,0.025077486001200803,0.010707410828527735,0
9.781999999999936,0.0,2.0,1.0,0.0,5.2938876502368485e-14,2.0034443874923857,0.999983834163366,2.003022864132677e-15,-0.025028036720619637,-1.778902770216613e-05,-2.886887775319705e-14,0.02829345801805751,6.827533766456953e-05,-0.16524770184433718,-1.68607500929505e-13,4.862850201635667e-16,-0.01665761783693526,2.0444840167819923e-15,6.637884928127872e-16,-0.005147715835928038,2.2598398475027706e-16,9.896353484958887e-18,68.6707635332614,0.0008075759574412303,-4.030268626616552e-06,-5.9652118680246536e-05,5403.527996771497,5411.473381592873,5783.33915699863,5776.452856010486,0.0034444254284245117,0.025028043042519155,0.016657617839993984,0
9.801999999999943,0.0,2.0,1.0,0.0,5.2978938817662703e-14,2.0029445605237592,0.9999835020954637,2.0063011503194095e-15,-0.024958319191905047,-1.5643971529085092e-05,-2.889141090315025e-14,0.02846219181491064,6.464377803673635e-05,-0.16623324617841734,-1.6873915054398183e-13,4.895672193673019e-16,-0.02249279555678944,2.428880491845755e-15,6.793258857837361e-16,-0.005046379948247363,3.441683912389604e-16,8.25834084276779e-18,68.67074152913943,0.0008244343904346461,-4.133309906289893e-06,-6.0895999305904524e-05,5403.52730189991,5411.472304423267,5783.332369261823,5776.457835750874,0.0029446067409648097,0.024958324094755662,0.022492795560659064,0
9.82199999999995,0.0,2.0,1.0,0.0,5.3019096747907876e-14,2.0024463471970675,0.9999832121404322,2.01149168594297e-15,-0.02486872691624796,-1.357087995226053e-05,-2.892059685333676e-14,0.028606240352957363,6.10712243636893e-05,-0.1670746168144445,-1.6890965702262515e-13,4.92542320750482e-16,-0.028210559861178038,2.926425751030182e-15,7.121437286440054e-16,-0.004943011648278055,4.514065299639043e-16,3.096110065374526e-17,68.67071945428272,0.0008404309369467448,-4.231709406080069e-06,-6.207624095136542e-05,5403.526595502126,5411.471234979221,5783.325878402739,5776.46251062148,0.0024464047990528526,0.024868730619066557,0.028210559861198053,0
9.841999999999956,0.0,2.0,1.0,0.0,5.305947313685394e-14,2.001950140516112,0.999982962837594,2.0256228493006936e-15,-0.024759669342539495,-1.1571658267168616e-05,-2.895591362473002e-14,0.028725897126001116,5.756445282009085e-05,-0.16777352764040765,-1.691159716933848e-13,4.952068806233201e-16,-0.03380864911531954,3.3949461367109754e-15,7.477956756161924e-16,-0.004837717749184957,3.583549327204445e-16,3.566480335885637e-17,68.67069735452773,0.0008555671662283801,-4.3254481844383535e-06,-6.319296148206836e-05,5403.525879397807,5411.470175057782,5783.319685797243,5776.466883100002,0.0019502149362273713,0.024759672046599592,0.033808649115763686,0
9.861999999999963,0.0,2.0,1.0,0.0,5.3100160327058833e-14,2.001456325212001,0.9999827526910003,2.0435788269523276e-15,-0.024631563467034167,-9.647954674927344e-06,-2.899946769079219e-14,0.028821468864068188,5.4129796161876453e-05,-0.16833176985726445,-1.693703972680522e-13,4.97602109710016e-16,-0.039284923941411254,3.738053601513441e-15,7.756549469507321e-16,-0.004730604827628043,1.989362034179011e-16,1.3425648396833697e-17,68.67067527426327,0.0008698452591869755,-4.414511409483789e-06,-6.424632386685385e-05,5403.525155355848,5411.469126391206,5783.313792547666,5776.470955817454,0.001456427338653567,0.02463156535654122,0.03928492394515888,0
9.88199999999997,0.0,2.0,1.0,0.0,5.314126541355639e-14,2.0009652775968334,0.9999825801745258,2.061743698227356e-15,-0.024484833412375666,-7.801164594029556e-06,-2.9043319004985485e-14,0.028893275101684022,5.077314203216951e-05,-0.1687512094586838,-1.696265601004798e-13,4.995964831245977e-16,-0.044637366900145074,3.821448135419489e-15,7.656925240725982e-16,-0.004621779148651293,5.571035882208045e-17,-2.1617500541373784e-17,68.67065325636246,0.0008832679971776694,-4.498888352070529e-06,-6.523653534635924e-05,5403.524425091589,5411.468090644373,5783.308199483867,5776.47473155138,0.0009654347669666868,0.024484834655148415,0.04463736690177457,0
9.901999999999976,0.0,2.0,1.0,0.0,5.31826275542357e-14,2.0004773654257897,0.9999824437368736,2.0770234003763866e-15,-0.02431991000790217,-6.032435516632172e-06,-2.9079951230953693e-14,0.02894164774344373,4.7499932537549e-05,-0.16903378469487668,-1.6984056115545064e-13,5.010644131482205e-16,-0.049864082087034224,3.914189531075916e-15,7.479592866824575e-16,-0.004511346591979664,1.6543469314969837e-19,-2.713478855671802e-17,68.67063134212057,0.0008958387505252682,-4.578572372921957e-06,-6.616384658201589e-05,5403.523690264259,5411.4670694124725,5783.30290716461,5776.478213219224,0.00047768815362570334,0.02431991075606032,0.04986408209008968,0
9.921999999999983,0.0,2.0,1.0,0.0,5.322433653719211e-14,1.9999929477676015,0.9999823418064737,2.0906753847974958e-15,-0.02413723037152174,-4.342672378915815e-06,-2.9117860522603405e-14,0.028966930627242853,4.4315165070098254e-05,-0.16918150352265152,-1.7006202182923132e-13,5.021562217655602e-16,-0.05496329464519162,3.880278781827798e-15,7.264981190857935e-16,-0.004399412579758474,-8.233581381498079e-18,-1.9046640349976154e-17,68.67060957119902,0.0009075614667956234,-4.653560904136389e-06,-6.702855078666902e-05,5403.522952474643,5411.466064218928,5783.297915879313,5776.481403871865,1.9014357218008623e-05,0.024137230762179718,0.05496329464765012,0
9.94199999999999,0.0,2.0,1.0,0.0,5.326635822660846e-14,1.9995123748833605,0.9999822727962712,2.1104013424296406e-15,-0.023937237493442523,-2.7325434153717434e-06,-2.916171784708178e-14,0.02896947908552749,4.122339432334955e-05,-0.16919644104379106,-1.703182226796912e-13,5.029571311114561e-16,-0.059933350196224214,3.7709157039631655e-15,7.033122355313293e-16,-0.0042860820057627315,-1.902651630298656e-16,-2.0578401179263676e-17,68.67058798157557,0.0009184406588230867,-4.723855425646601e-06,-6.783098283767544e-05,5403.522213263016,5411.465076513548,5783.293225650129,5776.4843066873345,0.00048794723908399953,0.02393723764940859,0.059933350194099524,0
9.961999999999996,0.0,2.0,1.0,0.0,5.330866720796452e-14,1.9990359881136355,0.9999822351083916,2.118917730437439e-15,-0.02372037982203653,-1.2024864662324336e-06,-2.9193181055881854e-14,0.028949659504915036,3.8228735461682306e-05,-0.16908073693380163,-1.7050203677900476e-13,5.031556243265474e-16,-0.06477271419095149,3.6148500407523516e-15,6.788145356498906e-16,-0.004171459166106112,-7.598060465055832e-17,-2.276588748247043e-17,68.67056660950014,0.0009284813925118663,-4.789461436263337e-06,-6.857151837349847e-05,5403.521474107261,5411.464107670937,5783.288836234324,5776.4869249646845,0.0009641755589237613,0.023720379852516092,0.0647727141907161,0
9.982000000000003,0.0,2.0,1.0,0.0,5.335123112501846e-14,1.998564119773838,0.9999822271386755,2.133601502360962e-15,-0.0234871108521101,2.4728429349502854e-07,-2.9234994769311767e-14,0.02890784888454492,3.533486840187861e-05,-0.16883659286313502,-1.7074630337599622e-13,5.031488844942242e-16,-0.06947997118168477,3.4465915565120294e-15,6.53538753834361e-16,-0.004055647691481133,-1.4651860825708506e-16,-1.9148989035058787e-17,68.67054548945707,0.0009376892744197569,-4.850388418289768e-06,-6.92505728746142e-05,5403.520736421275,5411.463158989139,5783.284747127037,5776.489262118052,0.001435990215315827,0.023487110853411867,0.06947997117960941,0
10.00200000000001,0.0,2.0,1.0,0.0,5.339395366480822e-14,1.9980970930577997,0.9999822472810737,2.1385031598565584e-15,-0.02323788871584764,1.616771234213588e-06,-2.9260666457093896e-14,0.02884443439349611,3.254504315833748e-05,-0.16846626991285119,-1.708962933711762e-13,5.024862965135933e-16,-0.07405382401783443,3.4029346315993337e-15,6.327965913803919e-16,-0.003938750480951464,4.12736647943497e-17,-2.7775768881091447e-17,68.67052465413288,0.0009460704391398836,-4.906649798943916e-06,-6.986860072971887e-05,5403.520001553557,5411.462231688512,5783.280957564313,5776.491321670887,0.0019029897502885749,0.0232378887720909,0.07405382401772212,0
10.022000000000016,0.0,2.0,1.0,0.0,5.343691845989534e-14,1.9976352219494984,0.9999822939318972,2.1521340816142825e-15,-0.022973175776689295,2.906185793193913e-06,-2.9299213508339066e-14,0.0287598129276177,2.986208620164954e-05,-0.16797208598674562,-1.711214820621788e-13,5.016724598388083e-16,-0.07849309296664297,3.3435358166052596e-15,5.930328745599636e-16,-0.003820869637323023,-1.5888428190006105e-17,-4.043057663834226e-17,68.67050413438997,0.0009536315364909297,-4.958262904093747e-06,-7.042609428816181e-05,5403.51927078606,5411.461326910841,5783.277466526461,5776.493107250368,0.0023648443358880683,0.022973175960510548,0.07849309296552208,0
10.042000000000023,0.0,2.0,1.0,0.0,5.348010336447258e-14,1.997178811142869,0.9999823654939125,2.167951266049845e-15,-0.022693438226396783,4.115940669060661e-06,-2.933551282227495e-14,0.028654390666109253,2.728840778455529e-05,-0.16735641322191133,-1.713335432182333e-13,5.00453070847757e-16,-0.08279671476086396,3.299409450576696e-15,5.43298735302089e-16,-0.0037021064041162753,-1.3756261042137716e-16,-4.9518792928984745e-17,68.67048395924616,0.0009603797185281004,-5.005248909686103e-06,-7.0923582899421e-05,5403.518545333231,5411.460445718683,5783.274272741714,5776.494622581976,0.00282124397091161,0.022693438599653743,0.0827967147617745,0
10.06200000000003,0.0,2.0,1.0,0.0,5.352356597488743e-14,1.9967281559696364,0.9999824603802787,2.1787415304995912e-15,-0.022399145685555528,5.2466417206178974e-06,-2.937266304480085e-14,0.02852858262818057,2.482601018248869e-05,-0.16662167539966283,-1.7155057431897122e-13,4.988870896018998e-16,-0.08696374157523909,3.1722628607214723e-15,4.955166888675609e-16,-0.0035825611041617684,-1.2894856995087121e-16,-4.987441124156e-17,68.67046415585949,0.0009663226263885154,-5.047632786189111e-06,-7.1361631940612e-05,5403.517826341309,5411.459589094919,5783.27137469018,5776.495871484269,0.0032718910430034266,0.022399146300026485,0.08696374157683245,0
10.082000000000036,0.0,2.0,1.0,0.0,5.356719925776275e-14,1.9962835423351026,0.9999825770183184,2.1847536751663258e-15,-0.022090770807754363,6.29907960185514e-06,-2.940088777962892e-14,0.028382812230116083,2.247649679685915e-05,-0.16577034535872565,-1.7171547636453185e-13,4.968151840973038e-16,-0.09099333993364415,3.1194895569252594e-15,4.496392344156889e-16,-0.0034623330798377065,1.6922895076067172e-18,-3.373974819149972e-17,68.67044474951884,0.0009714683769824015,-5.0854432395568635e-06,-7.174084183292939e-05,5403.517114887791,5411.4587579425415,5783.268770608073,5776.496857863816,0.0037164985046768224,0.022090771705830833,0.09099333993277356,0
10.102000000000043,0.0,2.0,1.0,0.0,5.361096521352631e-14,1.9958452466618017,0.9999827138531201,2.190954685042188e-15,-0.02176878888767783,7.274221164654645e-06,-2.943176842676764e-14,0.02821751084306737,2.0241082068449643e-05,-0.16480494241258428,-1.7189589023578336e-13,4.944407888471305e-16,-0.09488478954879616,3.1963585173654945e-15,4.3722623910387925e-16,-0.0033415206349683506,1.283832649264484e-16,8.499033725059558e-18,68.67042576363967,0.0009758255495420044,-5.11871264675557e-06,-7.206184704784499e-05,5403.51641198115,5411.457953084658,5783.266458492225,5776.497585710313,0.004154789298164653,0.021768790103048434,0.09488478954711607,0
10.12200000000005,0.0,2.0,1.0,0.0,5.365495600737929e-14,1.9954135358409517,0.9999828693509656,2.2025886230308474e-15,-0.021433677473339505,8.173200659584329e-06,-2.946744751775686e-14,0.028033117351886697,1.8120602147008615e-05,-0.16372802977282078,-1.7210432928800897e-13,4.91805499274895e-16,-0.09863748209643813,3.262508880538897e-15,4.4378436787440624e-16,-0.003220220978401469,1.1101881845719213e-16,3.1144520556275477e-18,68.67040721976488,0.0009794031720415743,-5.147476987730261e-06,-7.23253151040015e-05,5403.5157185607195,5411.457175264671,5783.264436104839,5776.49805909186,0.004586496150807373,0.021433679031663006,0.0986374820967928,0
10.142000000000056,0.0,2.0,1.0,0.0,5.369915362368587e-14,1.9949886671916115,0.9999830420025787,2.2165562016239346e-15,-0.021085915982677797,8.997310766527948e-06,-2.9504741086086774e-14,0.027830077715310774,1.6115526265988433e-05,-0.16254221198025426,-1.723221975269989e-13,4.888615974503159e-16,-0.1022509199259315,3.3551613767632028e-15,4.595480238903309e-16,-0.0030985301692727104,3.783639154186463e-17,1.8118075399350955e-17,68.67038913757096,0.0009822107074961431,-5.1717757726628464e-06,-7.253194555562863e-05,5403.515035496793,5411.456425146704,5783.262700978526,5776.498282150433,0.005011361500641072,0.021085917902243383,0.10225091992431415,0
10.162000000000063,0.0,2.0,1.0,0.0,5.374363372094899e-14,1.9945708884274589,0.9999832303261947,2.2309406495034004e-15,-0.020725985324729693,9.747993483324162e-06,-2.9544704239965825e-14,0.027608844527799263,1.4225968763783166e-05,-0.16125013234566432,-1.725556572260041e-13,4.85632559036835e-16,-0.10572471470920405,3.362971864888117e-15,4.72061155097371e-16,-0.0029765430639862632,-4.174223187993248e-17,4.061611073510887e-18,68.67037153487871,0.0009842580401596202,-5.1916519651074045e-06,-7.268246897346247e-05,5403.5143635909235,5411.455703316182,5783.261250421551,5776.49825909748,0.005429137471924924,0.020725987617102534,0.10572471470856386,0
10.18200000000007,0.0,2.0,1.0,0.0,5.378838436921929e-14,1.9941604376310895,0.9999834328704458,2.2421387538845365e-15,-0.020354367525590004,1.042683090546542e-05,-2.9580081385961125e-14,0.027369876583324588,1.2451701698492876e-05,-0.15985447040183734,-1.7276233205326464e-13,4.820058822376892e-16,-0.10905858603002071,3.305555576985255e-15,4.950124774033129e-16,-0.002854353264904154,-3.6053206240466546e-17,3.211729385048379e-17,68.67035442766873,0.0009855554616231587,-5.207151901501326e-06,-7.27776459188475e-05,5403.513703576369,5411.455010280617,5783.260081523326,5776.497994209732,0.005839585869749414,0.020354370196240305,0.10905858603061366,0
10.202000000000076,0.0,2.0,1.0,0.0,5.383338671758696e-14,1.9937575432357442,0.9999836482170597,2.2558230449549678e-15,-0.019971545359358266,1.1035535923060789e-05,-2.9619406784928166e-14,0.02711363844140442,1.0792168003844354e-05,-0.15835793936864068,-1.7299206622820706e-13,4.781283564629504e-16,-0.11225235991555098,3.2071291128169137e-15,5.174960401945319e-16,-0.0027320530707765195,-1.053817552185314e-16,1.414902808631602e-17,68.6703378301015,0.000986113656836276,-5.218325206514077e-06,-7.28182659120971e-05,5403.513056118757,5411.454346470578,5783.259191160116,5776.49749182514,0.006242478180531249,0.019971548408272147,0.11225235991514985,0
10.222000000000083,0.0,2.0,1.0,0.0,5.387867526370818e-14,1.9933624240143613,0.999983874983373,2.2683871629311767e-15,-0.01957800198426696,1.1575942864675834e-05,-2.9659936118672627e-14,0.026840599995661647,9.246495130346858e-06,-0.1567632836327953,-1.73228831504538e-13,4.739614058763856e-16,-0.11530596731222101,3.001361977901055e-15,5.434301751821683e-16,-0.0026097334288982476,-1.5788478752222817e-16,1.991351419698695e-17,68.67032175454166,0.0009859436900505798,-5.225224705507981e-06,-7.280514639568238e-05,5403.512421816898,5411.453712240813,5783.258576000944,5776.4967563389655,0.006637595572290418,0.01957800540653757,0.1153059673120351,0
10.24200000000009,0.0,2.0,1.0,0.0,5.392411901719263e-14,1.9929752890758445,0.9999841118246576,2.275411500967776e-15,-0.0191742205841797,1.2049998115700494e-05,-2.9687910350746834e-14,0.026551236045192033,7.813509116099049e-06,-0.15507327624398898,-1.733922681467249e-13,4.69294125702446e-16,-0.1182194425078518,2.87655632971355e-15,5.625426771238742e-16,-0.0024874838890263083,-7.403654884012883e-17,8.30821414270211e-18,68.6703062115863,0.0009850569907110705,-5.227906333365753e-06,-7.27391316934299e-05,5403.511801203739,5411.453107871545,5783.258232513697,5776.495792200046,0.00702472889171282,0.01917422437057716,0.11821944250678365,0
10.262000000000096,0.0,2.0,1.0,0.0,5.3969715181500704e-14,1.9925963378684437,0.9999843574362575,2.2842249685446804e-15,-0.018760684015639226,1.2459750738612127e-05,-2.972259148865518e-14,0.02624602586900921,6.491749036783807e-06,-0.1532907164289092,-1.735948758215572e-13,4.644416500001424e-16,-0.12099292150208639,2.8232904297533517e-15,5.684492864692069e-16,-0.0023653925590401007,-4.744868606932112e-17,6.049604176980306e-18,68.67029121009737,0.0009834653392920864,-5.2264290395688805e-06,-7.262109196615107e-05,5403.511194747514,5411.452533569944,5783.258156971404,5776.49460390719,0.007403678656454587,0.018760688153158178,0.12099292150280959,0
10.282000000000103,0.0,2.0,1.0,0.0,5.401556028561154e-14,1.9922257601901285,0.99998461055554,2.299164601350809e-15,-0.018337874460639676,1.2807343120435384e-05,-2.9762910155818044e-14,0.025925452803835493,5.279481778853057e-06,-0.15141842712477263,-1.7383040879621759e-13,4.5939139997647745e-16,-0.1236266403271216,2.680532638745956e-15,5.841165585532212e-16,-0.0022435460623681856,-1.9901546060839865e-16,1.443525745985219e-17,68.67027675723763,0.0009811808531011836,-5.220854691651387e-06,-7.245192216487545e-05,5403.510602853,5411.451989471693,5783.258345458689,5776.49319600572,0.0077742550418925084,0.01833787893302327,0.12362664032611347,0
10.30200000000011,0.0,2.0,1.0,0.0,5.406165080267184e-14,1.9918637362058478,0.9999848699636601,2.306597573786778e-15,-0.017906273085289668,1.3095001673565718e-05,-2.9794842718910536e-14,0.025590003825493625,4.17471708555609e-06,-0.14945925253384365,-1.7401696191687436e-13,4.539340291648772e-16,-0.12612093332076424,2.438164018547582e-15,5.951643965951633e-16,-0.002122029497175737,-1.6122163654848678e-16,7.361055124818773e-18,68.67026285851001,0.0009782159720554296,-5.2112479751360354e-06,-7.22325409823085e-05,5403.510025862938,5411.451475642751,5783.2587938783745,5776.491573084144,0.008136277861899256,0.017906277873529105,0.12612093331989496,0
10.322000000000116,0.0,2.0,1.0,0.0,5.410791057551212e-14,1.9915104364715408,0.9999851344871384,2.3176931897403683e-15,-0.01746635970452605,1.3325027613787471e-05,-2.9833067696763926e-14,0.025240169134158573,3.1752228248207515e-06,-0.14741605570046332,-1.7424026508233163e-13,4.483029905399374e-16,-0.12847623135382896,2.1923630699098997e-15,6.137566507872196e-16,-0.002000926397315161,-2.4700354980521404e-16,2.7546297491284905e-17,68.67024951780044,0.0009745834444395368,-5.1976762904970995e-06,-7.196388980323897e-05,5403.509464059555,5411.450992081207,5783.2594979582245,5776.489739770975,0.008489576543457113,0.01746636478733489,0.1284762313540743,0
10.342000000000123,0.0,2.0,1.0,0.0,5.415438408670329e-14,1.9911660219647935,0.999985402999258,2.3263874624218803e-15,-0.017018612453031517,1.3499787838836969e-05,-2.9866182559725056e-14,0.0248764417437071,2.2785404250003954e-06,-0.1452917161119827,-1.744337216827261e-13,4.4233326276290864e-16,-0.1306930600139074,1.844379225963608e-15,6.621146485890598e-16,-0.0018803186950488323,-2.946931310388899e-16,4.443556525339509e-17,68.67023673742348,0.0009702963126643307,-5.180209649099974e-06,-7.16469316549049e-05,5403.508917666227,5411.450538719266,5783.260453257816,5776.487700731658,0.008833990095021671,0.017018617807294197,0.1306930600132739,0
10.36200000000013,0.0,2.0,1.0,0.0,5.420089646731034e-14,1.9908306441220043,0.9999856744212773,2.326910594887811e-15,-0.016563507462501733,1.362170593012481e-05,-2.988854405771338e-14,0.024499317075408537,1.4820004353991807e-06,-0.1430891273250266,-1.7456437217347015e-13,4.359538489157669e-16,-0.13277203774753066,1.6373830265529435e-15,7.218567642784604e-16,-0.001760286685533784,-1.4388689721875666e-16,5.0756897599854576e-17,68.67022451817097,0.0009653678990270801,-5.158920565894205e-06,-7.128265015786892e-05,5403.508386849245,5411.450115425355,5783.261655175543,5776.485460665637,0.009169367068644402,0.01656351306369585,0.13277203774831028,0
10.382000000000136,0.0,2.0,1.0,0.0,5.424751770200109e-14,1.9905044448819327,0.9999859477234678,2.3328172687847653e-15,-0.01610151854540102,1.3693253298907993e-05,-2.992182487234039e-14,0.024109292556187437,7.827381543870003e-07,-0.14081119461844271,-1.7475879602350265e-13,4.294913969335787e-16,-0.1347138739627477,1.4349407935028941e-15,7.717779171644645e-16,-0.0016409089930737052,-1.61010813436047e-16,2.757405306690052e-17,68.67021285936303,0.0009598117914900091,-5.1338839503546685e-06,-7.087204847825716e-05,5403.507871719686,5411.4497220063095,5783.26309895569,5776.483024303511,0.009495565515899002,0.016101524367993204,0.13471387396185158,0
10.402000000000143,0.0,2.0,1.0,0.0,5.4294218974656284e-14,1.9901875567355003,0.9999862219259739,2.3371839982289654e-15,-0.01563311688533866,1.3716940497282684e-05,-2.994866474284057e-14,0.02370686722168323,1.7770928757002133e-07,-0.13846083267425366,-1.7491560038804e-13,4.2270141063020405e-16,-0.1365193670941418,1.2618855748744406e-15,8.157576296469972e-16,-0.0015222625391307979,-1.533590837087848e-16,4.8591962701835525e-17,68.67020175890178,0.0009536418294832798,-5.105176996892427e-06,-7.041614828205438e-05,5403.507372335365,5411.449358209685,5783.26477969563,5776.480396404322,0.009812452937688388,0.01563312290315397,0.1365193670953032,0
10.42200000000015,0.0,2.0,1.0,0.0,5.434106451176332e-14,1.9898801027817121,0.9999864960995011,2.3464821015643232e-15,-0.015158770734191017,1.3695308712523371e-05,-2.998236960824434e-14,0.023292541324322978,-3.3629441298476995e-07,-0.13604096328788132,-1.7511249873988672e-13,4.157813713689315e-16,-0.13818940263230411,9.95602123366922e-16,8.646816548117041e-16,-0.00140442251210373,-3.019064636177075e-16,4.376596199166805e-17,68.67019121332683,0.0009468720897492373,-5.0728790720346e-06,-6.991598869233823e-05,5403.506888702893,5411.449023726118,5783.266692353079,5776.477581752942,0.010119906228025999,0.015158776920756067,0.13818940263166904,0
10.442000000000156,0.0,2.0,1.0,0.0,5.438810864879855e-14,1.9895821967895584,0.9999867693658386,2.3536948458298443e-15,-0.014678945116087057,1.3630921463841233e-05,-3.0017189642923653e-14,0.02286681594661913,-7.626295791302135e-07,-0.1335545131088855,-1.7531590911510847e-13,4.0865616084634734e-16,-0.13972495111977415,5.193106985380653e-16,9.105124872537948e-16,-0.0012874623388479654,-4.270309295276335e-16,3.9415275513918223e-17,68.67018121787295,0.0009395168722270209,-5.037071601885006e-06,-6.937262524988569e-05,5403.506420779799,5411.448718191802,5783.268831753418,5776.474585157544,0.01041781161190621,0.01467895144494715,0.13972495112045702,0
10.462000000000163,0.0,2.0,1.0,0.0,5.4435171165689944e-14,1.98929394326576,0.9999870408982157,2.3527972122727564e-15,-0.01419410153836913,1.3526356517662669e-05,-3.003797158302409e-14,0.022430192619896046,-1.1047857555708232e-06,-0.1310044114134108,-1.754373285647189e-13,4.011308374709758e-16,-0.14112706611545214,7.038589312924748e-17,9.649827306494107e-16,-0.0011714536579512656,-3.7330090562533483e-16,5.047587239674635e-17,68.6701717665293,0.0009315906859973733,-4.997837957788532e-06,-6.878712887813671e-05,5403.505968476703,5411.448441190983,5783.271192597077,5776.471411447178,0.010706064577382594,0.014194107983380059,0.14112706611477918,0
10.48200000000017,0.0,2.0,1.0,0.0,5.448219815538935e-14,1.9890154375282174,0.9999873099214995,2.350669215382555e-15,-0.013704697709632918,1.3384198037465068e-05,-3.0059219850240786e-14,0.021983172948640422,-1.3663700808455566e-06,-0.1283935879094864,-1.7556147036208972e-13,3.934147506256444e-16,-0.1423968821294827,-3.1408831747735974e-16,1.0124672349256337e-15,-0.0010564662947459235,-3.2430282789474057e-16,3.237229820145238e-17,68.6701628521003,0.0009231082352913972,-4.955263340746662e-06,-6.816058485301396e-05,5403.505531659595,5411.44819225857,5783.2737694669395,5776.4680654694275,0.010984569801980721,0.013704704245228164,0.14239688213059432,0
10.502000000000177,0.0,2.0,1.0,0.0,5.4529185904059453e-14,1.9887467657850217,0.9999875757122405,2.3473438111729353e-15,-0.0132111872649441,1.3207028982861346e-05,-3.008112230823043e-14,0.021526258240664897,-1.551092152670422e-06,-0.12572497057629006,-1.756894317041516e-13,3.855185193673777e-16,-0.14353561253059444,-6.702482711956523e-16,1.0429355569760642e-15,-0.000942568238049585,-2.7745456044185916e-16,1.439709354338071e-17,68.67015446626753,0.0009140844055744267,-4.909434666271954e-06,-6.749409177839494e-05,5403.505110152111,5411.447970882737,5783.276556835797,5776.464552088137,0.011253241073578921,0.013211193866378455,0.14353561252985855,0
10.522000000000183,0.0,2.0,1.0,0.0,5.457605828187612e-14,1.988488005218878,0.9999878375985656,2.3394994854458842e-15,-0.012714019498322498,1.2997423771461684e-05,-3.0094457384350596e-14,0.021059949143267254,-1.6627491160228403e-06,-0.12300148353844166,-1.7576735376857323e-13,3.7733457276509106e-16,-0.14454454742787431,-9.150654293523583e-16,1.0582600745484566e-15,-0.0008298256186293586,-1.3540090102482123e-16,1.1423777505556462e-17,68.67014659965297,0.0009045342497136844,-4.8604404481700896e-06,-6.678876056780284e-05,5403.50470373789,5411.447776507604,5783.2795490738,5776.460876181239,0.011512001205897616,0.012714026141893422,0.1445445474288303,0
10.54200000000019,0.0,2.0,1.0,0.0,5.462283905527075e-14,1.9882392240768012,0.9999880949599304,2.3375597527683083e-15,-0.012213639102577481,1.2757941215212763e-05,-3.0116543649879775e-14,0.0205847452855593,-1.7052110114018617e-06,-0.120226044976351,-1.7589638603011176e-13,3.690910226766908e-16,-0.1454250515289412,-1.1135889821240098e-15,1.077667787277234e-15,-0.0007183026893749838,-1.765140100357974e-16,2.0270867233038178e-17,68.67013924188277,0.0008944729742386398,-4.808370681662516e-06,-6.604571343302171e-05,5403.504312162931,5411.447608535948,5783.282740455912,5776.457042638606,0.011760781948734172,0.012213645765825768,0.14542505152992993,0
10.562000000000197,0.0,2.0,1.0,0.0,5.466947640369037e-14,1.9880004817649324,0.9999883472267306,2.3299089108673425e-15,-0.011710485916571835,1.2491117743056332e-05,-3.012755709778018e-14,0.0201011449271324,-1.6824064123531172e-06,-0.11740156507359574,-1.759607458996851e-13,3.605517901539789e-16,-0.14617856197647103,-1.2037098896559034e-15,1.0917686059079498e-15,-0.000608061807169504,-7.476394007764934e-17,6.764310249082754e-18,68.67013238165195,0.000883915925704514,-4.7533167277776915e-06,-6.526608288028267e-05,5403.503935138021,5411.447466331912,5783.286125169376,5776.4530563600165,0.011999523893090308,0.011710492578463546,0.14617856197693122,0
10.582000000000203,0.0,2.0,1.0,0.0,5.471604052569994e-14,1.9877718289483286,0.9999885938797841,2.326886857584167e-15,-0.011204994679984414,1.2199460919813384e-05,-3.0149429694159515e-14,0.019609644613219762,-1.5983083928957005e-06,-0.11453094400226776,-1.7608852754561685e-13,3.5199123427372574e-16,-0.14680658616500855,-1.3089311239469911e-15,1.1062635318055373e-15,-0.0004991634164414657,-1.0928764775501901e-16,1.1132343961592354e-17,68.67012600678939,0.0008728785771619286,-4.695371195985473e-06,-6.445101071452264e-05,5403.503572341145,5411.447349223761,5783.289697321133,5776.448922253127,0.012228176371336521,0.011205001321076484,0.14680658616389197,0
10.60200000000021,0.0,2.0,1.0,0.0,5.4762570410239556e-14,1.9875533076555725,0.9999888344496844,2.3273132975340273e-15,-0.010697594795635725,1.188544326929556e-05,-3.0170376918959664e-14,0.019110738836509288,-1.456920843982271e-06,-0.11161706994719037,-1.762109031880545e-13,3.4327431713515175e-16,-0.1473106995399881,-1.5032046480603149e-15,1.1284170850547077e-15,-0.00039166603439239,-2.531417604047407e-16,1.9601263971311122e-17,68.67012010432302,0.000861376514749415,-4.634627829208409e-06,-6.360164705248466e-05,5403.503223419911,5411.447256506628,5783.293450945232,5776.444645231543,0.01244669735256484,0.010697601398228215,0.14731069953945805,0
10.622000000000217,0.0,2.0,1.0,0.0,5.4809071588000105e-14,1.9873449513880526,0.999989068516035,2.3236810393293063e-15,-0.010188710099433378,1.155149640995958e-05,-3.0189497275393315e-14,0.018604919705750563,-1.2622651736349752e-06,-0.10866281716984573,-1.7632260760185197e-13,3.3440044636524537e-16,-0.14769254338086868,-1.81705208001365e-15,1.1468990733946183e-15,-0.0002856262378750342,-3.08288592600989e-16,1.4976491184356954e-17,68.6701146605451,0.0008494254244089298,-4.5711813877457785e-06,-6.271914934509339e-05,5403.502887993991,5411.447187445264,5783.29738001017,5776.440230212891,0.012655053333277362,0.010188716647712068,0.1476925433796355,0
10.642000000000223,0.0,2.0,1.0,0.0,5.485550299705638e-14,1.9871467852337619,0.9999892957065696,2.3187339572007955e-15,-0.009678758637988347,1.1200005509914122e-05,-3.0208863066280587e-14,0.01809267662129427,-1.018367415751289e-06,-0.10567104411282281,-1.764357441250622e-13,3.2540216047615987e-16,-0.14795382257026635,-2.2194724498016943e-15,1.1702986655428197e-15,-0.00018109865191096936,-3.6127588380502643e-16,1.7189998339703366e-17,68.67010966107746,0.0008370410787360578,-4.505127534574138e-06,-6.18046814097453e-05,5403.5025656575535,5411.4471412767825,5783.301478426229,5776.435682116968,0.012853219223561845,0.009678765118162413,0.1479538225690955,0
10.66200000000023,0.0,2.0,1.0,0.0,5.490178401685604e-14,1.9869588259854567,0.9999895156961649,2.3134059091523104e-15,-0.009168152453946353,1.0833304065540248e-05,-3.0223004255959336e-14,0.01757449595769773,-7.292457680850003e-07,-0.10264459154556872,-1.7651836485274792e-13,3.1623053212780923e-16,-0.14809630335095544,-2.624834265279215e-15,1.197884161828652e-15,-7.813593983158567e-05,-4.4167698299487104e-16,3.2722712343599694e-17,68.67010509093626,0.0008242393239734139,-4.436562721542482e-06,-6.085941247310575e-05,5403.502255981674,5411.447117213392,5783.305740052682,5776.431005863904,0.013041178228911156,0.00916815885438726,0.1480963033516156,0
10.682000000000237,0.0,2.0,1.0,0.0,5.494792577177027e-14,1.9867810822630247,0.9999897282057538,2.302387523307503e-15,-0.008657297379072264,1.045366900920025e-05,-3.023491610819484e-14,0.017050860753516393,-3.988985877641971e-07,-0.09958628075214479,-1.7658796370670653e-13,3.0692934784339885e-16,-0.14812181107258154,-3.0958515024797288e-15,1.2306744139917168e-15,2.3211204978166248e-05,-4.05846771042075e-16,1.6457945032841155e-17,68.67010093459638,0.0008110360671523764,-4.365584076219969e-06,-5.988451622485097e-05,5403.501958516752,5411.447114445097,5783.310158704995,5776.426206372373,0.013218921727836808,0.008657303690462017,0.14812181107247208,0
10.702000000000243,0.0,2.0,1.0,0.0,5.499383773554001e-14,1.9866135546399066,0.9999899330011424,2.2887962261548024e-15,-0.008146592835119036,1.0063316148658805e-05,-3.0242007780240534e-14,0.01652225040839929,-3.1292855190266514e-08,-0.09649891176167674,-1.766294087906465e-13,2.9748372383646263e-16,-0.14803222792991477,-3.5388835341880324e-15,1.2442792707945195e-15,0.00012289406575479304,-3.4277520701153264e-16,9.91109863450468e-18,68.67009717605507,0.0007974472633897175,-4.292289290317945e-06,-5.8881169882934605e-05,5403.501672794871,5411.447132142393,5783.314728161895,5776.4212885578145,0.013386449145431781,0.008146599050618897,0.14803222793067583,0
10.72200000000025,0.0,2.0,1.0,0.0,5.503948880820992e-14,1.9864562357734135,0.9999901298917406,2.278404642614405e-15,-0.007636431642506858,9.6643959403203e-06,-3.0251352663809217e-14,0.015989140387598286,3.696468668913262e-07,-0.09338526162214295,-1.7668401248012202e-13,2.879740441733064e-16,-0.14782949069444304,-3.952409186331169e-15,1.2521680357953617e-15,0.00022086590746109536,-4.082420175865843e-16,-9.82964794629669e-19,68.67009379889485,0.0007834889033495392,-4.216776509064263e-06,-5.7850553270889827e-05,5403.50139833216,5411.447169458887,5783.319442172373,5776.41625733069,0.013543767823039584,0.007636437757962078,0.14782949069556994,0
10.742000000000257,0.0,2.0,1.0,0.0,5.5084822406947214e-14,1.9863091105387845,0.9999903187292123,2.258446182693172e-15,-0.007127199836831492,9.258989598170099e-06,-3.0252171115030805e-14,0.015452001933992406,8.000489680262442e-07,-0.09024808271809118,-1.7668881592583934e-13,2.783074110847442e-16,-0.14751558844108978,-4.291044511036798e-15,1.2531963180954695e-15,0.00031708198035168913,-2.4589812437520215e-16,6.087768093451797e-18,68.6700907863455,0.000769177000874622,-4.1391442226110475e-06,-5.679384790765839e-05,5403.5011346311,5411.44722553394,5783.3242944625945,5776.411117594764,0.013690892884184987,0.007127205851034417,0.14751558844138887,0
10.762000000000263,0.0,2.0,1.0,0.0,5.5129815445706174e-14,1.9861721561668289,0.9999904994060502,2.241377536242485e-15,-0.006619276493215116,8.849105537341596e-06,-3.0253026017443584e-14,0.01491130178772209,1.2561048056749515e-06,-0.08709010113283963,-1.7669383094076854e-13,2.6857642200065363e-16,-0.14709256027180706,-4.556097982108347e-15,1.2723656745370497e-15,0.0004114995220136878,-1.9326637016857703e-16,1.7949807222181202e-17,68.67008812134468,0.0007545275807932923,-4.059491158209617e-06,-5.571223611033924e-05,5403.500881182785,5411.447299495192,5783.329278742662,5776.405874245368,0.013827847096922022,0.006619282408259902,0.14709256027302853,0
10.78200000000027,0.0,2.0,1.0,0.0,5.517443953323914e-14,1.9860453423849944,0.999990671854084,2.221588680827398e-15,-0.006113033558506822,8.436676152569946e-06,-3.0253100566996105e-14,0.014367501913521014,1.7340781852535703e-06,-0.08391401505567282,-1.766942869740875e-13,2.5878237079098566e-16,-0.14656249303777935,-4.730799645678837e-15,1.2900544762089671e-15,0.0005040777579083045,-8.596467009127125e-17,1.8241240766145304e-17,68.67008578659768,0.0007395566669110868,-3.9779161750130405e-06,-5.460690011045521e-05,5403.500637469161,5411.447390461093,5783.334388713315,5776.400532167723,0.013954660732756622,0.006113039380286625,0.1465624930368219,0
10.802000000000277,0.0,2.0,1.0,0.0,5.5218673129345713e-14,1.9859286315617046,0.9999908360429282,2.2039575057667563e-15,-0.005608835691334049,8.023554929550975e-06,-3.025551709297454e-14,0.013821059235826879,2.2303142976160506e-06,-0.08072249323450871,-1.7670842012314002e-13,2.4895993748546304e-16,-0.14592751906193713,-4.7990933075391214e-15,1.3102575581586075e-15,0.0005947779004358358,-4.970829892205249e-17,3.329557766648669e-18,68.67008376463542,0.0007242802701879126,-3.89451816019042e-06,-5.347902118401956e-05,5403.500402965172,5411.447497543342,5783.339618072467,5776.395096235231,0.014071371422301537,0.005608841430261371,0.14592751906082477,0
10.822000000000283,0.0,2.0,1.0,0.0,5.5262524722846276e-14,1.9858219788538096,0.9999909919783744,2.183573960196e-15,-0.005107040110000448,7.611513885958605e-06,-3.02501677262004e-14,0.013272425381745126,2.7412481066988648e-06,-0.0775181734744674,-1.7667719504410964e-13,2.390350899719151e-16,-0.14518981386346275,-4.782325609007116e-15,1.309855655793136e-15,0.0006835631465475763,5.897098843561337e-17,1.1438061869178938e-18,68.67008203787128,0.0007087143771130182,-3.8093959274610714e-06,-5.232977879593583e-05,5403.500177140898,5411.447619849283,5783.344960521626,5776.389571307789,0.014178024007818407,0.005107045782083515,0.14518981386394283,0
10.84200000000029,0.0,2.0,1.0,0.0,5.5305944397696404e-14,1.9857253323569923,0.9999911397007377,2.1618538889647316e-15,-0.0046079964482200276,7.202241339335221e-06,-3.0247476437339296e-14,0.012722046431930882,3.263412178468398e-06,-0.07430366118272312,-1.7666149333432713e-13,2.291024437592103e-16,-0.14435159388593372,-4.5980955531938425e-15,1.3265282661391017e-15,0.0007703986739272776,2.1397618819198422e-16,1.677019525851697e-17,68.67008058865612,0.0006928749382775325,-3.7226481170664282e-06,-5.116034975908362e-05,5403.499959463589,5411.447756484228,5783.350409772183,5776.383962230113,0.01427467039280533,0.004608002076723566,0.14435159388598084,0
10.862000000000297,0.0,2.0,1.0,0.0,5.5348966313005974e-14,1.9856386332589737,0.9999912792831605,2.1432442998307985e-15,-0.00411204661867161,6.7973399972015755e-06,-3.024594321989731e-14,0.012170362679450781,3.793443948067782e-06,-0.07108152795999827,-1.766525541852541e-13,2.1915645477351132e-16,-0.14341511423073056,-4.281303218509239e-15,1.3470855122214784e-15,0.0008552516357708369,3.0559624554447565e-16,2.425379233388092e-17,68.67007939933161,0.000676777857155515,-3.634373098848677e-06,-4.997190740851369e-05,5403.499749399659,5411.447906553706,5783.355959551547,5776.378273830036,0.014361369388785948,0.004112052236774195,0.1434151142307246,0
10.882000000000303,0.0,2.0,1.0,0.0,5.539166516933067e-14,1.985561815995362,0.999991410829882,2.1279390100498527e-15,-0.003619524684352269,6.398325364253095e-06,-3.024967622751255e-14,0.01161780839667689,4.328092423270077e-06,-0.06785431023900335,-1.766743714567606e-13,2.0923222126519607e-16,-0.1423826663972947,-3.917021940098572e-15,1.3725353389529957e-15,0.0009380911541889743,3.3893815930130893e-16,2.826100356338734e-17,68.6700784522818,0.0006604389790914725,-3.544668876973288e-06,-4.876562079105732e-05,5403.499546416595,5411.448069165647,5783.361603609132,5776.37251091683,0.014438186559454953,0.0036195303395886685,0.14238266639775507,0
10.90200000000031,0.0,2.0,1.0,0.0,5.543411792278251e-14,1.9854948084079889,0.9999915344744811,2.1191525070454813e-15,-0.003130756737703077,6.0066244607973185e-06,-3.025864863175878e-14,0.011064811610259066,4.86422431938818e-06,-0.06462450797009245,-1.767267884972972e-13,1.9933207457826384e-16,-0.14125657603180278,-3.588684351684561e-15,1.3879102567556798e-15,0.0010188883122565896,2.2479926348387507e-16,4.7277448882859716e-18,68.67007772998278,0.0006438740805068175,-3.4536329974480724e-06,-4.7542653870793115e-05,5403.4993499848115,5411.448243432478,5783.367335722204,5776.3666782795135,0.014505194062337561,0.0031307624998090527,0.1412565760306273,0
10.922000000000317,0.0,2.0,1.0,0.0,5.547640891361288e-14,1.9854375319055773,0.9999916503780933,2.107743514638172e-15,-0.0026460607874748535,5.623574846016799e-06,-3.0267842271029835e-14,0.010511793884216452,5.398829633886097e-06,-0.06139458335437028,-1.7678049658226774e-13,1.8942702549826611e-16,-0.14003920068578696,-3.396067477981131e-15,1.39479628042153e-15,0.0010976161447418002,2.086293367581547e-16,1.2225219751457731e-17,68.67007721505041,0.0006270988583231084,-3.361362458016615e-06,-4.630416475059952e-05,5403.499159579422,5411.448428473151,5783.373149701546,5776.360780685146,0.01456247048811658,0.0026460667632556235,0.1400392006864579,0
10.942000000000323,0.0,2.0,1.0,0.0,5.5518476688957935e-14,1.9853899016265877,0.9999917587276156,2.099560062227117e-15,-0.002165746653297018,5.250423938412044e-06,-3.027825012727019e-14,0.009959170111179739,5.929026653386243e-06,-0.05816695962443431,-1.768412952971718e-13,1.7953022202919801e-16,-0.13873292758620226,-3.218755716121493e-15,1.374439255748209e-15,0.0011742496275311287,1.2066851594791047e-16,-3.685704627783005e-17,68.67007689028578,0.0006101289196139948,-3.2679536205084474e-06,-4.505130491026243e-05,5403.498974681902,5411.448623415062,5783.379039396972,5776.354822877126,0.014610100697782877,0.0021657530175942887,0.13873292758716846,0
10.96200000000033,0.0,2.0,1.0,0.0,5.5560339728645083e-14,1.9853518266040895,0.9999918597338969,2.089425499369082e-15,-0.0016901158679064855,4.888328625964628e-06,-3.0285660310844255e-14,0.009407348311811881,6.45206640613783e-06,-0.054944019872911774,-1.768845849737851e-13,1.696242413263826e-16,-0.13734017141840754,-3.0666743865794074e-15,1.337174085585158e-15,0.0012487656657978081,1.0286428997243974e-16,-3.063285844602526e-17,68.67007673871898,0.0005929797714800066,-3.1735021261024174e-06,-4.3785218461253145e-05,5403.4987947817435,5411.448827395924,5783.384998702682,5776.348809573477,0.014648175657760006,0.0016901229371575454,0.13734017141782515,0
10.982000000000337,0.0,2.0,1.0,0.0,5.560204174350397e-14,1.985323209932501,0.9999919536299277,2.0787814108529187e-15,-0.0012194615869901202,4.53835515734285e-06,-3.029644143814587e-14,0.008856729442427488,6.965336556967454e-06,-0.05172810592890825,-1.7694756180263275e-13,1.5975286112647208e-16,-0.13586337212349708,-2.994119333771693e-15,1.2880578076883629e-15,0.0013211430809161834,1.0922850251482103e-16,-4.168651643494947e-17,68.67007674365014,0.0005756668111617411,-3.078102812981712e-06,-4.250704141864559e-05,5403.498619377939,5411.4490395655075,5783.391021562417,5776.342745465118,0.014676792273160558,0.0012194700319450235,0.13586337212412222,0
11.002000000000344,0.0,2.0,1.0,0.0,5.5643497650714945e-14,1.9853039489360542,0.9999920406690275,2.0671855702795388e-15,-0.0007540685065875453,4.201479305109689e-06,-3.0300713212504776e-14,0.008307707210823032,7.4663647595136695e-06,-0.0485215172824362,-1.7697251956032958e-13,1.4987102526780104e-16,-0.13430499271138416,-2.8558295958942016e-15,1.2461808989974466e-15,0.0013913625961785188,1.5176472174487455e-16,-3.501130049939072e-17,68.67007688868887,0.0005582053163837338,-2.9818496373154994e-06,-4.1217900990276306e-05,5403.498447980454,5411.449259087318,5783.397101974477,5776.336635214126,0.014696053219318835,0.0007540802112875806,0.1343049927110236,0
11.02200000000035,0.0,2.0,1.0,0.0,5.56847500906382e-14,1.9852939353388241,0.9999921211230394,2.058497614235925e-15,-0.0002942127879980466,3.8785867916359545e-06,-3.030925422746116e-14,0.007760667900327453,7.952821468191028e-06,-0.04532651005687842,-1.7702241108830485e-13,1.4004189904621378e-16,-0.1326675170910066,-2.7057186882078953e-15,1.2187237153749311e-15,0.0014594068213219017,1.270662303374215e-16,-1.045108552651109e-17,68.67007715779086,0.0005406104359424856,-2.884835596243998e-06,-3.991891488357687e-05,5403.498280111563,5411.449485140172,5783.403233996515,5776.330483451998,0.014706066771757412,0.0002942383524578055,0.13266751709080218,0
11.042000000000357,0.0,2.0,1.0,0.0,5.572578529871258e-14,1.9852930554361807,0.9999921952805371,2.0477140965893823e-15,0.00015983800987051007,3.5704739675124126e-06,-3.031866003695972e-14,0.0072159902020734945,8.422522220942232e-06,-0.04214529602948555,-1.7707735262624394e-13,1.302535519364581e-16,-0.13095344791898708,-2.5046702211404315e-15,1.2313969435016705e-15,0.0015252602359071415,1.7720206982782203e-16,1.6333044942570814e-17,68.67007753529266,0.000522897180533859,-2.787152654673545e-06,-3.861119063012144e-05,5403.498115307131,5411.4497169196875,5783.409411750201,5776.324294777881,0.0147069466347335,0.00015987788366036735,0.13095344791905852,0
11.062000000000364,0.0,2.0,1.0,0.0,5.576671323450135e-14,1.9853011902675115,0.999992263445046,2.044532351125938e-15,0.0006078249907768222,3.2778487323800086e-06,-3.0333770354111745e-14,0.00667404505548517,8.873429404946426e-06,-0.03898004169987939,-1.7716561075566302e-13,1.2053111100321493e-16,-0.12916530446805186,-2.408063406237137e-15,1.2205543544815619e-15,0.0015889091715766638,3.162196152961204e-17,-1.7164465378541332e-17,68.67007800594384,0.0005050804138287404,-2.6888916742397445e-06,-3.72958249282581e-05,5403.497953117776,5411.449953639659,5783.415629425664,5776.318073756814,0.014698811768513162,0.0006078338290233247,0.1291653044692255,0
11.08200000000037,0.0,2.0,1.0,0.0,5.580752525017939e-14,1.9853182157900695,0.9999923259332877,2.0378928566716782e-15,0.001049497974116044,3.001331687066852e-06,-3.034771806395527e-14,0.0061351954969697175,9.303653514882325e-06,-0.03583286740649154,-1.7724707785749543e-13,1.1085060577030773e-16,-0.1273056205164657,-2.390444848087776e-15,1.2102123501778909e-15,0.0016503417932247303,-1.170437003364029e-17,8.662504307615996e-19,68.67007855493704,0.00048717484379287443,-2.590142345757912e-06,-3.597390300393987e-05,5403.4977931099875,5411.450194533364,5783.421881285769,5776.311824917942,0.014681786215521062,0.001049502265679106,0.12730562051528735,0
11.102000000000377,0.0,2.0,1.0,0.0,5.584816372406676e-14,1.9853440030538019,0.999992383073448,2.0272032303212053e-15,0.0014846155406589324,2.7414575065354194e-06,-3.0356593990889506e-14,0.00559979651679922,9.711453918131515e-06,-0.032705846490849066,-1.772989222735367e-13,1.0120661615863582e-16,-0.12537694225972343,-2.3570177692185818e-15,1.2117993687105932e-15,0.0017095480791000496,5.852633001962258e-17,5.19612022679971e-18,68.67007916793544,0.0004691950142654091,-2.4909931242354044e-06,-3.464649799004262e-05,5403.497634867097,5411.450438854749,5783.428161670206,5776.305552752728,0.01465599892550961,0.0014846180718135135,0.12537694225852133,0
11.122000000000384,0.0,2.0,1.0,0.0,5.588859493785572e-14,1.9853784183770127,0.9999924352034752,2.016367438328185e-15,0.0019129450711399653,2.498676521419305e-06,-3.036350250832692e-14,0.005068194924157873,1.009523914297213e-05,-0.029601004509564575,-1.7733927526332476e-13,9.161968295828834e-17,-0.12338182624568386,-2.2501242058257386e-15,1.228398191601182e-15,0.0017665197998907646,1.3901762127769082e-16,2.363623077643317e-17,68.67007983109814,0.00045115529678288615,-2.3915311669685636e-06,-3.331467032417051e-05,5403.497477990207,5411.4506858795485,5783.434464999386,5776.299261713142,0.014621583579894041,0.0019129467030168524,0.12338182624667399,0
11.14200000000039,0.0,2.0,1.0,0.0,5.592884652110904e-14,1.9854213235227207,0.9999924826694139,2.0103220433241273e-15,0.0023342627777768942,2.273356497758057e-06,-3.037454900218467e-14,0.004540729220327534,1.0453566697516078e-05,-0.02652031849386923,-1.7740379562457338e-13,8.211434660567942e-17,-0.12132283733430774,-2.102799318266369e-15,1.2626201397994329e-15,0.00182125049680565,9.869740286798042e-17,3.158126429640695e-17,68.67008053110304,0.00043306988266316284,-2.291842274765556e-06,-3.197946716526188e-05,5403.497322099008,5411.450934906269,5783.440785778163,5776.292956209876,0.014578678415392647,0.002334263884796333,0.12132283733521035,0
11.162000000000397,0.0,2.0,1.0,0.0,5.596893517695618e-14,1.9854725758755711,0.999992525823773,1.9978101420645933e-15,0.0027483537288091595,2.06578460210988e-06,-3.038172908853416e-14,0.004017729479977843,1.0785142446344836e-05,-0.023465716256489463,-1.7744573346813583e-13,7.267361576512968e-17,-0.11920254668312066,-1.9257539246499196e-15,1.2971686126935975e-15,0.001873735458694595,2.5242796034026876e-16,4.0660806969669546e-17,68.67008125516747,0.00041495277534576064,-2.1920108363511814e-06,-3.064192182909474e-05,5403.497166832519,5411.451185257123,5783.44711859935,5776.286640610499,0.014527426047113374,0.002748354505176731,0.1192025466824156,0
11.182000000000404,0.0,2.0,1.0,0.0,5.600879340503067e-14,1.98553202861916,0.9999925650239383,1.991049618852326e-15,0.0031550118661457668,1.8761695404874314e-06,-3.039293238100249e-14,0.003499517240521653,1.1088819550491542e-05,-0.020439075745636342,-1.7751116844722167e-13,6.332341408606353e-17,-0.11702352975948548,-1.5899782949759054e-15,1.3407842271048088e-15,0.001923971698235012,2.713766701290152e-16,4.4938635061428354e-17,68.67008199106645,0.00039681778298948785,-2.0921197751601287e-06,-2.93030532426954e-05,5403.497011849715,5411.451436278821,5783.453458147074,5776.280319237648,0.014467973291227565,0.003155012423990235,0.11702352975956476,0
11.20200000000041,0.0,2.0,1.0,0.0,5.604849848706523e-14,1.985599530913639,0.9999926006306286,1.979049688401075e-15,0.003554040016217167,1.7046438589280277e-06,-3.0398735945207503e-14,0.00298640539949182,1.1363596994374462e-05,-0.01744222444584895,-1.7754506556882242e-13,5.404902428914683e-17,-0.11478836438073446,-1.1837657101737844e-15,1.3771172577842801e-15,0.001971957927217603,4.685372902074084e-16,2.854202876649557e-17,68.67008272714872,0.0003786785113335019,-1.99225049997314e-06,-2.796386541797908e-05,5403.496856830103,5411.451687343313,5783.459799199916,5776.2739963672075,0.014400470987363835,0.0035540404250210223,0.11478836437968164,0
11.222000000000417,0.0,2.0,1.0,0.0,5.608803633470569e-14,1.985674928073463,0.9999926330063981,1.977259459778125e-15,0.0039452498941292555,1.5512663941215197e-06,-3.041422209426688e-14,0.0024786981198876073,1.1608617718035766e-05,-0.014476938825387737,-1.7763551374315295e-13,4.488321028627852e-17,-0.11249962878317007,-6.392333231206589e-16,1.4065503807259235e-15,0.0020176945309666595,4.292174515897233e-16,2.833733139633031e-17,68.6700834523505,0.00036054835681541535,-1.8924828575478406e-06,-2.66253469444444e-05,5403.496701474185,5411.451937848408,5783.466136633891,5776.267676226457,0.014325073820858859,0.003945250199107064,0.11249962878414009,0
11.242000000000424,0.0,2.0,1.0,0.0,5.61275715496398e-14,1.9857580617451462,0.9999926625141909,1.975797015059297e-15,0.004328462101220664,1.4160248608531208e-06,-3.043396366735374e-14,0.001976690743439804,1.1823166370396916e-05,-0.011544943829878784,-1.7775081545551814e-13,3.581630663482645e-17,-0.11015989972091028,-1.610774639534574e-16,1.424525051156807e-15,0.0020611835419204164,4.2964300094242384e-16,1.7824907131910858e-17,68.67008415620694,0.000342440499957559,-1.792895089388081e-06,-2.5288470501275817e-05,5403.496545503843,5411.452187218316,5783.472465425223,5776.261362992258,0.014241940145000081,0.00432846233284177,0.11015989972007616,0
11.26200000000043,0.0,2.0,1.0,0.0,5.616711504957004e-14,1.985848770084901,0.999992689515949,1.9751295466970204e-15,0.00470350611612841,1.2988385650489945e-06,-3.0451747377480956e-14,0.0014806697117306549,1.2006666702405206e-05,-0.00864791242183412,-1.778546817878321e-13,2.684441570854074e-17,-0.10777175059551436,2.8544474067862873e-16,1.4502398623001824e-15,0.002102428612413421,4.510599918445236e-16,2.091791908957751e-17,68.67008482886165,0.0003243678990107885,-1.6935637906043198e-06,-2.3954192388652807e-05,5403.4963886626465,5411.45243490409,5783.478780652953,5776.255060789205,0.014151231803386214,0.004703506295460758,0.10777175059539303,0
11.282000000000437,0.0,2.0,1.0,0.0,5.6206683362299516e-14,1.985946887936024,0.9999927143712738,1.9812423891510364e-15,0.005070220279469494,1.1995612297043752e-06,-3.047656695508346e-14,0.0009909124951067117,1.2158678623085668e-05,-0.005787465165684984,-1.779996410313265e-13,1.7979801204059758e-17,-0.10533774961728944,7.232230075048538e-16,1.5004023108840502e-15,0.0021414349866852593,3.277514832583479e-16,4.81374651511296e-17,68.67008546107373,0.00030634328386633353,-1.594563871780703e-06,-2.2623452078510572e-05,5403.496230716074,5411.452680383998,5783.485077501358,5776.248773687812,0.014053113952539232,0.005070220421371329,0.1053377496160112,0
11.302000000000444,0.0,2.0,1.0,0.0,5.624632388936915e-14,1.986052247005909,0.999992737436147,1.9806116783111527e-15,0.005428451772249443,1.1179839219874648e-06,-3.0498930854886385e-14,0.0005076875293143464,1.2278894936922944e-05,-0.0029651698579162447,-1.781302574641623e-13,9.218592977979033e-18,-0.10286045799914002,1.12360936913952e-15,1.5362397984814671e-15,0.0021782094721517742,4.296417270048712e-16,2.7088330493627017e-17,68.67008604422298,0.0002883791502307413,-1.4959685243836152e-06,-2.129717178467869e-05,5403.496071451656,5411.452923163788,5783.491351262186,5776.242505702668,0.013947754884891278,0.005428451887373248,0.10286045800076214,0
11.32200000000045,0.0,2.0,1.0,0.0,5.62860287456472e-14,1.9861646760425604,0.9999927590617107,1.9892567207346375e-15,0.005778056588111874,1.0538380686879686e-06,-3.0526116754566865e-14,3.12541597830996e-05,1.2367137779741607e-05,-0.00018254120186349306,-1.7828903669902514e-13,5.680190637916633e-19,-0.10034242818378016,1.5440547235855093e-15,1.5623759333378548e-15,0.0022127604099778353,3.1524044070916864e-16,2.4893905296516358e-17,68.67008657031298,0.0002704877540625811,-1.3978491881299235e-06,-1.9976256052377655e-05,5403.495910679031,5411.453162776879,5783.497597336727,5776.236260790637,0.013835325852269941,0.005778056684214659,0.10034242818387387,0
11.342000000000457,0.0,2.0,1.0,0.0,5.632584271494789e-14,1.9862840010104834,0.9999927795931085,1.9906585985901775e-15,0.006118899499545029,1.0067985493061789e-06,-3.0549895800962315e-14,-0.00043813740652028,1.2423354777449068e-05,0.0025589594732789876,-1.7842791781801594e-13,-7.968995531288528e-18,-0.09778620210510236,1.9586132726540238e-15,1.5836619177560353e-15,0.002245097644968147,4.393655703716604e-16,1.0060284853438677e-17,68.67008703197217,0.00025268110627782713,-1.3002755220829372e-06,-1.8661591367234244e-05,5403.495748229954,5411.4533987844725,5783.503811237695,5776.230042849034,0.013716000890007836,0.00611889958237392,0.09778620210472476,0
11.362000000000464,0.0,2.0,1.0,0.0,5.6365718257093567e-14,1.9864100452658329,0.9999927993683889,1.996601459886131e-15,0.006450854018165238,9.76486854037772e-07,-3.057528808910109e-14,-0.0009002461417501216,1.2447614948409507e-05,0.005257924449725439,-1.7857622092774706e-13,-1.638759937940822e-17,-0.09519430948444742,2.4895320502347836e-15,1.5984285377232765e-15,0.002275232494828522,4.827291713845919e-16,2.5211359692620107e-17,68.6700874224532,0.00023497096771527758,-1.2033153777296587e-06,-1.735404578358491e-05,5403.495583958199,5411.453630775585,5783.509988590954,5776.223855713842,0.013589956641792763,0.006450854092072241,0.0951943094828889,0
11.38200000000047,0.0,2.0,1.0,0.0,5.6405795010353164e-14,1.9865426297307063,0.9999928187174729,2.006426750355604e-15,0.006773802349198418,9.624742956265527e-07,-3.060790686430512e-14,-0.0013548402304413409,1.2440104366788526e-05,0.007912999815161307,-1.7876673045133719e-13,-2.4689097976042732e-17,-0.09256926616248773,2.970379892770469e-15,1.628228775728809e-15,0.0023031777188133123,4.669757544759591e-16,3.777769655259609e-17,68.67008773563006,0.00021736884436962206,-1.1070347753444536e-06,-1.605446857226546e-05,5403.49541773941,5411.453858366995,5783.516125137055,5776.2177031579195,0.013457372185374428,0.006773802417576319,0.09256926616169867,0
11.402000000000477,0.0,2.0,1.0,0.0,5.64460682808946e-14,1.986681573066461,0.9999928379611863,2.022498403296601e-15,0.0070876353402841985,9.642852640959343e-07,-3.064303555951122e-14,-0.0018016970954583631,1.2401121608223424e-05,0.010522885614117447,-1.7897189911881617e-13,-3.2869800528913824e-17,-0.08991357246739984,3.4625516960259565e-15,1.673686364099021e-15,0.002328947485804956,3.249994664364551e-16,3.2854551327773914e-17,68.67008796599387,0.00019988598288345772,-1.0114978830138753e-06,-1.4763689887608569e-05,5403.495249470887,5411.454081203127,5783.522216732623,5776.211588889239,0.01331842885924667,0.0070876354058805515,0.08991357246763014,0
11.422000000000484,0.0,2.0,1.0,0.0,5.6486681969332204e-14,1.9868266918459478,0.9999928574103573,2.036422450807399e-15,0.007392252424728761,9.814005120843746e-07,-3.068540920809167e-14,-0.0022406034167317714,1.2331073004238357e-05,0.013086335957230827,-1.7921938211744934e-13,-4.0933644766682163e-17,-0.0872297116199613,3.787706933109824e-15,1.7210613790089885e-15,0.002352557341850232,2.812632861232124e-16,3.7991067540141243e-17,68.67008810864665,0.00018253336630447695,-9.16766997902311e-07,-1.3482520453819118e-05,5403.495079071297,5411.454298955862,5783.528259351578,5776.205516549142,0.013173310090414019,0.007392252489874464,0.08722971161928061,0
11.44200000000049,0.0,2.0,1.0,0.0,5.652765896021733e-14,1.986977800724549,0.9999928773649798,2.056618242600916e-15,0.0076875615593349185,1.0132604613578076e-06,-3.072683646300709e-14,-0.0026713551428791896,1.2230467716853647e-05,0.015602159088956197,-1.794613375817109e-13,-4.886894693239593e-17,-0.08452014817617098,3.944909153383734e-15,1.7600836812518319e-15,0.0023740241771860885,8.801069310433394e-17,2.710741245186276e-17,68.67008815929364,0.0001653217101029322,-8.229025306601109e-07,-1.2211751270497097e-05,5403.49490648033,5411.454511324275,5783.534249086198,5776.199489710627,0.013022201223352506,0.007687561626111409,0.08452014817509598,0
11.462000000000497,0.0,2.0,1.0,0.0,5.65689513413267e-14,1.9871347126099153,0.9999928981134435,2.0721228471089464e-15,0.007973479156940083,1.0592685188907849e-06,-3.076566423796707e-14,-0.0030937574958143713,1.2099912662006855e-05,0.018069217414336577,-1.796881106243957e-13,-5.666776284179052e-17,-0.08178732650795717,4.029260791509062e-15,1.794348797057564e-15,0.002393366192793312,3.632428187695324e-17,2.7185475008281723e-17,68.67008811423389,0.00014826145844810048,-7.299629917936322e-07,-1.0952153337267943e-05,5403.494731658299,5411.454718034309,5783.540182148011,5776.193511876631,0.012865289350273713,0.00797347922730145,0.0817873265091747,0
11.482000000000504,0.0,2.0,1.0,0.0,5.66105439180897e-14,1.9872972388302954,0.9999929199318304,2.084906822778307e-15,0.008249930013794246,1.1187943931075864e-06,-3.080374258579491e-14,-0.003507624968450815,1.1940107296408931e-05,0.02048642748545398,-1.799105065835015e-13,-6.432801395469275e-17,-0.07903366932249821,4.073985844213656e-15,1.813681368803127e-15,0.002410602866500937,6.571541035109443e-17,3.777116423450687e-18,68.67008797034958,0.00013136278074651913,-6.38004980811771e-07,-9.704477397532458e-06,5403.494554585668,5411.4549188384,5783.54605486856,5776.187586478392,0.012702763142793777,0.00824993008965555,0.0790336693228655,0
11.50200000000051,0.0,2.0,1.0,0.0,5.6652495886006755e-14,1.9874651893013584,0.9999929430832767,2.106119570633151e-15,0.008516847231912386,1.1911773998457454e-06,-3.085012140343655e-14,-0.003912781315608663,1.1751838290844602e-05,0.022852759948196046,-1.801813817760558e-13,-7.186641177079029e-17,-0.0762615762206433,3.988810661742316e-15,1.814390542147045e-15,0.0024257549186848565,-1.382897238320911e-16,-5.515797237357068e-18,68.67008772509386,0.00011463556843324205,-5.470831776498243e-07,-8.469453701000541e-06,5403.494375262556,5411.455113515023,5783.551863700003,5776.181716873787,0.01253481268511235,0.008516847315212201,0.07626157621925693,0
11.522000000000517,0.0,2.0,1.0,0.0,5.669480196539768e-14,1.987638372691409,0.9999929678174014,2.120046372025182e-15,0.008774172136536626,1.2757297489504885e-06,-3.088845247326782e-14,-0.00430905953823924,1.1535974109843946e-05,0.025167239450006734,-1.804052538016872e-13,-7.92432278791851e-17,-0.07347342229488676,3.773101776666915e-15,1.7998340755474675e-15,0.002438844277579308,-1.5527414388736403e-16,-1.5814850514231375e-17,68.67008737647726,9.808943202293011e-05,-4.5725033692625874e-07,-7.247791785150466e-06,5403.494193708171,5411.455301868196,5783.55760521558,5776.175906345747,0.012361629308796345,0.008774172229279642,0.07347342229437538,0
11.542000000000524,0.0,2.0,1.0,0.0,5.673735926805085e-14,1.9878165965849008,0.9999929943698,2.1336586608331202e-15,0.009021854188845796,1.3717398017603406e-06,-3.0926164520905376e-14,-0.0046963018610830295,1.129345951451059e-05,0.027428944509297615,-1.8062551045860091e-13,-8.64700249113225e-17,-0.07067155676731146,3.5687250471271784e-15,1.776899587851873e-15,0.0024498940442453073,-1.8330927425690476e-16,-1.7601615694487488e-17,68.67008692305309,8.173369841164983e-05,-3.685572833834471e-07,-6.040180275295159e-06,5403.494009960198,5411.455483726935,5783.563276109921,5776.170158100687,0.012183405429267482,0.009021854293129796,0.07067155676969404,0
11.56200000000053,0.0,2.0,1.0,0.0,5.678015964558566e-14,1.9879996676441505,0.9999930229616032,2.146842812699361e-15,0.009259850894050582,1.4784752913741543e-06,-3.096066026693936e-14,-0.005074359703879434,1.1025310010171161e-05,0.029637007347211034,-1.8082698225579187e-13,-9.353518051769111e-17,-0.06785830166788093,3.3663993349278793e-15,1.7604922004591925e-15,0.002458928457218128,-2.1871824656063602e-16,-1.3006333206624926e-17,68.67008636390148,6.557740843172269e-05,-2.8105291060813494e-07,-4.847286703178484e-06,5403.493824074155,5411.455658944642,5783.568873199251,5776.164475266983,0.01200033438408754,0.009259851012081056,0.06785830166906516,0
11.582000000000537,0.0,2.0,1.0,0.0,5.682323150688865e-14,1.9881873917691653,0.9999930537990989,2.158713801615022e-15,0.009488127705014381,1.595186496642761e-06,-3.099746644096981e-14,-0.0054430936462510834,1.0732606255906845e-05,0.031790613682452035,-1.8104194830257125e-13,-1.0045129463878179e-16,-0.0650359505534247,3.0978688498085614e-15,1.744679629241907e-15,0.002465972856870409,-2.3977831810755363e-16,-1.737957108956246e-17,68.67008569861261,4.962931465638873e-05,-1.9478418118894338e-07,-3.6697573439602185e-06,5403.493636122713,5411.455827398476,5783.574393421424,5776.158860893489,0.011812610273131493,0.009488127839109328,0.06503595055253739,0
11.602000000000544,0.0,2.0,1.0,0.0,5.686647021710822e-14,1.9883795742554966,0.9999930870734178,2.1659131016711095e-15,0.009706657921540608,1.7211093624834671e-06,-3.102913700597116e-14,-0.005802373386388157,1.041648845494831e-05,0.03388900248992218,-1.8122691974150646e-13,-1.0719114571354616e-16,-0.06220676726762482,2.9023508721911666e-15,1.7241840527534559e-15,0.002471053649518972,-1.540553481795599e-16,-2.029911069963143e-17,68.67008492726872,3.389787945026255e-05,-1.097961294441349e-07,-2.5082170714038464e-06,5403.493446194953,5411.45598898866,5783.5798338358745,5776.153317948107,0.01162042780073398,0.009706658074127494,0.06220676726805829,0
11.62200000000055,0.0,2.0,1.0,0.0,5.69099309065139e-14,1.9885760199500297,0.9999931229602808,2.176983253485216e-15,0.009915422585468526,1.8554685584846142e-06,-3.1064222240622524e-14,-0.0061520776936591064,1.0078150741699231e-05,0.03593146572389246,-1.814318348382714e-13,-1.137799793411202e-16,-0.05937298474227681,2.669058547500327e-15,1.708130226099341e-15,0.0024741982713074426,-1.95343660873478e-16,-2.6049312446679964e-18,68.6700840504253,1.8391273266306878e-05,-2.6131865466603847e-08,-1.3632692310723216e-06,5403.493254395627,5411.456143637753,5783.585191623399,5776.147849316394,0.011423982119899943,0.009915422759075022,0.059372984743357,0
11.642000000000557,0.0,2.0,1.0,0.0,5.695355309108113e-14,1.9887765334046343,0.9999931616198058,2.183093200041701e-15,0.010114410371720239,1.9974804691306194e-06,-3.1093253366565624e-14,-0.006492094355278654,9.718835584401646e-06,0.037917348006480306,-1.8160139083149402e-13,-1.2018065201956142e-16,-0.05653680384006526,2.469883881751389e-15,1.7148270958148149e-15,0.002475435151891878,-1.2065713044865672e-16,8.131272348152463e-18,68.67008306909167,3.1173731847539946e-06,5.616741809906559e-08,-2.3549553141229747e-07,5403.493060844372,5411.456291289899,5783.590464085863,5776.1424578002325,0.01122346867865423,0.01011441056896002,0.05653680383868747,0
11.662000000000564,0.0,2.0,1.0,0.0,5.699726704590427e-14,1.9889809190275907,0.9999932031963747,2.1867264297202204e-15,0.010303617475442653,2.1463561080324498e-06,-3.1120618332354414e-14,-0.006822320117165404,9.33982821981975e-06,0.03984604628220256,-1.8176121572764297e-13,-1.2640489479909638e-16,-0.05370039223905831,2.3945075493292304e-15,1.7239383686646759e-15,0.0024747936779643278,8.555191003617878e-18,1.6262788641793745e-17,68.67008198471054,-1.191623830883112e-05,1.3706243831452667e-07,8.745440475309681e-07,5403.492865674887,5411.456431910032,5783.595648645768,5776.137146116541,0.011019083068615688,0.010303617698997366,0.053700392237861105,0
11.68200000000057,0.0,2.0,1.0,0.0,5.70410861289086e-14,1.9891889812327161,0.9999932478185573,2.1943318819777945e-15,0.010483047495388465,2.301303951423476e-06,-3.115070954924652e-14,-0.007142660619122422,8.942451132742078e-06,0.04171700943938329,-1.81936963595522e-13,-1.3246817537678489e-16,-0.05086588335908802,2.4131202399274564e-15,1.7491119379403301e-15,0.0024723041566403624,2.508432068534628e-17,3.045889820744995e-17,68.67008079913715,-2.6702274310281097e-05,2.165158118677945e-07,1.9663113280347357e-06,5403.492669034108,5411.45656548306,5783.600742845718,5776.131916896056,0.01081102087587097,0.010483047747986758,0.05086588336144042,0
11.702000000000577,0.0,2.0,1.0,0.0,5.708506853781068e-14,1.9894005245861222,0.9999932955990907,2.2050308196576424e-15,0.010652711313680842,2.4615326833751493e-06,-3.118281981046918e-14,-0.0074530303244793195,8.528058598723867e-06,0.04352973789922498,-1.8212450397925047e-13,-1.3836679622711133e-16,-0.048035375330158496,2.434268491144428e-15,1.772156742232544e-15,0.0024679977787375393,-4.186937152531558e-17,9.447927466418858e-18,68.67007951461778,-4.123374424587898e-05,2.94492043413132e-07,3.0392899912530016e-06,5403.492471081358,5411.456692013024,5783.605744347781,5776.126772682155,0.010599477534218018,0.010652711598075251,0.04803537533350124,0
11.722000000000584,0.0,2.0,1.0,0.0,5.712931120349168e-14,1.9896153539505255,0.9999933466349125,2.219481809375898e-15,0.010812626972107216,2.626253848509862e-06,-3.122435150974602e-14,-0.007753352444333263,8.09803130459841e-06,0.04528378317334511,-1.823670708669793e-13,-1.4413404765243233e-16,-0.045210930002981195,2.3043988759538405e-15,1.7961609705683414e-15,0.0024619065819821455,-2.1598620955190315e-16,2.6970369297260585e-17,68.67007813376786,-5.5503954396041994e-05,3.7095751257548965e-07,4.09298561689645e-06,5403.492271987474,5411.4568115222255,5783.610650932753,5776.121715929769,0.010384648180854949,0.01081262729104956,0.045210930002659716,0
11.74200000000059,0.0,2.0,1.0,0.0,5.717373587351276e-14,1.9898332746270504,0.9999934010072473,2.2244345381958634e-15,0.010962819545087162,2.7946844072110293e-06,-3.1254219047316284e-14,-0.00804355885652939,7.65377105601613e-06,0.04697874739059824,-1.8254151298289224e-13,-1.4967199366795562e-16,-0.042394572001710595,2.1361462435621875e-15,1.814263976602679e-15,0.002454063414158484,-1.4170309889700245e-16,5.860519318098819e-18,68.67007665954948,-6.950650818620931e-05,4.4588045873454135e-07,5.126925706078554e-06,5403.492071933917,5411.456924050355,5783.615460499315,5776.1167490043135,0.010166727514578257,0.010962819901303041,0.042394572002955315,0
11.762000000000597,0.0,2.0,1.0,0.0,5.721825179719828e-14,1.9900540924944534,0.999993458781741,2.2259231427282095e-15,0.011103321009460619,2.9660491879684224e-06,-3.127851484493882e-14,-0.008323590019523043,7.196695591679737e-06,0.048614282794014405,-1.8268341336930198e-13,-1.5500313157418664e-16,-0.03958828781891758,2.0560381882938214e-15,1.826988659383165e-15,0.002444501896247629,1.495681021501583e-17,1.8948140582605845e-17,68.67007509524899,-8.323530625960173e-05,5.192309656035757e-07,6.140659687720128e-06,5403.491871111901,5411.45702965359,5783.620171063129,5776.111874180734,0.009945909656558526,0.011103321405623517,0.03958828781508306,0
11.782000000000604,0.0,2.0,1.0,0.0,5.726289569303568e-14,1.9902776141457104,0.9999935200086448,2.2375595891568955e-15,0.011234170111241346,3.1395832337258395e-06,-3.1312437156586666e-14,-0.008593394881267478,6.728233511244578e-06,0.0501900912086926,-1.8288153804286977e-13,-1.6020103924830986e-16,-0.036794024952807945,1.9962442398997893e-15,1.8392442346930853e-15,0.0024332563855610613,-1.1431709392065594e-16,2.7683747221701654e-18,68.67007344445392,-9.668454632367349e-05,5.909809434395342e-07,7.1337589085721485e-06,5403.491669721473,5411.457128403683,5783.624780755808,5776.107093642586,0.009722388013753578,0.011234170549946769,0.03679402495403009,0
11.80200000000061,0.0,2.0,1.0,0.0,5.730772069121519e-14,1.9905036470219082,0.9999935847230442,2.2443280019919147e-15,0.011355412229482081,3.314534038440619e-06,-3.134324658863298e-14,-0.00885293078327209,6.249819330879074e-06,0.051705923481495504,-1.8306148207392967e-13,-1.6520179382286844e-16,-0.03401369108666207,1.8650849371569203e-15,1.839036839746278e-15,0.002420361938918488,-1.1815572187673627e-16,-1.0193479090328538e-17,68.67007171103006,-0.0001098487227841589,6.611041097330374e-07,8.105816607344843e-06,5403.491467970626,5411.457220387048,5783.62928782383,5776.102409481198,0.009496355145017047,0.011355412713222145,0.034013691086022625,0
11.822000000000617,0.0,2.0,1.0,0.0,5.735267838266329e-14,1.9907319995433825,0.9999936529451314,2.2504294229396234e-15,0.011467099237396205,3.4901636704094644e-06,-3.137341013595895e-14,-0.00910216335997796,5.762888677399836e-06,0.05316157889340219,-1.8323765405002632e-13,-1.7001611427915666e-16,-0.031249153310439027,1.7254079721898224e-15,1.8161973591029167e-15,0.002405854275877767,-1.1680766047085157e-16,-2.6462583209777023e-17,68.6700698990984,-0.00012272262616355088,7.295759696936666e-07,9.056447873013686e-06,5403.491266074389,5411.457305703834,5783.63369062737,5776.097823694901,0.009268002629961164,0.011467099768534984,0.031249153309502068,0
11.842000000000624,0.0,2.0,1.0,0.0,5.7397756183353e-14,1.9909624812380473,0.9999937246805188,2.2573330872589574e-15,0.011569289360881661,3.6657507799165764e-06,-3.140461614597588e-14,-0.00934106643359643,5.268873630318793e-06,0.0545569045453692,-1.834199148358807e-13,-1.7465205805371433e-16,-0.028502237384459502,1.5823170415061473e-15,1.8028089319817712e-15,0.0023897697420570178,-1.504848857723827e-16,-1.1404316076560348e-17,68.67006801301187,-0.00013530134231178303,7.963737948166862e-07,9.985289587757283e-06,5403.491064253926,5411.457384467003,5783.63798763906,5776.093338188335,0.00903752094062755,0.011569289941631611,0.028502237378812818,0
11.86200000000063,0.0,2.0,1.0,0.0,5.744291364376319e-14,1.9911949028668712,0.9999937999205927,2.2557428335330506e-15,0.01166204703459163,3.840592488407178e-06,-3.1427862868645645e-14,-0.0095696219045628,4.7691982205063655e-06,0.05589179471858767,-1.8355568935369407e-13,-1.7905786866297317e-16,-0.02577472704505593,1.4847264052077552e-15,1.7860449040806107e-15,0.0023721452725630645,3.8079141020152077e-17,-1.6232918871941788e-17,68.67006605733248,-0.00014758025140755763,8.614766004270507e-07,1.0892000354573477e-05,5403.490862735636,5411.457456801399,5783.642177442671,5776.088954771828,0.008805099316011042,0.011662047666991339,0.02577472703958982,0
11.882000000000637,0.0,2.0,1.0,0.0,5.74881730117018e-14,1.9914290765464457,0.999993878642901,2.2706256937808655e-15,0.011745442755696781,4.014006158556962e-06,-3.1464820114770725e-14,-0.009787819637750765,4.2652740961524495e-06,0.05716619020998561,-1.8377154100139587e-13,-1.833559547206706e-16,-0.02306836335204038,1.3866967286896048e-15,1.7502125322604411e-15,0.0023530183555633788,-2.3612224608039744e-16,-4.146620655350042e-17,68.6700640368083,-0.0001595550267636478,9.248651229089724e-07,1.1776260410148728e-05,5403.490661750279,5411.457522842825,5783.6462587317355,5776.0846751608515,0.008570925639491873,0.01174544344159025,0.02306836334736403,0
11.902000000000644,0.0,2.0,1.0,0.0,5.753368246952611e-14,1.991664815868608,0.9999939608115774,2.2815405420270068e-15,0.011819552935482742,4.185331042372342e-06,-3.1500081749703904e-14,-0.009995657344600728,3.758496362320112e-06,0.05838007764386993,-1.8397748963485731e-13,-1.874592498414839e-16,-0.020384844077818768,1.0396716613594277e-15,1.7170228935672638e-15,0.0023324269960176176,-4.204200124983757e-16,-2.6057958959005427e-17,68.67006195635072,-0.0001712216334314571,9.86521794553774e-07,1.2637771523073425e-05,5403.490461532071,5411.457582737126,5783.650230308121,5776.0805009755495,0.008335186319213508,0.011819553676500422,0.020384844078354624,0
11.92200000000065,0.0,2.0,1.0,0.0,5.757934841368983e-14,1.9919019360170722,0.9999940463777959,2.2853160846414696e-15,0.011884459748925841,4.353929806913112e-06,-3.152917479544886e-14,-0.010193140461311817,3.2502396015078553e-06,0.05953348876058184,-1.8414741064593135e-13,-1.9133942919488846e-16,-0.01772582313795381,5.559235654378413e-16,1.6832863704359068e-15,0.0023104096795905148,-4.465495479715031e-16,-3.390281219824154e-17,68.67005982101207,-0.00018257632660997108,1.0464307190154636e-06,1.3476256877676583e-05,5403.490262317838,5411.457636639281,5783.654091080523,5776.076433740354,0.008098066171451647,0.011884460546467527,0.017725823143960522,0
11.942000000000657,0.0,2.0,1.0,0.0,5.762510570852848e-14,1.9921402538810284,0.999994135280254,2.289757825961642e-15,0.011940250982390203,4.519189937250303e-06,-3.1557419691626684e-14,-0.010380282023248538,2.7418540802691932e-06,0.06062649968304651,-1.84312378273326e-13,-1.9502690439525755e-16,-0.01509291006294349,-1.3596172728888388e-17,1.6388385284520576e-15,0.0022870053367845954,-5.409071867457024e-16,-3.362612380382325e-17,68.6700576359634,-0.000193615649870995,1.10457764534139e-06,1.4291460944049075e-05,5403.49006434615,5411.4576847124945,5783.657840062933,5776.0724748836765,0.007859748307015062,0.011940251837609954,0.015092910058120874,0
11.962000000000664,0.0,2.0,1.0,0.0,5.767084350897583e-14,1.992379588165682,0.9999942274456846,2.2867450523629063e-15,0.011987019879587118,4.680525015836374e-06,-3.1576530374628e-14,-0.010557102535715669,2.2346621510215007e-06,0.061659230162113825,-1.8442399742589956e-13,-1.9846917506220494e-16,-0.01248766951096164,-5.53008737584903e-16,1.5877052854302838e-15,0.002262253307297288,-4.820283191252803e-16,-5.379727154204707e-17,68.67005540647268,-0.00020433643319448937,1.1609499409416642e-06,1.5083149334237246e-05,5403.489867856487,5411.457727127316,5783.661476373026,5776.06862573767,0.0076204140207075536,0.01198702079338028,0.012487669500024109,0
11.98200000000067,0.0,2.0,1.0,0.0,5.771654595983543e-14,1.9926197594996882,0.99999432278939,2.2832554698531488e-15,0.012024864985937944,4.837375878824407e-06,-3.159693094676728e-14,-0.01072362984125132,1.7299548469758788e-06,0.0626318428015645,-1.845431504878736e-13,-2.0173008018209625e-16,-0.00991162082127998,-1.0968686532463573e-15,1.5291744091397633e-15,0.002236193304640143,-4.611963522805091e-16,-3.986028629561489e-17,68.67005313788354,-0.0002147357908262814,1.2155365646257288e-06,1.5851108645175987e-05,5403.489673088425,5411.457764060755,5783.66499923054,5776.064887538097,0.007380242683893486,0.012024865958930342,0.009911620839629471,0
12.002000000000677,0.0,2.0,1.0,0.0,5.776216066500883e-14,1.992860590539462,0.9999944212157987,2.278956506495109e-15,0.012053889991479778,4.989211649754148e-06,-3.161364639919566e-14,-0.010879898983593317,1.228988684683357e-06,0.06354454226368766,-1.8464078071425097e-13,-2.0477806225819914e-16,-0.007366237608062456,-1.6201136535538023e-15,1.4976499401285942e-15,0.002208865381029891,-4.682263894706397e-16,-2.3760317715074142e-17,68.67005083559432,-0.00022481111895773038,1.2683280381287054e-06,1.659514628851796e-05,5403.489480280828,5411.457795695452,5783.668407955576,5776.061261424248,0.007139411640187979,0.012053891024019143,0.007366237607581741,0
12.022000000000684,0.0,2.0,1.0,0.0,5.780763688213893e-14,1.99310190607033,0.9999945226190416,2.272099067644247e-15,0.012074203572452856,5.135530651319676e-06,-3.162832738718843e-14,-0.0110259520684684,7.329826650498552e-07,0.06439757445630208,-1.8472652881720353e-13,-2.0762341491627618e-16,-0.004852947394203349,-2.0981859999715823e-15,1.4802508807832481e-15,0.0021803098925845294,-4.5154684113703905e-16,-1.405898509589109e-17,68.67004850503771,-0.00023456009323462413,1.3193164178163898e-06,1.7315090307823766e-05,5403.489289671081,5411.4578222188,5783.671701966897,5776.057748438967,0.0068980961043066625,0.012074204664602484,0.004852947415484803,0
12.04200000000069,0.0,2.0,1.0,0.0,5.785304026917765e-14,1.9933435331045009,0.9999946268835448,2.268528865898116e-15,0.012085919231706783,5.275861196371507e-06,-3.164732489962001e-14,-0.011161838121359352,2.43115485921474e-07,0.06519122570212622,-1.848374879981223e-13,-2.1030846775377146e-16,-0.002373131284847739,-2.6901474061702146e-15,1.4662766818637719e-15,0.002150567464837124,-5.763499850984242e-16,-1.6547120661528078e-17,68.670046151661,-0.0002439806660991879,1.368495265574778e-06,1.8010789183330643e-05,5403.489101494334,5411.45784382216,5783.67488078016,5776.054349528747,0.006656469064095204,0.012085920383241454,0.0023731312339642556,0
12.062000000000697,0.0,2.0,1.0,0.0,5.78983581836771e-14,1.9935853009758309,0.9999947338846367,2.2642734129558746e-15,0.012089155138061813,5.409762259613701e-06,-3.166592241342393e-14,-0.011287612942400568,-2.3947703710411435e-07,0.06592582189137611,-1.8494611120562767e-13,-2.128032792510496e-16,7.187631978280066e-05,-3.44017218966596e-15,1.4560973290513267e-15,0.00211967895859222,-7.437537380404472e-16,6.59007895996433e-18,68.67004378090681,-0.00025307106396927107,1.4158596190586814e-06,1.8682111624734312e-05,5403.488915982777,5411.45786070005,5783.677944006133,5776.051065543908,0.006414701185764421,0.012089156348465928,7.187435519316195e-05,0
12.082000000000704,0.0,2.0,1.0,0.0,5.794345720621058e-14,1.99382704143137,0.9999948434891678,2.246787283728346e-15,0.012084033964759705,5.536824031614441e-06,-3.1668939485531266e-14,-0.011403338958554516,-7.137043386791585e-07,0.06660172761847999,-1.849637364326739e-13,-2.1500553873933798e-16,0.002480787972662787,-4.216729672949042e-15,1.4708720956522075e-15,0.00208768543613881,-6.198387572521692e-16,9.339570141366657e-18,68.67004139819474,-0.00026182978425837595,1.4614059617490594e-06,1.932894635220973e-05,5403.488733364942,5411.457873049379,5783.680891348898,5776.047897238871,0.006172960722346098,0.012084035233227621,0.0024807879749821184,0
12.10200000000071,0.0,2.0,1.0,0.0,5.79882213142103e-14,1.9940685887196625,0.99999495555614,2.2298562085544453e-15,0.012070682727137814,5.656668358515752e-06,-3.167107916094346e-14,-0.011509085073220527,-1.1785232638025892e-06,0.06721934530379477,-1.8497623740191698e-13,-2.1701401718032284e-16,0.004852363389757429,-4.919377660544192e-15,1.4612099100638892e-15,0.0020546281278492097,-5.8097070229162705e-16,-1.2820492272173194e-17,68.67003900890326,-0.0002702555922439361,1.5051321931895694e-06,1.9951201866126827e-05,5403.488553865024,5411.457881068694,5783.683722603992,5776.0448452724895,0.005931413425392676,0.012070684052576313,0.004852363389332658,0
12.122000000000718,0.0,2.0,1.0,0.0,5.803257480490771e-14,1.9943097796758011,0.9999950699373438,2.2088291812254025e-15,0.012049232619657903,5.768949067854936e-06,-3.1666150877605704e-14,-0.011604926513428676,-1.6329400134320963e-06,0.067779114301215,-1.8494745787059276e-13,-2.1878715746177165e-16,0.007185409621794214,-5.5030068267907545e-15,1.466653893322622e-15,0.0020205483991747424,-4.901901528456864e-16,1.2792916691058861e-17,68.67003661835277,-0.00027834751778821494,1.5470375977515832e-06,2.0548806205791773e-05,5403.488377702251,5411.457884957467,5783.686437656559,5776.04191020849,0.005690222459925759,0.012049234000690724,0.007185409633181469,0
12.142000000000724,0.0,2.0,1.0,0.0,5.807652075863742e-14,1.9945504538032088,0.9999951864779998,2.186764293396326e-15,0.01201981885241972,5.873352184095242e-06,-3.1663135080611744e-14,-0.011690944674766243,-2.0760118810704955e-06,0.06828150999253582,-1.8492984848580473e-13,-2.2038787817413874e-16,0.009478781188467983,-6.037835345534397e-15,1.4888227895419606e-15,0.001985487718052227,-4.246830404430044e-16,2.4046501560589405e-17,68.67003423178913,-0.0002861048519099929,1.587122814260039e-06,2.1121706697395976e-05,5403.48820509027,5411.457884915398,5783.689036479476,5776.0390925159745,0.0054495483226552925,0.012019820287394083,0.009478781172624047,0
12.162000000000731,0.0,2.0,1.0,0.0,5.811999737033083e-14,1.9947904533521508,0.9999953050174042,2.1633286079268154e-15,0.011982580487288442,5.969596036969642e-06,-3.165780767183471e-14,-0.01176722696418962,-2.506848780745332e-06,0.06872704286946252,-1.8489873821708663e-13,-2.2178858042641917e-16,0.011731380175577562,-6.4825621401992234e-15,1.5056092200039098e-15,0.001949487622754764,-3.6679826911244656e-16,1.255764481962951e-17,68.67003185436803,-0.0002935271432239719,1.6253898045974668e-06,2.1669869691826034e-05,5403.488036236565,5411.457881141752,5783.691519131453,5776.036392570013,0.005209548763470662,0.011982581974283446,0.011731380161092235,0
12.182000000000738,0.0,2.0,1.0,0.0,5.816296308678411e-14,1.9950296233949645,0.9999954253895755,2.133352521160538e-15,0.011937660273762233,6.0574312653026585e-06,-3.164338462953748e-14,-0.011833866640868723,-2.9246145680614e-06,0.06911625760412465,-1.8481450469062906e-13,-2.2294300242909933e-16,0.013942156295600413,-6.819820200831922e-15,1.5275425686909543e-15,0.0019125896901882173,-1.6728460844723986e-16,1.754692637697331e-17,68.67002949114008,-0.0003006141942420859,1.6618418226482045e-06,2.2193280292415972e-05,5403.487871341903,5411.457873834725,5783.69388575512,5776.033810652317,0.004970378710213635,0.01193766181059903,0.013942156301944467,0
12.202000000000744,0.0,2.0,1.0,0.0,5.820535709919838e-14,1.9952678118980054,0.9999955474238998,2.1068618796502697e-15,0.011885204484705087,6.136640719862667e-06,-3.163156183807817e-14,-0.011890962655213255,-3.3285281574496457e-06,0.069449732108967,-1.8474545819133627e-13,-2.2393497344009236e-16,0.016110106912229655,-6.989613785327452e-15,1.5501664436321311e-15,0.0018748355046541948,-8.87822589695419e-17,2.7585554292016595e-17,68.67002714703696,-0.0003073660575457063,1.6964833832529555e-06,2.2691942073133465e-05,5403.487710599845,5411.457863190841,5783.696136575122,5776.031346951986,0.004732190196736943,0.011885206068958721,0.01611010691987776,0
12.222000000000751,0.0,2.0,1.0,0.0,5.82472127729555e-14,1.9955048697903077,0.9999956709457724,2.0784426007428907e-15,0.011825362752068233,6.207039268438629e-06,-3.1621308339375856e-14,-0.011938619486227882,-3.7178644345106922e-06,0.06972807658687606,-1.846855773541977e-13,-2.2475959921017245e-16,0.018234277029422808,-7.0641100908298204e-15,1.584783443538264e-15,0.0018362666270993974,3.160333542730298e-17,3.836295756739151e-17,68.670024826858,-0.0003137830318339339,1.7293202304132439e-06,2.3165876787519344e-05,5403.487554196241,5411.457849404382,5783.69827189618,5776.029001566339,0.004495132294248818,0.011825364381081001,0.018234277020159638,0
12.242000000000758,0.0,2.0,1.0,0.0,5.828853921753184e-14,1.995740651028959,0.9999957957772355,2.0557187997470415e-15,0.011758287902721173,6.2684735071586644e-06,-3.161278411543365e-14,-0.01197694697734103,-4.091954975951614e-06,0.06995193257238679,-1.8463579654901267e-13,-2.254203942708211e-16,0.020313759245522908,-7.0655887004580686e-15,1.6241310112273098e-15,0.001796924564861483,-9.125518781217207e-18,2.903404839445724e-17,68.67002253525793,-0.00031986565785210435,1.7603593060413025e-06,2.3615124068750733e-05,5403.487402308794,5411.457832666836,5783.700292101159,5776.026774501817,0.004259351045945472,0.01175828957361738,0.020313759250442064,0
12.262000000000764,0.0,2.0,1.0,0.0,5.832937034798847e-14,1.9959750126611955,0.9999959217376094,2.0291328014971757e-15,0.011684135794511746,6.320821381915076e-06,-3.160199621304065e-14,-0.012006060170854914,-4.450188571079597e-06,0.07012197196483176,-1.8457279475183857e-13,-2.258912420950105e-16,0.022347693673034748,-7.049009944346055e-15,1.65862008604548e-15,0.0017568507419301995,5.72215013275668e-17,2.5149568850876177e-17,68.67002027673534,-0.0003256147142060482,1.7896087184546992e-06,2.403974112120083e-05,5403.487255106651,5411.45781316641,5783.702197649135,5776.02466567497,0.0040249894049252865,0.011684137504213718,0.022347693672663926,0
12.282000000000771,0.0,2.0,1.0,0.0,5.8369645622052e-14,1.9962078148832207,0.999996048644113,2.0019448553385013e-15,0.01160306515267221,6.363991723492059e-06,-3.158641929336347e-14,-0.012026079141158278,-4.792011553159726e-06,0.07023889605425865,-1.844818225998808e-13,-2.261563794531368e-16,0.0243352678246518,-6.9152045967624e-15,1.6853091707084507e-15,0.001716086469731785,1.463675346833225e-16,2.3267393879441334e-17,68.67001805562201,-0.0003310312130648433,1.8170777110256747e-06,2.4439802403792852e-05,5403.487112750026,5411.4577910875305,5783.703989073447,5776.022674913506,0.0037921871753824926,0.011603066897917414,0.024335267828824572,0
12.302000000000778,0.0,2.0,1.0,0.0,5.840937610070699e-14,1.9964389210957592,0.999996176312477,1.9753286811983187e-15,0.011515237406686694,6.397923701031527e-06,-3.157593478113921e-14,-0.012037128826844953,-5.116927951771182e-06,0.0703034345409519,-1.8442059295984132e-13,-2.2628905134408946e-16,0.02627571646614522,-6.6670986886318265e-15,1.7086275811002848e-15,0.001674672918456321,2.3803599149842004e-16,1.479196865668765e-17,68.67001587607315,-0.0003361163957601792,1.8427766309746979e-06,2.481539930559153e-05,5403.4869753898565,5411.457766610422,5783.7056669797585,5776.020801957434,0.0035610809570712438,0.011515239184045817,0.026275716467590478,0
12.322000000000784,0.0,2.0,1.0,0.0,5.844863748304113e-14,1.99666819795635,0.9999963045575435,1.9522176025328395e-15,0.011420816527732887,6.422586197688127e-06,-3.156802380675911e-14,-0.012039338861879311,-5.424499459412655e-06,0.0703163445493826,-1.8437439425548954e-13,-2.2627390798351318e-16,0.028168321436743343,-6.398784611063664e-15,1.7383300268584896e-15,0.0016326510889377106,2.5748633791545294e-16,3.824803213710804e-17,68.67001374205836,-0.0003408717282848088,1.8667168977807317e-06,2.5166639813951744e-05,5403.486843167501,5411.45773991068,5783.707232044122,5776.019046460244,0.003331804093034985,0.011420818333628732,0.028168321439061086,0
12.342000000000791,0.0,2.0,1.0,0.0,5.848743623889189e-14,1.996895515428402,0.9999964331938525,1.93213344326691e-15,0.011319968866808658,6.437977113045655e-06,-3.156072667405389e-14,-0.012032843405948497,-5.714345226795982e-06,0.07027840963740302,-1.8433178078532155e-13,-2.2609956625284167e-16,0.03001241143764154,-6.090645012138654e-15,1.777571340124717e-15,0.0015900617850955656,2.205565382837174e-16,3.2328288275337185e-17,68.67001165735367,-0.00034529889669482463,1.8889109721924578e-06,2.5493648175540054e-05,5403.486716214463,5411.457711158903,5783.708685011034,5776.017407990201,0.0031044866205857335,0.011319970697535688,0.030012411439136192,0
12.362000000000798,0.0,2.0,1.0,0.0,5.852577871600183e-14,1.997120746827014,0.999996562036214,1.9065483578677966e-15,0.011212862993652421,6.444122596452234e-06,-3.155065726395114e-14,-0.012017780974138154,-5.986141491348641e-06,0.0701904388014852,-1.8427297576189994e-13,-2.2574450698244056e-16,0.03180736178929816,-5.719268080028332e-15,1.820138257050759e-15,0.001546945586959207,3.66640610856753e-16,2.936711530184477e-17,68.67000962553425,-0.00034939980242426773,1.9093723251967786e-06,2.5796564550719377e-05,5403.48659465216,5411.4576805203515,5783.710026691509,5776.015886031665,0.002879255225530529,0.011212864845396827,0.031807361788448694,0
12.382000000000804,0.0,2.0,1.0,0.0,5.856370676133446e-14,1.9973437688615883,0.9999966909002642,1.888171147015968e-15,0.011099669536563167,6.441076216048232e-06,-3.154777651056052e-14,-0.011994294266068874,-6.239621041367598e-06,0.0700532654788039,-1.842561564381077e-13,-2.2528276924899e-16,0.03355259415818334,-5.311620216034412e-15,1.832993081309537e-15,0.0015033428242733767,3.50703065926046e-16,1.1223642466603343e-17,68.67000764996814,-0.00035317655751112697,1.9281154073544997e-06,2.6075544661507255e-05,5403.4864785917225,5411.4576481546355,5783.711257961149,5776.014479986507,0.0026562331996285954,0.01109967140542328,0.03355259416053117,0
12.402000000000811,0.0,2.0,1.0,0.0,5.86013290316449e-14,1.9975644616752473,0.9999968196030036,1.878195941879532e-15,0.010980561023224355,6.4289180680170485e-06,-3.1553907560834424e-14,-0.011962529994627031,-6.4745725280501334e-06,0.06986774654694596,-1.842919709741168e-13,-2.247298354308283e-16,0.03524757625366315,-4.996199111727711e-15,1.862113623716155e-15,0.0014592935507058357,1.3913530988164948e-16,3.711525770729518e-17,68.67000573381065,-0.0003566314797459039,1.9451556178702872e-06,2.6330759433582305e-05,5403.486368133817,5411.45761421543,5783.712379758233,5776.013189175574,0.002435540401279444,0.010980562905231289,0.03524757625737388,0
12.422000000000818,0.0,2.0,1.0,0.0,5.86387559602628e-14,1.9977827088810811,0.9999969479633182,1.864185236127319e-15,0.010855711722632914,6.407753830348872e-06,-3.1556861363560354e-14,-0.011922638714422762,-6.690839628364321e-06,0.06963476132202046,-1.843092286755407e-13,-2.2400141121202023e-16,0.03689182149570181,-4.9159900451606235e-15,1.886661605945705e-15,0.0014148375186559528,5.772089162447738e-17,1.566540192684196e-17,68.6700038799997,-0.0003597670877392306,1.960509274044125e-06,2.656239463256995e-05,5403.486263368523,5411.457578850235,5783.713393081792,5776.012012840213,0.0022172932194377153,0.010855713613771268,0.036891821496144145,0
12.442000000000824,0.0,2.0,1.0,0.0,5.867583720813741e-14,1.9979983975952476,0.9999970758024791,1.848214238780356e-15,0.010725297488233082,6.377713765895416e-06,-3.155401621555815e-14,-0.011874774650108196,-6.888320064724877e-06,0.06935521055594804,-1.842926173553919e-13,-2.230820425519274e-16,0.03848488865409384,-4.8205067918494265e-15,1.8947313695696524e-15,0.0013700141546897535,3.8217012725177976e-17,6.081922083808091e-18,68.67000209125203,-0.00036258609592582786,1.9741935813515115e-06,2.677065049516661e-05,5403.486164375227,5411.457542200163,5783.714298989725,5776.010950143872,0.0020016045407727054,0.01072529938446157,0.03848488865090583,0
12.462000000000831,0.0,2.0,1.0,0.0,5.871260782378447e-14,1.998211418466946,0.9999972029446241,1.8335598899578675e-15,0.010589495602351041,6.3389516792397225e-06,-3.155505338938986e-14,-0.011819095524679855,-7.066964494281631e-06,0.0690300154336525,-1.8429868089731574e-13,-2.2204335206629467e-16,0.04002638145993253,-4.7557822477907995e-15,1.9058013316637527e-15,0.0013248625355899459,-9.392842379370524e-18,7.193879831909226e-18,68.67000037006011,-0.00036509140949583254,1.986226603473703e-06,2.6955741355222398e-05,5403.486071222552,5411.457504399756,5783.7150985968965,5776.010000173737,0.0017885837201262833,0.010589497499622937,0.04002638146345938,0
12.482000000000838,0.0,2.0,1.0,0.0,5.874906252685287e-14,1.998421665705297,0.9999973292172151,1.812203186460458e-15,0.010448484622025129,6.291643832147913e-06,-3.1549608169054965e-14,-0.011755762387896817,-7.22677526806187e-06,0.06866011657092454,-1.8426688370846398e-13,-2.208154226930024e-16,0.04151594819003366,-4.70694533933026e-15,1.909808180990649e-15,0.0012794213650426207,1.3210684054950418e-16,-5.793994832729129e-18,68.66999871868987,-0.0003672861192674109,1.9966272321396306e-06,2.7117895265289946e-05,5403.485983968328,5411.457465576823,5783.715793073269,5776.009161942441,0.0015783365543877667,0.010448486516308364,0.04151594818596527,0
12.502000000000844,0.0,2.0,1.0,0.0,5.87851464294537e-14,1.9986290371031552,0.9999974544514764,1.7967163525133956e-15,0.010302444226323265,6.235987821765359e-06,-3.15480838629902e-14,-0.011684939444937132,-7.36780507393748e-06,0.06824647301367183,-1.8425798675887653e-13,-2.1947451932405477e-16,0.04295328122504937,-4.580618912775297e-15,1.89553231110596e-15,0.0012337289509660242,1.1981294675481485e-16,-1.3939388914178228e-17,68.66999713917934,-0.0003691734965028369,2.0054151581862694e-06,2.72573536139504e-05,5403.4859026595805,5411.457425852342,5783.716383642033,5776.0084343898125,0.001370965260078592,0.010302446113620089,0.04295328122875531,0
12.522000000000851,0.0,2.0,1.0,0.0,5.882088536718761e-14,1.998833434057885,0.9999975784828078,1.7770317442639073e-15,0.01015155506523655,6.172201427454716e-06,-3.154384680455861e-14,-0.011606793885414962,-7.490155468785499e-06,0.06779006123927242,-1.8423324581290196e-13,-2.1797746622593805e-16,0.04433811658200639,-4.4043056772208895e-15,1.8627721052828296e-15,0.0011878231834814936,2.372847986350818e-16,-4.099847305420245e-17,68.66999563333782,-0.00037075698767258513,2.012610841878764e-06,2.7374370739267085e-05,5403.485827332558,5411.457385340341,5783.7168715777525,5776.007816384686,0.001166568455363016,0.01015155694160262,0.04433811657906702,0
12.542000000000858,0.0,2.0,1.0,0.0,5.885635077069527e-14,1.9990347615891317,0.999997701151176,1.765857998764988e-15,0.009995998610236038,6.100521427904582e-06,-3.1548588466916133e-14,-0.011521495712880183,-7.593975303757848e-06,0.06729187416074162,-1.8426094543094986e-13,-2.164080872815096e-16,0.04567023342201432,-4.273810456249817e-15,1.8184076537111113e-15,0.0011417415135424132,1.3490426172550162e-16,-3.565812683340785e-17,68.66999420274591,-0.00037204020917154816,2.018235484476294e-06,2.7469213538696153e-05,5403.485758012789,5411.4573441478515,5783.717258204537,5776.007306726745,0.0009652411483776506,0.009996000471798832,0.04567023342247356,0
12.562000000000864,0.0,2.0,1.0,0.0,5.889155766854675e-14,1.9992329283536239,0.9999978223014808,1.756010757515722e-15,0.009835957006576291,6.021202396065808e-06,-3.1551352700861564e-14,-0.01142921757491732,-7.67945905694673e-06,0.06675292013439557,-1.842770957243706e-13,-2.1469364626287098e-16,0.046949453533895916,-4.1982716147582614e-15,1.7746028704304567e-15,0.00109552093221471,5.764324320767598e-18,-4.952116949167651e-17,68.66999284875634,-0.000373026941992193,2.0223109990915027e-06,2.7542161075792232e-05,5403.485694715155,5411.457302374863,5783.7175448942135,5776.00690414843,0.0007670747375875592,0.009835958849552774,0.04694945353512313,0
12.582000000000871,0.0,2.0,1.0,0.0,5.892652743672625e-14,1.9994278466570417,0.9999979417838979,1.7422958104781433e-15,0.009671612927427726,5.934515474472267e-06,-3.1552977644431835e-14,-0.011330134593959965,-7.746845077177505e-06,0.06617422197169072,-1.84286591864642e-13,-2.1284337803804643e-16,0.048175640794495544,-4.204095681352492e-15,1.7124246839809257e-15,0.0010491979506285624,-1.3040870981659626e-17,-5.3583024510676203e-17,68.66999157249525,-0.0003737211263608221,2.024859982853573e-06,2.7593504184094412e-05,5403.485637444016,5411.457260114319,5783.717733064518,5776.006607316868,0.0005721570449727383,0.009671614748141131,0.048175640796028416,0
12.602000000000878,0.0,2.0,1.0,0.0,5.896118556625812e-14,1.999619432462988,0.9999980594541963,1.7269053088608915e-15,0.009503149429916029,5.840747135752929e-06,-3.155209390418089e-14,-0.011224424198935455,-7.79641374872528e-06,0.06555681595590891,-1.8428143583649485e-13,-2.1085164645304788e-16,0.0493487006064325,-4.17165902901728e-15,1.6450939983193752e-15,0.001002808580591729,1.5906378346802416e-17,-5.854606837544585e-17,68.66999037486433,-0.0003741268563402347,2.025905688744335e-06,2.7623545068511213e-05,5403.485586193331,5411.457217452135,5783.717824177309,5776.006414835855,0.0003805724844828804,0.009503151224811717,0.049348700606494614,0
12.622000000000885,0.0,2.0,1.0,0.0,5.899560327215501e-14,1.9998076053991025,0.9999981751740313,1.7153067535122141e-15,0.009330749813145184,5.740197932705013e-06,-3.1557231557283485e-14,-0.011112265957849173,-7.828485581886327e-06,0.06490175086432758,-1.8431144793312938e-13,-2.087787423986319e-16,0.05046857931406203,-4.2114187503182134e-15,1.5853758852203165e-15,0.0009563883158775323,-5.863763031431386e-17,-5.0643535580633514e-17,68.6699892565436,-0.0003742483744024888,2.0254719981042424e-06,2.7632596904486222e-05,5403.485540946834,5411.457174467232,5783.717819736797,5776.006325247869,0.00019240325476539555,0.009330751578805493,0.05046857931098366,0
12.642000000000891,0.0,2.0,1.0,0.0,5.902979767834063e-14,1.9999922887603587,0.9999982888112131,1.7022961290950434e-15,0.00915459747827748,5.63318124153749e-06,-3.155768952291859e-14,-0.010993841411417737,-7.8434192446702e-06,0.06421008699651375,-1.8431412799674408e-13,-2.065567699481446e-16,0.0515352635984186,-4.3558497932371886e-15,1.5250128170110056e-15,0.0009099721141859418,-1.0430473403917167e-16,-5.147793757257836e-17,68.66998821799463,-0.00037409006597706473,2.023583392920305e-06,2.7620983435347486e-05,5403.485501678206,5411.45713123161,5783.717721287778,5776.006337036122,7.898821676016853e-06,0.009154599211435492,0.051535263595166525,0
12.662000000000898,0.0,2.0,1.0,0.0,5.906371754993722e-14,2.0001734095095864,0.9999984002399477,1.690733494607532e-15,0.008974875790741495,5.520022002366549e-06,-3.156082677794879e-14,-0.010869333907859413,-7.841609530373865e-06,0.06348289520937454,-1.8433245645815082e-13,-2.0423777990341682e-16,0.052548779851917055,-4.538580573378195e-15,1.4849769114847043e-15,0.0008635943797851704,-2.0429055972906521e-16,-3.1382033465125035e-17,68.6699872594644,-0.00037365645398077424,2.0202649293123973e-06,2.758903856814864e-05,5403.485468351295,5411.457087810426,5783.717530413895,5776.00644862664,0.00017341688858711328,0.00897487748829368,0.05254877985340667,0
12.682000000000905,0.0,2.0,1.0,0.0,5.909734417937475e-14,2.00035089827526,0.9999985093410564,1.67396764439645e-15,0.008791767944635993,5.401055461815995e-06,-3.1557076608849936e-14,-0.010738928438940887,-7.823485285403035e-06,0.06272125595954352,-1.843105584796911e-13,-2.0176345326687463e-16,0.053509193533587254,-4.7494674112088985e-15,1.4546352833441644e-15,0.0008172889468287295,-1.7972392763457718e-16,-2.67772099981446e-17,68.66998638098987,-0.0003729521933288769,2.0155422103969375e-06,2.7537105968285915e-05,5403.485440920341,5411.457044262112,5783.717248735926,5776.006658390366,0.00035090144149682074,0.008791769603653698,0.053509193530934085,0
12.702000000000911,0.0,2.0,1.0,0.0,5.913064122846169e-14,2.0005246893466033,0.9999986160021663,1.6563352611681818e-15,0.008605456829395605,5.2766259192586145e-06,-3.155479295087606e-14,-0.010602811477386795,-7.789507287182456e-06,0.06192625835372487,-1.8429722559502622e-13,-1.9919167078434846e-16,0.05441660850562484,-4.953646109774242e-15,1.4555368840218471e-15,0.0007710890633592043,-1.5040133090213245e-16,1.492640972607583e-17,68.6699855824028,-0.0003719820654386745,2.0094413604165745e-06,2.7465538653271234e-05,5403.485419330227,5411.457000638499,5783.716877910062,5776.006964645308,0.0005246911719183266,0.008605458447135315,0.05441660850370117,0
12.722000000000918,0.0,2.0,1.0,0.0,5.916355515362721e-14,2.000694720666051,0.9999987201178788,1.6359253324684268e-15,0.008416124898780655,5.147085483131985e-06,-3.1547972339955266e-14,-0.010461170815747723,-7.740166096545208e-06,0.06109899920755435,-1.842573942875364e-13,-1.964882361425159e-16,0.0552711663520382,-5.08645087917152e-15,1.5098636166707072e-15,0.0007250273759891834,-6.003863636159968e-17,6.770970829136015e-17,68.6699848633353,-0.0003707509727210384,2.0019889982967645e-06,2.7374698585891272e-05,5403.485403516747,5411.456956984974,5783.716419626236,5776.007365658679,0.0006947218450118223,0.008416126472693044,0.05527116635168152,0
12.742000000000925,0.0,2.0,1.0,0.0,5.919611095865984e-14,2.0008609338191152,0.9999988215899118,1.6220968814783656e-15,0.008223954042251581,5.0127928389315424e-06,-3.1543281917604564e-14,-0.010314195406821623,-7.675979880163809e-06,0.06024058211353213,-1.8423000429847613e-13,-1.9369885330913057e-16,0.05607304568017327,-5.2025615742793365e-15,1.6041621303345033e-15,0.000679135915268444,-1.633228862751326e-16,8.321987089006879e-17,68.66998422322571,-0.0003692639330717533,1.993212212335393e-06,2.7264956267136885e-05,5403.485393406903,5411.4569133406285,5783.715875606444,5776.007859649098,0.0008609346255939928,0.008223955569989307,0.05607304567749299,0
12.762000000000931,0.0,2.0,1.0,0.0,5.922833732027029e-14,2.001023274021709,0.9999989203272174,1.6034004884848574e-15,0.008029125458785365,4.874112032273963e-06,-3.1538247161080264e-14,-0.010162075205725344,-7.597492213659815e-06,0.05935211651859273,-1.8420060305719992e-13,-1.9081160355727824e-16,0.05682246140590299,-5.3616956435806155e-15,1.6962562112083564e-15,0.0006334460817375785,-1.4587971656375852e-16,8.921334049956864e-17,68.6699836613248,-0.000367526074365559,1.983138534592918e-06,2.7136690329271278e-05,5403.485388919199,5411.456869738461,5783.715247603093,5776.008444788757,0.0010232745912987255,0.00802912693820962,0.056822461403804196,0
12.782000000000938,0.0,2.0,1.0,0.0,5.926012784083896e-14,2.00118169010497,0.9999990162460771,1.5793410352801773e-15,0.007831819533188275,4.731411270961851e-06,-3.152459944729606e-14,-0.010005001013703472,-7.505269877502849e-06,0.05843471681182103,-1.8412089727817392e-13,-1.8778095548000733e-16,0.05751966402326257,-5.410888509596371e-15,1.795144134310198e-15,0.0005879886326573548,8.30889260948239e-18,9.124817113688943e-17,68.66998317670264,-0.0003655426289512364,1.9717959159099345e-06,2.6990287129072306e-05,5403.4853899639675,5411.456826205568,5783.714537397372,5776.009119205659,0.0011816905144561483,0.007831820962374078,0.05751966402155066,0
12.802000000000945,0.0,2.0,1.0,0.0,5.929152022070359e-14,2.0013361344976426,0.9999991092701709,1.5619392597612688e-15,0.007632215714957418,4.585061748789555e-06,-3.152265009675003e-14,-0.009843164323765237,-7.3999006409933535e-06,0.057489501422845306,-1.841095161728295e-13,-1.8473206811998202e-16,0.058164938859309054,-5.415968343196063e-15,1.898474971887509e-15,0.0005427936694255553,-2.228746888091158e-17,8.094564841306318e-17,68.66998276825557,-0.0003633189281582832,1.959212701689329e-06,2.68261403418796e-05,5403.485396443694,5411.456782763354,5783.713746797635,5776.009880985819,0.0013361347945436586,0.007632217092197667,0.05816493885626402,0
12.822000000000951,0.0,2.0,1.0,0.0,5.932257168556356e-14,2.0014865632060626,0.9999991993306249,1.5432940996613942e-15,0.0074304923997401615,4.435436493734832e-06,-3.151569375557919e-14,-0.009676757168232988,-7.281991056129747e-06,0.05651759193139495,-1.8406889133649186e-13,-1.8156893841717453e-16,0.0587586053149911,-5.468768165988911e-15,1.984763009891241e-15,0.0004978906256731868,-2.1365937691880383e-17,7.12884428223003e-17,68.66998243471359,-0.0003608603968164934,1.945417606696769e-06,2.6644650556517515e-05,5403.485408253377,5411.456739427765,5783.712877637807,5776.010728175507,0.0014865634216845315,0.007430493723548469,0.05875860531332446,0
12.842000000000958,0.0,2.0,1.0,0.0,5.935327154703566e-14,2.0016329357917964,0.9999992863660349,1.5260414587489194e-15,0.007226826813438074,4.282909243199484e-06,-3.1509369269749323e-14,-0.009505971968282382,-7.152164251923369e-06,0.055520112188491226,-1.8403195670903538e-13,-1.7832863375942162e-16,0.05930101609280614,-5.557817454192529e-15,2.0883481567456826e-15,0.0004533082560388077,-6.509253298029185e-17,9.875605434091705e-17,68.66998217464811,-0.00035817254779091796,1.9304396918096448e-06,2.6446224871438592e-05,5403.485425280878,5411.45669620952,5783.7119317758015,5776.011658783481,0.001632935947734331,0.007226828082550401,0.05930101609031045,0
12.862000000000965,0.0,2.0,1.0,0.0,5.93836061982133e-14,2.0017752153470054,0.9999993703224697,1.5068801579129741e-15,0.007021394898999281,4.1278533497602756e-06,-3.1504137822953963e-14,-0.009331001385563248,-7.011057751306756e-06,0.05449818744979115,-1.8400140585245674e-13,-1.7501718654540893e-16,0.05979255641201741,-5.671072066790956e-15,2.169369971596289e-15,0.00040907462561658186,-6.598873449606836e-17,5.081523635882203e-17,68.66998198647983,-0.000355260976537081,1.9143083399479234e-06,2.6231276492331275e-05,5403.48544740729,5411.456653114364,5783.710911091954,5776.012670783231,0.0017752154586802612,0.007021396112374404,0.05979255641147339,0
12.882000000000971,0.0,2.0,1.0,0.0,5.941357408547729e-14,2.0019133684675605,0.9999994511534507,1.4908991844357108e-15,0.006814371205940972,3.970640718391839e-06,-3.1497109347833425e-14,-0.00915203817596556,-6.859321302607687e-06,0.05345294352146043,-1.8396035918894412e-13,-1.7162216181173335e-16,0.06023364321221277,-5.8186720096477854e-15,2.231593938977864e-15,0.0003652171000887927,-1.667481655410846e-16,4.537340881468279e-17,68.66998186848696,-0.0003521313556868358,1.897053232743713e-06,2.600022433168735e-05,5403.48547450731,5411.456610143326,5783.7098174874955,5776.013762115215,0.0019133685462783732,0.006814372362759841,0.06023364321394209,0
12.902000000000978,0.0,2.0,1.0,0.0,5.944311229385045e-14,2.0020473652239863,0.9999995288199116,1.468373050314806e-15,0.006605928782639736,3.8116407784097555e-06,-3.1482338879389974e-14,-0.008969275045612644,-6.697614739735093e-06,0.052385505919056254,-1.8387409486528213e-13,-1.6811605062042054e-16,0.060624724345966004,-5.915542951244454e-15,2.2748419842560077e-15,0.0003217623365124375,-9.920209914469457e-17,4.157609912576956e-17,68.66998181881357,-0.0003487894296505051,1.878704327447771e-06,2.5753492610119687e-05,5403.485506449637,5411.456567292982,5783.708652883012,5776.01493068911,0.0020473652782049268,0.006605929882303741,0.06062472434531259,0
12.922000000000985,0.0,2.0,1.0,0.0,5.947224989414693e-14,2.0021771791302783,0.9999996032901386,1.4472614437908958e-15,0.006396239071426733,3.651219491662013e-06,-3.1472401340522785e-14,-0.008782904509150796,-6.52660587553298e-06,0.051296999039823286,-1.8381605731282426e-13,-1.645708412554684e-16,0.0609662777613729,-6.020522189510782e-15,2.3020750703507566e-15,0.000278736274785773,-8.087263142676327e-17,2.5630520934590744e-17,68.66998183547815,-0.00034524100926069555,1.8592918344812968e-06,2.549151046027046e-05,5403.485543097348,5411.456524555735,5783.707419216945,5776.016174386041,0.0021771791664210644,0.00639624011355497,0.06096627776244995,0
12.942000000000991,0.0,2.0,1.0,0.0,5.950101062793912e-14,2.0023027871106542,0.9999996745396894,1.429585422453564e-15,0.0061854718065203805,3.4897383992738604e-06,-3.1465939758078344e-14,-0.008593118750404392,-6.346968429332459e-06,0.050188545348807026,-1.837783210654005e-13,-1.6098164713663238e-16,0.06125881067522019,-6.183073009510968e-15,2.328219951356245e-15,0.00023616412977144093,-1.6890701196627884e-16,1.3912463854367402e-17,68.66998191638227,-0.0003414919664471172,1.8388461945676672e-06,2.5214711533125293e-05,5403.485584308299,5411.456481920089,5783.706118444102,5776.017491060813,0.0023027871336534127,0.006185472790945943,0.06125881067415212,0
12.962000000000998,0.0,2.0,1.0,0.0,5.952928995554692e-14,2.002424169464301,0.9999997425512961,1.4032018046304077e-15,0.005973794914827567,3.3275537081774156e-06,-3.14470351027383e-14,-0.00840010948546326,-6.159380000694175e-06,0.04906126457917446,-1.8366791027226372e-13,-1.572713072321102e-16,0.061502858737545095,-6.252576898563572e-15,2.355233559796063e-15,0.00019407038407961148,-2.898208525909429e-17,1.2340804385132417e-17,68.66998205931938,-0.0003375482289482477,1.8173980565750588e-06,2.4923533607206386e-05,5403.485629935526,5411.456439370927,5783.704752534182,5776.018878544135,0.0024241694779714236,0.005973795841592963,0.061502858737921974,0
12.982000000001005,0.0,2.0,1.0,0.0,5.955712918772253e-14,2.002541309828156,0.9999998073147475,1.3823926094613556e-15,0.005761374419641363,3.1650154191879603e-06,-3.143648586237876e-14,-0.008204067828258927,-5.964520086661359e-06,0.047916272947073034,-1.8360629949346469e-13,-1.5354938334234335e-16,0.06169898518833614,-6.303795120512807e-15,2.3857812004784454e-15,0.00015247878150199978,-4.79595738392566e-17,3.461812326362658e-17,68.66998226198358,-0.00033341577506750344,1.7949782563585311e-06,2.46184182007991e-05,5403.485679827643,5411.456396889813,5783.703323470328,5776.020334644829,0.0025413098354607412,0.005761375288993111,0.06169898518656229,0
13.002000000001011,0.0,2.0,1.0,0.0,5.958449992865317e-14,2.0026541951378096,0.9999998688267563,1.3598446521695045e-15,0.00554837434726092,3.002466497958924e-06,-3.142530842070815e-14,-0.008005184158700305,-5.76306815091603e-06,0.0467546823814397,-1.8354101948995173e-13,-1.4977375380723914e-16,0.06184778000711987,-6.295248215025684e-15,2.4173894120670034e-15,0.00011141232109434646,-2.0276304344137105e-17,2.2306790754619175e-17,68.66998252197874,-0.00032910062847136103,1.7716177943412834e-06,2.4299810187500644e-05,5403.485733829255,5411.456354455272,5783.701833247681,5776.021857152028,0.002654195141050986,0.005548375159643416,0.061847780005417345,0
13.022000000001018,0.0,2.0,1.0,0.0,5.961142004731707e-14,2.0027628155865633,0.9999999270908101,1.3347121958632214e-15,0.00533495663655664,2.8402420899438476e-06,-3.140940783746162e-14,-0.007803647993417839,-5.555701751090275e-06,0.04557759976904719,-1.834481535672438e-13,-1.4592921775947403e-16,0.061949859056172805,-6.254909098004e-15,2.452353706072243e-15,7.089325190433185e-05,8.037019010395585e-17,2.1272895562936992e-17,68.66998283682719,-0.0003246088530393084,1.7473478147354978e-06,2.3968157415331585e-05,5403.485791781337,5411.456312043088,5783.700283871973,5776.023443837353,0.0027628155875253444,0.005334957392605387,0.061949859054415427,0
13.042000000001025,0.0,2.0,1.0,0.0,5.963782905714988e-14,2.002867164582714,0.9999999821170065,1.3124701375583303e-15,0.005121281051500752,2.6786687804382312e-06,-3.1394180083120403e-14,-0.007599647859171396,-5.343094722724741e-06,0.0443861262151099,-1.8335921715050368e-13,-1.4204548838324844e-16,0.06200586321808899,-6.0809158231294e-15,2.4899492325330165e-15,3.094306832920068e-05,1.107098396249596e-16,4.503340301339133e-17,68.66998320397877,-0.0003199465477597354,1.7221995846267072e-06,2.3623910329550457e-05,5403.485853521674,5411.4562696265775,5783.698677358119,5776.0250924570755,0.0028671645827696244,0.0051212817520350385,0.062005863219030066,0
13.062000000001031,0.0,2.0,1.0,0.0,5.966388457628056e-14,2.00296723870512,1.0000000339218735,1.2945890961435542e-15,0.0049075050966815685,2.5180639006275244e-06,-3.138538018048017e-14,-0.007393371168977815,-5.125915425852124e-06,0.04318135631977628,-1.8330782272907204e-13,-1.3815122117886783e-16,0.06201645752842891,-6.007931023188906e-15,2.553204196242279e-15,-8.417493894945526e-06,3.3433580502807675e-17,5.277200443972386e-17,68.66998362081965,-0.00031511984168383514,1.6962044731969593e-06,2.326752159948808e-05,5403.485918885226,5411.456227176912,5783.697015728826,5776.026800754263,0.002967238705313956,0.00490750574269673,0.062016457526176495,0
13.082000000001038,0.0,2.0,1.0,0.0,5.968956810356282e-14,2.0030630376571157,1.000000082528179,1.273246568033686e-15,0.004693783935816947,2.3587348800487907e-06,-3.1375809183411087e-14,-0.007185004101003783,-4.904825060624067e-06,0.041964377470774326,-1.8325192451456408e-13,-1.3421676732555988e-16,0.061982330304164245,-5.99823545763753e-15,2.6228660696884617e-15,-4.716846107842117e-05,5.509012926304989e-17,6.879391046384564e-17,68.66998408468125,-0.00031013488893475816,1.6693939311597163e-06,2.2899445749604486e-05,5403.485987704548,5411.456184663378,5783.6953010132465,5776.028566460897,0.0030630376582274745,0.004693784528476299,0.06198233030263124,0
13.102000000001045,0.0,2.0,1.0,0.0,5.97147600072591e-14,2.0031545642188227,1.0000001279647237,1.2511886400322573e-15,0.0044802703132796416,2.2009786463461163e-06,-3.135841354681521e-14,-0.0069747314802686014,-4.680476048760126e-06,0.040736269152471034,-1.8315032593916374e-13,-1.3021661095056767e-16,0.061904192268630934,-5.857649268274075e-15,2.696780122262429e-15,-8.529062435355843e-05,1.0346021337841806e-16,6.859441726410831e-17,68.6699845928488,-0.0003049978637762794,1.6417994708042028e-06,2.252013879491108e-05,5403.486059810177,5411.456142053674,5783.693535245607,5776.0303872999675,0.003154564221418094,0.004480270853906253,0.06190419227130418,0
13.122000000001051,0.0,2.0,1.0,0.0,5.973951202232156e-14,2.0032418241979313,1.0000001702661263,1.2265589852211792e-15,0.00426711447864556,2.045081072584392e-06,-3.134324700544762e-14,-0.006762736663205362,-4.453510487350162e-06,0.03949810227162839,-1.8306174632763893e-13,-1.2619764990243431e-16,0.06178277567368673,-5.654891357959167e-15,2.7884667695096456e-15,-0.00012276554183823766,2.3792383078367654e-16,9.759552433548859e-17,68.6699851425702,-0.0002997149557446607,1.6134526463964782e-06,2.2130057880998832e-05,5403.486135031018,5411.456099314201,5783.691720463888,5776.032260987537,0.00324182420240262,0.004267114968714009,0.06178277567478777,0
13.142000000001058,0.0,2.0,1.0,0.0,5.976383804503041e-14,2.0033248263789987,1.0000002094725975,1.2081434819389378e-15,0.004054464114272772,1.8913164721401584e-06,-3.1332146502889243e-14,-0.006549201425113252,-4.224558682875343e-06,0.038250938500047744,-1.8299691444125983e-13,-1.2216964005737414e-16,0.061618833419765734,-5.389943817103779e-15,2.915735600696584e-15,-0.00015957554020447733,2.2318603687198764e-16,1.1085401586237934e-16,68.66998573106429,-0.00029429236484366015,1.584385034275143e-06,2.1729660928897262e-05,5403.486213194733,5411.456056410329,5783.689858708506,5776.03418523479,0.003324826385597325,0.004054464555401082,0.061618833421921884,0
13.162000000001065,0.0,2.0,1.0,0.0,5.978779919844448e-14,2.0034035824713397,1.0000002456297021,1.1908132538187316e-15,0.0038424642659174667,1.73994714137246e-06,-3.132351244770066e-14,-0.0063343058505461606,-3.994237749335887e-06,0.036995829634365936,-1.8294648779298467e-13,-1.1812838733912728e-16,0.061413138174510926,-5.1316041827689065e-15,3.0401310035804757e-15,-0.00019570371565123357,2.0331995313191513e-16,1.034675633016701e-16,68.6699863555294,-0.00028873629680917164,1.5546282136335693e-06,2.131940628490027e-05,5403.486294128116,5411.456013306678,5783.687952021018,5776.036157750038,0.003403582480202951,0.0038424646598594387,0.06141313817669778,0
13.182000000001072,0.0,2.0,1.0,0.0,5.981149129055907e-14,2.003478107055559,1.0000002787881148,1.1795753097499198e-15,0.003631257276390176,1.5912229497999996e-06,-3.132078317734323e-14,-0.006118228226668307,-3.7631502961771886e-06,0.035733816973182855,-1.8293054816308414e-13,-1.1408881474257335e-16,0.06116648149066098,-5.005611351043859e-15,3.1646532035494186e-15,-0.00023113393429556703,3.423605104670695e-17,9.327085870987841e-17,68.66998701315137,-0.00028305295844344326,1.5242137476114792e-06,2.089975237560567e-05,5403.4863776574575,5411.45596996738,5783.686002442833,5776.038176240698,0.0034781070667321027,0.0036312576250284246,0.06116648149172157,0
13.202000000001078,0.0,2.0,1.0,0.0,5.983491081894361e-14,2.003548417528789,1.0000003090033676,1.1619048980563123e-15,0.0034209827222534154,1.4453809790951765e-06,-3.1314226696643353e-14,-0.005901144939608727,-3.531883189130931e-06,0.03446593071170618,-1.828922553676826e-13,-1.1001774677130044e-16,0.06087967292384808,-4.992442790243095e-15,3.278683986660371e-15,-0.0002658508319924326,4.967132068628525e-17,1.0171375786745752e-16,68.66998770111161,-0.0002772485530196498,1.4931731642905198e-06,2.0471157368214425e-05,5403.486463608909,5411.455926356348,5783.684012013953,5776.040238415237,0.003548417542243524,0.003420983027593467,0.06087967292399183,0
13.222000000001085,0.0,2.0,1.0,0.0,5.985795640785998e-14,2.0036145340487015,1.0000003363355905,1.1449913272271433e-15,0.0032117773535598926,1.302645207525733e-06,-3.1303488886133084e-14,-0.005683230373847266,-3.3010063952031946e-06,0.03319318935410391,-1.8282954115912732e-13,-1.0591873100820789e-16,0.06055353915096192,-4.927274622286607e-15,3.403755851297246e-15,-0.0002998398135877168,4.770612293349233e-17,1.1659421584438657e-16,68.66998841659488,-0.00027132927576357013,1.4615379384949841e-06,2.0034078836440063e-05,5403.486551808836,5411.455882437518,5783.681982771733,5776.042341985086,0.003614534064349652,0.003211777617725848,0.06055353915359209,0
13.242000000001092,0.0,2.0,1.0,0.0,5.988066956180763e-14,2.0036764794763373,1.0000003608492467,1.128032288542709e-15,0.003003775036627943,1.1632262419971536e-06,-3.129470212331197e-14,-0.005464656814655128,-3.071071908202178e-06,0.03191659914369956,-1.8277822198953234e-13,-1.0181657176877258e-16,0.0601889230897192,-4.870043680341598e-15,3.537630669422047e-15,-0.0003330870516156116,5.25448630191865e-17,1.2093622870475655e-16,68.66998915679675,-0.00026530130940912615,1.4293394735232802e-06,1.958897343199526e-05,5403.486642084159,5411.455838175107,5783.67991674963,5776.044484666507,0.003676479494046127,0.003003775261860396,0.060188923090704706,0
13.262000000001098,0.0,2.0,1.0,0.0,5.990300633320136e-14,2.003734279317836,1.0000003826128616,1.1078369217689792e-15,0.002797106699848745,1.0273210959449843e-06,-3.128160480618563e-14,-0.005245594353617217,-2.842612754026158e-06,0.030637153511168455,-1.8270172667452245e-13,-9.769413084062927e-17,0.059786683020071674,-4.743539657371836e-15,3.670622450037676e-15,-0.0003655794844501582,1.5531793871344685e-16,1.1681799517278762e-16,68.66998991893107,-0.00025917081983565496,1.3966090829395537e-06,1.913629656199646e-05,5403.486734262681,5411.45579353384,5783.677815976018,5776.046664182441,0.003734279337437283,0.0027971068885059383,0.05978668301708542,0
13.282000000001105,0.0,2.0,1.0,0.0,5.992504927451733e-14,2.003787961665105,1.0000004016987507,1.0963340318909785e-15,0.002591900282517667,8.951130130970164e-07,-3.127945198397716e-14,-0.005026210797253235,-2.616142085229493e-06,0.029355832540834827,-1.826891530725795e-13,-9.360187957087304e-17,0.059347691708070346,-4.6665585935236935e-15,3.785450878993446e-15,-0.00039730481392188667,2.861513702059561e-17,1.0194274136628648e-16,68.66999070023682,-0.0002529439517844096,1.3633779733192664e-06,1.8676502072313448e-05,5403.486828173422,5411.455748479179,5783.675682472972,5776.04887826429,0.0037879616864041695,0.0025919004370813454,0.05934769170680343,0
13.302000000001112,0.0,2.0,1.0,0.0,5.994677690210646e-14,2.003837557135505,1.0000004181827404,1.0815385425388225e-15,0.002388280686680121,7.667713353127892e-07,-3.127176535725739e-14,-0.004806671578764313,-2.392152350435932e-06,0.02807360245522538,-1.8264425888390632e-13,-8.949145588980024e-17,0.058872835532794356,-4.595043264281677e-15,3.897443113827344e-15,-0.0004282515024074736,-1.3734724604069063e-19,9.935973811055702e-17,68.66999149798511,-0.0002466268246580334,1.3296772261078871e-06,1.821004193701138e-05,5403.486923646906,5411.455702977547,5783.673518255101,5776.051124653684,0.003837557158290066,0.0023882808097683054,0.058872835530567796,0
13.322000000001118,0.0,2.0,1.0,0.0,5.996825728774706e-14,2.003883098810604,1.0000004321438911,1.065536983902244e-15,0.002186369731979988,6.424514142638004e-07,-3.1263304611490954e-14,-0.004587139672910851,-2.171114555983177e-06,0.026791415117912835,-1.825948432874386e-13,-8.538106371914571e-17,0.05836301361693693,-4.6322699893358555e-15,3.9914319182083035e-15,-0.00045840876940697964,5.22085612334793e-18,7.331286511876526e-17,68.66999230948544,-0.00024022552840321284,1.295537781132783e-06,1.773736595404025e-05,5403.487020515476,5411.455656996531,5783.671325328386,5776.053401104193,0.003883098834650083,0.0021863698263702015,0.058363013617194044,0
13.342000000001125,0.0,2.0,1.0,0.0,5.998938025989082e-14,2.003924622174058,1.0000004436642156,1.0466806908495402e-15,0.0019862861134971074,5.222945656502761e-07,-3.125312417554138e-14,-0.004367775514044471,-1.953477602927854e-06,0.02551020755478286,-1.8253538363504323e-13,-8.127153291029305e-17,0.057819136961639005,-4.60499098401762e-15,4.077020807203009e-15,-0.0004877665876105359,8.901720895523026e-17,7.802437407951827e-17,68.66999313209207,-0.00023374611948287952,1.260990419336768e-06,1.7258921447395e-05,5403.487118613582,5411.455610505071,5783.669105689033,5776.055705383002,0.0039246221991354,0.0019862861821658673,0.057819136962559914,0
13.362000000001132,0.0,2.0,1.0,0.0,6.001008593040119e-14,2.003962165048688,1.000000452828399,1.0269916018829767e-15,0.0017881453625575691,4.064280650082089e-07,-3.123803589469724e-14,-0.004148736917301202,-1.7396677089744659e-06,0.024230901493765913,-1.824472593609806e-13,-7.715859476061603e-17,0.05724212758613563,-4.413039875763101e-15,4.178578395996817e-15,-0.0005163156784787854,2.0586537014764308e-16,8.792791040386985e-17,68.66999396320993,-0.0002271946169314065,1.2260657461541776e-06,1.677515297561033e-05,5403.487217778032,5411.455563473666,5783.666861322357,5776.058035272533,0.003962165074564524,0.0017881454087461434,0.057242127585646105,0
13.382000000001138,0.0,2.0,1.0,0.0,6.003047828800293e-14,2.0039957675327984,1.0000004597235164,1.0139135742673021e-15,0.0015920598104995224,2.949651836205e-07,-3.1232281614562406e-14,-0.003930179002961857,-1.5300879099110767e-06,0.022954402923068818,-1.8241365065937368e-13,-7.30803681441873e-17,0.05663291767277652,-4.202793633482886e-15,4.279036907957912e-15,-0.0005440475073345306,1.5920919621467178e-16,7.003597247264506e-17,68.6699948003001,-0.0002205769985034023,1.1907941754004177e-06,1.6286502047032032e-05,5403.487317848278,5411.4555158745325,5783.6645942016685,5776.060388572041,0.003995767559244597,0.0015920598378240168,0.05663291767233112,0
13.402000000001145,0.0,2.0,1.0,0.0,6.005055786260823e-14,2.0040254719358064,1.0000004644387561,9.952643348007562e-16,0.0013981385553746286,1.8800526383909497e-07,-3.1218501857437925e-14,-0.00371225412399186,-1.3251176459142532e-06,0.021681601667977404,-1.8233316866753577e-13,-6.899767061738978e-17,0.0559924487179688,-3.9524254749976266e-15,4.3513211628252135e-15,-0.0005709542779836893,2.8663803728045973e-16,4.874224180502976e-17,68.66999564088518,-0.00021389919691156003,1.155205912505069e-06,1.5793406841702023e-05,5403.487418666636,5411.45546768177,5783.6623062871895,5776.062763099147,0.004025471962598686,0.0013981385680149991,0.05599244871525754,0
13.422000000001152,0.0,2.0,1.0,0.0,6.007029558520593e-14,2.004051322713237,1.0000004670651408,9.821983929777627e-16,0.0012064874315636331,8.56338312608251e-08,-3.121375110219166e-14,-0.003495111796758557,-1.1251124228485453e-06,0.020413370986218596,-1.8230542089984003e-13,-6.495187566546658e-17,0.055321670689574595,-3.587376827482015e-15,4.403646290964722e-15,-0.0005970289268772278,2.899688351033432e-16,4.947082566494001e-17,68.66999648255414,-0.00020716709615676724,1.119330939520269e-06,1.5296301940129997e-05,5403.487520078543,5411.455418871523,5783.659999524978,5776.065156691326,0.004051322740160335,0.001206487434602684,0.055321670692372794,0
13.442000000001158,0.0,2.0,1.0,0.0,6.008982848769953e-14,2.0040733664011436,1.0000004676952536,9.745969223220179e-16,0.0010172089822827492,-1.2077256232637475e-08,-3.1215043355073325e-14,-0.003278898634930647,-9.30403553373561e-07,0.019150567181909026,-1.8231296752130853e-13,-6.093637074731801e-17,0.054621541191281445,-3.2868172503296347e-15,4.4393220500595954e-15,-0.0006222651168253669,1.7499830878576786e-16,1.8169475264414494e-17,68.66999732296712,-0.00020038652795100346,1.08319899882939e-06,1.4795618058926854e-05,5403.487621932751,5411.455369422109,5783.657675845888,5776.067567207368,0.004073366427993527,0.0010172089823544453,0.05462154119170002,0
13.462000000001165,0.0,2.0,1.0,0.0,6.010925063825923e-14,2.004091651550008,1.0000004664229654,9.659379303992325e-16,0.0008304024349559823,-1.0506962527171622e-07,-3.121539198345855e-14,-0.0030637582865584,-7.412979709612876e-07,0.017894029238082212,-1.8231500277286968e-13,-5.693875053189373e-17,0.053893024634454584,-3.1698237859648917e-15,4.432603678577688e-15,-0.0006466572302700773,1.0831830816695695e-16,-1.5894422271604082e-17,68.66999815985952,-0.00019356326823618335,1.0468395780589127e-06,1.429178179346682e-05,5403.487724081552,5411.455319314148,5783.655337164528,5776.0699925287645,0.00409165157659268,0.0008304024416031365,0.053893024631487874,0
13.482000000001172,0.0,2.0,1.0,0.0,6.012848582241706e-14,2.0041062286581806,1.0000004633431685,9.553056858364047e-16,0.0006461636794263124,-1.932981701923195e-07,-3.121218042547099e-14,-0.002849831374328545,-5.580781235201926e-07,0.016644578467758353,-1.8229624450517664e-13,-5.2957552147560815e-17,0.05313709141796684,-3.1012506205439886e-15,4.422549422474144e-15,-0.0006702003621352011,1.0521889094614314e-16,4.730572496022163e-18,68.6699989910461,-0.0001867030337984543,1.010281895147953e-06,1.3785215367655853e-05,5403.487826380955,5411.455268530691,5783.652985378253,5776.0724305610765,0.004106228684322169,0.000646163708338632,0.0531370914195017,0
13.502000000001178,0.0,2.0,1.0,0.0,6.014747142376555e-14,2.0041171501049164,1.000000458551513,9.46126007626946e-16,0.0004645852489772329,-2.7673080534755707e-07,-3.120952526127339e-14,-0.0026372554389921324,-3.810019342402387e-07,0.01540301818354682,-1.8228073580972354e-13,-4.900314787033389e-17,0.05235471711648003,-2.9718004516256717e-15,4.430186928215661e-15,-0.0006928903122670815,7.196693971160474e-17,6.2319756644800896e-18,68.66999981442453,-0.00017981147897630826,9.735548836140445e-07,1.3276336390758645e-05,5403.4879286908645,5411.455217057306,5783.65062236617,5776.074879235221,0.004117150130452228,0.00046458533139475696,0.052354717115447126,0
13.522000000001185,0.0,2.0,1.0,0.0,6.016624494942823e-14,2.0041244700830605,1.0000004521441512,9.381936709017967e-16,0.0002857563041350142,-3.5534818710712024e-07,-3.120565230125671e-14,-0.002426164885953681,-2.1030283884897556e-07,0.014170133385712975,-1.8225811445301868e-13,-4.507525453063149e-17,0.05154688167764921,-2.8275292929526525e-15,4.437527516826134e-15,-0.0007147235774646025,1.6653621495507625e-17,-8.213066719978781e-18,68.67000062797864,-0.000172894192470764,9.3668717793808e-07,1.2765557621575886e-05,5403.488030875246,5411.455164882178,5783.648249988163,5776.077336508738,0.004124470107843597,0.0002857565250790204,0.051546881675563656,0
13.542000000001192,0.0,2.0,1.0,0.0,6.018494002965811e-14,2.0041282445314392,1.0000004442174844,9.299239446195214e-16,0.00010976261921945403,-4.2914340796773674e-07,-3.121021907952363e-14,-0.0022166909350139524,-4.61898856378602e-08,0.012946690468664286,-1.822847857340157e-13,-4.118950397860262e-17,0.05071456862870156,-2.868649052969955e-15,4.430346822016059e-15,-0.000735697343126239,-2.361637124856237e-17,-7.459329369666857e-18,68.67000142978144,-0.00016595669425170675,8.997070996204015e-07,1.2253286739839134e-05,5403.48813280227,5411.45511199619,5783.645870083943,5776.079800366993,0.004128244555339118,0.0001097634581360275,0.0507145686253855,0
13.562000000001198,0.0,2.0,1.0,0.0,6.020344906071796e-14,2.004128531067014,1.000000434867918,9.20951697677242e-16,-6.331342838989805e-05,-4.981216640266825e-07,-3.1208873775802886e-14,-0.0020089615732521472,1.111520962667948e-07,0.011733436945772854,-1.822769271619887e-13,-3.7327965159004515e-17,0.04985876429282661,-2.9254360699665152e-15,4.403802692024249e-15,-0.0007558094745208286,-4.829024194933753e-17,-1.835165807532522e-17,68.67000221799768,-0.000159004432563122,8.626426428165621e-07,1.1739926124947858e-05,5403.488234344445,5411.455058392982,5783.643484472115,5776.082268824345,0.004128531089916883,6.331538785852079e-05,0.04985876429452787,0
13.582000000001205,0.0,2.0,1.0,0.0,6.022177043981596e-14,2.0041253889168513,1.0000004241916238,9.13546718917406e-16,-0.0002333928663065427,-5.622998981055784e-07,-3.120716950399568e-14,-0.001803101511035839,2.61562265182673e-07,0.010531101192465876,-1.8226697197230044e-13,-3.3501105383542995e-17,0.04898045701580316,-3.0013721421252513e-15,4.375842051571408e-15,-0.0007750585076889302,-1.2280506270212438e-16,-2.0638890978400648e-17,68.67000299088615,-0.00015204278102835982,8.255214613253906e-07,1.1225872642097585e-05,5403.48833537873,5411.455004069019,5783.641094949262,5776.084739925242,0.004125388938659999,0.00023339354366382786,0.04898045701347881,0
13.602000000001212,0.0,2.0,1.0,0.0,6.023995532890553e-14,2.0041188788499564,1.0000004122843098,9.060580946169437e-16,-0.0004004001325453335,-6.217064197368438e-07,-3.1207416268417526e-14,-0.0015992321411388041,4.0490347324169104e-07,0.009340392207468086,-1.8226841186221432e-13,-2.971350566088448e-17,0.04808063640327091,-3.1875109413111296e-15,4.352049837483175e-15,-0.000793443639996915,-2.066933507960358e-16,-1.6337644119716152e-17,68.67000374680154,-0.0001450770358564044,7.883708550017739e-07,1.0711517435850082e-05,5403.488435786656,5411.454949023617,5783.638703289059,5776.08721174529,0.004118878870590487,0.00040040061521080735,0.048080636401690816,0
13.622000000001218,0.0,2.0,1.0,0.0,6.025792808155304e-14,2.0041090631090337,1.0000003992409958,8.933196907423114e-16,-0.0005642630783235311,-6.763805040462812e-07,-3.1201049660696033e-14,-0.0013974715009508814,5.41061918537275e-07,0.008161999392103362,-1.8223122599998984e-13,-2.5959524044099406e-17,0.04716029256904524,-3.3824708615398346e-15,4.31891586162271e-15,-0.0008109647203489817,-1.640366775516521e-16,-3.935135311376246e-17,68.67000448419618,-0.00013811241314802121,7.512177566683957e-07,1.0197245731140345e-05,5403.4885354543985,5411.454893258991,5783.6363112414,5776.089682392262,0.004109063128429037,0.0005642634837110529,0.0471602925722981,0
13.642000000001225,0.0,2.0,1.0,0.0,6.027563265231128e-14,2.0040960053422103,1.0000003851557997,8.788684931451282e-16,-0.0007249129682934734,-7.263719711671206e-07,-3.119266882798864e-14,-0.0011979342377557755,6.699467356928845e-07,0.00699659234751476,-1.8218227593172827e-13,-2.2246928740736997e-17,0.04622041539485509,-3.518542471874725e-15,4.267373097794558e-15,-0.0008276222390699592,-9.094745644777456e-17,-3.747264758927957e-17,68.67000520162127,-0.00013115404630506053,7.140887197642502e-07,9.683436641838389e-06,5403.48863427287,5411.454836780264,5783.6339205315535,5776.092150007062,0.004096005360318825,0.0007249133322103374,0.04622041539148164,0
13.662000000001232,0.0,2.0,1.0,0.0,6.029313648104573e-14,2.0040797705347955,1.0000003701217306,8.693923497414135e-16,-0.0008822844782472472,-7.717407485736554e-07,-3.1190568402122764e-14,-0.0010007315770602884,7.91489540420128e-07,0.005844820689706377,-1.8217000685760213e-13,-1.8583411166882386e-17,0.04526199380187265,-3.7195473559816285e-15,4.242002508085231e-15,-0.0008434173174785927,-1.7011108581794334e-16,-2.1260789344538326e-17,68.67000589772776,-0.00012420698353881763,6.770099058638141e-07,9.170462986760104e-06,5403.488732137765,5411.454779595477,5783.63153285933,5776.094612764632,0.004079770551584414,0.0008822848157708485,0.04526199380080566,0
13.682000000001239,0.0,2.0,1.0,0.0,6.031038890255952e-14,2.0040604249411005,1.0000003542304925,8.578207301503686e-16,-0.0010363156903344262,-8.125564171500012e-07,-3.11870811467466e-14,-0.0008059712939439173,9.056439194862376e-07,0.004707313882225547,-1.821496379221681e-13,-1.4965072967840828e-17,0.04428601503438218,-3.925082853158017e-15,4.223426173718494e-15,-0.0008583516971553092,-2.102427182711782e-16,-1.9450605397356528e-17,68.67000657126725,-0.00011727618548170242,6.400070723885209e-07,8.65869111325219e-06,5403.4888289496375,5411.454721715594,5783.629149898291,5776.097068874828,0.004060424956551974,0.0010363160088897835,0.04428601503286266,0
13.702000000001245,0.0,2.0,1.0,0.0,6.032735482724581e-14,2.00403803601639,1.0000003375722966,8.406889368736684e-16,-0.0011869480858355248,-8.488977435994353e-07,-3.1172875535799244e-14,-0.0006137576874060645,1.0123848747738006e-06,0.003584681086352397,-1.8206666790775875e-13,-1.1390907799878816e-17,0.04329346395593354,-4.101713422218678e-15,4.209090487168222e-15,-0.0008724277289198643,-1.160124094600771e-16,-7.324888300278646e-18,68.67000722109215,-0.00011036652290172702,6.031055610898299e-07,8.148480728346732e-06,5403.488924613909,5411.4546631544745,5783.626773294955,5776.099516583228,0.004038036030500064,0.0011869483893986274,0.04329346395882911,0
13.722000000001252,0.0,2.0,1.0,0.0,6.034408071698748e-14,2.0040126723490004,1.000000320235681,8.323732364171565e-16,-0.001334126535535022,-8.808522004254221e-07,-3.117146620192863e-14,-0.0004241915576843451,1.111708226952642e-06,0.0024775110286417937,-1.8205843515493992e-13,-7.87233867953156e-18,0.042285322358298544,-4.343923713700156e-15,4.187272418146331e-15,-0.0008856483615359453,-2.8372088165784187e-16,-1.8791410476485346e-17,68.67000784615581,-0.00010348277451675323,5.663302871267829e-07,7.640184737413443e-06,5403.489019040915,5411.45460392887,5783.6244046680495,5776.101954171898,0.004012672361778757,0.0013341268263247236,0.042285322360531785,0
13.742000000001259,0.0,2.0,1.0,0.0,6.036054373659929e-14,2.003984403592678,1.0000003023073436,8.168232741679463e-16,-0.0014777992877384675,-9.085154755506331e-07,-3.115956721759459e-14,-0.00023737018650960289,1.2036299756602236e-06,0.0013863718856167613,-1.8198893709783465e-13,-4.403541553655738e-18,0.0412625682835418,-4.64171943095231e-15,4.16549400834537e-15,-0.0008980171301477557,-2.784005230852618e-16,-2.9837262209767665e-17,68.6700084455124,-9.662962491427685e-05,5.297057269977839e-07,7.134149090442689e-06,5403.489112145912,5411.454544058368,5783.622045607776,5776.104379960121,0.003984403604146365,0.001477799567005178,0.041262568287161135,0
13.762000000001265,0.0,2.0,1.0,0.0,6.037675485870181e-14,2.0039533003991825,1.0000002838719835,8.036371654612099e-16,-0.0016179179539797326,-9.319909730592429e-07,-3.115248601731126e-14,-5.338732027003663e-05,1.2881856192514045e-06,0.0003118111854521352,-1.8194757754303062e-13,-9.901827032729847e-19,0.0402261753594973,-5.046026735395942e-15,4.108825096839048e-15,-0.000909538144468632,-3.699330785461701e-16,-5.78677914963389e-17,68.67000901831622,-8.981166256855767e-05,4.932559089552671e-07,6.630712635793551e-06,5403.489203849072,5411.454483565363,5783.619697675097,5776.106792305061,0.003953300409374415,0.0016179182224133387,0.04022617536376842,0
13.782000000001272,0.0,2.0,1.0,0.0,6.039256882779582e-14,2.003919434351201,1.0000002650121498,7.83460152235638e-16,-0.0017544374924649798,-9.513893079163672e-07,-3.1138182693659864e-14,0.00012766684394958016,1.365429450193904e-06,-0.0007456442735503197,-1.818640368429503e-13,2.3667690499504057e-18,0.039177112148937765,-5.366186307620205e-15,4.044167110258249e-15,-0.0009202160767275018,-3.0263907094367456e-16,-4.758782017770034e-17,68.67000956382121,-8.303337796606153e-05,4.570044018159388e-07,6.130206981593445e-06,5403.489294075479,5411.454422475006,5783.617362401054,5776.109189602398,0.003919434360160397,0.0017544377504227447,0.03917711215247809,0
13.802000000001279,0.0,2.0,1.0,0.0,6.040805021082812e-14,2.003882877895614,1.0000002458081063,7.633084410657333e-16,-0.0018873161893014035,-9.668277934102739e-07,-3.112244542841167e-14,0.0003057056694912791,1.4354338050908913e-06,-0.0017854884879155088,-1.8177212115399535e-13,5.664501514904697e-18,0.038116341512693136,-5.742282592456357e-15,4.003113882243911e-15,-0.0009300561493947984,-2.6936956082201876e-16,-2.305102397174639e-17,68.67001008137974,-7.629916182490456e-05,4.209743055519429e-07,5.632956364517007e-06,5403.489382755104,5411.454360815131,5783.615041286112,5776.111570286903,0.0038828779033944437,0.001887316436942982,0.03811634150863191,0
13.822000000001285,0.0,2.0,1.0,0.0,6.042308361104684e-14,2.0038437042771697,1.0000002263377021,7.412882338276672e-16,-0.002016515637558979,-9.784299262719342e-07,-3.1102649997924025e-14,0.0004806460884400521,1.498288295684974e-06,-0.0028072362975536252,-1.8165650357817455e-13,8.900354184429095e-18,0.03704481998697405,-6.03022486539501e-15,3.965199871976124e-15,-0.0009390641226898349,-2.1686428871174649e-16,-4.150414494744967e-17,68.67001057044132,-6.961330342208405e-05,3.8518824133391113e-07,5.13927752620313e-06,5403.489469822773,5411.454298616189,5783.612735799501,5776.113932832963,0.0038437042838337177,0.0020165158749300776,0.03704481999002857,0
13.842000000001292,0.0,2.0,1.0,0.0,6.043772025698636e-14,2.003801987472592,1.0000002066762517,7.205659572632419e-16,-0.0021420007142148347,-9.863248692227056e-07,-3.108524132341963e-14,0.0006524086071770974,1.5540990142200347e-06,-0.003810423418182657,-1.8155482598839122e-13,1.2074201058599657e-17,0.03596349717513988,-6.344627628653509e-15,3.9240426918828896e-15,-0.0009472462818862237,-2.2821759973158655e-16,-3.2251129926589375e-17,68.67001103055134,-6.297998901984877e-05,3.496683425079575e-07,4.6494795970920374e-06,5403.489555218125,5411.454235911174,5783.610447378644,5776.1162757550865,0.0038019874782093278,0.0021420009413008227,0.035963497179483356,0
13.862000000001299,0.0,2.0,1.0,0.0,6.04518411418354e-14,2.0037578021251727,1.0000001868964299,6.940097546499138e-16,-0.002263739555030807,-9.90646933391134e-07,-3.106183830423567e-14,0.0008209173092061212,1.6029877138732587e-06,-0.004794606457824855,-1.8141813817296675e-13,1.518137262941716e-17,0.03487331515412797,-6.52784210863108e-15,3.874901899462081e-15,-0.0009546094244368039,-1.0255797957025561e-16,-6.17631130616448e-17,68.67001146134906,-5.640330039084847e-05,3.14436245388005e-07,4.163863987681213e-06,5403.4896388855595,5411.4541727355345,5783.608177428533,5776.118597608334,0.003757802129820438,0.002263739771791896,0.034873315154897486,0
13.882000000001305,0.0,2.0,1.0,0.0,6.04654596888714e-14,2.003711223479898,1.0000001670681726,6.677530644066023e-16,-0.0023817035274145003,-9.915350608727216e-07,-3.103660574697898e-14,0.0009860998552921312,1.6450909705156993e-06,-0.0057593629176075495,-1.8127076488669138e-13,1.8221309383052885e-17,0.03377520789575557,-6.622299796555386e-15,3.809036506218136e-15,-0.00096116084691168,9.082682892473805e-19,-5.766309412617362e-17,68.67001186256591,-4.9887213446943055e-05,2.795130811190888e-07,3.6827242872665143e-06,5403.489720774173,5411.454109127078,5783.605927321197,5776.120896988724,0.003711223483658617,0.002381703733809151,0.033775207895082315,0
13.902000000001312,0.0,2.0,1.0,0.0,6.047852549499783e-14,2.0036623273191254,1.0000001472585915,6.449056091521853e-16,-0.002495867201316312,-9.891323102006378e-07,-3.1014260243167335e-14,0.0011478874809591603,1.6805593292059135e-06,-0.00670429117713952,-1.8114025360925507e-13,2.1195575310439292e-17,0.032670100703087256,-6.556200143141904e-15,3.733826309327866e-15,-0.0009669083317843549,9.392926594642609e-18,-7.245421384408985e-17,68.67001223402326,-4.343559696358605e-05,2.449194673859144e-07,3.206346169939671e-06,5403.489800837687,5411.454045125876,5783.603698395159,5776.123172533588,0.0036623273220859755,0.002495867397316862,0.032670100700033365,0
13.922000000001319,0.0,2.0,1.0,0.0,6.049114984552277e-14,2.0036111898988747,1.0000001275318966,6.17750658113141e-16,-0.002606208318213962,-9.83585345512084e-07,-3.0990187339130445e-14,0.001306214991384441,1.7095564362009307e-06,-0.007629010464682123,-1.8099965340902897e-13,2.4100348574653975e-17,0.03155890966204692,-6.502424055856898e-15,3.666207211112319e-15,-0.0009718601340558899,1.4101808174826858e-16,-5.87464289369211e-17,68.67001257563008,-3.7052211407027935e-05,2.1067550056546126e-07,2.7350073080171286e-06,5403.4898790343705,5411.453980774152,5783.60149195493,5776.125422921882,0.0036111899011265986,0.002606208503816949,0.031558909657687484,0
13.942000000001325,0.0,2.0,1.0,0.0,6.050323712751641e-14,2.0035578878857554,1.0000001079493295,5.935354752916049e-16,-0.0027127077582380994,-9.75043930843697e-07,-3.0965777593428103e-14,0.0014610207537391691,1.7322581619316046e-06,-0.008533160812407991,-1.808570859123256e-13,2.6935362825656835e-17,0.03044254110844056,-6.3011506217141515e-15,3.6115356659772546e-15,-0.0009760249677486367,2.0328023824683195e-16,-4.087183824045609e-17,68.67001288738048,-3.0740707856738116e-05,1.7680074856882938e-07,2.2689772926556874e-06,5403.489955326953,5411.453916116175,5783.599309270531,5776.127646874458,0.0035578878873930323,0.0027127079334708783,0.03044254110381384,0
13.962000000001332,0.0,2.0,1.0,0.0,6.051487553690364e-14,2.0035024982945724,1.0000000885691065,5.731318452204349e-16,-0.0028153495054919373,-9.63660430699916e-07,-3.094783817330937e-14,0.0016122466870169432,1.7488517178306873e-06,-0.009416402996987252,-1.8075230870355457e-13,2.97061426020725e-17,0.029321891110541176,-6.07167306976308e-15,3.5719441108263715e-15,-0.0009794119922676761,1.81227064614972e-16,-2.184972796463241e-17,68.67001316935104,-2.450462702670085e-05,1.4331424389498387e-07,1.8085175616991296e-06,5403.490029682532,5411.453851198134,5783.5971515770425,5776.129843154306,0.0035024982956922287,0.0028153496704166467,0.029321891105923134,0
13.982000000001339,0.0,2.0,1.0,0.0,6.052609514392291e-14,2.0034450984266425,1.000000069446374,5.499274242856563e-16,-0.0029141206116191014,-9.495893188611393e-07,-3.092570210923142e-14,0.0017598382494011904,1.7595347634471246e-06,-0.010278418465801019,-1.806230208463176e-13,3.2402369398026806e-17,0.028197844967375554,-5.837709175121155e-15,3.591821802145018e-15,-0.0009820307986488305,2.569526736495962e-16,2.7489277139099934e-17,68.670013421698,-1.8347398386079357e-05,1.1023447680368253e-07,1.353881334775006e-06,5403.490102072463,5411.453786068022,5783.595020074179,5776.132010566721,0.0034450984273424854,0.0029141207663347037,0.028197844961050718,0
14.002000000001345,0.0,2.0,1.0,0.0,6.053694754966568e-14,2.0033857658088636,1.0000000506331688,5.35265147763583e-16,-0.003009011157674141,-9.32986695260967e-07,-3.091220798598014e-14,0.0019037444232140772,1.7645145174034442e-06,-0.01111890924903027,-1.8054420670269894e-13,3.503669366270317e-17,0.027071276722830846,-5.656533650366446e-15,3.640548060087199e-15,-0.000983891395706823,1.180516628154257e-16,5.718817672869186e-17,68.67001364465438,-1.2272339368688786e-05,7.757938969024072e-08,9.053135552707098e-07,5403.490172472261,5411.453720775517,5783.59291592589,5776.134147959484,0.00338576580924223,0.003009011302317033,0.027071276721751084,0
14.022000000001352,0.0,2.0,1.0,0.0,6.054744856882597e-14,2.0033245781335585,1.0000000321783933,5.149414862458757e-16,-0.003100014214350191,-9.140098133474638e-07,-3.089615550879839e-14,0.0020439176975005024,1.7640068641313525e-06,-0.011937597857933224,-1.8045045042539948e-13,3.759692179665473e-17,0.025943048695700483,-5.532771944690493e-15,3.729526885186218e-15,-0.0009850041960871886,1.501475199560804e-16,6.731375765796848e-17,68.67001383852671,-6.2826546859624055e-06,4.536637076108746e-08,4.6305083954389826e-07,5403.490240861483,5411.453655371835,5783.590840259993,5776.136254222949,0.003324578133714191,0.0031000143490937542,0.025943048700245722,0
14.042000000001359,0.0,2.0,1.0,0.0,6.055754806920232e-14,2.0032616131991356,1.0000000141277958,4.977025483623898e-16,-0.0031871258006192426,-8.928166185312546e-07,-3.087765896130606e-14,0.002180314048297179,1.7582354692100938e-06,-0.012734227169603185,-1.8034241949558238e-13,4.0081859353391905e-17,0.024814011025757157,-5.3719335819125545e-15,3.787787629234962e-15,-0.0009853800022425827,1.1034836021662056e-16,3.7986088892235575e-17,68.67001400369206,-3.814357274583586e-07,1.3612249165556103e-08,2.73214329665034e-08,5403.490307223601,5411.453589909604,5783.58879416783,5776.138328290131,0.0032616131991662464,0.0031871259256725896,0.024814011030167143,0
14.062000000001365,0.0,2.0,1.0,0.0,6.056736478338174e-14,2.0031969488515933,0.9999999965239627,4.830471838146473e-16,-0.0032703448408402734,-8.695652986320953e-07,-3.0865475874936484e-14,0.0023128929166316642,1.747430893426711e-06,-0.013508560298468872,-1.8027126268927272e-13,4.250234987526458e-17,0.02368500123594573,-5.347739142643118e-15,3.826340852077799e-15,-0.0009850299923391756,8.670859806228509e-18,3.982619681937798e-17,68.67001414059467,5.428339940505623e-06,-1.7666709908935612e-08,-4.0165482713216894e-07,5403.490371545898,5411.453524442732,5783.586778703961,5776.140369136741,0.0031969488515951627,0.003270344956446399,0.023685001242527353,0
14.082000000001372,0.0,2.0,1.0,0.0,6.057686109887702e-14,2.003130662926896,0.9999999794063175,4.687656303440982e-16,-0.003349673120391172,-8.444138467101643e-07,-3.085121487253158e-14,0.0024416171843127726,1.7318297214171792e-06,-0.014260380454896044,-1.8018796977502395e-13,4.484709130903194e-17,0.022556843810756354,-5.396840156391278e-15,3.854626070200949e-15,-0.0009839657061113769,-1.0448730738355644e-16,1.508773900934172e-17,68.67001424974248,1.1143808991270888e-05,-4.8454810074314725e-08,-8.236665417866432e-07,5403.490433819308,5411.45345902626,5783.584794885863,5776.142375781191,0.003130662926963855,0.003349673226824652,0.02255684381210351,0
14.102000000001379,0.0,2.0,1.0,0.0,6.05860483808819e-14,2.0030628331942584,0.9999999628111307,4.491780192253455e-16,-0.0034251152398799413,-8.175196384905043e-07,-3.08346364509432e-14,0.002566453147554394,1.7116736950254409e-06,-0.01498949079113578,-1.800911419250054e-13,4.7114719408263926e-17,0.021430349790842646,-5.543374127228839e-15,3.875991692460818e-15,-0.0009821990306635557,-8.002983496607995e-17,3.808496813036626e-17,68.67001433170381,1.676222265506863e-05,-7.873692743717669e-08,-1.2385107738905396e-06,5403.4904940383185,5411.4533937162305,5783.582843693692,5776.144347284557,0.0030628331944841476,0.0034251153374443006,0.021430349782756233,0
14.122000000001385,0.0,2.0,1.0,0.0,6.059482668139445e-14,2.002993537300352,0.9999999467715354,4.3063560277071e-16,-0.003496678567991935,-7.89039024052463e-07,-3.0816869112063444e-14,0.0026873704884965354,1.6872088640095781e-06,-0.015695714234992095,-1.79987370208798e-13,4.930608193797816e-17,0.02030631638392617,-5.642265573220449e-15,3.908404548104666e-15,-0.000979742186248523,-9.600427156977173e-17,1.6316356911202302e-17,68.6700143871038,2.228094695469149e-05,-1.0849851433632139e-07,-1.645993065231668e-06,5403.490552200806,5411.453328569535,5783.580926070044,5776.146282750512,0.002993537300825021,0.0034966786570167856,0.020306316377752633,0
14.142000000001392,0.0,2.0,1.0,0.0,6.060323088174018e-14,2.002922852714481,0.999999931317553,4.0728231119457104e-16,-0.003564373193028541,-7.591269347709321e-07,-3.079567061480356e-14,0.0028043422446666884,1.6586847461152552e-06,-0.01637889331146066,-1.798635587131522e-13,5.141680842926647e-17,0.019185526592019015,-5.7614527697168866e-15,3.919363621298429e-15,-0.0009766077120110328,9.569942081058553e-18,1.6462341557354407e-18,68.67001441662084,2.769746284676099e-05,-1.3772560258263326e-07,-2.0459274468612178e-06,5403.490608307912,5411.45326364378,5783.579042919762,5776.148181325234,0.0029228527152880815,0.003564373273866555,0.019185526590622923,0
14.162000000001399,0.0,2.0,1.0,0.0,6.061114983588173e-14,2.0028508566747307,0.9999999164761251,3.9131447371021284e-16,-0.003628211873194402,-7.279365065516824e-07,-3.0775505405910844e-14,0.0029173447764474893,1.6263535103095595e-06,-0.017038889952723877,-1.7974578224952327e-13,5.345365259934549e-17,0.01806874885498722,-5.733717817351703e-15,3.9492767585388426e-15,-0.0009728084517291691,-9.188688252965123e-17,4.1896589287956303e-17,68.67001442098287,3.300936627785342e-05,-1.6640480609784374e-07,-2.4381364431003765e-06,5403.490662363897,5411.453198997131,5783.577195109754,5776.150042197262,0.002850856675954262,0.0036282119462181903,0.018068748851381336,0
14.182000000001405,0.0,2.0,1.0,0.0,6.06187088011746e-14,2.0027776261351273,0.9999999022711537,3.6694328830209124e-16,-0.0036882099856891267,-6.956187194059233e-07,-3.0752404376967904e-14,0.0030263577325970207,1.590469170733798e-06,-0.01767558529677277,-1.796108590545947e-13,5.540944179727395e-17,0.016956736710455104,-5.758488817356721e-15,4.022419503212182e-15,-0.0009683575395531414,3.7342569316948644e-17,8.478892827408984e-17,68.67001440096392,3.821436815850654e-05,-1.9452332345073893e-07,-2.8224510692622833e-06,5403.490714376,5411.453134688186,5783.575383468865,5776.151864597341,0.002777626136846592,0.0036882100512880757,0.016956736720002297,0
14.202000000001412,0.0,2.0,1.0,0.0,6.062582464515269e-14,2.0027032377138303,0.9999998887235485,3.4748870837663577e-16,-0.003744385474659736,-6.623220542554525e-07,-3.0731047172447556e-14,0.003131364013882353,1.5512868058861176e-06,-0.01828887947500996,-1.7948612081157633e-13,5.729218051214137e-17,0.01585022847004946,-5.704746104355765e-15,4.100902851614766e-15,-0.0009632683857492098,3.271833439591598e-17,7.020293960720784e-17,68.6700143573803,4.3310294247431864e-05,-2.2206893953629872e-07,-3.1987108230410234e-06,5403.490764354289,5411.453070775814,5783.573608787749,5776.153647798227,0.0027032377161205975,0.0037443855332368377,0.01585022846310694,0
14.222000000001419,0.0,2.0,1.0,0.0,6.063252391300823e-14,2.0026277676423767,0.9999998758512799,3.242388622943914e-16,-0.003796758798070314,-6.281921673270632e-07,-3.0707521360108744e-14,0.003232349734880403,1.509061797843574e-06,-0.018878691389149087,-1.7934871677670295e-13,5.909456553995565e-17,0.01474994691196891,-5.609482347616991e-15,4.1643119738751605e-15,-0.0009575546624639233,1.3881918824060284e-16,4.575071117070776e-17,68.67001429108704,4.829508495476131e-05,-2.4903002726523195e-07,-3.5667636698369513e-06,5403.490812311516,5411.453007319029,5783.571871818798,5776.155391114466,0.0026277676453094097,0.003796758850039035,0.014749946901708574,0
14.242000000001426,0.0,2.0,1.0,0.0,6.063880063737236e-14,2.002551291715997,0.9999998636694392,3.045467029972364e-16,-0.0038453528735452125,-5.933715824414097e-07,-3.068753618123682e-14,0.0033293041840066163,1.464049095092949e-06,-0.019444958477764344,-1.7923199204099995e-13,6.082749561218162e-17,0.013656598989844808,-5.452507391213214e-15,4.223643447608299e-15,-0.0009512302895219273,1.5922806932800073e-16,4.7194868464458453e-17,68.67001420297419,5.3166795064158037e-05,-2.7539554836832877e-07,-3.92646602201814e-06,5403.490858262975,5411.4529443768315,5783.570173276075,5776.157093902136,0.002551291719639579,0.0038453529193264247,0.013656598994018799,0
14.262000000001432,0.0,2.0,1.0,0.0,6.064473721052065e-14,2.002473885245028,0.9999998521903041,2.893408058429312e-16,-0.00389019302324177,-5.579994016369239e-07,-3.067089196686071e-14,0.003422219781823811,1.4165024986679647e-06,-0.019987636472795594,-1.7913478042807282e-13,6.249118253564723e-17,0.01257087555785294,-5.3489300312207235e-15,4.2662372353856064e-15,-0.0009443094202641933,6.810104783124941e-17,2.3292764210277523e-17,68.67001409396313,5.7923593377434435e-05,-3.0115505421424135e-07,-4.2776827123987e-06,5403.490902226349,5411.45288200808,5783.568513835293,5776.158755558574,0.0024738852494437845,0.0038901930632607782,0.01257087554773206,0
14.282000000001439,0.0,2.0,1.0,0.0,6.065030408150349e-14,2.0023956230074362,0.9999998414234109,2.694190959830898e-16,-0.003931306917808238,-5.222110343558756e-07,-3.065037988775305e-14,0.0035110920376935847,1.366673975397686e-06,-0.0205066991463735,-1.7901497843283348e-13,6.407114962681322e-17,0.011493451112027596,-5.239874379318364e-15,4.3001567092223676e-15,-0.0009368064274290828,1.1679104951453195e-16,1.5581267838257124e-17,68.67001396500306,6.256376227468339e-05,-3.262986859856343e-07,-4.6202869617254635e-06,5403.490944221565,5411.4528202713545,5783.566894133804,5776.1603755220685,0.002395623012684665,0.003931306952491916,0.011493451122929587,0
14.302000000001446,0.0,2.0,1.0,0.0,6.065548056649569e-14,2.002316579202473,0.9999998313756305,2.494576917964564e-16,-0.00396872451948315,-4.861379456242155e-07,-3.0629669338337685e-14,0.0035959195048236876,1.3148129981387184e-06,-0.02100213804827665,-1.7889401732459472e-13,6.557476044599689e-17,0.010424983547711916,-5.08014768921125e-15,4.319178526492978e-15,-0.0009287358891007288,1.7949084400826084e-16,3.0616766725851605e-17,68.67001381706737,6.70856972030037e-05,-3.508171742064075e-07,-4.954160340645205e-06,5403.490984270657,5411.452759224807,5783.565314770649,5776.161953271535,0.002316579208610184,0.0039687245492572125,0.010424983535221768,0
14.322000000001452,0.0,2.0,1.0,0.0,6.066023927799382e-14,2.0022368274054765,0.9999998220512504,2.2767377266234745e-16,-0.00400247802439125,-4.499074231089269e-07,-3.060398558351875e-14,0.003676703733774625,1.2611659134870226e-06,-0.021473962234389896,-1.7874401003876798e-13,6.69917109695948e-17,0.009366113933072635,-4.808325988899479e-15,4.366317540205742e-15,-0.0009201125747228494,3.112212182298695e-16,3.6472325819011315e-17,68.67001365115003,7.14879060871302e-05,-3.7470183830856657e-07,-5.279192726050021e-06,5403.491022397598,5411.452698926044,5783.563776306587,5776.163488326151,0.002236827412554757,0.004002478049677671,0.009366113930795745,0
14.342000000001459,0.0,2.0,1.0,0.0,6.066463326616853e-14,2.0021564405238372,0.9999998134520598,2.12475084121486e-16,-0.004032601804091224,-4.1364236287707915e-07,-3.0586801310261134e-14,0.003753449224478419,1.2059753400243322e-06,-0.021922197986473185,-1.7864364443311643e-13,6.835165812691797e-17,0.008317466298590391,-4.480259579973189e-15,4.41938335433248e-15,-0.0009109514311889118,2.898530333661905e-16,4.209217935987268e-17,68.67001346826223,7.576900866770445e-05,-3.979445851769842e-07,-5.595282251984803e-06,5403.491058628183,5411.452639431987,5783.562279264202,5776.164980244986,0.0021564405319061163,0.004032601825305817,0.008317466286984598,0
14.362000000001466,0.0,2.0,1.0,0.0,6.06687171729784e-14,2.002075490754134,0.99999980557744,1.9764186268582745e-16,-0.004059132346430327,-3.7746107457214685e-07,-3.057195619526988e-14,0.00382616337683616,1.149479594859503e-06,-0.022346888523629902,-1.7855694085000946e-13,6.964199263080094e-17,0.0072796474424370716,-4.147429732599927e-15,4.4714872909273235e-15,-0.0009012675690225492,2.895899110514553e-16,4.961957820300504e-17,68.6700132694289,7.992773576501274e-05,-4.2053790810228507e-07,-5.9023352551853536e-06,5403.4910929898715,5411.452580798752,5783.560824128004,5776.1664286265905,0.002075490763240136,0.00405913236398049,0.007279647466509361,0
14.382000000001472,0.0,2.0,1.0,0.0,6.067254741224651e-14,2.0019940495404693,0.9999997984244589,1.881610375039216e-16,-0.0040821081957602805,-3.414771055557078e-07,-3.056177991541166e-14,0.003894856439942619,1.0919121497557965e-06,-0.022748093705756704,-1.784975058749962e-13,7.086871385204023e-17,0.006253246751629397,-3.863269171948777e-15,4.528243413454329e-15,-0.0008910762486521528,1.7198624729206836e-16,5.897049668004078e-17,68.6700130556853,8.396292847514237e-05,-4.4247488446818687e-07,-6.2002662155059596e-06,5403.491125511644,5411.452523081517,5783.559411344571,5776.167833108588,0.0019940495506578213,0.004082108210042927,0.006253246732158417,0
14.402000000001479,0.0,2.0,1.0,0.0,6.067616272739224e-14,2.0019121875340025,0.999999791987967,1.7659325775568491e-16,-0.004101569892568732,-3.057990839247192e-07,-3.055010930941887e-14,0.0039595414600049625,1.0335011225993906e-06,-0.023125889729366193,-1.784293432749385e-13,7.201817614145878e-17,0.005238836038844694,-3.658614660517254e-15,4.581245660175925e-15,-0.0008803928667916433,1.348895669231306e-16,2.5910570355743784e-17,68.67001282807381,8.787353729657685e-05,-4.637491736052683e-07,-6.488997691229719e-06,5403.491156223879,5411.45246633441,5783.558041322717,5776.169193367211,0.0019121875453164698,0.004101569903968401,0.005238836005515044,0
14.422000000001486,0.0,2.0,1.0,0.0,6.067955385599332e-14,2.0018299745536945,0.9999997862606972,1.6685187968626503e-16,-0.004117559912579804,-2.7053058036004593e-07,-3.054125520143136e-14,0.004020234227013172,9.744687974803206e-07,-0.023480368816118955,-1.7837763061853544e-13,7.3100895485383e-17,0.004236969394774231,-3.4960301329338456e-15,4.598175023923346e-15,-0.0008692329429302223,6.542281943752351e-17,4.635864259882541e-19,68.67001258764074,9.165862118795311e-05,-4.843550137583915e-07,-6.76846024941441e-06,5403.491185158204,5411.452410610394,5783.556714433683,5776.170509116858,0.0018299745661767657,0.00411755992146696,0.004236969376175683,0
14.442000000001492,0.0,2.0,1.0,0.0,6.068277254755251e-14,2.0017474795482757,0.9999997812333687,1.5620655798239412e-16,-0.004130122605377389,-2.357699885007668e-07,-3.05296293914177e-14,0.0040769532202191115,9.150311746305841e-07,-0.023811638894397483,-1.783097297603704e-13,7.410401214428751e-17,0.003248183055880971,-3.441484805219912e-15,4.613378014211198e-15,-0.0008576121059485107,3.075871604914644e-17,2.4194603577350973e-17,68.67001233543317,9.53173465627369e-05,-5.042872191636089e-07,-7.038592391454642e-06,5403.491212347368,5411.452355961147,5783.555431011362,5776.171780109593,0.0017474795619693752,0.0041301226121069085,0.0032481830438108867,0
14.462000000001499,0.0,2.0,1.0,0.0,6.068581092998261e-14,2.001664770559452,0.9999997768947897,1.4604095739193644e-16,-0.004139304132603756,-2.016104239669947e-07,-3.0519327756342424e-14,0.004129719552482667,8.553975605044383e-07,-0.024119823274263125,-1.782495628599034e-13,7.503778193444398e-17,0.002272995287413383,-3.4763663627521282e-15,4.641661982212893e-15,-0.0008455460808625322,-1.5346379942407087e-17,3.294265143637614e-17,68.67001207249594,9.884898622042602e-05,-5.235411762027302e-07,-7.299340473958618e-06,5403.49123782511,5411.452302436973,5783.554191352531,5776.17300613465,0.0016647705744019215,0.004139304137513611,0.002272995278596026,0
14.482000000001506,0.0,2.0,1.0,0.0,6.068851252775082e-14,2.001581914686344,0.9999997732319659,1.2905245592166058e-16,-0.004145152405785691,-1.6813964127824846e-07,-3.0500238988633875e-14,0.004178556913546743,7.957701800411269e-07,-0.024405060316156912,-1.781380743499408e-13,7.587767805908822e-17,0.0013119062815263756,-3.3520393005708143e-15,4.687077334404439e-15,-0.0008330506757012574,1.299696675285623e-16,3.1605233846506635e-17,68.67001179986883,0.00010225291821426689,-5.421128397256567e-07,-7.550658625060933e-06,5403.491261626043,5411.4522500866815,5783.552995717147,5776.174187017925,0.001581914702597472,0.004145152409195811,0.0013119062067809466,0
14.502000000001512,0.0,2.0,1.0,0.0,6.069092661051402e-14,2.0014989780511754,0.9999997702302067,1.1453386293268898e-16,-0.00414771702384015,-1.3543996896010106e-07,-3.0485246896469834e-14,0.004223491512298235,7.363438322368052e-07,-0.024667503093677788,-1.7805051271354775e-13,7.665594013872469e-17,0.0003653980703459028,-3.1346842360136523e-15,4.714644656073813e-15,-0.0008201417685312064,2.2333507692645266e-16,3.1264496208748756e-17,68.67001151858362,0.00010552862466069835,-5.599987281762527e-07,-7.792508656317312e-06,5403.491283785514,5411.452198957501,5783.551844328616,5776.175322621419,0.0014989780687854318,0.004147717026051485,0.00036539816441786605,0
14.522000000001519,0.0,2.0,1.0,0.0,6.069312850555443e-14,2.00141602576622,0.9999997678732359,1.0851813011937544e-16,-0.004147049210310536,-1.0358826142736345e-07,-3.0476976103382924e-14,0.004264552018071061,6.773055694224237e-07,-0.024907319050765885,-1.7800220718564678e-13,7.738018547039984e-17,-0.0005660655461893543,-2.9206339667018526e-15,4.7470959542540114e-15,-0.0008068352946334854,1.0306921233076805e-16,1.6901395791607265e-17,68.67001122966155,0.00010867569048872223,-5.771959192401221e-07,-8.024859970292366e-06,5403.491304339503,5411.452149094989,5783.5507373741375,5776.176412842709,0.0014160257852462086,0.004147049211604291,0.0005660654486077108,0
14.542000000001526,0.0,2.0,1.0,0.0,6.069523584544413e-14,2.001333121901996,0.9999997661432998,1.0118908005426125e-16,-0.004143201750384054,-7.26558684072658e-08,-3.04699793017669e-14,0.004301769501055714,6.188344151306385e-07,-0.025124689653667143,-1.7796134250906704e-13,7.80375766850251e-17,-0.0014820390578952655,-2.8763233760046885e-15,4.768414322372271e-15,-0.0007931472338373166,3.1024963915456885e-17,3.2242704066346653e-17,68.6700109341106,0.00011169380213583473,-5.937020446646647e-07,-8.247689464070982e-06,5403.491323324493,5411.452100542937,5783.54967500504,5776.17745761437,0.0013331219225074706,0.004143201751021107,0.001482039160051426,0
14.562000000001532,0.0,2.0,1.0,0.0,6.069713705632256e-14,2.0012503294567314,0.9999997650212792,8.867037558378335e-17,-0.004136228927740307,-4.270862086049935e-08,-3.0457435263096994e-14,0.004335177371865238,5.611011110302199e-07,-0.025319810037970868,-1.7788807897670612e-13,7.861124674776095e-17,-0.002382095287495798,-2.817558295497315e-15,4.812142149190969e-15,-0.0007790935980224298,1.0682361810683696e-16,5.176105367651695e-17,68.67001063292317,0.00011458274618751558,-6.095152846536775e-07,-8.460981428665523e-06,5403.491340777377,5411.452053343296,5783.548657337154,5776.178456903398,0.0012503294788116048,0.0041362289279608016,0.002382095335910123,0
14.582000000001539,0.0,2.0,1.0,0.0,6.069874463989762e-14,2.00116771032709,0.9999997644867983,7.586452901879654e-17,-0.004126186461280179,-1.3806833060527491e-08,-3.044012401184399e-14,0.004364811320323442,5.042678979493199e-07,-0.0254928886511044,-1.7778697235564125e-13,7.910362381799344e-17,-0.0032658254195650576,-2.5967313349215545e-15,4.85993827868994e-15,-0.0007646904187907528,2.0312137594702464e-16,4.764834957562769e-17,68.67001032707364,0.00011734240796462556,-6.246343618602523e-07,-8.664727444613543e-06,5403.491356735332,5411.452007536106,5783.547684451204,5776.179410710619,0.001167710350840274,0.004126186461303279,0.0032658253738666234,0
14.602000000001546,0.0,2.0,1.0,0.0,6.070014817317176e-14,2.0010853252801586,0.9999997645183359,6.512906472167632e-17,-0.004113131441783725,1.3994680142754965e-08,-3.042947520927269e-14,0.004390709253527929,4.4848832636656095e-07,-0.025644146890592204,-1.7772477811643593e-13,7.954513681773373e-17,-0.0041328390154517875,-2.3341987444214456e-15,4.931953997810759e-15,-0.0007499537353168487,2.649304543103434e-16,7.606512588614687e-17,68.6700100175162,0.00011997277005940875,-6.390585350794629e-07,-8.858926273789228e-06,5403.491371235738,5411.451963159416,5783.546756393228,5776.180319070077,0.001085325305704669,0.004113131441807533,0.004132839030222427,0
14.622000000001552,0.0,2.0,1.0,0.0,6.070133284668326e-14,2.001003233926714,0.9999997650933351,5.507677149275463e-17,-0.004097122268545095,4.0646570160973935e-08,-3.0417678768508104e-14,0.0044129112332441,3.939070993895172e-07,-0.025773818738407086,-1.776558810781285e-13,7.991637123159279e-17,-0.00498276401440239,-1.97685077986283e-15,5.0145484410307214e-15,-0.0007348995823874275,3.368083488429456e-16,9.077482202090945e-17,68.67000970518285,0.00012247391082479433,-6.527875930467304e-07,-9.043583747677117e-06,5403.491384316063,5411.451920249224,5783.545873175017,5776.18118204843,0.0010032339542154966,0.0040971222687467175,0.004982764026822348,0
14.642000000001559,0.0,2.0,1.0,0.0,6.070235173190684e-14,2.000921494695744,0.9999997661883111,4.8469490811216935e-17,-0.004078218586031324,6.610490780489285e-08,-3.041038159470562e-14,0.004431459412691411,3.406599476761497e-07,-0.02588215039177168,-1.7761326225319564e-13,8.0233020947867e-17,-0.005815246721091217,-1.570574350897423e-15,5.116317857403311e-15,-0.0007195439786257849,3.4973890139991147e-16,1.0178619612510672e-16,68.6700093909813,0.00012484600281397552,-6.658218470534133e-07,-9.21871265212693e-06,5403.4913960137765,5411.451878839424,5783.545034774568,5776.18199974431,0.0009214947254065001,0.004078218586567079,0.005815246725084982,0
14.662000000001566,0.0,2.0,1.0,0.0,6.070330744846629e-14,2.000840164810241,0.9999997677789599,4.453924961306772e-17,-0.004056481220611701,9.033112175985643e-08,-3.0405092516735675e-14,0.004446397972774868,2.888735333403524e-07,-0.025969399890719433,-1.7758237183757537e-13,8.048948775615344e-17,-0.006629951779785901,-1.2361558257185936e-15,5.217356429033276e-15,-0.0007039029149166912,3.2366739669001356e-16,9.433631773730707e-17,68.67000907579329,0.00012708931117729296,-6.781621239519001e-07,-9.384332608800326e-06,5403.491406366269,5411.451838961745,5783.544241136581,5776.182772287688,0.0008401648423340603,0.004056481221617463,0.0066299517537524435,0
14.682000000001572,0.0,2.0,1.0,0.0,6.070417456536857e-14,2.000759300264262,0.999999769840264,4.1328885293053933e-17,-0.0040319721174031575,1.1329192470466125e-07,-3.0401989728329806e-14,0.0044577730578176196,2.386653822257981e-07,-0.026035836742741455,-1.7756425057796704e-13,8.068716748224308e-17,-0.007426562135372237,-8.959492966563013e-16,5.314098580743595e-15,-0.000687992343031752,3.091768737184848e-16,8.312273992794124e-17,68.67000876047287,0.00012920419201385903,-6.898097584074262e-07,-9.540469953462713e-06,5403.491415410768,5411.451800645709,5783.5434921729475,5776.18349983923,0.0007593002991449587,0.0040319721189948175,0.00742656212751399,0
14.70200000000158,0.0,2.0,1.0,0.0,6.070492140870535e-14,2.0006789558012428,0.9999997723465974,3.497240371942632e-17,-0.004004754277276585,1.3495922548967862e-07,-3.0394175927946565e-14,0.004465632710849943,1.9014384641129269e-07,-0.02608174154484218,-1.7751861445806433e-13,8.080865607985965e-17,-0.008204778981476826,-4.613323251278708e-16,5.398891016309737e-15,-0.000671828164462528,4.179233053778795e-16,6.438252221696377e-17,68.67000844584477,0.00013119109068402592,-7.007665851176096e-07,-9.687157611229366e-06,5403.4914231842395,5411.451763918592,5783.542787763278,5776.184182589635,0.0006789558394087872,0.004004754279550631,0.008204778962229662,0
14.722000000001586,0.0,2.0,1.0,0.0,6.070559817892563e-14,2.000599184893577,0.9999997752718293,3.358221622350845e-17,-0.003974891694067976,1.5531003049475005e-07,-3.039272628570925e-14,0.004470026808511221,1.4340809355288504e-07,-0.02610740560333427,-1.7751014852762677e-13,8.088431305829103e-17,-0.008964321695924373,3.4919268736775614e-17,5.4860150092516724e-15,-0.0006554262194641703,4.3388863468332238e-16,8.931114908805398e-17,68.67000813270317,0.00013305054008004504,-7.110349302454316e-07,-9.824434968840447e-06,5403.4914297233445,5411.451728805387,5783.5421277554515,5776.184820758974,0.0005991849357200072,0.003974891697102172,0.008964321704335221,0
14.742000000001592,0.0,2.0,1.0,0.0,6.070634021368784e-14,2.0005200397234417,0.9999997785894235,3.767875387428048e-17,-0.003942449292037792,1.7432633281318888e-07,-3.039903745209591e-14,0.004471006995617826,9.854812384274666e-08,-0.026113130551682052,-1.7754700998772182e-13,8.091884971781156e-17,-0.009704927763779488,4.2999858430318323e-16,5.589075626060256e-15,-0.0006388022763207222,3.4133474722340555e-16,1.043503342630349e-16,68.67000782181017,0.00013478315886255267,-7.206176032652247e-07,-9.952347744296848e-06,5403.491435064353,5411.4516953287675,5783.5415119661575,5776.185414596018,0.0005200397705752775,0.003942449295891953,0.009704927781688851,0
14.7620000000016,0.0,2.0,1.0,0.0,6.070708202956795e-14,2.0004415711648784,0.9999997822725374,3.6159833493527475e-17,-0.003907492863620481,1.9199499104974396e-07,-3.039708910914483e-14,0.00446862661944779,5.5644814530934155e-08,-0.02609922796669032,-1.7753563141464723e-13,8.087058551885169e-17,-0.010426352688223103,8.730746693481877e-16,5.6857348122542285e-15,-0.0006219720208263798,4.423778106389417e-16,6.759869954142476e-17,68.6700075138949,0.00013638964965825498,-7.295178882570554e-07,-1.007094785378635e-05,5403.491439243081,5411.451663509079,5783.540940181498,5776.185964377554,0.00044157121855634016,0.003907492868337326,0.010426352681128825,0
14.782000000001606,0.0,2.0,1.0,0.0,6.070787611450082e-14,2.0003638287671093,0.9999997862941179,4.3421839404736057e-17,-0.0038700890075057527,2.0830759792296125e-07,-3.040520558724724e-14,0.004462940663799656,1.4769987442740388e-08,-0.026066018983374063,-1.7758303692113374e-13,8.078925132345639e-17,-0.011128369889518099,1.3279726129447313e-15,5.747479743525973e-15,-0.00060495104599221,3.437826775231682e-16,5.6736294815727e-17,68.67000720965233,0.00013787079722445302,-7.377395341436434e-07,-1.0180293276123217e-05,5403.491442294844,5411.451633364309,5783.540412157566,5776.186470407708,0.00036382882987259194,0.003870089013111832,0.011128369873632277,0
14.802000000001613,0.0,2.0,1.0,0.0,6.070881171685556e-14,2.000286860739089,0.9999997906269947,5.022365539896262e-17,-0.0038303050670924167,2.2326033979914842e-07,-3.041221922379282e-14,0.004454005682875658,-2.401349943505698e-08,-0.02601383390880175,-1.776240012453731e-13,8.064610732911314e-17,-0.011810770592326346,1.7012008447403277e-15,5.800843718905346e-15,-0.0005877548419899801,2.9696326848279975e-16,3.622535811664622e-17,68.6700069097424,0.000139227466583266,-7.452867461801677e-07,-1.0280447914896342e-05,5403.491444254385,5411.451604910076,5783.539927621064,5776.186933017242,0.000286860815497143,0.003830305073599102,0.011810770602733037,0
14.82200000000162,0.0,2.0,1.0,0.0,6.070991224724072e-14,2.000210713935284,0.9999997952439702,6.037584680166886e-17,-0.0037882090693538016,2.3685384726181345e-07,-3.0425361767576875e-14,0.004441879735041127,-6.065163446097831e-08,-0.025943011835215423,-1.7770076175527461e-13,8.046130656699645e-17,-0.012473363701646359,1.9967977947245144e-15,5.849709412974459e-15,-0.0005703987863202957,1.9096433726562307e-16,4.968789649239872e-17,68.67000661478937,0.00014046060112488822,-7.521641757275467e-07,-1.0371481458353806e-05,5403.49144515584,5411.451578159632,5783.539486269934,5776.187352562873,0.000210714034767092,0.003788209076758322,0.01247336371290215,0
14.842000000001626,0.0,2.0,1.0,0.0,6.071115735124669e-14,2.000135433842671,0.9999998001179067,6.528209358477118e-17,-0.003743869664154064,2.49093038145525e-07,-3.0431608929151326e-14,0.004426622316508315,-9.509911564290501e-08,-0.025853900252709044,-1.7773724947139376e-13,8.02013947616676e-17,-0.013115975667636101,2.2801848417550765e-15,5.908521729797567e-15,-0.0005528981342263716,2.5610331220876937e-16,6.08189665164384e-17,68.67000632538114,0.00014157122068328055,-7.583769109222531e-07,-1.0453469237294475e-05,5403.491445032692,5411.45155312385,5783.539087773997,5776.187729426559,0.0001354339901703267,0.0037438696724405897,0.01311597567415201,0
14.862000000001633,0.0,2.0,1.0,0.0,6.071247181067462e-14,2.0000610645689396,0.9999998052218106,6.505659691844187e-17,-0.00369735606405264,2.5998695288387194e-07,-3.0434583349989107e-14,0.004408294295000667,-1.2731919085248602e-07,-0.025746854661792294,-1.7775462259971017e-13,7.987713546240482e-17,-0.013738450339599561,2.7025162989129495e-15,5.97252455730395e-15,-0.0005352680093419949,4.947944015363053e-16,4.674081814714861e-17,68.67000604206868,0.00014256041958483535,-7.639304661229973e-07,-1.0526492080950496e-05,5403.491443917725,5411.451529811236,5783.538731775615,5776.188064014802,6.106487958167371e-05,0.0036973560731933903,0.013738450346061913,0
14.88200000000164,0.0,2.0,1.0,0.0,6.071386203953768e-14,1.9999876488318973,0.9999998105289133,7.559455989765941e-17,-0.003648737984633916,2.6954858365635707e-07,-3.0443563555277553e-14,0.004386957843440562,-1.5728348068606753e-07,-0.025622238186091186,-1.778070728029896e-13,7.951398013848296e-17,-0.014340648809411702,3.3001244148267232e-15,5.995631606122821e-15,-0.0005175233945854265,4.842553431678923e-16,1.476244807616785e-18,68.67000576536576,0.00014342936467217406,-7.688307717578791e-07,-1.0590636171094592e-05,5403.491441842989,5411.451508227924,5783.538417890358,5776.188356757938,1.2352621292436106e-05,0.0036487379945902955,0.01434064882015524,0
14.902000000001646,0.0,2.0,1.0,0.0,6.071554036193188e-14,1.99991522795006,0.999999816012747,9.033011811527715e-17,-0.003598085585397875,2.7779469773820964e-07,-3.0464710199630896e-14,0.004362676373712585,-1.8497177858107925e-07,-0.025480421185489537,-1.7793058167449313e-13,7.912880320783325e-17,-0.014922449244661679,3.797122180637166e-15,5.997809576337845e-15,-0.0004996791232992325,4.1046662023331553e-16,-9.79425361580453e-18,68.67000549574863,0.00014417929330712105,-7.730841639273961e-07,-1.0645992894526628e-05,5403.491438839784,5411.451488377715,5783.538145707694,5776.188608109427,8.477224960050869e-05,0.0035980855961216186,0.014922449245644547,0
14.922000000001653,0.0,2.0,1.0,0.0,6.071757562350137e-14,1.9998438418344184,0.9999998216472198,1.1177613905780546e-16,-0.0035454694112467175,2.847456555107491e-07,-3.048960348827361e-14,0.0043355144705492015,-2.103718373843098e-07,-0.025321780869985037,-1.780759730031453e-13,7.870040513441532e-17,-0.015483746711804407,4.138357058128777e-15,6.002644886830613e-15,-0.00048174987064297846,1.9236704246100098e-16,-2.9980407177963947e-18,68.67000523365589,0.000144811511351688,-7.766973738612721e-07,-1.0692658693999634e-05,5403.491434938614,5411.45147026207,5783.537914791679,5776.188818545142,0.00015615826743247996,0.003545469422681041,0.015483746714451721,0
14.94200000000166,0.0,2.0,1.0,0.0,6.071997882793071e-14,1.9997735289813672,0.9999998274066849,1.2683255016679746e-16,-0.00349096033460105,2.904252241436749e-07,-3.0508944113451484e-14,0.004305537825586761,-2.3347913904660417e-07,-0.025146700914539834,-1.7818893373970417e-13,7.820583206694186e-17,-0.016024452989603196,4.343302189292966e-15,5.997965136638275e-15,-0.00046375014523357595,1.7587142987299544e-16,-3.2148811522934945e-18,68.67000497948847,0.00014532739113202797,-7.79677516868287e-07,-1.0730734917797519e-05,5403.49143016918,5411.451453880149,5783.537724681671,5776.188988562647,0.00022647108439940197,0.003490960346681796,0.016024452986681547,0
14.962000000001666,0.0,2.0,1.0,0.0,6.072276085845206e-14,1.999704326466785,0.9999998332660056,1.4987831265587417e-16,-0.003434629498178691,2.948603873695732e-07,-3.05375130156754e-14,0.004272813171635167,-2.5429664335601265e-07,-0.024955571075178935,-1.7835579266561292e-13,7.768409784850838e-17,-0.016544496373152723,4.417168762044472e-15,5.987206778959813e-15,-0.00044569428103996897,-4.592674436855939e-17,-8.980234624702411e-18,68.67000473360974,0.00014572836938141242,-7.820320809504946e-07,-1.0760327667982759e-05,5403.491424560355,5411.451439228842,5783.537574893041,5776.189118680492,0.00029567358022659907,0.0034346295108354636,0.016544496378801638,0
14.982000000001673,0.0,2.0,1.0,0.0,6.072588085861206e-14,1.999636269941253,0.9999998392006193,1.6528747346505354e-16,-0.0033765482584679905,2.980811524326963e-07,-3.0557936795247104e-14,0.00423740821720896,-2.728345325435589e-07,-0.024748786806614964,-1.7847507961461662e-13,7.709192558199174e-17,-0.01704382146877728,4.434702773294091e-15,5.9822188303064676e-15,-0.0004275964295350119,-5.283761164630787e-17,-6.750681277203219e-18,68.67000449634567,0.00014601594517173492,-7.837689163334896e-07,-1.0781547647586873e-05,5403.491418140176,5411.451426302785,5783.537464917912,5776.1892094374825,0.000363730094290349,0.003376548271625269,0.017043821477838835,0
15.00200000000168,0.0,2.0,1.0,0.0,6.072939380011333e-14,1.9995693936263923,0.9999998451865947,1.8379115471745254e-16,-0.003316788129926476,3.0012035433455274e-07,-3.058348093624786e-14,0.004199391581363592,-2.891099347499647e-07,-0.024526748881655475,-1.7862427227369706e-13,7.646414753515864e-17,-0.017522388980097364,4.308400966423663e-15,5.974827820007022e-15,-0.00040947055210498515,-1.4968717079405027e-16,-1.2152176500526003e-17,68.67000426798508,0.00014619167782976215,-7.848962232804293e-07,-1.0794510006762688e-05,5403.491410935824,5411.451415094417,5783.537394225883,5776.189261391976,0.00043060640143728114,0.003316788143504706,0.017522388984855128,0
15.022000000001686,0.0,2.0,1.0,0.0,6.073332999242438e-14,1.9995037303123138,0.9999998512006864,2.0511695706378215e-16,-0.003255420729934654,3.0101345839294697e-07,-3.0610993122537216e-14,0.004158832728877951,-3.0314663991951715e-07,-0.02428986301263199,-1.7878495938938545e-13,7.579375774885979e-17,-0.017980175485561144,3.9760277907544244e-15,5.9519298406673484e-15,-0.00039133041271812536,-3.4454796258944235e-16,-2.5673478634027222e-17,68.67000404878014,0.0001462571848418649,-7.854225412108233e-07,-1.079933418812125e-05,5403.491402973635,5411.451405594004,5783.537362264788,5776.189275121154,0.0004962697099938992,0.003255420743851304,0.0179801754770693,0
15.042000000001693,0.0,2.0,1.0,0.0,6.073760871238248e-14,1.9994393113561553,0.9999998572203855,2.2095106485077436e-16,-0.003192517724533766,3.007983615707118e-07,-3.06310371109745e-14,0.004115801905830094,-3.149748039085226e-07,-0.024038539475125756,-1.7890202813359259e-13,7.505864750159958e-17,-0.018417173207737815,3.53102775182132e-15,5.927659430348486e-15,-0.000373189570852495,-4.248274092133364e-16,-1.6060942172770743e-17,68.67000383894683,0.0001462141397475519,-7.85356736945343e-07,-1.079614377124243e-05,5403.491394279079,5411.4513977896995,5783.537368461438,5776.189251220313,0.0005606886620241773,0.0031925177387043457,0.01841717319858392,0
15.0620000000017,0.0,2.0,1.0,0.0,6.074211183761886e-14,1.9993761666817,0.9999998632239658,2.263982442475046e-16,-0.0031281507749754277,2.995151934323964e-07,-3.064205677681102e-14,0.004070370075601544,-3.2463064459370183e-07,-0.023773192734196227,-1.7896638988345839e-13,7.425682589460849e-17,-0.018833389774674487,3.1130837961303535e-15,5.907569436464713e-15,-0.0003550613746891578,-2.6067228173391793e-16,-1.889331192817187e-17,68.67000363866535,0.0001460642700277661,-7.847079928065152e-07,-1.0785066316678626e-05,5403.491384876778,5411.451391667577,5783.537412222385,5776.189190302139,0.0006238333332940961,0.0031281507893144663,0.01883338977371474,0
15.082000000001706,0.0,2.0,1.0,0.0,6.074675292930062e-14,1.9993143247800513,0.9999998691905266,2.3728884346823754e-16,-0.0030623914851096276,2.9720611677762447e-07,-3.065647249858919e-14,0.004022608855356855,-3.321561286513089e-07,-0.02349424107338515,-1.7905058644859562e-13,7.34200304782744e-17,-0.01922884797361541,2.8157251657753795e-15,5.8841683647826655e-15,-0.00033695895456303994,-2.79512486602121e-16,-1.7286090627679358e-17,68.67000344808108,0.00014580935498242093,-7.834857947003463e-07,-1.0766233209375197e-05,5403.4913747905,5411.451387211696,5783.537492934691,5776.1890929960055,0.000685675232426235,0.0030623914995316043,0.019228847982217204,0
15.102000000001713,0.0,2.0,1.0,0.0,6.075166359162999e-14,1.9992538127113513,0.9999998751000312,2.514468180620572e-16,-0.0029953113496371067,2.939151292602926e-07,-3.067551395239361e-14,0.00397259045303315,-3.375986526055405e-07,-0.023202106226699236,-1.791617998095488e-13,7.255213863049483e-17,-0.01960358549738437,2.394661431506032e-15,5.8746548998899255e-15,-0.00031889521668145016,-4.222487512366264e-16,-3.0422761664337946e-18,68.67000326730502,0.00014545122360584464,-7.816999205170649e-07,-1.073977950178977e-05,5403.491364043166,5411.451384404149,5783.537609966688,5776.188959947244,0.0007461872991018665,0.0029953113640573278,0.01960358548858484,0
15.12200000000172,0.0,2.0,1.0,0.0,6.07568057661849e-14,1.999194656107525,0.9999998809333404,2.6010550897203957e-16,-0.002926981703250606,2.8968786592875954e-07,-3.068960320595551e-14,0.003920387604880953,-3.4101071598559664e-07,-0.022897213013812447,-1.7924408959559593e-13,7.16316342024363e-17,-0.019957654683735525,1.864657026892412e-15,5.870257651943354e-15,-0.00030088283710534233,-4.576565580230221e-16,-4.515923759276093e-18,68.6700030964149,0.00014499175245864197,-7.793604281425019e-07,-1.0705843756757601e-05,5403.491352656873,5411.4513832251305,5783.5377626687705,5776.188791816448,0.0008053439012768566,0.0029269817175860318,0.01995765468997185,0
15.142000000001726,0.0,2.0,1.0,0.0,6.076205961635391e-14,1.999136879176031,0.9999998866722444,2.631463629488871e-16,-0.0028574736706885847,2.845714035946315e-07,-3.069746812505527e-14,0.003866073513592106,-3.424495939161793e-07,-0.022579988978697115,-1.792900258444841e-13,7.065733377830574e-17,-0.020291122247971756,1.3601465410029085e-15,5.862070368781186e-15,-0.00028293425599288605,-3.8717154479767567e-16,-1.2761498121462852e-17,68.67000293545583,0.00014443286353555066,-7.764776431518308e-07,-1.0664567890190158e-05,5403.491340652889,5411.451383652978,5783.537950374155,5776.188589278758,0.0008631208314090767,0.0028574736848585983,0.020291122249209335,0
15.162000000001733,0.0,2.0,1.0,0.0,6.076732567928334e-14,1.999080504704602,0.9999998922994888,2.6466757359970234e-16,-0.002786858117724125,2.7861406736379463e-07,-3.069967377783211e-14,0.003809721787052082,-3.4197700201618857e-07,-0.02225086403190184,-1.7930290886192423e-13,6.963243855104781e-17,-0.020604069009135084,9.858028880765964e-16,5.837932778853449e-15,-0.0002650616721091267,-3.168334274141739e-16,-1.9490056803907898e-17,68.67000278444134,0.00014377652213585322,-7.730621467976289e-07,-1.0616097013810259e-05,5403.4913280516885,5411.451385664255,5783.538172399674,5776.188353023152,0.0009194953017054027,0.0027868581316512417,0.02060406901406773,0
15.18200000000174,0.0,2.0,1.0,0.0,6.077252173500857e-14,1.9990255540669541,0.9999998977987978,2.612000769395848e-16,-0.002715205603110503,2.7186524004191395e-07,-3.069741496425517e-14,0.0037514063777522736,-3.3965876194209907e-07,-0.02191027009668392,-1.7928971693259125e-13,6.856153015839419e-17,-0.020896589610071212,8.325637429318526e-16,5.82380897486565e-15,-0.00024727703760000537,-1.3525727674682016e-16,-7.897767175692889e-18,68.67000264335445,0.00014302473473372688,-7.691247638764015e-07,-1.0560579277990888e-05,5403.4913148729565,5411.451389233815,5783.538428046552,5776.188083751748,0.0009744459384053531,0.0027152056167210207,0.020896589610904365,0
15.202000000001746,0.0,2.0,1.0,0.0,6.077779866651207e-14,1.9989720472294474,0.9999999031548931,2.6729788110269084e-16,-0.0026425863315039247,2.643751743780716e-07,-3.0707907569312213e-14,0.0036912015228952465,-3.355644643328767e-07,-0.021558640759189018,-1.7935100025333324e-13,6.748427195853344e-17,-0.021168792231673353,6.40313691827834e-16,5.806346399476353e-15,-0.00022959205303027278,-2.3264788496588485e-16,-9.855402618332721e-18,68.67000251214868,0.0001421795468523927,-7.646765503491757e-07,-1.0498165714797514e-05,5403.491301135611,5411.45139433486,5783.5387166012,5776.1877821791,0.0010279527751145326,0.0026425863447285133,0.021168792237764182,0
15.222000000001753,0.0,2.0,1.0,0.0,6.07831627614985e-14,1.9989200027586738,0.9999999083535092,2.680408563397713e-16,-0.002569070107382814,2.5619480895436387e-07,-3.071341447823398e-14,0.003629181685229845,-3.2976713111084166e-07,-0.0211964109228936,-1.7938316435806823e-13,6.636229527125178e-17,-0.02142079830160347,3.7800390528653993e-16,5.798816942599068e-15,-0.00021201816268321766,-2.0445286018689091e-16,-5.057591164649868e-18,68.67000239074925,0.0001412430409416396,-7.597287818150498e-07,-1.0429010081388955e-05,5403.491286857838,5411.45140093902,5783.539037335987,5776.187449031508,0.0010799972452147084,0.0025690701201570433,0.021420798306984547,0
15.24200000000176,0.0,2.0,1.0,0.0,6.078853392186052e-14,1.9988694378299614,0.9999999133814054,2.679558009272128e-16,-0.0024947262899822176,2.4737558867705775e-07,-3.071631191446747e-14,0.003565421494642413,-3.223428792258777e-07,-0.02082401646746348,-1.7940008769216952e-13,6.520254330438028e-17,-0.021652742197795904,1.4535906710584284e-16,5.782072929952036e-15,-0.00019456655012548425,-1.7668427753332394e-16,-7.192168401839324e-18,68.67000227905413,0.00014021733426292757,-7.542929406149507e-07,-1.0353268703853654e-05,5403.491272057096,5411.45140901642,5783.5393895100415,5776.187085046321,0.0011305621733567598,0.0024947263022470265,0.021652742194633198,0
15.262000000001766,0.0,2.0,1.0,0.0,6.079390150831041e-14,1.9988203682367625,0.9999999182263739,2.7098689694372296e-16,-0.0024196237492605482,2.3796928922437878e-07,-3.0719045938264865e-14,0.003499995690542233,-3.1337058669928294e-07,-0.020441893912250965,-1.7941605658653145e-13,6.401176808627387e-17,-0.02186477094704117,-6.550722110515867e-17,5.784656623060608e-15,-0.0001772481340320624,-2.5568094527464407e-16,7.08243740110483e-18,68.67000217693541,0.00013910457678000746,-7.483807039028038e-07,-1.027110032159446e-05,5403.491256750161,5411.451418535758,5783.539772370022,5776.186690971252,0.0011796317660718706,0.0024196237609626532,0.021864770946693972,0
15.282000000001773,0.0,2.0,1.0,0.0,6.079934023968688e-14,1.998772808400916,0.999999922877244,2.711651068141738e-16,-0.0023438308229151287,2.2802784616712043e-07,-3.072471586132363e-14,0.0034329790650651478,-3.029315590961983e-07,-0.020050480084570776,-1.7944917271867352e-13,6.279768320182121e-17,-0.022057043918953065,-3.986102925691226e-16,5.803554645730017e-15,-0.00016007356427356643,-2.812555279416398e-16,2.8203563082860444e-17,68.67000208424041,0.00013790694906078938,-7.420039314723631e-07,-1.0182665932383517e-05,5403.491240953151,5411.451429464381,5783.540185150904,5776.186267563693,0.0012271916015074076,0.002343830834007375,0.022057043920580468,0
15.30200000000178,0.0,2.0,1.0,0.0,6.080471912111578e-14,1.9987267713837538,0.9999999273238842,2.6888394431873693e-16,-0.0022674152744617745,2.176031896427254e-07,-3.072330156418678e-14,0.0033644464071293937,-2.911092007774797e-07,-0.0196502117929533,-1.7944091310095334e-13,6.154121848009532e-17,-0.022229732515613273,-6.794311706694822e-16,5.838098942638989e-15,-0.00014305321826253015,-2.681616623502456e-16,3.851822887101854e-17,68.67000200079306,0.00013662666018738402,-7.35174653808297e-07,-1.0088128638170725e-05,5403.4912246815375,5411.451441768354,5783.540627076768,5776.185815590042,0.0012732286183204187,0.002267415284903432,0.02222973252100542,0
15.322000000001786,0.0,2.0,1.0,0.0,6.081010853123778e-14,1.9986822688980372,0.9999999315572,2.691003653204159e-16,-0.0021904442523927037,2.067470840092874e-07,-3.072751599212301e-14,0.003294472447367496,-2.779886926177853e-07,-0.019241525505514636,-1.7946552829790186e-13,6.026954688929072e-17,-0.022383019857193206,-1.0526517230279694e-15,5.878919733424962e-15,-0.0001261971975575756,-3.5447504642972756e-16,3.4148460435032955e-17,68.6700019263952,0.00013526594567889115,-7.27905059515261e-07,-9.987653491759803e-06,5403.491207950207,5411.451455412547,5783.54109736157,5776.185335825027,0.0013177311037402158,0.0021904442621497097,0.022383019853162482,0
15.342000000001793,0.0,2.0,1.0,0.0,6.08154163671258e-14,1.9986393113206953,0.9999999355691294,2.6277753993684385e-16,-0.0021129842504261087,1.9551097397839213e-07,-3.072393026477338e-14,0.003223131803965025,-2.636566707867389e-07,-0.01882485703362316,-1.7944458629047695e-13,5.895755032280675e-17,-0.0225171004638471,-1.4107658445303104e-15,5.903057483627166e-15,-0.00010951532472556852,-2.949654897234829e-16,1.932568201368013e-17,68.6700018608279,0.00013382706542721995,-7.202074839201338e-07,-9.881407344476655e-06,5403.491190773465,5411.451470360708,5783.541595209912,5776.184829051039,0.0013606886808301768,0.002112984259471264,0.022517100466698366,0
15.3620000000018,0.0,2.0,1.0,0.0,6.082055521684767e-14,1.9985979077063467,0.9999999393526334,2.526592199354836e-16,-0.0020351010688595315,1.8394583618722577e-07,-3.07138840769281e-14,0.003150498929428614,-2.482009141438261e-07,-0.01840064122099372,-1.7938591162948143e-13,5.76101056923688e-17,-0.02263217993416853,-1.6529682276592596e-15,5.919023158840301e-15,-9.30171404571542e-05,-1.600749490780834e-16,2.0127124259581416e-17,68.67000180385276,0.0001323123016466413,-7.120943965543752e-07,-9.769558694824556e-06,5403.491173165083,5411.451486575538,5783.542119817821,5776.184296057471,0.0014020922949649379,0.0020351010771726494,0.022632179936154444,0
15.382000000001806,0.0,2.0,1.0,0.0,6.082546109998288e-14,1.9985580658015845,0.999999942901687,2.409495280871555e-16,-0.0019568597770384995,1.721020371424389e-07,-3.0701149180859735e-14,0.0030766480583096873,-2.3171003819968096e-07,-0.017969311638363652,-1.7931153341423484e-13,5.62363398717597e-17,-0.022728474620504282,-1.7031367148304163e-15,5.9317479614483815e-15,-7.671190093934124e-05,3.8651726402017885e-18,-5.237135044413469e-18,68.67000175521336,0.0001307239568405862,-7.035783894117228e-07,-9.652277538413133e-06,5403.491155138323,5411.451504018783,5783.542670373508,5776.183737640068,0.0014419341995460413,0.0019568597846065204,0.022728474627557553,0
15.402000000001813,0.0,2.0,1.0,0.0,6.083023529790274e-14,1.998519792059996,0.9999999462112639,2.3833668910322913e-16,-0.001878324676950275,1.6002919775407106e-07,-3.070038127391165e-14,0.0030016531559073313,-2.142731945169185e-07,-0.01753130028388764,-1.793070489475093e-13,5.4864177482736407e-17,-0.022806211301412666,-1.7291886295230867e-15,5.924525450869593e-15,-6.0608575472597824e-05,-8.52823091418937e-17,-8.190935443132979e-18,68.67000171463665,0.0001290643517826675,-6.946721649928152e-07,-9.529735218993508e-06,5403.491136705986,5411.451522651295,5783.543246058135,5776.1831546002695,0.0014802079409813348,0.0018783246837673457,0.022806211300331815,0
15.42200000000182,0.0,2.0,1.0,0.0,6.083483550658182e-14,1.9984830916579015,0.999999949277321,2.264314541925116e-16,-0.001799559267952536,1.4777606446137298e-07,-3.068863311500136e-14,0.002925587867972496,-1.959797814394989e-07,-0.01708703728938103,-1.7923843376753341e-13,5.3453394269161285e-17,-0.02286562685155156,-1.6653901441225638e-15,5.898364589296893e-15,-4.4715844345416766e-05,8.221598453550411e-17,-3.009919190211307e-17,68.67000168183421,0.00012733582351899073,-6.853885252120543e-07,-9.402104280980602e-06,5403.49111788043,5411.451542433127,5783.543846046554,5776.18254774457,0.0015169083429465372,0.0017995592740200675,0.022865626858733015,0
15.442000000001826,0.0,2.0,1.0,0.0,6.083930459065699e-14,1.9984479685107819,0.9999999520967798,2.2105095839359273e-16,-0.0017206262126446524,1.3539038715982855e-07,-3.0684403442527716e-14,0.0028485254714361316,-1.7691916011333316e-07,-0.01663695063254356,-1.7921373064298628e-13,5.203821465588153e-17,-0.022906967909282983,-1.5747650843508535e-15,5.865214879164837e-15,-2.904209694729549e-05,7.692651280758748e-17,-3.030605767662331e-17,68.67000165650377,0.0001255407233866572,-6.757403587203799e-07,-9.269558323280574e-06,5403.491098673609,5411.451563323603,5783.544469508069,5776.1819178838905,0.0015520314899573825,0.0017206262179713632,0.022906967906451633,0
15.462000000001833,0.0,2.0,1.0,0.0,6.084365072321857e-14,1.9984144252903804,0.999999954667504,2.1353708194898827e-16,-0.0016415873038893854,1.2291880440867447e-07,-3.068004281379914e-14,0.0027705388261787564,-1.5718038080265354e-07,-0.016181465855265743,-1.7918826263704922e-13,5.060632485074234e-17,-0.022930490542273606,-1.4603807670458496e-15,5.830579782960018e-15,-1.3595430132425943e-05,1.3977536307717651e-16,-3.315100417722527e-17,68.67000163833048,0.00012368141505587132,-6.657406302715147e-07,-9.132271854702329e-06,5403.49107909711,5411.451585281402,5783.545115607167,5776.181265832944,0.0015855747102676604,0.0016415873084913435,0.022930490543021285,0
15.48200000000184,0.0,2.0,1.0,0.0,6.084786513939638e-14,1.998382463442448,0.9999999569882774,2.0974566721242315e-16,-0.0015625034329909892,1.1040673537586843e-07,-3.0674108994525023e-14,0.0026917003278643485,-1.368519209116454e-07,-0.015721005788151606,-1.791536063111933e-13,4.915676122050119e-17,-0.02293645991136923,-1.295183044342221e-15,5.7843614628258005e-15,1.6163531787958591e-06,1.1332235303376933e-16,-4.3224977083091585e-17,68.67000162698835,0.00012176027259082167,-6.554023688881465e-07,-8.990420150925754e-06,5403.491059162187,5411.45160826463,5783.5457835042525,5776.18059240961,0.0016175365581237839,0.0015625034368916678,0.02293645991390437,0
15.502000000001846,0.0,2.0,1.0,0.0,6.085196292954676e-14,1.9983520832051154,0.9999999590587776,2.0039241678788833e-16,-0.0014834345590352515,9.789827895490771e-08,-3.066863352343624e-14,0.00261208186185349,-1.1602143002211926e-07,-0.015255990281344896,-1.79121626965041e-13,4.769422613604719e-17,-0.02292514993301871,-1.0856370133481716e-15,5.753052890339405e-15,1.6585745158732374e-05,2.571946497868027e-16,-2.3656862593204205e-17,68.67000162214158,0.00011977967853449387,-6.447386566134075e-07,-8.844179113176292e-06,5403.491038879799,5411.4516322309,5783.546472356366,5776.179898434331,0.0016479167953932063,0.0014834345622656176,0.02292514993563356,0
15.522000000001853,0.0,2.0,1.0,0.0,6.08560141018361e-14,1.998323283627861,0.9999999608795485,2.046579112527277e-16,-0.0014044396793959789,8.543612032280825e-08,-3.0671739627542775e-14,0.0025317547582162344,-9.477548626180673e-08,-0.014786835941778518,-1.7913976869641236e-13,4.6232208579467665e-17,-0.02289684294052086,-9.209941447183225e-16,5.730266393253755e-15,3.130553399305839e-05,4.424915399611555e-17,-1.5537055683025763e-17,68.67000162344594,0.00011774202201877164,-6.337626173452306e-07,-8.693725128640999e-06,5403.491018260628,5411.451657137415,5783.547181317912,5776.179184729504,0.0016767163725953244,0.0014044396819946417,0.022896842947890555,0
15.54200000000186,0.0,2.0,1.0,0.0,6.086006420418905e-14,1.9982960625910626,0.999999962451972,2.014282569002795e-16,-0.0013255768014112047,7.306144474310194e-08,-3.067141858093718e-14,0.0024507897478557705,-7.319936630588268e-08,-0.014313955876911649,-1.7913789396522153e-13,4.475324334947483e-17,-0.022851829344359056,-8.557596380376121e-16,5.717906048727206e-15,4.5768804572619465e-05,4.920076969236083e-17,-1.6862818099541036e-17,68.67000163055003,0.0001156496968959392,-6.224874061622805e-07,-8.539234932684039e-06,5403.490997315133,5411.451682941032,5783.547909541341,5776.178452118873,0.0017039374093510775,0.0013255768034246584,0.022851829347292688,0
15.562000000001866,0.0,2.0,1.0,0.0,6.086411255549549e-14,1.9982704168260945,0.9999999637782359,2.0205839761676874e-16,-0.0012469029152319922,6.08138586703891e-08,-3.067485945588413e-14,0.0023692569197644323,-5.137682281136623e-08,-0.013837759445080563,-1.7915799089375443e-13,4.32692468786093e-17,-0.022790407291892877,-8.820165971670603e-16,5.704269970737908e-15,5.9968938951840174e-05,-4.98442124573041e-17,-1.3775877674040308e-17,68.67000164309661,0.00011350509989868072,-6.109261979741757e-07,-8.380885473027417e-06,5403.490976053569,5411.451709598341,5783.548656177868,5776.177701426949,0.001729583174284767,0.0012469029167149967,0.022790407289426627,0
15.582000000001873,0.0,2.0,1.0,0.0,6.086811671636884e-14,1.9982463419359624,0.9999999648613024,1.9870196490449815e-16,-0.0011684739678452997,4.873131806645948e-08,-3.067165401350126e-14,0.0022872256794191003,-2.9389876584010424e-08,-0.013358652012504196,-1.791392696629954e-13,4.176676238461835e-17,-0.022712882326664185,-9.341988138052983e-16,5.703011409901839e-15,7.389961658304789e-05,-4.299223260411464e-17,1.2580209777344319e-17,68.67000166072391,0.00011131062882566797,-5.990921773149342e-07,-8.21885377583279e-06,5403.490954486022,5411.45173706574,5783.549420378142,5776.176933478428,0.0017536580643896435,0.001168473968861472,0.022712882323161213,0
15.60200000000188,0.0,2.0,1.0,0.0,6.087198323239428e-14,1.9982238324164385,0.9999999657048739,1.8771115646341748e-16,-0.0010903448382719061,3.685006400243318e-08,-3.066370504278251e-14,0.0022047647083344403,-7.318617546905961e-09,-0.012877034717052257,-1.7909284360379694e-13,4.025051798037604e-17,-0.02261956704757803,-8.682245931787958e-16,5.720808962670873e-15,8.755481432455272e-05,1.7426642610475895e-16,1.9931534187665034e-17,68.67000168306691,0.00010906868075576084,-5.86998527437046e-07,-8.053316813876037e-06,5403.490932622443,5411.451765299507,5783.550201292927,5776.1761490976105,0.0017761675838925657,0.0010903448388946116,0.022619567043872153,0
15.622000000001886,0.0,2.0,1.0,0.0,6.087570993318612e-14,1.9982028816776858,0.9999999663133583,1.85587729822305e-16,-0.001012569313939047,2.5204565611491944e-08,-3.066067402623865e-14,0.0021219419247814264,1.4758978591193852e-08,-0.012393304238819399,-1.7907514106974383e-13,3.8734663501565096e-17,-0.02251078076821105,-6.734416117521169e-16,5.7379260710820115e-15,0.00010092880623332123,1.5881084800323728e-16,1.654448660082032e-17,68.67000170975842,0.00010678165028887912,-5.746584200169344e-07,-7.884451376796291e-06,5403.490910472668,5411.451794255865,5783.550998073761,5776.175349107848,0.0017971183226299422,0.0010125693142527391,0.022510780773441357,0
15.642000000001893,0.0,2.0,1.0,0.0,6.087930155131707e-14,1.9981834820663353,0.9999999666918328,1.7454321246432866e-16,-0.000935200068227071,1.3827470214666493e-08,-3.0649050244882104e-14,0.002038824445685368,3.6767225386528116e-08,-0.011907852577588383,-1.790072520574467e-13,3.7203298683162333e-17,-0.022386849176495027,-3.363230345070765e-16,5.766083381394989e-15,0.00011401616313839852,4.1287661362143676e-16,2.909434358777453e-17,68.6700017404305,0.0001044519278179753,-5.620850053888006e-07,-7.712433943527126e-06,5403.490888046476,5411.451823891055,5783.551809873616,5776.174534330977,0.0018165179339700369,0.0009352000683292946,0.02238684917812358,0
15.6620000000019,0.0,2.0,1.0,0.0,6.088270696304844e-14,1.9981656248880062,0.9999999668460072,1.6890272238819383e-16,-0.0008582886391881935,2.749560424480163e-09,-3.064263719603793e-14,0.0019554785497100683,5.8632884103499865e-08,-0.01142106683722109,-1.7896979655742944e-13,3.567498431419989e-17,-0.022248103995024148,2.623829202471182e-16,5.803741983589984e-15,0.00012681175200246564,5.615042244911233e-16,3.569019592430734e-17,68.67000177471532,0.00010208189783064288,-5.492914019080468e-07,-7.5374405569440404e-06,5403.490865353571,5411.451854161398,5783.552635847518,5776.173705586778,0.0018343751122934103,0.0008582886391925976,0.02224810399375091,0
15.682000000001906,0.0,2.0,1.0,0.0,6.088613205771475e-14,1.9981493004302333,0.9999999667821861,1.7287911592414024e-16,-0.0007818854094347027,-8.00028160708511e-09,-3.064931950803482e-14,0.001871969641538916,8.028531448045363e-08,-0.010933329017040298,-1.790088251215209e-13,3.4158927976817094e-17,-0.022094882642224516,8.576615477036341e-16,5.839420410584097e-15,0.00013931073507515856,5.018585089326735e-16,2.5535124695939105e-17,68.67000181224653,9.967393724202798e-05,-5.362906865867837e-07,-7.359646700829307e-06,5403.490842403655,5411.4518850233635,5783.553475153197,5776.172863692438,0.001850699570064799,0.0007818854094756323,0.022094882640313767,0
15.702000000001913,0.0,2.0,1.0,0.0,6.088964251428331e-14,1.9981344979857887,0.9999999665072304,1.790529888526158e-16,-0.0007060395871931284,-1.8395103290572538e-08,-3.0659809818646736e-14,0.0017883622173591207,1.0165660852179506e-07,-0.0104450158102387,-1.7907009446467245e-13,3.26444635964346e-17,-0.021927527894623038,1.4104424074906014e-15,5.854614457994164e-15,0.00015150856884306725,4.36515105975839e-16,1.0105626738863398e-17,68.67000185266025,9.723041375777799e-05,-5.230958856416562e-07,-7.1792271791074735e-06,5403.490819206422,5411.451916433633,5783.554326951682,5776.172009462022,0.0018655020145119782,0.0007060395874327607,0.02192752789576168,0
15.72200000000192,0.0,2.0,1.0,0.0,6.089331248785915e-14,1.9981212058763635,0.9999999660285191,1.9137762721732754e-16,-0.0006307991885202617,-2.8409903724866943e-08,-3.0673105976799796e-14,0.0017047198315583976,1.226817152860837e-07,-0.00995649840936928,-1.791477514760512e-13,3.113116421010144e-17,-0.021746387550447728,1.8628147156164403e-15,5.85606285279934e-15,0.00016340100277600542,2.4967454728547785e-16,-7.696539252479589e-18,68.67000189559604,9.475368427234349e-05,-5.097199647837447e-07,-6.996355997564847e-06,5403.4907957716,5411.451948349153,5783.555190407922,5776.171143705955,0.0018787941239435796,0.0006307991891600236,0.02174638755700756,0
15.742000000001926,0.0,2.0,1.0,0.0,6.089720172636034e-14,1.998109411476599,0.9999999653539087,1.9457796755372337e-16,-0.0005562110206757308,-3.8021649300607015e-08,-3.0683422432633595e-14,0.0016211050646345623,1.432985517863447e-07,-0.009468142318919933,-1.792080053740072e-13,2.961416930593205e-17,-0.021551814094787645,2.167109976302728e-15,5.861881134274815e-15,0.00017498407788018696,3.4949256558412494e-16,6.298776070832297e-18,68.67000194069797,9.224609329716621e-05,-4.961758201973232e-07,-6.81120624792266e-06,5403.490772108959,5411.451980727205,5783.5560646913455,5776.17026723051,0.0018905885237185255,0.0005562110219752787,0.021551814096801535,0
15.762000000001933,0.0,2.0,1.0,0.0,6.090125355478553e-14,1.9980991012384337,0.9999999644916955,2.0717065859139274e-16,-0.0004823206666455975,-4.7209283148044455e-08,-3.0697353496276473e-14,0.0015375794923278441,1.6344809989410568e-07,-0.008980307175029475,-1.792893705449177e-13,2.8101086111025904e-17,-0.02134416436653485,2.448046844172776e-15,5.8633321090808865e-15,0.00018625412505417192,2.1863518078740634e-16,-8.816736937091611e-18,68.67000198761554,8.9709971426573e-05,-4.824762693712426e-07,-6.623949994480491e-06,5403.4907482283525,5411.452013525452,5783.556948976464,5776.169380837324,0.0019008987618979374,0.0004823206689560069,0.02134416436000034,0
15.78200000000194,0.0,2.0,1.0,0.0,6.090548547485992e-14,1.9980902607157485,0.999999963450575,2.1638903932904839e-16,-0.0004091724708099641,-5.595372781707992e-08,-3.0711776108540784e-14,0.0014542036559773452,1.8307449453116817e-07,-0.00849334657235343,-1.7937360661207068e-13,2.658978080053054e-17,-0.02112379922732493,2.7091258619546154e-15,5.864018692727134e-15,0.00019720776326358005,2.0669444043941576e-16,9.955139477322411e-18,68.67000203600452,8.714763383257494e-05,-4.6863404261261084e-07,-6.434758163205809e-06,5403.490724139716,5411.452046701994,5783.5578424434125,5776.1684853228835,0.001909739284601282,0.00040917247463575867,0.02112379922582342,0
15.802000000001946,0.0,2.0,1.0,0.0,6.090982273724827e-14,1.9980828745892851,0.9999999622396022,2.1861308142915475e-16,-0.00033680952574780676,-6.423788221725005e-08,-3.0714455839154923e-14,0.0013710370341043483,2.021250970454656e-07,-0.008007607898095358,-1.793892577973285e-13,2.5071285514076826e-17,-0.020891083232690632,3.09902360112336e-15,5.871587557824566e-15,0.0002078418975235335,4.1704117138529093e-16,1.1205875103501689e-17,68.67000208552795,8.45613788004317e-05,-4.5466177453038577e-07,-6.243800433484522e-06,5403.490699853109,5411.452080215423,5783.558744278509,5776.167581478073,0.001917125411086742,0.0003368095318736808,0.02089108322687517,0
15.822000000001953,0.0,2.0,1.0,0.0,6.091446924315265e-14,1.9980769266918175,0.9999999608681527,2.4207739321623764e-16,-0.0002652736601704233,-7.204661283119536e-08,-3.0745249724489734e-14,0.0012881380152240547,2.205505577237191e-07,-0.007523432173212994,-1.795691110409757e-13,2.3578979927779126e-17,-0.02064638430563685,3.332185577272567e-15,5.890886545035346e-15,0.00021815371670877863,7.297604855038229e-17,1.8361609441906024e-17,68.67000213585678,8.195348629488188e-05,-4.4057199490354186e-07,-6.05124513243302e-06,5403.490675378702,5411.4521140248735,5783.559653674771,5776.166670087689,0.0019230733085806714,0.0002652736699541205,0.02064638430873337,0
15.84200000000196,0.0,2.0,1.0,0.0,6.09194964755375e-14,1.9980724000335506,0.9999999593458829,2.577695606027894e-16,-0.00019460542797515148,-7.936673861964599e-08,-3.0765190027727873e-14,0.0012055638718875565,2.3830486491793778e-07,-0.0070411539008096375,-1.796855734012041e-13,2.208179717937733e-17,-0.02039007341283892,3.3202006711963408e-15,5.915545222471943e-15,0.00022814069118409075,-4.5983010226146574e-17,1.7234472863390095e-17,68.67000218667073,7.932621656613237e-05,-4.263771223264651e-07,-5.857259131887471e-06,5403.490650726826,5411.452148090064,5783.560569832447,5776.165751929998,0.001927599966878131,0.00019460544415938384,0.020390073413646792,0
15.862000000001967,0.0,2.0,1.0,0.0,6.09247552606339e-14,1.9980692768277288,0.9999999576826921,2.6700939146133627e-16,-0.00012484409840966875,-8.618701178276681e-08,-3.078163863452258e-14,0.0011233707359520706,2.553453854281166e-07,-0.006561100921699415,-1.7978164232634018e-13,2.058730179346995e-17,-0.02012252424366197,3.301227247934603e-15,5.938067396732155e-15,0.00023780057026623016,1.1583474074920338e-17,1.1135185121855642e-17,68.6700022376589,7.66818087888602e-05,-4.120894547257566e-07,-5.662007748056654e-06,5403.490625907959,5411.4521823713485,5783.56149195951,5776.164827776272,0.0019307231727349172,0.00012484412815957368,0.02012252424717049,0
15.882000000001973,0.0,2.0,1.0,0.0,6.093017054981552e-14,1.9980675385164237,0.9999999558886834,2.751016688952733e-16,-5.6027647336846735e-05,-9.249809227042918e-08,-3.07939275087896e-14,0.0010416135750818606,2.7163289123286747e-07,-0.006083594277160365,-1.798534161202912e-13,1.909661106712277e-17,-0.019844112892195245,3.3938390492556014e-15,5.9570842682735954e-15,0.0002471313795191782,1.0373350808404751e-16,2.4740187663072746e-17,68.67000228852054,7.40224797404513e-05,-3.9772116247036255e-07,-5.465654643910912e-06,5403.490600932752,5411.452216829744,5783.56241927215,5776.163898390368,0.0019324614840797397,5.602772369103659e-05,0.019844112889723386,0
15.90200000000198,0.0,2.0,1.0,0.0,6.093572127670499e-14,1.99806716579649,0.9999999539741251,2.782110910159001e-16,1.1807250410584169e-05,-9.829251713627269e-08,-3.0801626771245896e-14,0.0009603461704734305,2.871315768316095e-07,-0.005608948078838096,-1.7989838405324327e-13,1.7611082481467146e-17,-0.01955521754248779,3.641752617391707e-15,5.986118308089717e-15,0.0002561314178863584,3.482467046325572e-16,2.786615936678296e-17,68.67000233896555,7.135042251587552e-05,-3.8328428088037983e-07,-5.268361734323491e-06,5403.490575812036,5411.452251426992,5783.563350995243,5776.162964528296,0.0019328342040580908,1.1807659534266941e-05,0.019555217549239914,0
15.922000000001987,0.0,2.0,1.0,0.0,6.09414149075621e-14,1.9980681386456591,0.9999999519494157,2.927988326515201e-16,7.862522759713737e-05,-1.0356466626085538e-07,-3.0819797218382397e-14,0.0008796210958060732,3.018090629053003e-07,-0.0051374693858061695,-1.800045094330334e-13,1.614024046546877e-17,-0.019256218157168773,4.060885516620429e-15,6.023656833434692e-15,0.0002647992546690899,3.0788066428149924e-16,3.4752144204672894e-17,68.67000238871506,6.866780527998017e-05,-3.687907028892712e-07,-5.070289093981553e-06,5403.490550556827,5411.452286125576,5783.564286362811,5776.162026937804,0.0019318613549384428,7.862529580447854e-05,0.019256218161247108,0
15.942000000001993,0.0,2.0,1.0,0.0,6.094747857432966e-14,1.9980704363487538,0.9999999498250455,3.118043086785268e-16,0.00014439223008525464,-1.0831072294840261e-07,-3.0845169101016423e-14,0.000799489697412183,3.1563639335527985e-07,-0.00466945808875061,-1.8015269513300083e-13,1.4681979519439856e-17,-0.018947496169628486,4.331867942313769e-15,6.043107558865256e-15,0.00027313372634982876,1.7859084524378147e-16,4.614793256527822e-18,68.67000243750198,6.597677005772061e-05,-3.542521725757745e-07,-4.871594868072288e-06,5403.490525178348,5411.45232088877,5783.56522461846,5776.161086357981,0.0019295636518985473,0.00014439227070797738,0.018947496160879304,0
15.962000000002,0.0,2.0,1.0,0.0,6.095388726491121e-14,1.9980740375240003,0.9999999476115619,3.279352575398651e-16,0.00020907552128243201,-1.1252863010388476e-07,-3.086877731692413e-14,0.0007200020756627304,3.2858801995869144e-07,-0.004205206801251687,-1.8029058004284e-13,1.3232373853749531e-17,-0.018629434179929814,4.5253347326447434e-15,6.04993806768022e-15,0.00028113393327157285,1.514141734489206e-16,6.87817371180856e-18,68.67000248507134,6.32794315616381e-05,-3.3968027834497776e-07,-4.6724351858228844e-06,5403.490499688017,5411.452355680656,5783.566165015806,5776.160143518856,0.0019259624767122565,0.0002090755515650103,0.018629434187317866,0
15.982000000002007,0.0,2.0,1.0,0.0,6.096057307493634e-14,1.9980789201494193,0.9999999453195344,3.3930414835263213e-16,0.00027264368554767254,-1.1621804293139185e-07,-3.0885704438987833e-14,0.0006412070675638408,3.4064177734601296e-07,-0.003745000758139177,-1.8038944369357795e-13,1.1790721936169132e-17,-0.018302415654619656,4.771515061151044e-15,6.069491804657481e-15,0.0002887992361690067,2.7519701963852575e-16,1.9161750645200332e-17,68.6700025311808,6.0577876061081046e-05,-3.2508644640899667e-07,-4.472964076891579e-06,5403.490474097457,5411.452390466172,5783.567106818894,5776.159199141032,0.0019210798513588498,0.00027264371031742444,0.018302415648860378,0
16.00000000000201,0.0,2.0,1.0,0.0,6.096676959581613e-14,1.9980843914560107,0.9999999431982818,3.5022988528669113e-16,0.0003288767011974081,-1.190877065642706e-07,-3.090147633620289e-14,0.0005709230778564026,3.507068609421681e-07,-0.0033345037289934766,-1.8048156019315983e-13,1.05036783035772e-17,-0.018000758543323992,5.152673114146007e-15,6.09572471278129e-15,0.0002954113444743613,3.9381393554963727e-16,3.08026125307427e-17,68.67000257124121,5.8144571086884296e-05,-3.11942549022174e-07,-4.293299358779422e-06,5403.490450990039,5411.452421739406,5783.5679550440245,5776.158348473084,0.0019156085448314548,0.0003288767227584998,0.018000758549013077,0
